decision_seconds,horizon_seconds,fold,feature_set,action,model_family,feature_id,coefficient
60,300,0,CONTEXT_ONLY,CONTINUATION,ELASTIC_NET_REGRESSION,F01,-0.0
60,300,0,CONTEXT_ONLY,CONTINUATION,ELASTIC_NET_REGRESSION,F02,-0.0292925247563612
60,300,0,CONTEXT_ONLY,CONTINUATION,ELASTIC_NET_REGRESSION,F03,-0.0
60,300,0,CONTEXT_ONLY,CONTINUATION,ELASTIC_NET_REGRESSION,F04,-0.0
60,300,0,CONTEXT_ONLY,CONTINUATION,ELASTIC_NET_REGRESSION,F05,0.15107612777395887
60,300,0,CONTEXT_ONLY,CONTINUATION,ELASTIC_NET_REGRESSION,F06,0.30044667948330167
60,300,0,CONTEXT_ONLY,CONTINUATION,ELASTIC_NET_REGRESSION,F07,-0.07309374538135216
60,300,0,CONTEXT_ONLY,CONTINUATION,ELASTIC_NET_REGRESSION,F08,0.2809911190573434
60,300,0,CONTEXT_ONLY,CONTINUATION,ELASTIC_NET_REGRESSION,F09,0.0
60,300,0,CONTEXT_ONLY,CONTINUATION,ELASTIC_NET_REGRESSION,F10,-0.0
60,300,0,CONTEXT_ONLY,CONTINUATION,ELASTIC_NET_REGRESSION,F11,-0.0
60,300,0,CONTEXT_ONLY,CONTINUATION,ELASTIC_NET_REGRESSION,F12,0.0
60,300,0,CONTEXT_ONLY,CONTINUATION,ELASTIC_NET_REGRESSION,F13,-0.3898005423002492
60,300,0,CONTEXT_ONLY,CONTINUATION,ELASTIC_NET_REGRESSION,F14,-0.3975627203268736
60,300,0,CONTEXT_ONLY,CONTINUATION,ELASTIC_NET_REGRESSION,F15,0.0
60,300,0,CONTEXT_ONLY,CONTINUATION,ELASTIC_NET_REGRESSION,F16,0.0
60,300,0,CONTEXT_ONLY,CONTINUATION,ELASTIC_NET_REGRESSION,F17,0.0
60,300,0,CONTEXT_ONLY,CONTINUATION,ELASTIC_NET_REGRESSION,F18,0.20584551650137722
60,300,0,CONTEXT_ONLY,CONTINUATION,ELASTIC_NET_REGRESSION,F19,-0.035215399554716593
60,300,0,CONTEXT_ONLY,CONTINUATION,ELASTIC_NET_REGRESSION,F20,0.0
60,300,0,CONTEXT_ONLY,CONTINUATION,ELASTIC_NET_REGRESSION,F21,0.37457192380629567
60,300,0,CONTEXT_ONLY,CONTINUATION,ELASTIC_NET_REGRESSION,F22,-0.0
60,300,0,CONTEXT_ONLY,CONTINUATION,ELASTIC_NET_REGRESSION,F23,-0.13626106777756214
60,300,0,CONTEXT_ONLY,CONTINUATION,ELASTIC_NET_REGRESSION,F24,0.0
60,300,0,CONTEXT_ONLY,CONTINUATION,ELASTIC_NET_REGRESSION,F25,-0.0
60,300,0,CONTEXT_ONLY,CONTINUATION,ELASTIC_NET_REGRESSION,F26,0.2592534227223805
60,300,0,CONTEXT_ONLY,CONTINUATION,ELASTIC_NET_REGRESSION,F27,-0.0
60,300,0,CONTEXT_ONLY,CONTINUATION,ELASTIC_NET_REGRESSION,F28,0.49041861193954406
60,300,0,CONTEXT_ONLY,CONTINUATION,ELASTIC_NET_REGRESSION,F29,0.24669604207977214
60,300,0,CONTEXT_ONLY,CONTINUATION,ELASTIC_NET_REGRESSION,F36,-0.14619104331795946
60,300,0,CONTEXT_ONLY,CONTINUATION,ELASTIC_NET_LOGISTIC,F01,0.0
60,300,0,CONTEXT_ONLY,CONTINUATION,ELASTIC_NET_LOGISTIC,F02,0.0
60,300,0,CONTEXT_ONLY,CONTINUATION,ELASTIC_NET_LOGISTIC,F03,0.0
60,300,0,CONTEXT_ONLY,CONTINUATION,ELASTIC_NET_LOGISTIC,F04,0.0
60,300,0,CONTEXT_ONLY,CONTINUATION,ELASTIC_NET_LOGISTIC,F05,0.0
60,300,0,CONTEXT_ONLY,CONTINUATION,ELASTIC_NET_LOGISTIC,F06,0.0
60,300,0,CONTEXT_ONLY,CONTINUATION,ELASTIC_NET_LOGISTIC,F07,0.0
60,300,0,CONTEXT_ONLY,CONTINUATION,ELASTIC_NET_LOGISTIC,F08,0.0
60,300,0,CONTEXT_ONLY,CONTINUATION,ELASTIC_NET_LOGISTIC,F09,0.10803066815140794
60,300,0,CONTEXT_ONLY,CONTINUATION,ELASTIC_NET_LOGISTIC,F10,0.0
60,300,0,CONTEXT_ONLY,CONTINUATION,ELASTIC_NET_LOGISTIC,F11,0.0
60,300,0,CONTEXT_ONLY,CONTINUATION,ELASTIC_NET_LOGISTIC,F12,0.0
60,300,0,CONTEXT_ONLY,CONTINUATION,ELASTIC_NET_LOGISTIC,F13,-0.043723380048311895
60,300,0,CONTEXT_ONLY,CONTINUATION,ELASTIC_NET_LOGISTIC,F14,-0.05855014967943168
60,300,0,CONTEXT_ONLY,CONTINUATION,ELASTIC_NET_LOGISTIC,F15,0.0
60,300,0,CONTEXT_ONLY,CONTINUATION,ELASTIC_NET_LOGISTIC,F16,0.0
60,300,0,CONTEXT_ONLY,CONTINUATION,ELASTIC_NET_LOGISTIC,F17,0.0
60,300,0,CONTEXT_ONLY,CONTINUATION,ELASTIC_NET_LOGISTIC,F18,0.013308360343911103
60,300,0,CONTEXT_ONLY,CONTINUATION,ELASTIC_NET_LOGISTIC,F19,0.0
60,300,0,CONTEXT_ONLY,CONTINUATION,ELASTIC_NET_LOGISTIC,F20,0.0
60,300,0,CONTEXT_ONLY,CONTINUATION,ELASTIC_NET_LOGISTIC,F21,0.007448258251936657
60,300,0,CONTEXT_ONLY,CONTINUATION,ELASTIC_NET_LOGISTIC,F22,0.0
60,300,0,CONTEXT_ONLY,CONTINUATION,ELASTIC_NET_LOGISTIC,F23,0.0
60,300,0,CONTEXT_ONLY,CONTINUATION,ELASTIC_NET_LOGISTIC,F24,0.0
60,300,0,CONTEXT_ONLY,CONTINUATION,ELASTIC_NET_LOGISTIC,F25,0.0
60,300,0,CONTEXT_ONLY,CONTINUATION,ELASTIC_NET_LOGISTIC,F26,0.0
60,300,0,CONTEXT_ONLY,CONTINUATION,ELASTIC_NET_LOGISTIC,F27,-0.19988731575132013
60,300,0,CONTEXT_ONLY,CONTINUATION,ELASTIC_NET_LOGISTIC,F28,0.1822267859030064
60,300,0,CONTEXT_ONLY,CONTINUATION,ELASTIC_NET_LOGISTIC,F29,0.0
60,300,0,CONTEXT_ONLY,CONTINUATION,ELASTIC_NET_LOGISTIC,F36,0.0
60,300,0,CONTEXT_ONLY,REVERSAL,ELASTIC_NET_REGRESSION,F01,0.0
60,300,0,CONTEXT_ONLY,REVERSAL,ELASTIC_NET_REGRESSION,F02,0.03969592637022211
60,300,0,CONTEXT_ONLY,REVERSAL,ELASTIC_NET_REGRESSION,F03,0.0
60,300,0,CONTEXT_ONLY,REVERSAL,ELASTIC_NET_REGRESSION,F04,0.0
60,300,0,CONTEXT_ONLY,REVERSAL,ELASTIC_NET_REGRESSION,F05,-0.15630750321478434
60,300,0,CONTEXT_ONLY,REVERSAL,ELASTIC_NET_REGRESSION,F06,-0.2941284260835074
60,300,0,CONTEXT_ONLY,REVERSAL,ELASTIC_NET_REGRESSION,F07,0.061417521816524566
60,300,0,CONTEXT_ONLY,REVERSAL,ELASTIC_NET_REGRESSION,F08,-0.2845171423514351
60,300,0,CONTEXT_ONLY,REVERSAL,ELASTIC_NET_REGRESSION,F09,-0.0
60,300,0,CONTEXT_ONLY,REVERSAL,ELASTIC_NET_REGRESSION,F10,0.0
60,300,0,CONTEXT_ONLY,REVERSAL,ELASTIC_NET_REGRESSION,F11,0.0
60,300,0,CONTEXT_ONLY,REVERSAL,ELASTIC_NET_REGRESSION,F12,-0.0
60,300,0,CONTEXT_ONLY,REVERSAL,ELASTIC_NET_REGRESSION,F13,0.3895418970760209
60,300,0,CONTEXT_ONLY,REVERSAL,ELASTIC_NET_REGRESSION,F14,0.3716816354200791
60,300,0,CONTEXT_ONLY,REVERSAL,ELASTIC_NET_REGRESSION,F15,-0.0
60,300,0,CONTEXT_ONLY,REVERSAL,ELASTIC_NET_REGRESSION,F16,-0.0
60,300,0,CONTEXT_ONLY,REVERSAL,ELASTIC_NET_REGRESSION,F17,-0.0
60,300,0,CONTEXT_ONLY,REVERSAL,ELASTIC_NET_REGRESSION,F18,-0.16828878806416464
60,300,0,CONTEXT_ONLY,REVERSAL,ELASTIC_NET_REGRESSION,F19,0.02357522989192879
60,300,0,CONTEXT_ONLY,REVERSAL,ELASTIC_NET_REGRESSION,F20,-0.0
60,300,0,CONTEXT_ONLY,REVERSAL,ELASTIC_NET_REGRESSION,F21,-0.3498523640555828
60,300,0,CONTEXT_ONLY,REVERSAL,ELASTIC_NET_REGRESSION,F22,0.0
60,300,0,CONTEXT_ONLY,REVERSAL,ELASTIC_NET_REGRESSION,F23,0.13988600900266634
60,300,0,CONTEXT_ONLY,REVERSAL,ELASTIC_NET_REGRESSION,F24,-0.0
60,300,0,CONTEXT_ONLY,REVERSAL,ELASTIC_NET_REGRESSION,F25,0.0
60,300,0,CONTEXT_ONLY,REVERSAL,ELASTIC_NET_REGRESSION,F26,-0.20655084260343326
60,300,0,CONTEXT_ONLY,REVERSAL,ELASTIC_NET_REGRESSION,F27,0.0
60,300,0,CONTEXT_ONLY,REVERSAL,ELASTIC_NET_REGRESSION,F28,-0.46716547168619466
60,300,0,CONTEXT_ONLY,REVERSAL,ELASTIC_NET_REGRESSION,F29,-0.24475046433947906
60,300,0,CONTEXT_ONLY,REVERSAL,ELASTIC_NET_REGRESSION,F36,0.15230951450875704
60,300,0,CONTEXT_ONLY,REVERSAL,ELASTIC_NET_LOGISTIC,F01,0.0
60,300,0,CONTEXT_ONLY,REVERSAL,ELASTIC_NET_LOGISTIC,F02,0.0
60,300,0,CONTEXT_ONLY,REVERSAL,ELASTIC_NET_LOGISTIC,F03,0.0
60,300,0,CONTEXT_ONLY,REVERSAL,ELASTIC_NET_LOGISTIC,F04,0.0
60,300,0,CONTEXT_ONLY,REVERSAL,ELASTIC_NET_LOGISTIC,F05,0.0
60,300,0,CONTEXT_ONLY,REVERSAL,ELASTIC_NET_LOGISTIC,F06,0.0
60,300,0,CONTEXT_ONLY,REVERSAL,ELASTIC_NET_LOGISTIC,F07,0.0
60,300,0,CONTEXT_ONLY,REVERSAL,ELASTIC_NET_LOGISTIC,F08,0.0
60,300,0,CONTEXT_ONLY,REVERSAL,ELASTIC_NET_LOGISTIC,F09,0.0
60,300,0,CONTEXT_ONLY,REVERSAL,ELASTIC_NET_LOGISTIC,F10,0.0
60,300,0,CONTEXT_ONLY,REVERSAL,ELASTIC_NET_LOGISTIC,F11,0.0
60,300,0,CONTEXT_ONLY,REVERSAL,ELASTIC_NET_LOGISTIC,F12,0.0
60,300,0,CONTEXT_ONLY,REVERSAL,ELASTIC_NET_LOGISTIC,F13,0.0
60,300,0,CONTEXT_ONLY,REVERSAL,ELASTIC_NET_LOGISTIC,F14,0.0
60,300,0,CONTEXT_ONLY,REVERSAL,ELASTIC_NET_LOGISTIC,F15,0.0
60,300,0,CONTEXT_ONLY,REVERSAL,ELASTIC_NET_LOGISTIC,F16,0.0
60,300,0,CONTEXT_ONLY,REVERSAL,ELASTIC_NET_LOGISTIC,F17,0.0
60,300,0,CONTEXT_ONLY,REVERSAL,ELASTIC_NET_LOGISTIC,F18,0.0
60,300,0,CONTEXT_ONLY,REVERSAL,ELASTIC_NET_LOGISTIC,F19,0.0
60,300,0,CONTEXT_ONLY,REVERSAL,ELASTIC_NET_LOGISTIC,F20,0.0
60,300,0,CONTEXT_ONLY,REVERSAL,ELASTIC_NET_LOGISTIC,F21,0.0
60,300,0,CONTEXT_ONLY,REVERSAL,ELASTIC_NET_LOGISTIC,F22,0.0
60,300,0,CONTEXT_ONLY,REVERSAL,ELASTIC_NET_LOGISTIC,F23,0.0
60,300,0,CONTEXT_ONLY,REVERSAL,ELASTIC_NET_LOGISTIC,F24,0.0
60,300,0,CONTEXT_ONLY,REVERSAL,ELASTIC_NET_LOGISTIC,F25,0.0
60,300,0,CONTEXT_ONLY,REVERSAL,ELASTIC_NET_LOGISTIC,F26,0.0
60,300,0,CONTEXT_ONLY,REVERSAL,ELASTIC_NET_LOGISTIC,F27,0.0
60,300,0,CONTEXT_ONLY,REVERSAL,ELASTIC_NET_LOGISTIC,F28,0.0
60,300,0,CONTEXT_ONLY,REVERSAL,ELASTIC_NET_LOGISTIC,F29,0.0
60,300,0,CONTEXT_ONLY,REVERSAL,ELASTIC_NET_LOGISTIC,F36,0.0
60,300,0,CONTEXT_PLUS_SHOCK,CONTINUATION,ELASTIC_NET_REGRESSION,F01,-0.0
60,300,0,CONTEXT_PLUS_SHOCK,CONTINUATION,ELASTIC_NET_REGRESSION,F02,-0.0
60,300,0,CONTEXT_PLUS_SHOCK,CONTINUATION,ELASTIC_NET_REGRESSION,F03,0.0
60,300,0,CONTEXT_PLUS_SHOCK,CONTINUATION,ELASTIC_NET_REGRESSION,F04,-0.0
60,300,0,CONTEXT_PLUS_SHOCK,CONTINUATION,ELASTIC_NET_REGRESSION,F05,0.15566718630126516
60,300,0,CONTEXT_PLUS_SHOCK,CONTINUATION,ELASTIC_NET_REGRESSION,F06,0.26149828965808514
60,300,0,CONTEXT_PLUS_SHOCK,CONTINUATION,ELASTIC_NET_REGRESSION,F07,-0.0012786141507761368
60,300,0,CONTEXT_PLUS_SHOCK,CONTINUATION,ELASTIC_NET_REGRESSION,F08,0.20900883534818107
60,300,0,CONTEXT_PLUS_SHOCK,CONTINUATION,ELASTIC_NET_REGRESSION,F09,0.0
60,300,0,CONTEXT_PLUS_SHOCK,CONTINUATION,ELASTIC_NET_REGRESSION,F10,-0.0
60,300,0,CONTEXT_PLUS_SHOCK,CONTINUATION,ELASTIC_NET_REGRESSION,F11,0.0
60,300,0,CONTEXT_PLUS_SHOCK,CONTINUATION,ELASTIC_NET_REGRESSION,F12,0.0
60,300,0,CONTEXT_PLUS_SHOCK,CONTINUATION,ELASTIC_NET_REGRESSION,F13,-0.380690236674741
60,300,0,CONTEXT_PLUS_SHOCK,CONTINUATION,ELASTIC_NET_REGRESSION,F14,-0.3907907914466795
60,300,0,CONTEXT_PLUS_SHOCK,CONTINUATION,ELASTIC_NET_REGRESSION,F15,0.0
60,300,0,CONTEXT_PLUS_SHOCK,CONTINUATION,ELASTIC_NET_REGRESSION,F16,0.0
60,300,0,CONTEXT_PLUS_SHOCK,CONTINUATION,ELASTIC_NET_REGRESSION,F17,0.0
60,300,0,CONTEXT_PLUS_SHOCK,CONTINUATION,ELASTIC_NET_REGRESSION,F18,0.32538511214500165
60,300,0,CONTEXT_PLUS_SHOCK,CONTINUATION,ELASTIC_NET_REGRESSION,F19,-0.04397572557396388
60,300,0,CONTEXT_PLUS_SHOCK,CONTINUATION,ELASTIC_NET_REGRESSION,F20,0.0
60,300,0,CONTEXT_PLUS_SHOCK,CONTINUATION,ELASTIC_NET_REGRESSION,F21,0.291433579347386
60,300,0,CONTEXT_PLUS_SHOCK,CONTINUATION,ELASTIC_NET_REGRESSION,F22,-0.0
60,300,0,CONTEXT_PLUS_SHOCK,CONTINUATION,ELASTIC_NET_REGRESSION,F23,-0.09857735641760598
60,300,0,CONTEXT_PLUS_SHOCK,CONTINUATION,ELASTIC_NET_REGRESSION,F24,0.00810703832213393
60,300,0,CONTEXT_PLUS_SHOCK,CONTINUATION,ELASTIC_NET_REGRESSION,F25,-0.0
60,300,0,CONTEXT_PLUS_SHOCK,CONTINUATION,ELASTIC_NET_REGRESSION,F26,0.18001044335923835
60,300,0,CONTEXT_PLUS_SHOCK,CONTINUATION,ELASTIC_NET_REGRESSION,F27,-0.0
60,300,0,CONTEXT_PLUS_SHOCK,CONTINUATION,ELASTIC_NET_REGRESSION,F28,0.441250194184859
60,300,0,CONTEXT_PLUS_SHOCK,CONTINUATION,ELASTIC_NET_REGRESSION,F29,0.1826427939388234
60,300,0,CONTEXT_PLUS_SHOCK,CONTINUATION,ELASTIC_NET_REGRESSION,F30,-0.4875991929289394
60,300,0,CONTEXT_PLUS_SHOCK,CONTINUATION,ELASTIC_NET_REGRESSION,F31,0.0
60,300,0,CONTEXT_PLUS_SHOCK,CONTINUATION,ELASTIC_NET_REGRESSION,F32,0.0
60,300,0,CONTEXT_PLUS_SHOCK,CONTINUATION,ELASTIC_NET_REGRESSION,F33,-0.026444025419970665
60,300,0,CONTEXT_PLUS_SHOCK,CONTINUATION,ELASTIC_NET_REGRESSION,F34,-0.07318734646127999
60,300,0,CONTEXT_PLUS_SHOCK,CONTINUATION,ELASTIC_NET_REGRESSION,F35,0.00908294380479971
60,300,0,CONTEXT_PLUS_SHOCK,CONTINUATION,ELASTIC_NET_REGRESSION,F36,-0.12614015161430797
60,300,0,CONTEXT_PLUS_SHOCK,CONTINUATION,ELASTIC_NET_LOGISTIC,F01,0.0
60,300,0,CONTEXT_PLUS_SHOCK,CONTINUATION,ELASTIC_NET_LOGISTIC,F02,0.0
60,300,0,CONTEXT_PLUS_SHOCK,CONTINUATION,ELASTIC_NET_LOGISTIC,F03,0.0
60,300,0,CONTEXT_PLUS_SHOCK,CONTINUATION,ELASTIC_NET_LOGISTIC,F04,0.0
60,300,0,CONTEXT_PLUS_SHOCK,CONTINUATION,ELASTIC_NET_LOGISTIC,F05,0.0
60,300,0,CONTEXT_PLUS_SHOCK,CONTINUATION,ELASTIC_NET_LOGISTIC,F06,0.0
60,300,0,CONTEXT_PLUS_SHOCK,CONTINUATION,ELASTIC_NET_LOGISTIC,F07,0.0
60,300,0,CONTEXT_PLUS_SHOCK,CONTINUATION,ELASTIC_NET_LOGISTIC,F08,0.0
60,300,0,CONTEXT_PLUS_SHOCK,CONTINUATION,ELASTIC_NET_LOGISTIC,F09,0.10831031481440424
60,300,0,CONTEXT_PLUS_SHOCK,CONTINUATION,ELASTIC_NET_LOGISTIC,F10,0.0
60,300,0,CONTEXT_PLUS_SHOCK,CONTINUATION,ELASTIC_NET_LOGISTIC,F11,0.0
60,300,0,CONTEXT_PLUS_SHOCK,CONTINUATION,ELASTIC_NET_LOGISTIC,F12,0.0
60,300,0,CONTEXT_PLUS_SHOCK,CONTINUATION,ELASTIC_NET_LOGISTIC,F13,-0.04137787607049792
60,300,0,CONTEXT_PLUS_SHOCK,CONTINUATION,ELASTIC_NET_LOGISTIC,F14,-0.05722704990386392
60,300,0,CONTEXT_PLUS_SHOCK,CONTINUATION,ELASTIC_NET_LOGISTIC,F15,0.0
60,300,0,CONTEXT_PLUS_SHOCK,CONTINUATION,ELASTIC_NET_LOGISTIC,F16,0.0
60,300,0,CONTEXT_PLUS_SHOCK,CONTINUATION,ELASTIC_NET_LOGISTIC,F17,0.0
60,300,0,CONTEXT_PLUS_SHOCK,CONTINUATION,ELASTIC_NET_LOGISTIC,F18,0.014908956589654817
60,300,0,CONTEXT_PLUS_SHOCK,CONTINUATION,ELASTIC_NET_LOGISTIC,F19,0.0
60,300,0,CONTEXT_PLUS_SHOCK,CONTINUATION,ELASTIC_NET_LOGISTIC,F20,0.0
60,300,0,CONTEXT_PLUS_SHOCK,CONTINUATION,ELASTIC_NET_LOGISTIC,F21,0.006790028713862886
60,300,0,CONTEXT_PLUS_SHOCK,CONTINUATION,ELASTIC_NET_LOGISTIC,F22,0.0
60,300,0,CONTEXT_PLUS_SHOCK,CONTINUATION,ELASTIC_NET_LOGISTIC,F23,0.0
60,300,0,CONTEXT_PLUS_SHOCK,CONTINUATION,ELASTIC_NET_LOGISTIC,F24,0.0
60,300,0,CONTEXT_PLUS_SHOCK,CONTINUATION,ELASTIC_NET_LOGISTIC,F25,0.0
60,300,0,CONTEXT_PLUS_SHOCK,CONTINUATION,ELASTIC_NET_LOGISTIC,F26,0.0
60,300,0,CONTEXT_PLUS_SHOCK,CONTINUATION,ELASTIC_NET_LOGISTIC,F27,-0.20031406385782913
60,300,0,CONTEXT_PLUS_SHOCK,CONTINUATION,ELASTIC_NET_LOGISTIC,F28,0.18211706491439533
60,300,0,CONTEXT_PLUS_SHOCK,CONTINUATION,ELASTIC_NET_LOGISTIC,F29,0.0
60,300,0,CONTEXT_PLUS_SHOCK,CONTINUATION,ELASTIC_NET_LOGISTIC,F30,0.0
60,300,0,CONTEXT_PLUS_SHOCK,CONTINUATION,ELASTIC_NET_LOGISTIC,F31,0.0
60,300,0,CONTEXT_PLUS_SHOCK,CONTINUATION,ELASTIC_NET_LOGISTIC,F32,0.0
60,300,0,CONTEXT_PLUS_SHOCK,CONTINUATION,ELASTIC_NET_LOGISTIC,F33,0.0
60,300,0,CONTEXT_PLUS_SHOCK,CONTINUATION,ELASTIC_NET_LOGISTIC,F34,-0.01085501436911235
60,300,0,CONTEXT_PLUS_SHOCK,CONTINUATION,ELASTIC_NET_LOGISTIC,F35,0.0
60,300,0,CONTEXT_PLUS_SHOCK,CONTINUATION,ELASTIC_NET_LOGISTIC,F36,0.0
60,300,0,CONTEXT_PLUS_SHOCK,REVERSAL,ELASTIC_NET_REGRESSION,F01,0.0
60,300,0,CONTEXT_PLUS_SHOCK,REVERSAL,ELASTIC_NET_REGRESSION,F02,0.0
60,300,0,CONTEXT_PLUS_SHOCK,REVERSAL,ELASTIC_NET_REGRESSION,F03,-0.0
60,300,0,CONTEXT_PLUS_SHOCK,REVERSAL,ELASTIC_NET_REGRESSION,F04,0.0
60,300,0,CONTEXT_PLUS_SHOCK,REVERSAL,ELASTIC_NET_REGRESSION,F05,-0.16208447474200322
60,300,0,CONTEXT_PLUS_SHOCK,REVERSAL,ELASTIC_NET_REGRESSION,F06,-0.25658729496559346
60,300,0,CONTEXT_PLUS_SHOCK,REVERSAL,ELASTIC_NET_REGRESSION,F07,0.0
60,300,0,CONTEXT_PLUS_SHOCK,REVERSAL,ELASTIC_NET_REGRESSION,F08,-0.20605566077362356
60,300,0,CONTEXT_PLUS_SHOCK,REVERSAL,ELASTIC_NET_REGRESSION,F09,-0.0
60,300,0,CONTEXT_PLUS_SHOCK,REVERSAL,ELASTIC_NET_REGRESSION,F10,0.0
60,300,0,CONTEXT_PLUS_SHOCK,REVERSAL,ELASTIC_NET_REGRESSION,F11,-0.0
60,300,0,CONTEXT_PLUS_SHOCK,REVERSAL,ELASTIC_NET_REGRESSION,F12,-0.0
60,300,0,CONTEXT_PLUS_SHOCK,REVERSAL,ELASTIC_NET_REGRESSION,F13,0.38451938361077914
60,300,0,CONTEXT_PLUS_SHOCK,REVERSAL,ELASTIC_NET_REGRESSION,F14,0.36581546174605284
60,300,0,CONTEXT_PLUS_SHOCK,REVERSAL,ELASTIC_NET_REGRESSION,F15,-0.0
60,300,0,CONTEXT_PLUS_SHOCK,REVERSAL,ELASTIC_NET_REGRESSION,F16,-0.0
60,300,0,CONTEXT_PLUS_SHOCK,REVERSAL,ELASTIC_NET_REGRESSION,F17,-0.0
60,300,0,CONTEXT_PLUS_SHOCK,REVERSAL,ELASTIC_NET_REGRESSION,F18,-0.2831050417089675
60,300,0,CONTEXT_PLUS_SHOCK,REVERSAL,ELASTIC_NET_REGRESSION,F19,0.020403771888098828
60,300,0,CONTEXT_PLUS_SHOCK,REVERSAL,ELASTIC_NET_REGRESSION,F20,-0.0
60,300,0,CONTEXT_PLUS_SHOCK,REVERSAL,ELASTIC_NET_REGRESSION,F21,-0.25902652627906536
60,300,0,CONTEXT_PLUS_SHOCK,REVERSAL,ELASTIC_NET_REGRESSION,F22,0.0
60,300,0,CONTEXT_PLUS_SHOCK,REVERSAL,ELASTIC_NET_REGRESSION,F23,0.09319403574620021
60,300,0,CONTEXT_PLUS_SHOCK,REVERSAL,ELASTIC_NET_REGRESSION,F24,-0.01661715895277482
60,300,0,CONTEXT_PLUS_SHOCK,REVERSAL,ELASTIC_NET_REGRESSION,F25,0.0
60,300,0,CONTEXT_PLUS_SHOCK,REVERSAL,ELASTIC_NET_REGRESSION,F26,-0.13065206665479595
60,300,0,CONTEXT_PLUS_SHOCK,REVERSAL,ELASTIC_NET_REGRESSION,F27,0.0
60,300,0,CONTEXT_PLUS_SHOCK,REVERSAL,ELASTIC_NET_REGRESSION,F28,-0.42473835770827
60,300,0,CONTEXT_PLUS_SHOCK,REVERSAL,ELASTIC_NET_REGRESSION,F29,-0.1789789189200772
60,300,0,CONTEXT_PLUS_SHOCK,REVERSAL,ELASTIC_NET_REGRESSION,F30,0.48806562293905703
60,300,0,CONTEXT_PLUS_SHOCK,REVERSAL,ELASTIC_NET_REGRESSION,F31,-0.0
60,300,0,CONTEXT_PLUS_SHOCK,REVERSAL,ELASTIC_NET_REGRESSION,F32,0.0
60,300,0,CONTEXT_PLUS_SHOCK,REVERSAL,ELASTIC_NET_REGRESSION,F33,0.06283134681245699
60,300,0,CONTEXT_PLUS_SHOCK,REVERSAL,ELASTIC_NET_REGRESSION,F34,0.062202697179667664
60,300,0,CONTEXT_PLUS_SHOCK,REVERSAL,ELASTIC_NET_REGRESSION,F35,-0.0
60,300,0,CONTEXT_PLUS_SHOCK,REVERSAL,ELASTIC_NET_REGRESSION,F36,0.1340922322139508
60,300,0,CONTEXT_PLUS_SHOCK,REVERSAL,ELASTIC_NET_LOGISTIC,F01,0.0
60,300,0,CONTEXT_PLUS_SHOCK,REVERSAL,ELASTIC_NET_LOGISTIC,F02,0.0
60,300,0,CONTEXT_PLUS_SHOCK,REVERSAL,ELASTIC_NET_LOGISTIC,F03,0.0
60,300,0,CONTEXT_PLUS_SHOCK,REVERSAL,ELASTIC_NET_LOGISTIC,F04,0.0
60,300,0,CONTEXT_PLUS_SHOCK,REVERSAL,ELASTIC_NET_LOGISTIC,F05,0.0
60,300,0,CONTEXT_PLUS_SHOCK,REVERSAL,ELASTIC_NET_LOGISTIC,F06,0.0
60,300,0,CONTEXT_PLUS_SHOCK,REVERSAL,ELASTIC_NET_LOGISTIC,F07,0.0
60,300,0,CONTEXT_PLUS_SHOCK,REVERSAL,ELASTIC_NET_LOGISTIC,F08,0.0
60,300,0,CONTEXT_PLUS_SHOCK,REVERSAL,ELASTIC_NET_LOGISTIC,F09,0.0
60,300,0,CONTEXT_PLUS_SHOCK,REVERSAL,ELASTIC_NET_LOGISTIC,F10,0.0
60,300,0,CONTEXT_PLUS_SHOCK,REVERSAL,ELASTIC_NET_LOGISTIC,F11,0.0
60,300,0,CONTEXT_PLUS_SHOCK,REVERSAL,ELASTIC_NET_LOGISTIC,F12,0.0
60,300,0,CONTEXT_PLUS_SHOCK,REVERSAL,ELASTIC_NET_LOGISTIC,F13,0.0
60,300,0,CONTEXT_PLUS_SHOCK,REVERSAL,ELASTIC_NET_LOGISTIC,F14,0.0
60,300,0,CONTEXT_PLUS_SHOCK,REVERSAL,ELASTIC_NET_LOGISTIC,F15,0.0
60,300,0,CONTEXT_PLUS_SHOCK,REVERSAL,ELASTIC_NET_LOGISTIC,F16,0.0
60,300,0,CONTEXT_PLUS_SHOCK,REVERSAL,ELASTIC_NET_LOGISTIC,F17,0.0
60,300,0,CONTEXT_PLUS_SHOCK,REVERSAL,ELASTIC_NET_LOGISTIC,F18,0.0
60,300,0,CONTEXT_PLUS_SHOCK,REVERSAL,ELASTIC_NET_LOGISTIC,F19,0.0
60,300,0,CONTEXT_PLUS_SHOCK,REVERSAL,ELASTIC_NET_LOGISTIC,F20,0.0
60,300,0,CONTEXT_PLUS_SHOCK,REVERSAL,ELASTIC_NET_LOGISTIC,F21,0.0
60,300,0,CONTEXT_PLUS_SHOCK,REVERSAL,ELASTIC_NET_LOGISTIC,F22,0.0
60,300,0,CONTEXT_PLUS_SHOCK,REVERSAL,ELASTIC_NET_LOGISTIC,F23,0.0
60,300,0,CONTEXT_PLUS_SHOCK,REVERSAL,ELASTIC_NET_LOGISTIC,F24,0.0
60,300,0,CONTEXT_PLUS_SHOCK,REVERSAL,ELASTIC_NET_LOGISTIC,F25,0.0
60,300,0,CONTEXT_PLUS_SHOCK,REVERSAL,ELASTIC_NET_LOGISTIC,F26,0.0
60,300,0,CONTEXT_PLUS_SHOCK,REVERSAL,ELASTIC_NET_LOGISTIC,F27,0.0
60,300,0,CONTEXT_PLUS_SHOCK,REVERSAL,ELASTIC_NET_LOGISTIC,F28,0.0
60,300,0,CONTEXT_PLUS_SHOCK,REVERSAL,ELASTIC_NET_LOGISTIC,F29,0.0
60,300,0,CONTEXT_PLUS_SHOCK,REVERSAL,ELASTIC_NET_LOGISTIC,F30,0.0
60,300,0,CONTEXT_PLUS_SHOCK,REVERSAL,ELASTIC_NET_LOGISTIC,F31,0.0
60,300,0,CONTEXT_PLUS_SHOCK,REVERSAL,ELASTIC_NET_LOGISTIC,F32,0.0
60,300,0,CONTEXT_PLUS_SHOCK,REVERSAL,ELASTIC_NET_LOGISTIC,F33,0.038118456974916705
60,300,0,CONTEXT_PLUS_SHOCK,REVERSAL,ELASTIC_NET_LOGISTIC,F34,0.0
60,300,0,CONTEXT_PLUS_SHOCK,REVERSAL,ELASTIC_NET_LOGISTIC,F35,0.0
60,300,0,CONTEXT_PLUS_SHOCK,REVERSAL,ELASTIC_NET_LOGISTIC,F36,0.0
60,300,1,CONTEXT_ONLY,CONTINUATION,ELASTIC_NET_REGRESSION,F01,-0.0
60,300,1,CONTEXT_ONLY,CONTINUATION,ELASTIC_NET_REGRESSION,F02,-0.0
60,300,1,CONTEXT_ONLY,CONTINUATION,ELASTIC_NET_REGRESSION,F03,-0.0
60,300,1,CONTEXT_ONLY,CONTINUATION,ELASTIC_NET_REGRESSION,F04,-0.0
60,300,1,CONTEXT_ONLY,CONTINUATION,ELASTIC_NET_REGRESSION,F05,0.14009136037004227
60,300,1,CONTEXT_ONLY,CONTINUATION,ELASTIC_NET_REGRESSION,F06,0.0
60,300,1,CONTEXT_ONLY,CONTINUATION,ELASTIC_NET_REGRESSION,F07,0.0
60,300,1,CONTEXT_ONLY,CONTINUATION,ELASTIC_NET_REGRESSION,F08,0.12089640425343334
60,300,1,CONTEXT_ONLY,CONTINUATION,ELASTIC_NET_REGRESSION,F09,0.0
60,300,1,CONTEXT_ONLY,CONTINUATION,ELASTIC_NET_REGRESSION,F10,0.09801444441382151
60,300,1,CONTEXT_ONLY,CONTINUATION,ELASTIC_NET_REGRESSION,F11,0.15852877266061208
60,300,1,CONTEXT_ONLY,CONTINUATION,ELASTIC_NET_REGRESSION,F12,-0.0
60,300,1,CONTEXT_ONLY,CONTINUATION,ELASTIC_NET_REGRESSION,F13,-0.1830416159745148
60,300,1,CONTEXT_ONLY,CONTINUATION,ELASTIC_NET_REGRESSION,F14,-0.030456008686533354
60,300,1,CONTEXT_ONLY,CONTINUATION,ELASTIC_NET_REGRESSION,F15,-0.0
60,300,1,CONTEXT_ONLY,CONTINUATION,ELASTIC_NET_REGRESSION,F16,0.0
60,300,1,CONTEXT_ONLY,CONTINUATION,ELASTIC_NET_REGRESSION,F17,0.0
60,300,1,CONTEXT_ONLY,CONTINUATION,ELASTIC_NET_REGRESSION,F18,0.1004431440416755
60,300,1,CONTEXT_ONLY,CONTINUATION,ELASTIC_NET_REGRESSION,F19,-0.0
60,300,1,CONTEXT_ONLY,CONTINUATION,ELASTIC_NET_REGRESSION,F20,-0.0
60,300,1,CONTEXT_ONLY,CONTINUATION,ELASTIC_NET_REGRESSION,F21,0.28218094392260323
60,300,1,CONTEXT_ONLY,CONTINUATION,ELASTIC_NET_REGRESSION,F22,-0.0
60,300,1,CONTEXT_ONLY,CONTINUATION,ELASTIC_NET_REGRESSION,F23,-0.10024950365765489
60,300,1,CONTEXT_ONLY,CONTINUATION,ELASTIC_NET_REGRESSION,F24,0.0
60,300,1,CONTEXT_ONLY,CONTINUATION,ELASTIC_NET_REGRESSION,F25,-0.0
60,300,1,CONTEXT_ONLY,CONTINUATION,ELASTIC_NET_REGRESSION,F26,0.015094801621705485
60,300,1,CONTEXT_ONLY,CONTINUATION,ELASTIC_NET_REGRESSION,F27,0.0
60,300,1,CONTEXT_ONLY,CONTINUATION,ELASTIC_NET_REGRESSION,F28,0.0
60,300,1,CONTEXT_ONLY,CONTINUATION,ELASTIC_NET_REGRESSION,F29,0.24589781501556982
60,300,1,CONTEXT_ONLY,CONTINUATION,ELASTIC_NET_REGRESSION,F36,-0.19268457771465378
60,300,1,CONTEXT_ONLY,CONTINUATION,ELASTIC_NET_LOGISTIC,F01,0.0
60,300,1,CONTEXT_ONLY,CONTINUATION,ELASTIC_NET_LOGISTIC,F02,0.0
60,300,1,CONTEXT_ONLY,CONTINUATION,ELASTIC_NET_LOGISTIC,F03,0.0
60,300,1,CONTEXT_ONLY,CONTINUATION,ELASTIC_NET_LOGISTIC,F04,0.0
60,300,1,CONTEXT_ONLY,CONTINUATION,ELASTIC_NET_LOGISTIC,F05,0.0
60,300,1,CONTEXT_ONLY,CONTINUATION,ELASTIC_NET_LOGISTIC,F06,0.0
60,300,1,CONTEXT_ONLY,CONTINUATION,ELASTIC_NET_LOGISTIC,F07,0.0
60,300,1,CONTEXT_ONLY,CONTINUATION,ELASTIC_NET_LOGISTIC,F08,0.0
60,300,1,CONTEXT_ONLY,CONTINUATION,ELASTIC_NET_LOGISTIC,F09,0.06406763517008894
60,300,1,CONTEXT_ONLY,CONTINUATION,ELASTIC_NET_LOGISTIC,F10,0.0
60,300,1,CONTEXT_ONLY,CONTINUATION,ELASTIC_NET_LOGISTIC,F11,0.0
60,300,1,CONTEXT_ONLY,CONTINUATION,ELASTIC_NET_LOGISTIC,F12,0.0
60,300,1,CONTEXT_ONLY,CONTINUATION,ELASTIC_NET_LOGISTIC,F13,0.0
60,300,1,CONTEXT_ONLY,CONTINUATION,ELASTIC_NET_LOGISTIC,F14,0.0
60,300,1,CONTEXT_ONLY,CONTINUATION,ELASTIC_NET_LOGISTIC,F15,0.0
60,300,1,CONTEXT_ONLY,CONTINUATION,ELASTIC_NET_LOGISTIC,F16,0.004669393759669576
60,300,1,CONTEXT_ONLY,CONTINUATION,ELASTIC_NET_LOGISTIC,F17,0.0
60,300,1,CONTEXT_ONLY,CONTINUATION,ELASTIC_NET_LOGISTIC,F18,0.06994916196543413
60,300,1,CONTEXT_ONLY,CONTINUATION,ELASTIC_NET_LOGISTIC,F19,0.0
60,300,1,CONTEXT_ONLY,CONTINUATION,ELASTIC_NET_LOGISTIC,F20,0.0
60,300,1,CONTEXT_ONLY,CONTINUATION,ELASTIC_NET_LOGISTIC,F21,0.017364302443942128
60,300,1,CONTEXT_ONLY,CONTINUATION,ELASTIC_NET_LOGISTIC,F22,0.0
60,300,1,CONTEXT_ONLY,CONTINUATION,ELASTIC_NET_LOGISTIC,F23,0.0
60,300,1,CONTEXT_ONLY,CONTINUATION,ELASTIC_NET_LOGISTIC,F24,0.0
60,300,1,CONTEXT_ONLY,CONTINUATION,ELASTIC_NET_LOGISTIC,F25,0.0
60,300,1,CONTEXT_ONLY,CONTINUATION,ELASTIC_NET_LOGISTIC,F26,-0.008783097853414402
60,300,1,CONTEXT_ONLY,CONTINUATION,ELASTIC_NET_LOGISTIC,F27,-0.3258121045133651
60,300,1,CONTEXT_ONLY,CONTINUATION,ELASTIC_NET_LOGISTIC,F28,0.05088360021830271
60,300,1,CONTEXT_ONLY,CONTINUATION,ELASTIC_NET_LOGISTIC,F29,0.0
60,300,1,CONTEXT_ONLY,CONTINUATION,ELASTIC_NET_LOGISTIC,F36,0.0
60,300,1,CONTEXT_ONLY,REVERSAL,ELASTIC_NET_REGRESSION,F01,0.0
60,300,1,CONTEXT_ONLY,REVERSAL,ELASTIC_NET_REGRESSION,F02,0.0
60,300,1,CONTEXT_ONLY,REVERSAL,ELASTIC_NET_REGRESSION,F03,0.0
60,300,1,CONTEXT_ONLY,REVERSAL,ELASTIC_NET_REGRESSION,F04,0.0
60,300,1,CONTEXT_ONLY,REVERSAL,ELASTIC_NET_REGRESSION,F05,-0.13897230991185525
60,300,1,CONTEXT_ONLY,REVERSAL,ELASTIC_NET_REGRESSION,F06,-0.0
60,300,1,CONTEXT_ONLY,REVERSAL,ELASTIC_NET_REGRESSION,F07,-0.0
60,300,1,CONTEXT_ONLY,REVERSAL,ELASTIC_NET_REGRESSION,F08,-0.1264183067875406
60,300,1,CONTEXT_ONLY,REVERSAL,ELASTIC_NET_REGRESSION,F09,-0.0
60,300,1,CONTEXT_ONLY,REVERSAL,ELASTIC_NET_REGRESSION,F10,-0.09103855150649004
60,300,1,CONTEXT_ONLY,REVERSAL,ELASTIC_NET_REGRESSION,F11,-0.16489928817184898
60,300,1,CONTEXT_ONLY,REVERSAL,ELASTIC_NET_REGRESSION,F12,0.0
60,300,1,CONTEXT_ONLY,REVERSAL,ELASTIC_NET_REGRESSION,F13,0.18528437253547284
60,300,1,CONTEXT_ONLY,REVERSAL,ELASTIC_NET_REGRESSION,F14,0.028399930255166687
60,300,1,CONTEXT_ONLY,REVERSAL,ELASTIC_NET_REGRESSION,F15,0.0
60,300,1,CONTEXT_ONLY,REVERSAL,ELASTIC_NET_REGRESSION,F16,-0.0
60,300,1,CONTEXT_ONLY,REVERSAL,ELASTIC_NET_REGRESSION,F17,-0.0
60,300,1,CONTEXT_ONLY,REVERSAL,ELASTIC_NET_REGRESSION,F18,-0.07986613293085448
60,300,1,CONTEXT_ONLY,REVERSAL,ELASTIC_NET_REGRESSION,F19,0.0
60,300,1,CONTEXT_ONLY,REVERSAL,ELASTIC_NET_REGRESSION,F20,0.0
60,300,1,CONTEXT_ONLY,REVERSAL,ELASTIC_NET_REGRESSION,F21,-0.2701442028657342
60,300,1,CONTEXT_ONLY,REVERSAL,ELASTIC_NET_REGRESSION,F22,0.0
60,300,1,CONTEXT_ONLY,REVERSAL,ELASTIC_NET_REGRESSION,F23,0.10197820065446431
60,300,1,CONTEXT_ONLY,REVERSAL,ELASTIC_NET_REGRESSION,F24,-0.0
60,300,1,CONTEXT_ONLY,REVERSAL,ELASTIC_NET_REGRESSION,F25,0.0
60,300,1,CONTEXT_ONLY,REVERSAL,ELASTIC_NET_REGRESSION,F26,-0.0
60,300,1,CONTEXT_ONLY,REVERSAL,ELASTIC_NET_REGRESSION,F27,-0.0
60,300,1,CONTEXT_ONLY,REVERSAL,ELASTIC_NET_REGRESSION,F28,-0.0
60,300,1,CONTEXT_ONLY,REVERSAL,ELASTIC_NET_REGRESSION,F29,-0.25636035774104843
60,300,1,CONTEXT_ONLY,REVERSAL,ELASTIC_NET_REGRESSION,F36,0.1965880272881311
60,300,1,CONTEXT_ONLY,REVERSAL,ELASTIC_NET_LOGISTIC,F01,0.0
60,300,1,CONTEXT_ONLY,REVERSAL,ELASTIC_NET_LOGISTIC,F02,0.0
60,300,1,CONTEXT_ONLY,REVERSAL,ELASTIC_NET_LOGISTIC,F03,0.0
60,300,1,CONTEXT_ONLY,REVERSAL,ELASTIC_NET_LOGISTIC,F04,0.0
60,300,1,CONTEXT_ONLY,REVERSAL,ELASTIC_NET_LOGISTIC,F05,-0.09617312452200305
60,300,1,CONTEXT_ONLY,REVERSAL,ELASTIC_NET_LOGISTIC,F06,0.0
60,300,1,CONTEXT_ONLY,REVERSAL,ELASTIC_NET_LOGISTIC,F07,0.0
60,300,1,CONTEXT_ONLY,REVERSAL,ELASTIC_NET_LOGISTIC,F08,0.0
60,300,1,CONTEXT_ONLY,REVERSAL,ELASTIC_NET_LOGISTIC,F09,0.0
60,300,1,CONTEXT_ONLY,REVERSAL,ELASTIC_NET_LOGISTIC,F10,0.0
60,300,1,CONTEXT_ONLY,REVERSAL,ELASTIC_NET_LOGISTIC,F11,0.0
60,300,1,CONTEXT_ONLY,REVERSAL,ELASTIC_NET_LOGISTIC,F12,0.0
60,300,1,CONTEXT_ONLY,REVERSAL,ELASTIC_NET_LOGISTIC,F13,0.0
60,300,1,CONTEXT_ONLY,REVERSAL,ELASTIC_NET_LOGISTIC,F14,0.0
60,300,1,CONTEXT_ONLY,REVERSAL,ELASTIC_NET_LOGISTIC,F15,0.0
60,300,1,CONTEXT_ONLY,REVERSAL,ELASTIC_NET_LOGISTIC,F16,0.0
60,300,1,CONTEXT_ONLY,REVERSAL,ELASTIC_NET_LOGISTIC,F17,0.0
60,300,1,CONTEXT_ONLY,REVERSAL,ELASTIC_NET_LOGISTIC,F18,0.0
60,300,1,CONTEXT_ONLY,REVERSAL,ELASTIC_NET_LOGISTIC,F19,0.0
60,300,1,CONTEXT_ONLY,REVERSAL,ELASTIC_NET_LOGISTIC,F20,0.0
60,300,1,CONTEXT_ONLY,REVERSAL,ELASTIC_NET_LOGISTIC,F21,0.0
60,300,1,CONTEXT_ONLY,REVERSAL,ELASTIC_NET_LOGISTIC,F22,0.0
60,300,1,CONTEXT_ONLY,REVERSAL,ELASTIC_NET_LOGISTIC,F23,0.12214948347384806
60,300,1,CONTEXT_ONLY,REVERSAL,ELASTIC_NET_LOGISTIC,F24,0.0
60,300,1,CONTEXT_ONLY,REVERSAL,ELASTIC_NET_LOGISTIC,F25,0.0
60,300,1,CONTEXT_ONLY,REVERSAL,ELASTIC_NET_LOGISTIC,F26,-0.02601890724880435
60,300,1,CONTEXT_ONLY,REVERSAL,ELASTIC_NET_LOGISTIC,F27,0.0
60,300,1,CONTEXT_ONLY,REVERSAL,ELASTIC_NET_LOGISTIC,F28,0.0
60,300,1,CONTEXT_ONLY,REVERSAL,ELASTIC_NET_LOGISTIC,F29,0.0
60,300,1,CONTEXT_ONLY,REVERSAL,ELASTIC_NET_LOGISTIC,F36,0.0
60,300,1,CONTEXT_PLUS_SHOCK,CONTINUATION,ELASTIC_NET_REGRESSION,F01,0.0
60,300,1,CONTEXT_PLUS_SHOCK,CONTINUATION,ELASTIC_NET_REGRESSION,F02,0.0
60,300,1,CONTEXT_PLUS_SHOCK,CONTINUATION,ELASTIC_NET_REGRESSION,F03,-0.0
60,300,1,CONTEXT_PLUS_SHOCK,CONTINUATION,ELASTIC_NET_REGRESSION,F04,-0.0
60,300,1,CONTEXT_PLUS_SHOCK,CONTINUATION,ELASTIC_NET_REGRESSION,F05,0.1568707373426988
60,300,1,CONTEXT_PLUS_SHOCK,CONTINUATION,ELASTIC_NET_REGRESSION,F06,0.0
60,300,1,CONTEXT_PLUS_SHOCK,CONTINUATION,ELASTIC_NET_REGRESSION,F07,0.0
60,300,1,CONTEXT_PLUS_SHOCK,CONTINUATION,ELASTIC_NET_REGRESSION,F08,0.1127582836417628
60,300,1,CONTEXT_PLUS_SHOCK,CONTINUATION,ELASTIC_NET_REGRESSION,F09,0.0
60,300,1,CONTEXT_PLUS_SHOCK,CONTINUATION,ELASTIC_NET_REGRESSION,F10,0.10962504081520809
60,300,1,CONTEXT_PLUS_SHOCK,CONTINUATION,ELASTIC_NET_REGRESSION,F11,0.13036109657800085
60,300,1,CONTEXT_PLUS_SHOCK,CONTINUATION,ELASTIC_NET_REGRESSION,F12,-0.0
60,300,1,CONTEXT_PLUS_SHOCK,CONTINUATION,ELASTIC_NET_REGRESSION,F13,-0.17950103955050317
60,300,1,CONTEXT_PLUS_SHOCK,CONTINUATION,ELASTIC_NET_REGRESSION,F14,-0.0392019267278059
60,300,1,CONTEXT_PLUS_SHOCK,CONTINUATION,ELASTIC_NET_REGRESSION,F15,0.0
60,300,1,CONTEXT_PLUS_SHOCK,CONTINUATION,ELASTIC_NET_REGRESSION,F16,0.0
60,300,1,CONTEXT_PLUS_SHOCK,CONTINUATION,ELASTIC_NET_REGRESSION,F17,0.0
60,300,1,CONTEXT_PLUS_SHOCK,CONTINUATION,ELASTIC_NET_REGRESSION,F18,0.0960567292501656
60,300,1,CONTEXT_PLUS_SHOCK,CONTINUATION,ELASTIC_NET_REGRESSION,F19,-0.0
60,300,1,CONTEXT_PLUS_SHOCK,CONTINUATION,ELASTIC_NET_REGRESSION,F20,0.0
60,300,1,CONTEXT_PLUS_SHOCK,CONTINUATION,ELASTIC_NET_REGRESSION,F21,0.30102407490989574
60,300,1,CONTEXT_PLUS_SHOCK,CONTINUATION,ELASTIC_NET_REGRESSION,F22,0.0
60,300,1,CONTEXT_PLUS_SHOCK,CONTINUATION,ELASTIC_NET_REGRESSION,F23,-0.0
60,300,1,CONTEXT_PLUS_SHOCK,CONTINUATION,ELASTIC_NET_REGRESSION,F24,0.0
60,300,1,CONTEXT_PLUS_SHOCK,CONTINUATION,ELASTIC_NET_REGRESSION,F25,-0.0
60,300,1,CONTEXT_PLUS_SHOCK,CONTINUATION,ELASTIC_NET_REGRESSION,F26,0.0
60,300,1,CONTEXT_PLUS_SHOCK,CONTINUATION,ELASTIC_NET_REGRESSION,F27,0.0
60,300,1,CONTEXT_PLUS_SHOCK,CONTINUATION,ELASTIC_NET_REGRESSION,F28,0.0
60,300,1,CONTEXT_PLUS_SHOCK,CONTINUATION,ELASTIC_NET_REGRESSION,F29,0.21469499173738657
60,300,1,CONTEXT_PLUS_SHOCK,CONTINUATION,ELASTIC_NET_REGRESSION,F30,-0.04152792724835091
60,300,1,CONTEXT_PLUS_SHOCK,CONTINUATION,ELASTIC_NET_REGRESSION,F31,-0.02199563626296236
60,300,1,CONTEXT_PLUS_SHOCK,CONTINUATION,ELASTIC_NET_REGRESSION,F32,0.0
60,300,1,CONTEXT_PLUS_SHOCK,CONTINUATION,ELASTIC_NET_REGRESSION,F33,-0.33627444905105275
60,300,1,CONTEXT_PLUS_SHOCK,CONTINUATION,ELASTIC_NET_REGRESSION,F34,-0.0
60,300,1,CONTEXT_PLUS_SHOCK,CONTINUATION,ELASTIC_NET_REGRESSION,F35,0.0
60,300,1,CONTEXT_PLUS_SHOCK,CONTINUATION,ELASTIC_NET_REGRESSION,F36,-0.18536735852095446
60,300,1,CONTEXT_PLUS_SHOCK,CONTINUATION,ELASTIC_NET_LOGISTIC,F01,0.0
60,300,1,CONTEXT_PLUS_SHOCK,CONTINUATION,ELASTIC_NET_LOGISTIC,F02,0.0
60,300,1,CONTEXT_PLUS_SHOCK,CONTINUATION,ELASTIC_NET_LOGISTIC,F03,0.0
60,300,1,CONTEXT_PLUS_SHOCK,CONTINUATION,ELASTIC_NET_LOGISTIC,F04,0.0
60,300,1,CONTEXT_PLUS_SHOCK,CONTINUATION,ELASTIC_NET_LOGISTIC,F05,0.0
60,300,1,CONTEXT_PLUS_SHOCK,CONTINUATION,ELASTIC_NET_LOGISTIC,F06,0.0
60,300,1,CONTEXT_PLUS_SHOCK,CONTINUATION,ELASTIC_NET_LOGISTIC,F07,0.0
60,300,1,CONTEXT_PLUS_SHOCK,CONTINUATION,ELASTIC_NET_LOGISTIC,F08,0.0
60,300,1,CONTEXT_PLUS_SHOCK,CONTINUATION,ELASTIC_NET_LOGISTIC,F09,0.06406757562223661
60,300,1,CONTEXT_PLUS_SHOCK,CONTINUATION,ELASTIC_NET_LOGISTIC,F10,0.0
60,300,1,CONTEXT_PLUS_SHOCK,CONTINUATION,ELASTIC_NET_LOGISTIC,F11,0.0
60,300,1,CONTEXT_PLUS_SHOCK,CONTINUATION,ELASTIC_NET_LOGISTIC,F12,0.0
60,300,1,CONTEXT_PLUS_SHOCK,CONTINUATION,ELASTIC_NET_LOGISTIC,F13,0.0
60,300,1,CONTEXT_PLUS_SHOCK,CONTINUATION,ELASTIC_NET_LOGISTIC,F14,0.0
60,300,1,CONTEXT_PLUS_SHOCK,CONTINUATION,ELASTIC_NET_LOGISTIC,F15,0.0
60,300,1,CONTEXT_PLUS_SHOCK,CONTINUATION,ELASTIC_NET_LOGISTIC,F16,0.004712585118931158
60,300,1,CONTEXT_PLUS_SHOCK,CONTINUATION,ELASTIC_NET_LOGISTIC,F17,0.0
60,300,1,CONTEXT_PLUS_SHOCK,CONTINUATION,ELASTIC_NET_LOGISTIC,F18,0.0699038467943778
60,300,1,CONTEXT_PLUS_SHOCK,CONTINUATION,ELASTIC_NET_LOGISTIC,F19,0.0
60,300,1,CONTEXT_PLUS_SHOCK,CONTINUATION,ELASTIC_NET_LOGISTIC,F20,0.0
60,300,1,CONTEXT_PLUS_SHOCK,CONTINUATION,ELASTIC_NET_LOGISTIC,F21,0.017358131711494515
60,300,1,CONTEXT_PLUS_SHOCK,CONTINUATION,ELASTIC_NET_LOGISTIC,F22,0.0
60,300,1,CONTEXT_PLUS_SHOCK,CONTINUATION,ELASTIC_NET_LOGISTIC,F23,0.0
60,300,1,CONTEXT_PLUS_SHOCK,CONTINUATION,ELASTIC_NET_LOGISTIC,F24,0.0
60,300,1,CONTEXT_PLUS_SHOCK,CONTINUATION,ELASTIC_NET_LOGISTIC,F25,0.0
60,300,1,CONTEXT_PLUS_SHOCK,CONTINUATION,ELASTIC_NET_LOGISTIC,F26,-0.008980076599928383
60,300,1,CONTEXT_PLUS_SHOCK,CONTINUATION,ELASTIC_NET_LOGISTIC,F27,-0.3256246633416626
60,300,1,CONTEXT_PLUS_SHOCK,CONTINUATION,ELASTIC_NET_LOGISTIC,F28,0.050838733857838714
60,300,1,CONTEXT_PLUS_SHOCK,CONTINUATION,ELASTIC_NET_LOGISTIC,F29,0.0
60,300,1,CONTEXT_PLUS_SHOCK,CONTINUATION,ELASTIC_NET_LOGISTIC,F30,0.0
60,300,1,CONTEXT_PLUS_SHOCK,CONTINUATION,ELASTIC_NET_LOGISTIC,F31,0.0
60,300,1,CONTEXT_PLUS_SHOCK,CONTINUATION,ELASTIC_NET_LOGISTIC,F32,0.0
60,300,1,CONTEXT_PLUS_SHOCK,CONTINUATION,ELASTIC_NET_LOGISTIC,F33,0.0
60,300,1,CONTEXT_PLUS_SHOCK,CONTINUATION,ELASTIC_NET_LOGISTIC,F34,0.0
60,300,1,CONTEXT_PLUS_SHOCK,CONTINUATION,ELASTIC_NET_LOGISTIC,F35,0.0
60,300,1,CONTEXT_PLUS_SHOCK,CONTINUATION,ELASTIC_NET_LOGISTIC,F36,0.0
60,300,1,CONTEXT_PLUS_SHOCK,REVERSAL,ELASTIC_NET_REGRESSION,F01,-0.0
60,300,1,CONTEXT_PLUS_SHOCK,REVERSAL,ELASTIC_NET_REGRESSION,F02,-0.0
60,300,1,CONTEXT_PLUS_SHOCK,REVERSAL,ELASTIC_NET_REGRESSION,F03,0.0
60,300,1,CONTEXT_PLUS_SHOCK,REVERSAL,ELASTIC_NET_REGRESSION,F04,0.0
60,300,1,CONTEXT_PLUS_SHOCK,REVERSAL,ELASTIC_NET_REGRESSION,F05,-0.15507133824860772
60,300,1,CONTEXT_PLUS_SHOCK,REVERSAL,ELASTIC_NET_REGRESSION,F06,-0.0
60,300,1,CONTEXT_PLUS_SHOCK,REVERSAL,ELASTIC_NET_REGRESSION,F07,-0.0
60,300,1,CONTEXT_PLUS_SHOCK,REVERSAL,ELASTIC_NET_REGRESSION,F08,-0.11658588904016887
60,300,1,CONTEXT_PLUS_SHOCK,REVERSAL,ELASTIC_NET_REGRESSION,F09,-0.0
60,300,1,CONTEXT_PLUS_SHOCK,REVERSAL,ELASTIC_NET_REGRESSION,F10,-0.10757470793199359
60,300,1,CONTEXT_PLUS_SHOCK,REVERSAL,ELASTIC_NET_REGRESSION,F11,-0.13353954695776415
60,300,1,CONTEXT_PLUS_SHOCK,REVERSAL,ELASTIC_NET_REGRESSION,F12,0.0
60,300,1,CONTEXT_PLUS_SHOCK,REVERSAL,ELASTIC_NET_REGRESSION,F13,0.18331348542182185
60,300,1,CONTEXT_PLUS_SHOCK,REVERSAL,ELASTIC_NET_REGRESSION,F14,0.039570761285843956
60,300,1,CONTEXT_PLUS_SHOCK,REVERSAL,ELASTIC_NET_REGRESSION,F15,-0.0
60,300,1,CONTEXT_PLUS_SHOCK,REVERSAL,ELASTIC_NET_REGRESSION,F16,-0.0
60,300,1,CONTEXT_PLUS_SHOCK,REVERSAL,ELASTIC_NET_REGRESSION,F17,-0.0
60,300,1,CONTEXT_PLUS_SHOCK,REVERSAL,ELASTIC_NET_REGRESSION,F18,-0.08037411014632227
60,300,1,CONTEXT_PLUS_SHOCK,REVERSAL,ELASTIC_NET_REGRESSION,F19,-0.0
60,300,1,CONTEXT_PLUS_SHOCK,REVERSAL,ELASTIC_NET_REGRESSION,F20,-0.0
60,300,1,CONTEXT_PLUS_SHOCK,REVERSAL,ELASTIC_NET_REGRESSION,F21,-0.29450276958159194
60,300,1,CONTEXT_PLUS_SHOCK,REVERSAL,ELASTIC_NET_REGRESSION,F22,-0.0
60,300,1,CONTEXT_PLUS_SHOCK,REVERSAL,ELASTIC_NET_REGRESSION,F23,0.0
60,300,1,CONTEXT_PLUS_SHOCK,REVERSAL,ELASTIC_NET_REGRESSION,F24,-0.0
60,300,1,CONTEXT_PLUS_SHOCK,REVERSAL,ELASTIC_NET_REGRESSION,F25,0.0
60,300,1,CONTEXT_PLUS_SHOCK,REVERSAL,ELASTIC_NET_REGRESSION,F26,-0.0
60,300,1,CONTEXT_PLUS_SHOCK,REVERSAL,ELASTIC_NET_REGRESSION,F27,-0.0
60,300,1,CONTEXT_PLUS_SHOCK,REVERSAL,ELASTIC_NET_REGRESSION,F28,-0.0
60,300,1,CONTEXT_PLUS_SHOCK,REVERSAL,ELASTIC_NET_REGRESSION,F29,-0.2229785958064118
60,300,1,CONTEXT_PLUS_SHOCK,REVERSAL,ELASTIC_NET_REGRESSION,F30,0.0372710668978079
60,300,1,CONTEXT_PLUS_SHOCK,REVERSAL,ELASTIC_NET_REGRESSION,F31,0.0013253873304157257
60,300,1,CONTEXT_PLUS_SHOCK,REVERSAL,ELASTIC_NET_REGRESSION,F32,0.0
60,300,1,CONTEXT_PLUS_SHOCK,REVERSAL,ELASTIC_NET_REGRESSION,F33,0.3591971664278836
60,300,1,CONTEXT_PLUS_SHOCK,REVERSAL,ELASTIC_NET_REGRESSION,F34,-0.0
60,300,1,CONTEXT_PLUS_SHOCK,REVERSAL,ELASTIC_NET_REGRESSION,F35,-0.0
60,300,1,CONTEXT_PLUS_SHOCK,REVERSAL,ELASTIC_NET_REGRESSION,F36,0.1885686828340317
60,300,1,CONTEXT_PLUS_SHOCK,REVERSAL,ELASTIC_NET_LOGISTIC,F01,0.0
60,300,1,CONTEXT_PLUS_SHOCK,REVERSAL,ELASTIC_NET_LOGISTIC,F02,0.0
60,300,1,CONTEXT_PLUS_SHOCK,REVERSAL,ELASTIC_NET_LOGISTIC,F03,0.0
60,300,1,CONTEXT_PLUS_SHOCK,REVERSAL,ELASTIC_NET_LOGISTIC,F04,0.0
60,300,1,CONTEXT_PLUS_SHOCK,REVERSAL,ELASTIC_NET_LOGISTIC,F05,-0.09615030987342031
60,300,1,CONTEXT_PLUS_SHOCK,REVERSAL,ELASTIC_NET_LOGISTIC,F06,0.0
60,300,1,CONTEXT_PLUS_SHOCK,REVERSAL,ELASTIC_NET_LOGISTIC,F07,0.0
60,300,1,CONTEXT_PLUS_SHOCK,REVERSAL,ELASTIC_NET_LOGISTIC,F08,0.0
60,300,1,CONTEXT_PLUS_SHOCK,REVERSAL,ELASTIC_NET_LOGISTIC,F09,0.0
60,300,1,CONTEXT_PLUS_SHOCK,REVERSAL,ELASTIC_NET_LOGISTIC,F10,0.0
60,300,1,CONTEXT_PLUS_SHOCK,REVERSAL,ELASTIC_NET_LOGISTIC,F11,0.0
60,300,1,CONTEXT_PLUS_SHOCK,REVERSAL,ELASTIC_NET_LOGISTIC,F12,0.0
60,300,1,CONTEXT_PLUS_SHOCK,REVERSAL,ELASTIC_NET_LOGISTIC,F13,0.0
60,300,1,CONTEXT_PLUS_SHOCK,REVERSAL,ELASTIC_NET_LOGISTIC,F14,0.0
60,300,1,CONTEXT_PLUS_SHOCK,REVERSAL,ELASTIC_NET_LOGISTIC,F15,0.0
60,300,1,CONTEXT_PLUS_SHOCK,REVERSAL,ELASTIC_NET_LOGISTIC,F16,0.0
60,300,1,CONTEXT_PLUS_SHOCK,REVERSAL,ELASTIC_NET_LOGISTIC,F17,0.0
60,300,1,CONTEXT_PLUS_SHOCK,REVERSAL,ELASTIC_NET_LOGISTIC,F18,0.0
60,300,1,CONTEXT_PLUS_SHOCK,REVERSAL,ELASTIC_NET_LOGISTIC,F19,0.0
60,300,1,CONTEXT_PLUS_SHOCK,REVERSAL,ELASTIC_NET_LOGISTIC,F20,0.0
60,300,1,CONTEXT_PLUS_SHOCK,REVERSAL,ELASTIC_NET_LOGISTIC,F21,0.0
60,300,1,CONTEXT_PLUS_SHOCK,REVERSAL,ELASTIC_NET_LOGISTIC,F22,0.0
60,300,1,CONTEXT_PLUS_SHOCK,REVERSAL,ELASTIC_NET_LOGISTIC,F23,0.12200720914114434
60,300,1,CONTEXT_PLUS_SHOCK,REVERSAL,ELASTIC_NET_LOGISTIC,F24,0.0
60,300,1,CONTEXT_PLUS_SHOCK,REVERSAL,ELASTIC_NET_LOGISTIC,F25,0.0
60,300,1,CONTEXT_PLUS_SHOCK,REVERSAL,ELASTIC_NET_LOGISTIC,F26,-0.025967902052924936
60,300,1,CONTEXT_PLUS_SHOCK,REVERSAL,ELASTIC_NET_LOGISTIC,F27,0.0
60,300,1,CONTEXT_PLUS_SHOCK,REVERSAL,ELASTIC_NET_LOGISTIC,F28,0.0
60,300,1,CONTEXT_PLUS_SHOCK,REVERSAL,ELASTIC_NET_LOGISTIC,F29,0.0
60,300,1,CONTEXT_PLUS_SHOCK,REVERSAL,ELASTIC_NET_LOGISTIC,F30,0.0
60,300,1,CONTEXT_PLUS_SHOCK,REVERSAL,ELASTIC_NET_LOGISTIC,F31,0.0
60,300,1,CONTEXT_PLUS_SHOCK,REVERSAL,ELASTIC_NET_LOGISTIC,F32,0.0
60,300,1,CONTEXT_PLUS_SHOCK,REVERSAL,ELASTIC_NET_LOGISTIC,F33,0.0
60,300,1,CONTEXT_PLUS_SHOCK,REVERSAL,ELASTIC_NET_LOGISTIC,F34,0.0
60,300,1,CONTEXT_PLUS_SHOCK,REVERSAL,ELASTIC_NET_LOGISTIC,F35,0.0
60,300,1,CONTEXT_PLUS_SHOCK,REVERSAL,ELASTIC_NET_LOGISTIC,F36,0.0
60,300,2,CONTEXT_ONLY,CONTINUATION,ELASTIC_NET_REGRESSION,F01,0.008585227678421658
60,300,2,CONTEXT_ONLY,CONTINUATION,ELASTIC_NET_REGRESSION,F02,0.0
60,300,2,CONTEXT_ONLY,CONTINUATION,ELASTIC_NET_REGRESSION,F03,-0.0
60,300,2,CONTEXT_ONLY,CONTINUATION,ELASTIC_NET_REGRESSION,F04,-0.018321599963821673
60,300,2,CONTEXT_ONLY,CONTINUATION,ELASTIC_NET_REGRESSION,F05,0.0
60,300,2,CONTEXT_ONLY,CONTINUATION,ELASTIC_NET_REGRESSION,F06,0.0
60,300,2,CONTEXT_ONLY,CONTINUATION,ELASTIC_NET_REGRESSION,F07,0.07027046704775328
60,300,2,CONTEXT_ONLY,CONTINUATION,ELASTIC_NET_REGRESSION,F08,-0.035384205032204415
60,300,2,CONTEXT_ONLY,CONTINUATION,ELASTIC_NET_REGRESSION,F09,-0.04441668387036019
60,300,2,CONTEXT_ONLY,CONTINUATION,ELASTIC_NET_REGRESSION,F10,0.159652009849678
60,300,2,CONTEXT_ONLY,CONTINUATION,ELASTIC_NET_REGRESSION,F11,-0.0
60,300,2,CONTEXT_ONLY,CONTINUATION,ELASTIC_NET_REGRESSION,F12,-0.0
60,300,2,CONTEXT_ONLY,CONTINUATION,ELASTIC_NET_REGRESSION,F13,-0.47639552157999326
60,300,2,CONTEXT_ONLY,CONTINUATION,ELASTIC_NET_REGRESSION,F14,-0.0
60,300,2,CONTEXT_ONLY,CONTINUATION,ELASTIC_NET_REGRESSION,F15,0.0
60,300,2,CONTEXT_ONLY,CONTINUATION,ELASTIC_NET_REGRESSION,F16,0.04194684260077945
60,300,2,CONTEXT_ONLY,CONTINUATION,ELASTIC_NET_REGRESSION,F17,0.0
60,300,2,CONTEXT_ONLY,CONTINUATION,ELASTIC_NET_REGRESSION,F18,0.12727536413873716
60,300,2,CONTEXT_ONLY,CONTINUATION,ELASTIC_NET_REGRESSION,F19,0.5162818146975597
60,300,2,CONTEXT_ONLY,CONTINUATION,ELASTIC_NET_REGRESSION,F20,0.0
60,300,2,CONTEXT_ONLY,CONTINUATION,ELASTIC_NET_REGRESSION,F21,0.06154517815756151
60,300,2,CONTEXT_ONLY,CONTINUATION,ELASTIC_NET_REGRESSION,F22,0.0
60,300,2,CONTEXT_ONLY,CONTINUATION,ELASTIC_NET_REGRESSION,F23,-0.19661884159070472
60,300,2,CONTEXT_ONLY,CONTINUATION,ELASTIC_NET_REGRESSION,F24,0.0
60,300,2,CONTEXT_ONLY,CONTINUATION,ELASTIC_NET_REGRESSION,F25,-0.0
60,300,2,CONTEXT_ONLY,CONTINUATION,ELASTIC_NET_REGRESSION,F26,0.0
60,300,2,CONTEXT_ONLY,CONTINUATION,ELASTIC_NET_REGRESSION,F27,-0.0
60,300,2,CONTEXT_ONLY,CONTINUATION,ELASTIC_NET_REGRESSION,F28,0.016495117049592438
60,300,2,CONTEXT_ONLY,CONTINUATION,ELASTIC_NET_REGRESSION,F29,0.0660929049169747
60,300,2,CONTEXT_ONLY,CONTINUATION,ELASTIC_NET_REGRESSION,F36,-0.05170764146812689
60,300,2,CONTEXT_ONLY,CONTINUATION,ELASTIC_NET_LOGISTIC,F01,0.0
60,300,2,CONTEXT_ONLY,CONTINUATION,ELASTIC_NET_LOGISTIC,F02,0.0
60,300,2,CONTEXT_ONLY,CONTINUATION,ELASTIC_NET_LOGISTIC,F03,0.0
60,300,2,CONTEXT_ONLY,CONTINUATION,ELASTIC_NET_LOGISTIC,F04,-0.06572641380654447
60,300,2,CONTEXT_ONLY,CONTINUATION,ELASTIC_NET_LOGISTIC,F05,0.0
60,300,2,CONTEXT_ONLY,CONTINUATION,ELASTIC_NET_LOGISTIC,F06,0.0
60,300,2,CONTEXT_ONLY,CONTINUATION,ELASTIC_NET_LOGISTIC,F07,0.033503456441931354
60,300,2,CONTEXT_ONLY,CONTINUATION,ELASTIC_NET_LOGISTIC,F08,-0.12018832578334675
60,300,2,CONTEXT_ONLY,CONTINUATION,ELASTIC_NET_LOGISTIC,F09,0.03466729163719915
60,300,2,CONTEXT_ONLY,CONTINUATION,ELASTIC_NET_LOGISTIC,F10,0.0
60,300,2,CONTEXT_ONLY,CONTINUATION,ELASTIC_NET_LOGISTIC,F11,0.0
60,300,2,CONTEXT_ONLY,CONTINUATION,ELASTIC_NET_LOGISTIC,F12,0.0
60,300,2,CONTEXT_ONLY,CONTINUATION,ELASTIC_NET_LOGISTIC,F13,-0.10447878768771943
60,300,2,CONTEXT_ONLY,CONTINUATION,ELASTIC_NET_LOGISTIC,F14,0.0
60,300,2,CONTEXT_ONLY,CONTINUATION,ELASTIC_NET_LOGISTIC,F15,0.0
60,300,2,CONTEXT_ONLY,CONTINUATION,ELASTIC_NET_LOGISTIC,F16,0.0
60,300,2,CONTEXT_ONLY,CONTINUATION,ELASTIC_NET_LOGISTIC,F17,0.0
60,300,2,CONTEXT_ONLY,CONTINUATION,ELASTIC_NET_LOGISTIC,F18,0.11288555474308652
60,300,2,CONTEXT_ONLY,CONTINUATION,ELASTIC_NET_LOGISTIC,F19,0.07217876244455498
60,300,2,CONTEXT_ONLY,CONTINUATION,ELASTIC_NET_LOGISTIC,F20,0.09135947276632032
60,300,2,CONTEXT_ONLY,CONTINUATION,ELASTIC_NET_LOGISTIC,F21,0.0
60,300,2,CONTEXT_ONLY,CONTINUATION,ELASTIC_NET_LOGISTIC,F22,0.0
60,300,2,CONTEXT_ONLY,CONTINUATION,ELASTIC_NET_LOGISTIC,F23,0.0
60,300,2,CONTEXT_ONLY,CONTINUATION,ELASTIC_NET_LOGISTIC,F24,0.0
60,300,2,CONTEXT_ONLY,CONTINUATION,ELASTIC_NET_LOGISTIC,F25,0.0
60,300,2,CONTEXT_ONLY,CONTINUATION,ELASTIC_NET_LOGISTIC,F26,-0.04850219509825397
60,300,2,CONTEXT_ONLY,CONTINUATION,ELASTIC_NET_LOGISTIC,F27,-0.31159775872491585
60,300,2,CONTEXT_ONLY,CONTINUATION,ELASTIC_NET_LOGISTIC,F28,0.11657830145810948
60,300,2,CONTEXT_ONLY,CONTINUATION,ELASTIC_NET_LOGISTIC,F29,0.008260454830416476
60,300,2,CONTEXT_ONLY,CONTINUATION,ELASTIC_NET_LOGISTIC,F36,0.0
60,300,2,CONTEXT_ONLY,REVERSAL,ELASTIC_NET_REGRESSION,F01,-0.010237151967644843
60,300,2,CONTEXT_ONLY,REVERSAL,ELASTIC_NET_REGRESSION,F02,-0.0
60,300,2,CONTEXT_ONLY,REVERSAL,ELASTIC_NET_REGRESSION,F03,0.0
60,300,2,CONTEXT_ONLY,REVERSAL,ELASTIC_NET_REGRESSION,F04,0.017862722777144437
60,300,2,CONTEXT_ONLY,REVERSAL,ELASTIC_NET_REGRESSION,F05,-0.0
60,300,2,CONTEXT_ONLY,REVERSAL,ELASTIC_NET_REGRESSION,F06,-0.0
60,300,2,CONTEXT_ONLY,REVERSAL,ELASTIC_NET_REGRESSION,F07,-0.0767842651198606
60,300,2,CONTEXT_ONLY,REVERSAL,ELASTIC_NET_REGRESSION,F08,0.029398013630505718
60,300,2,CONTEXT_ONLY,REVERSAL,ELASTIC_NET_REGRESSION,F09,0.04530290218355566
60,300,2,CONTEXT_ONLY,REVERSAL,ELASTIC_NET_REGRESSION,F10,-0.15968464294924872
60,300,2,CONTEXT_ONLY,REVERSAL,ELASTIC_NET_REGRESSION,F11,0.0
60,300,2,CONTEXT_ONLY,REVERSAL,ELASTIC_NET_REGRESSION,F12,0.0
60,300,2,CONTEXT_ONLY,REVERSAL,ELASTIC_NET_REGRESSION,F13,0.48083311357878106
60,300,2,CONTEXT_ONLY,REVERSAL,ELASTIC_NET_REGRESSION,F14,0.0
60,300,2,CONTEXT_ONLY,REVERSAL,ELASTIC_NET_REGRESSION,F15,-0.0
60,300,2,CONTEXT_ONLY,REVERSAL,ELASTIC_NET_REGRESSION,F16,-0.04157645578192035
60,300,2,CONTEXT_ONLY,REVERSAL,ELASTIC_NET_REGRESSION,F17,-0.0
60,300,2,CONTEXT_ONLY,REVERSAL,ELASTIC_NET_REGRESSION,F18,-0.11881705942159164
60,300,2,CONTEXT_ONLY,REVERSAL,ELASTIC_NET_REGRESSION,F19,-0.5158687307724973
60,300,2,CONTEXT_ONLY,REVERSAL,ELASTIC_NET_REGRESSION,F20,-0.0
60,300,2,CONTEXT_ONLY,REVERSAL,ELASTIC_NET_REGRESSION,F21,-0.0562441159141161
60,300,2,CONTEXT_ONLY,REVERSAL,ELASTIC_NET_REGRESSION,F22,-0.0
60,300,2,CONTEXT_ONLY,REVERSAL,ELASTIC_NET_REGRESSION,F23,0.20079143424503954
60,300,2,CONTEXT_ONLY,REVERSAL,ELASTIC_NET_REGRESSION,F24,-0.0
60,300,2,CONTEXT_ONLY,REVERSAL,ELASTIC_NET_REGRESSION,F25,0.0
60,300,2,CONTEXT_ONLY,REVERSAL,ELASTIC_NET_REGRESSION,F26,-0.0
60,300,2,CONTEXT_ONLY,REVERSAL,ELASTIC_NET_REGRESSION,F27,0.0
60,300,2,CONTEXT_ONLY,REVERSAL,ELASTIC_NET_REGRESSION,F28,-0.020016357358644984
60,300,2,CONTEXT_ONLY,REVERSAL,ELASTIC_NET_REGRESSION,F29,-0.07564936538125355
60,300,2,CONTEXT_ONLY,REVERSAL,ELASTIC_NET_REGRESSION,F36,0.0555830084316501
60,300,2,CONTEXT_ONLY,REVERSAL,ELASTIC_NET_LOGISTIC,F01,0.0
60,300,2,CONTEXT_ONLY,REVERSAL,ELASTIC_NET_LOGISTIC,F02,0.0
60,300,2,CONTEXT_ONLY,REVERSAL,ELASTIC_NET_LOGISTIC,F03,0.0
60,300,2,CONTEXT_ONLY,REVERSAL,ELASTIC_NET_LOGISTIC,F04,0.0
60,300,2,CONTEXT_ONLY,REVERSAL,ELASTIC_NET_LOGISTIC,F05,-0.0016798426849725346
60,300,2,CONTEXT_ONLY,REVERSAL,ELASTIC_NET_LOGISTIC,F06,0.0
60,300,2,CONTEXT_ONLY,REVERSAL,ELASTIC_NET_LOGISTIC,F07,0.0
60,300,2,CONTEXT_ONLY,REVERSAL,ELASTIC_NET_LOGISTIC,F08,0.0
60,300,2,CONTEXT_ONLY,REVERSAL,ELASTIC_NET_LOGISTIC,F09,0.0
60,300,2,CONTEXT_ONLY,REVERSAL,ELASTIC_NET_LOGISTIC,F10,0.0
60,300,2,CONTEXT_ONLY,REVERSAL,ELASTIC_NET_LOGISTIC,F11,0.0
60,300,2,CONTEXT_ONLY,REVERSAL,ELASTIC_NET_LOGISTIC,F12,0.0
60,300,2,CONTEXT_ONLY,REVERSAL,ELASTIC_NET_LOGISTIC,F13,0.047721288998032324
60,300,2,CONTEXT_ONLY,REVERSAL,ELASTIC_NET_LOGISTIC,F14,0.0
60,300,2,CONTEXT_ONLY,REVERSAL,ELASTIC_NET_LOGISTIC,F15,0.0
60,300,2,CONTEXT_ONLY,REVERSAL,ELASTIC_NET_LOGISTIC,F16,0.0
60,300,2,CONTEXT_ONLY,REVERSAL,ELASTIC_NET_LOGISTIC,F17,0.0
60,300,2,CONTEXT_ONLY,REVERSAL,ELASTIC_NET_LOGISTIC,F18,0.0
60,300,2,CONTEXT_ONLY,REVERSAL,ELASTIC_NET_LOGISTIC,F19,0.0
60,300,2,CONTEXT_ONLY,REVERSAL,ELASTIC_NET_LOGISTIC,F20,0.0
60,300,2,CONTEXT_ONLY,REVERSAL,ELASTIC_NET_LOGISTIC,F21,0.0
60,300,2,CONTEXT_ONLY,REVERSAL,ELASTIC_NET_LOGISTIC,F22,0.0
60,300,2,CONTEXT_ONLY,REVERSAL,ELASTIC_NET_LOGISTIC,F23,0.12504621536360092
60,300,2,CONTEXT_ONLY,REVERSAL,ELASTIC_NET_LOGISTIC,F24,0.0
60,300,2,CONTEXT_ONLY,REVERSAL,ELASTIC_NET_LOGISTIC,F25,0.057818754152342854
60,300,2,CONTEXT_ONLY,REVERSAL,ELASTIC_NET_LOGISTIC,F26,-0.13790329312054725
60,300,2,CONTEXT_ONLY,REVERSAL,ELASTIC_NET_LOGISTIC,F27,0.0
60,300,2,CONTEXT_ONLY,REVERSAL,ELASTIC_NET_LOGISTIC,F28,0.0
60,300,2,CONTEXT_ONLY,REVERSAL,ELASTIC_NET_LOGISTIC,F29,0.0
60,300,2,CONTEXT_ONLY,REVERSAL,ELASTIC_NET_LOGISTIC,F36,0.0
60,300,2,CONTEXT_PLUS_SHOCK,CONTINUATION,ELASTIC_NET_REGRESSION,F01,0.018278126143301827
60,300,2,CONTEXT_PLUS_SHOCK,CONTINUATION,ELASTIC_NET_REGRESSION,F02,0.0
60,300,2,CONTEXT_PLUS_SHOCK,CONTINUATION,ELASTIC_NET_REGRESSION,F03,-0.0
60,300,2,CONTEXT_PLUS_SHOCK,CONTINUATION,ELASTIC_NET_REGRESSION,F04,-0.023326503368857544
60,300,2,CONTEXT_PLUS_SHOCK,CONTINUATION,ELASTIC_NET_REGRESSION,F05,0.0
60,300,2,CONTEXT_PLUS_SHOCK,CONTINUATION,ELASTIC_NET_REGRESSION,F06,0.0
60,300,2,CONTEXT_PLUS_SHOCK,CONTINUATION,ELASTIC_NET_REGRESSION,F07,0.07054104323275963
60,300,2,CONTEXT_PLUS_SHOCK,CONTINUATION,ELASTIC_NET_REGRESSION,F08,-0.03303397555145538
60,300,2,CONTEXT_PLUS_SHOCK,CONTINUATION,ELASTIC_NET_REGRESSION,F09,-0.038892103963962525
60,300,2,CONTEXT_PLUS_SHOCK,CONTINUATION,ELASTIC_NET_REGRESSION,F10,0.15520127127737915
60,300,2,CONTEXT_PLUS_SHOCK,CONTINUATION,ELASTIC_NET_REGRESSION,F11,-0.0
60,300,2,CONTEXT_PLUS_SHOCK,CONTINUATION,ELASTIC_NET_REGRESSION,F12,-0.0
60,300,2,CONTEXT_PLUS_SHOCK,CONTINUATION,ELASTIC_NET_REGRESSION,F13,-0.4730598732751349
60,300,2,CONTEXT_PLUS_SHOCK,CONTINUATION,ELASTIC_NET_REGRESSION,F14,-0.0
60,300,2,CONTEXT_PLUS_SHOCK,CONTINUATION,ELASTIC_NET_REGRESSION,F15,0.0
60,300,2,CONTEXT_PLUS_SHOCK,CONTINUATION,ELASTIC_NET_REGRESSION,F16,0.0570299988800788
60,300,2,CONTEXT_PLUS_SHOCK,CONTINUATION,ELASTIC_NET_REGRESSION,F17,0.0
60,300,2,CONTEXT_PLUS_SHOCK,CONTINUATION,ELASTIC_NET_REGRESSION,F18,0.1151800902508239
60,300,2,CONTEXT_PLUS_SHOCK,CONTINUATION,ELASTIC_NET_REGRESSION,F19,0.5357367133823882
60,300,2,CONTEXT_PLUS_SHOCK,CONTINUATION,ELASTIC_NET_REGRESSION,F20,0.0
60,300,2,CONTEXT_PLUS_SHOCK,CONTINUATION,ELASTIC_NET_REGRESSION,F21,0.05415453925529633
60,300,2,CONTEXT_PLUS_SHOCK,CONTINUATION,ELASTIC_NET_REGRESSION,F22,0.0
60,300,2,CONTEXT_PLUS_SHOCK,CONTINUATION,ELASTIC_NET_REGRESSION,F23,-0.18218353245000068
60,300,2,CONTEXT_PLUS_SHOCK,CONTINUATION,ELASTIC_NET_REGRESSION,F24,0.0
60,300,2,CONTEXT_PLUS_SHOCK,CONTINUATION,ELASTIC_NET_REGRESSION,F25,-0.0
60,300,2,CONTEXT_PLUS_SHOCK,CONTINUATION,ELASTIC_NET_REGRESSION,F26,0.0
60,300,2,CONTEXT_PLUS_SHOCK,CONTINUATION,ELASTIC_NET_REGRESSION,F27,-0.0
60,300,2,CONTEXT_PLUS_SHOCK,CONTINUATION,ELASTIC_NET_REGRESSION,F28,0.025018016380135483
60,300,2,CONTEXT_PLUS_SHOCK,CONTINUATION,ELASTIC_NET_REGRESSION,F29,0.0627512108198403
60,300,2,CONTEXT_PLUS_SHOCK,CONTINUATION,ELASTIC_NET_REGRESSION,F30,-0.0
60,300,2,CONTEXT_PLUS_SHOCK,CONTINUATION,ELASTIC_NET_REGRESSION,F31,-0.011346953131362922
60,300,2,CONTEXT_PLUS_SHOCK,CONTINUATION,ELASTIC_NET_REGRESSION,F32,0.0
60,300,2,CONTEXT_PLUS_SHOCK,CONTINUATION,ELASTIC_NET_REGRESSION,F33,-0.04367438045246414
60,300,2,CONTEXT_PLUS_SHOCK,CONTINUATION,ELASTIC_NET_REGRESSION,F34,-0.03748501601189812
60,300,2,CONTEXT_PLUS_SHOCK,CONTINUATION,ELASTIC_NET_REGRESSION,F35,0.0
60,300,2,CONTEXT_PLUS_SHOCK,CONTINUATION,ELASTIC_NET_REGRESSION,F36,-0.04946209903887115
60,300,2,CONTEXT_PLUS_SHOCK,CONTINUATION,ELASTIC_NET_LOGISTIC,F01,0.0
60,300,2,CONTEXT_PLUS_SHOCK,CONTINUATION,ELASTIC_NET_LOGISTIC,F02,0.0
60,300,2,CONTEXT_PLUS_SHOCK,CONTINUATION,ELASTIC_NET_LOGISTIC,F03,0.0
60,300,2,CONTEXT_PLUS_SHOCK,CONTINUATION,ELASTIC_NET_LOGISTIC,F04,-0.06715818219350926
60,300,2,CONTEXT_PLUS_SHOCK,CONTINUATION,ELASTIC_NET_LOGISTIC,F05,0.0
60,300,2,CONTEXT_PLUS_SHOCK,CONTINUATION,ELASTIC_NET_LOGISTIC,F06,0.0
60,300,2,CONTEXT_PLUS_SHOCK,CONTINUATION,ELASTIC_NET_LOGISTIC,F07,0.03468879157019585
60,300,2,CONTEXT_PLUS_SHOCK,CONTINUATION,ELASTIC_NET_LOGISTIC,F08,-0.11935796489951751
60,300,2,CONTEXT_PLUS_SHOCK,CONTINUATION,ELASTIC_NET_LOGISTIC,F09,0.037396650950409956
60,300,2,CONTEXT_PLUS_SHOCK,CONTINUATION,ELASTIC_NET_LOGISTIC,F10,0.0
60,300,2,CONTEXT_PLUS_SHOCK,CONTINUATION,ELASTIC_NET_LOGISTIC,F11,0.0
60,300,2,CONTEXT_PLUS_SHOCK,CONTINUATION,ELASTIC_NET_LOGISTIC,F12,0.0
60,300,2,CONTEXT_PLUS_SHOCK,CONTINUATION,ELASTIC_NET_LOGISTIC,F13,-0.09902826466039413
60,300,2,CONTEXT_PLUS_SHOCK,CONTINUATION,ELASTIC_NET_LOGISTIC,F14,0.0
60,300,2,CONTEXT_PLUS_SHOCK,CONTINUATION,ELASTIC_NET_LOGISTIC,F15,0.0
60,300,2,CONTEXT_PLUS_SHOCK,CONTINUATION,ELASTIC_NET_LOGISTIC,F16,0.0
60,300,2,CONTEXT_PLUS_SHOCK,CONTINUATION,ELASTIC_NET_LOGISTIC,F17,0.0
60,300,2,CONTEXT_PLUS_SHOCK,CONTINUATION,ELASTIC_NET_LOGISTIC,F18,0.11614695841019933
60,300,2,CONTEXT_PLUS_SHOCK,CONTINUATION,ELASTIC_NET_LOGISTIC,F19,0.07494621751641821
60,300,2,CONTEXT_PLUS_SHOCK,CONTINUATION,ELASTIC_NET_LOGISTIC,F20,0.0908680018180727
60,300,2,CONTEXT_PLUS_SHOCK,CONTINUATION,ELASTIC_NET_LOGISTIC,F21,0.0
60,300,2,CONTEXT_PLUS_SHOCK,CONTINUATION,ELASTIC_NET_LOGISTIC,F22,0.0
60,300,2,CONTEXT_PLUS_SHOCK,CONTINUATION,ELASTIC_NET_LOGISTIC,F23,0.0
60,300,2,CONTEXT_PLUS_SHOCK,CONTINUATION,ELASTIC_NET_LOGISTIC,F24,0.0
60,300,2,CONTEXT_PLUS_SHOCK,CONTINUATION,ELASTIC_NET_LOGISTIC,F25,0.0
60,300,2,CONTEXT_PLUS_SHOCK,CONTINUATION,ELASTIC_NET_LOGISTIC,F26,-0.052244191652235164
60,300,2,CONTEXT_PLUS_SHOCK,CONTINUATION,ELASTIC_NET_LOGISTIC,F27,-0.31037188718786296
60,300,2,CONTEXT_PLUS_SHOCK,CONTINUATION,ELASTIC_NET_LOGISTIC,F28,0.11493995547801969
60,300,2,CONTEXT_PLUS_SHOCK,CONTINUATION,ELASTIC_NET_LOGISTIC,F29,0.007946378211617068
60,300,2,CONTEXT_PLUS_SHOCK,CONTINUATION,ELASTIC_NET_LOGISTIC,F30,-0.015216616123533191
60,300,2,CONTEXT_PLUS_SHOCK,CONTINUATION,ELASTIC_NET_LOGISTIC,F31,0.0
60,300,2,CONTEXT_PLUS_SHOCK,CONTINUATION,ELASTIC_NET_LOGISTIC,F32,0.0
60,300,2,CONTEXT_PLUS_SHOCK,CONTINUATION,ELASTIC_NET_LOGISTIC,F33,0.0
60,300,2,CONTEXT_PLUS_SHOCK,CONTINUATION,ELASTIC_NET_LOGISTIC,F34,-0.026956417074263436
60,300,2,CONTEXT_PLUS_SHOCK,CONTINUATION,ELASTIC_NET_LOGISTIC,F35,0.0
60,300,2,CONTEXT_PLUS_SHOCK,CONTINUATION,ELASTIC_NET_LOGISTIC,F36,0.0
60,300,2,CONTEXT_PLUS_SHOCK,REVERSAL,ELASTIC_NET_REGRESSION,F01,-0.022852259126542446
60,300,2,CONTEXT_PLUS_SHOCK,REVERSAL,ELASTIC_NET_REGRESSION,F02,-0.0
60,300,2,CONTEXT_PLUS_SHOCK,REVERSAL,ELASTIC_NET_REGRESSION,F03,0.0
60,300,2,CONTEXT_PLUS_SHOCK,REVERSAL,ELASTIC_NET_REGRESSION,F04,0.023319601115570975
60,300,2,CONTEXT_PLUS_SHOCK,REVERSAL,ELASTIC_NET_REGRESSION,F05,-0.0
60,300,2,CONTEXT_PLUS_SHOCK,REVERSAL,ELASTIC_NET_REGRESSION,F06,-0.0
60,300,2,CONTEXT_PLUS_SHOCK,REVERSAL,ELASTIC_NET_REGRESSION,F07,-0.07617886153194149
60,300,2,CONTEXT_PLUS_SHOCK,REVERSAL,ELASTIC_NET_REGRESSION,F08,0.027524981872093252
60,300,2,CONTEXT_PLUS_SHOCK,REVERSAL,ELASTIC_NET_REGRESSION,F09,0.04047060528857738
60,300,2,CONTEXT_PLUS_SHOCK,REVERSAL,ELASTIC_NET_REGRESSION,F10,-0.15352386890444064
60,300,2,CONTEXT_PLUS_SHOCK,REVERSAL,ELASTIC_NET_REGRESSION,F11,0.0
60,300,2,CONTEXT_PLUS_SHOCK,REVERSAL,ELASTIC_NET_REGRESSION,F12,0.0
60,300,2,CONTEXT_PLUS_SHOCK,REVERSAL,ELASTIC_NET_REGRESSION,F13,0.48061842123221954
60,300,2,CONTEXT_PLUS_SHOCK,REVERSAL,ELASTIC_NET_REGRESSION,F14,0.0
60,300,2,CONTEXT_PLUS_SHOCK,REVERSAL,ELASTIC_NET_REGRESSION,F15,-0.0
60,300,2,CONTEXT_PLUS_SHOCK,REVERSAL,ELASTIC_NET_REGRESSION,F16,-0.05940865120637898
60,300,2,CONTEXT_PLUS_SHOCK,REVERSAL,ELASTIC_NET_REGRESSION,F17,-0.0
60,300,2,CONTEXT_PLUS_SHOCK,REVERSAL,ELASTIC_NET_REGRESSION,F18,-0.10206686640982529
60,300,2,CONTEXT_PLUS_SHOCK,REVERSAL,ELASTIC_NET_REGRESSION,F19,-0.5452248768679653
60,300,2,CONTEXT_PLUS_SHOCK,REVERSAL,ELASTIC_NET_REGRESSION,F20,-0.0
60,300,2,CONTEXT_PLUS_SHOCK,REVERSAL,ELASTIC_NET_REGRESSION,F21,-0.0446276679266622
60,300,2,CONTEXT_PLUS_SHOCK,REVERSAL,ELASTIC_NET_REGRESSION,F22,-0.0
60,300,2,CONTEXT_PLUS_SHOCK,REVERSAL,ELASTIC_NET_REGRESSION,F23,0.18968303348646126
60,300,2,CONTEXT_PLUS_SHOCK,REVERSAL,ELASTIC_NET_REGRESSION,F24,-0.0
60,300,2,CONTEXT_PLUS_SHOCK,REVERSAL,ELASTIC_NET_REGRESSION,F25,0.0
60,300,2,CONTEXT_PLUS_SHOCK,REVERSAL,ELASTIC_NET_REGRESSION,F26,-0.0
60,300,2,CONTEXT_PLUS_SHOCK,REVERSAL,ELASTIC_NET_REGRESSION,F27,0.0
60,300,2,CONTEXT_PLUS_SHOCK,REVERSAL,ELASTIC_NET_REGRESSION,F28,-0.030607079090306244
60,300,2,CONTEXT_PLUS_SHOCK,REVERSAL,ELASTIC_NET_REGRESSION,F29,-0.0701405285156655
60,300,2,CONTEXT_PLUS_SHOCK,REVERSAL,ELASTIC_NET_REGRESSION,F30,0.0
60,300,2,CONTEXT_PLUS_SHOCK,REVERSAL,ELASTIC_NET_REGRESSION,F31,0.0
60,300,2,CONTEXT_PLUS_SHOCK,REVERSAL,ELASTIC_NET_REGRESSION,F32,0.0
60,300,2,CONTEXT_PLUS_SHOCK,REVERSAL,ELASTIC_NET_REGRESSION,F33,0.06751559427940475
60,300,2,CONTEXT_PLUS_SHOCK,REVERSAL,ELASTIC_NET_REGRESSION,F34,0.035284312568195364
60,300,2,CONTEXT_PLUS_SHOCK,REVERSAL,ELASTIC_NET_REGRESSION,F35,-0.0
60,300,2,CONTEXT_PLUS_SHOCK,REVERSAL,ELASTIC_NET_REGRESSION,F36,0.05311953939206831
60,300,2,CONTEXT_PLUS_SHOCK,REVERSAL,ELASTIC_NET_LOGISTIC,F01,0.0
60,300,2,CONTEXT_PLUS_SHOCK,REVERSAL,ELASTIC_NET_LOGISTIC,F02,0.0
60,300,2,CONTEXT_PLUS_SHOCK,REVERSAL,ELASTIC_NET_LOGISTIC,F03,0.0
60,300,2,CONTEXT_PLUS_SHOCK,REVERSAL,ELASTIC_NET_LOGISTIC,F04,0.0
60,300,2,CONTEXT_PLUS_SHOCK,REVERSAL,ELASTIC_NET_LOGISTIC,F05,-0.0018251321851880157
60,300,2,CONTEXT_PLUS_SHOCK,REVERSAL,ELASTIC_NET_LOGISTIC,F06,0.0
60,300,2,CONTEXT_PLUS_SHOCK,REVERSAL,ELASTIC_NET_LOGISTIC,F07,0.0
60,300,2,CONTEXT_PLUS_SHOCK,REVERSAL,ELASTIC_NET_LOGISTIC,F08,0.0
60,300,2,CONTEXT_PLUS_SHOCK,REVERSAL,ELASTIC_NET_LOGISTIC,F09,0.0
60,300,2,CONTEXT_PLUS_SHOCK,REVERSAL,ELASTIC_NET_LOGISTIC,F10,0.0
60,300,2,CONTEXT_PLUS_SHOCK,REVERSAL,ELASTIC_NET_LOGISTIC,F11,0.0
60,300,2,CONTEXT_PLUS_SHOCK,REVERSAL,ELASTIC_NET_LOGISTIC,F12,0.0
60,300,2,CONTEXT_PLUS_SHOCK,REVERSAL,ELASTIC_NET_LOGISTIC,F13,0.04789470137313477
60,300,2,CONTEXT_PLUS_SHOCK,REVERSAL,ELASTIC_NET_LOGISTIC,F14,0.0
60,300,2,CONTEXT_PLUS_SHOCK,REVERSAL,ELASTIC_NET_LOGISTIC,F15,0.0
60,300,2,CONTEXT_PLUS_SHOCK,REVERSAL,ELASTIC_NET_LOGISTIC,F16,0.0
60,300,2,CONTEXT_PLUS_SHOCK,REVERSAL,ELASTIC_NET_LOGISTIC,F17,0.0
60,300,2,CONTEXT_PLUS_SHOCK,REVERSAL,ELASTIC_NET_LOGISTIC,F18,0.0
60,300,2,CONTEXT_PLUS_SHOCK,REVERSAL,ELASTIC_NET_LOGISTIC,F19,0.0
60,300,2,CONTEXT_PLUS_SHOCK,REVERSAL,ELASTIC_NET_LOGISTIC,F20,0.0
60,300,2,CONTEXT_PLUS_SHOCK,REVERSAL,ELASTIC_NET_LOGISTIC,F21,0.0
60,300,2,CONTEXT_PLUS_SHOCK,REVERSAL,ELASTIC_NET_LOGISTIC,F22,0.0
60,300,2,CONTEXT_PLUS_SHOCK,REVERSAL,ELASTIC_NET_LOGISTIC,F23,0.12365906931780327
60,300,2,CONTEXT_PLUS_SHOCK,REVERSAL,ELASTIC_NET_LOGISTIC,F24,0.0
60,300,2,CONTEXT_PLUS_SHOCK,REVERSAL,ELASTIC_NET_LOGISTIC,F25,0.05792886245484776
60,300,2,CONTEXT_PLUS_SHOCK,REVERSAL,ELASTIC_NET_LOGISTIC,F26,-0.13762572518238364
60,300,2,CONTEXT_PLUS_SHOCK,REVERSAL,ELASTIC_NET_LOGISTIC,F27,0.0
60,300,2,CONTEXT_PLUS_SHOCK,REVERSAL,ELASTIC_NET_LOGISTIC,F28,0.0
60,300,2,CONTEXT_PLUS_SHOCK,REVERSAL,ELASTIC_NET_LOGISTIC,F29,0.0
60,300,2,CONTEXT_PLUS_SHOCK,REVERSAL,ELASTIC_NET_LOGISTIC,F30,0.0
60,300,2,CONTEXT_PLUS_SHOCK,REVERSAL,ELASTIC_NET_LOGISTIC,F31,0.0
60,300,2,CONTEXT_PLUS_SHOCK,REVERSAL,ELASTIC_NET_LOGISTIC,F32,0.0
60,300,2,CONTEXT_PLUS_SHOCK,REVERSAL,ELASTIC_NET_LOGISTIC,F33,0.0031145969187082842
60,300,2,CONTEXT_PLUS_SHOCK,REVERSAL,ELASTIC_NET_LOGISTIC,F34,0.0
60,300,2,CONTEXT_PLUS_SHOCK,REVERSAL,ELASTIC_NET_LOGISTIC,F35,0.0
60,300,2,CONTEXT_PLUS_SHOCK,REVERSAL,ELASTIC_NET_LOGISTIC,F36,0.0
60,300,3,CONTEXT_ONLY,CONTINUATION,ELASTIC_NET_REGRESSION,F01,0.0
60,300,3,CONTEXT_ONLY,CONTINUATION,ELASTIC_NET_REGRESSION,F02,0.0
60,300,3,CONTEXT_ONLY,CONTINUATION,ELASTIC_NET_REGRESSION,F03,-0.0
60,300,3,CONTEXT_ONLY,CONTINUATION,ELASTIC_NET_REGRESSION,F04,-0.0
60,300,3,CONTEXT_ONLY,CONTINUATION,ELASTIC_NET_REGRESSION,F05,0.0010916392076950822
60,300,3,CONTEXT_ONLY,CONTINUATION,ELASTIC_NET_REGRESSION,F06,0.02965129852569345
60,300,3,CONTEXT_ONLY,CONTINUATION,ELASTIC_NET_REGRESSION,F07,0.03654236725050944
60,300,3,CONTEXT_ONLY,CONTINUATION,ELASTIC_NET_REGRESSION,F08,-0.017113926665007877
60,300,3,CONTEXT_ONLY,CONTINUATION,ELASTIC_NET_REGRESSION,F09,-0.0
60,300,3,CONTEXT_ONLY,CONTINUATION,ELASTIC_NET_REGRESSION,F10,0.1463707761914547
60,300,3,CONTEXT_ONLY,CONTINUATION,ELASTIC_NET_REGRESSION,F11,-0.0
60,300,3,CONTEXT_ONLY,CONTINUATION,ELASTIC_NET_REGRESSION,F12,0.0
60,300,3,CONTEXT_ONLY,CONTINUATION,ELASTIC_NET_REGRESSION,F13,-0.3869396503815102
60,300,3,CONTEXT_ONLY,CONTINUATION,ELASTIC_NET_REGRESSION,F14,-0.04807262553919419
60,300,3,CONTEXT_ONLY,CONTINUATION,ELASTIC_NET_REGRESSION,F15,0.0
60,300,3,CONTEXT_ONLY,CONTINUATION,ELASTIC_NET_REGRESSION,F16,0.14026148579102185
60,300,3,CONTEXT_ONLY,CONTINUATION,ELASTIC_NET_REGRESSION,F17,0.0
60,300,3,CONTEXT_ONLY,CONTINUATION,ELASTIC_NET_REGRESSION,F18,0.026845448934142896
60,300,3,CONTEXT_ONLY,CONTINUATION,ELASTIC_NET_REGRESSION,F19,0.45509372305763945
60,300,3,CONTEXT_ONLY,CONTINUATION,ELASTIC_NET_REGRESSION,F20,0.0
60,300,3,CONTEXT_ONLY,CONTINUATION,ELASTIC_NET_REGRESSION,F21,0.0
60,300,3,CONTEXT_ONLY,CONTINUATION,ELASTIC_NET_REGRESSION,F22,0.0
60,300,3,CONTEXT_ONLY,CONTINUATION,ELASTIC_NET_REGRESSION,F23,-0.21824244187721864
60,300,3,CONTEXT_ONLY,CONTINUATION,ELASTIC_NET_REGRESSION,F24,0.0
60,300,3,CONTEXT_ONLY,CONTINUATION,ELASTIC_NET_REGRESSION,F25,-0.0
60,300,3,CONTEXT_ONLY,CONTINUATION,ELASTIC_NET_REGRESSION,F26,0.0
60,300,3,CONTEXT_ONLY,CONTINUATION,ELASTIC_NET_REGRESSION,F27,-0.0
60,300,3,CONTEXT_ONLY,CONTINUATION,ELASTIC_NET_REGRESSION,F28,0.0
60,300,3,CONTEXT_ONLY,CONTINUATION,ELASTIC_NET_REGRESSION,F29,0.07894148345524334
60,300,3,CONTEXT_ONLY,CONTINUATION,ELASTIC_NET_REGRESSION,F36,-0.043460124671669646
60,300,3,CONTEXT_ONLY,CONTINUATION,ELASTIC_NET_LOGISTIC,F01,0.0908649397027301
60,300,3,CONTEXT_ONLY,CONTINUATION,ELASTIC_NET_LOGISTIC,F02,0.0
60,300,3,CONTEXT_ONLY,CONTINUATION,ELASTIC_NET_LOGISTIC,F03,0.0
60,300,3,CONTEXT_ONLY,CONTINUATION,ELASTIC_NET_LOGISTIC,F04,-0.00767158295547859
60,300,3,CONTEXT_ONLY,CONTINUATION,ELASTIC_NET_LOGISTIC,F05,-0.04473914631995365
60,300,3,CONTEXT_ONLY,CONTINUATION,ELASTIC_NET_LOGISTIC,F06,0.0
60,300,3,CONTEXT_ONLY,CONTINUATION,ELASTIC_NET_LOGISTIC,F07,0.07799063610431975
60,300,3,CONTEXT_ONLY,CONTINUATION,ELASTIC_NET_LOGISTIC,F08,-0.13150936229835813
60,300,3,CONTEXT_ONLY,CONTINUATION,ELASTIC_NET_LOGISTIC,F09,0.09565525733778066
60,300,3,CONTEXT_ONLY,CONTINUATION,ELASTIC_NET_LOGISTIC,F10,-0.04262696669798862
60,300,3,CONTEXT_ONLY,CONTINUATION,ELASTIC_NET_LOGISTIC,F11,-0.05026774628191454
60,300,3,CONTEXT_ONLY,CONTINUATION,ELASTIC_NET_LOGISTIC,F12,0.00041621434398458467
60,300,3,CONTEXT_ONLY,CONTINUATION,ELASTIC_NET_LOGISTIC,F13,-0.1456282648373865
60,300,3,CONTEXT_ONLY,CONTINUATION,ELASTIC_NET_LOGISTIC,F14,-0.07356651108924664
60,300,3,CONTEXT_ONLY,CONTINUATION,ELASTIC_NET_LOGISTIC,F15,-0.05496572965511031
60,300,3,CONTEXT_ONLY,CONTINUATION,ELASTIC_NET_LOGISTIC,F16,0.0
60,300,3,CONTEXT_ONLY,CONTINUATION,ELASTIC_NET_LOGISTIC,F17,0.0
60,300,3,CONTEXT_ONLY,CONTINUATION,ELASTIC_NET_LOGISTIC,F18,0.09460017378337289
60,300,3,CONTEXT_ONLY,CONTINUATION,ELASTIC_NET_LOGISTIC,F19,0.0614534719850765
60,300,3,CONTEXT_ONLY,CONTINUATION,ELASTIC_NET_LOGISTIC,F20,0.08282464904169719
60,300,3,CONTEXT_ONLY,CONTINUATION,ELASTIC_NET_LOGISTIC,F21,0.012743547313046364
60,300,3,CONTEXT_ONLY,CONTINUATION,ELASTIC_NET_LOGISTIC,F22,0.12884695860091575
60,300,3,CONTEXT_ONLY,CONTINUATION,ELASTIC_NET_LOGISTIC,F23,-0.1791455010344297
60,300,3,CONTEXT_ONLY,CONTINUATION,ELASTIC_NET_LOGISTIC,F24,-0.020152513571664733
60,300,3,CONTEXT_ONLY,CONTINUATION,ELASTIC_NET_LOGISTIC,F25,0.056832005512222755
60,300,3,CONTEXT_ONLY,CONTINUATION,ELASTIC_NET_LOGISTIC,F26,-0.20295787843456944
60,300,3,CONTEXT_ONLY,CONTINUATION,ELASTIC_NET_LOGISTIC,F27,-0.28631141512477243
60,300,3,CONTEXT_ONLY,CONTINUATION,ELASTIC_NET_LOGISTIC,F28,0.14812661516524792
60,300,3,CONTEXT_ONLY,CONTINUATION,ELASTIC_NET_LOGISTIC,F29,0.15128981910994466
60,300,3,CONTEXT_ONLY,CONTINUATION,ELASTIC_NET_LOGISTIC,F36,0.0
60,300,3,CONTEXT_ONLY,REVERSAL,ELASTIC_NET_REGRESSION,F01,-0.0
60,300,3,CONTEXT_ONLY,REVERSAL,ELASTIC_NET_REGRESSION,F02,-0.0
60,300,3,CONTEXT_ONLY,REVERSAL,ELASTIC_NET_REGRESSION,F03,0.0
60,300,3,CONTEXT_ONLY,REVERSAL,ELASTIC_NET_REGRESSION,F04,0.0
60,300,3,CONTEXT_ONLY,REVERSAL,ELASTIC_NET_REGRESSION,F05,-0.0025072826564777498
60,300,3,CONTEXT_ONLY,REVERSAL,ELASTIC_NET_REGRESSION,F06,-0.028472112483979167
60,300,3,CONTEXT_ONLY,REVERSAL,ELASTIC_NET_REGRESSION,F07,-0.04108683100495701
60,300,3,CONTEXT_ONLY,REVERSAL,ELASTIC_NET_REGRESSION,F08,0.013804023505339843
60,300,3,CONTEXT_ONLY,REVERSAL,ELASTIC_NET_REGRESSION,F09,0.0
60,300,3,CONTEXT_ONLY,REVERSAL,ELASTIC_NET_REGRESSION,F10,-0.15011313327075923
60,300,3,CONTEXT_ONLY,REVERSAL,ELASTIC_NET_REGRESSION,F11,0.0
60,300,3,CONTEXT_ONLY,REVERSAL,ELASTIC_NET_REGRESSION,F12,-0.0
60,300,3,CONTEXT_ONLY,REVERSAL,ELASTIC_NET_REGRESSION,F13,0.38848353781758793
60,300,3,CONTEXT_ONLY,REVERSAL,ELASTIC_NET_REGRESSION,F14,0.04611284774362339
60,300,3,CONTEXT_ONLY,REVERSAL,ELASTIC_NET_REGRESSION,F15,-0.0
60,300,3,CONTEXT_ONLY,REVERSAL,ELASTIC_NET_REGRESSION,F16,-0.13076061398848154
60,300,3,CONTEXT_ONLY,REVERSAL,ELASTIC_NET_REGRESSION,F17,-0.0
60,300,3,CONTEXT_ONLY,REVERSAL,ELASTIC_NET_REGRESSION,F18,-0.02941886471680355
60,300,3,CONTEXT_ONLY,REVERSAL,ELASTIC_NET_REGRESSION,F19,-0.4525380795366186
60,300,3,CONTEXT_ONLY,REVERSAL,ELASTIC_NET_REGRESSION,F20,-0.0
60,300,3,CONTEXT_ONLY,REVERSAL,ELASTIC_NET_REGRESSION,F21,-0.0
60,300,3,CONTEXT_ONLY,REVERSAL,ELASTIC_NET_REGRESSION,F22,-0.0
60,300,3,CONTEXT_ONLY,REVERSAL,ELASTIC_NET_REGRESSION,F23,0.2227775199723174
60,300,3,CONTEXT_ONLY,REVERSAL,ELASTIC_NET_REGRESSION,F24,-0.0
60,300,3,CONTEXT_ONLY,REVERSAL,ELASTIC_NET_REGRESSION,F25,0.0
60,300,3,CONTEXT_ONLY,REVERSAL,ELASTIC_NET_REGRESSION,F26,-0.0
60,300,3,CONTEXT_ONLY,REVERSAL,ELASTIC_NET_REGRESSION,F27,0.0
60,300,3,CONTEXT_ONLY,REVERSAL,ELASTIC_NET_REGRESSION,F28,-0.0
60,300,3,CONTEXT_ONLY,REVERSAL,ELASTIC_NET_REGRESSION,F29,-0.08939685506364711
60,300,3,CONTEXT_ONLY,REVERSAL,ELASTIC_NET_REGRESSION,F36,0.04662763505695393
60,300,3,CONTEXT_ONLY,REVERSAL,ELASTIC_NET_LOGISTIC,F01,-0.10671044511818793
60,300,3,CONTEXT_ONLY,REVERSAL,ELASTIC_NET_LOGISTIC,F02,-0.0840875293954771
60,300,3,CONTEXT_ONLY,REVERSAL,ELASTIC_NET_LOGISTIC,F03,0.0
60,300,3,CONTEXT_ONLY,REVERSAL,ELASTIC_NET_LOGISTIC,F04,0.0
60,300,3,CONTEXT_ONLY,REVERSAL,ELASTIC_NET_LOGISTIC,F05,-0.14802191097207718
60,300,3,CONTEXT_ONLY,REVERSAL,ELASTIC_NET_LOGISTIC,F06,-0.09654521202889095
60,300,3,CONTEXT_ONLY,REVERSAL,ELASTIC_NET_LOGISTIC,F07,-0.1521924366931326
60,300,3,CONTEXT_ONLY,REVERSAL,ELASTIC_NET_LOGISTIC,F08,0.044170497738008754
60,300,3,CONTEXT_ONLY,REVERSAL,ELASTIC_NET_LOGISTIC,F09,0.0014217899172796135
60,300,3,CONTEXT_ONLY,REVERSAL,ELASTIC_NET_LOGISTIC,F10,0.0
60,300,3,CONTEXT_ONLY,REVERSAL,ELASTIC_NET_LOGISTIC,F11,0.08987435174247471
60,300,3,CONTEXT_ONLY,REVERSAL,ELASTIC_NET_LOGISTIC,F12,-0.03260899089869256
60,300,3,CONTEXT_ONLY,REVERSAL,ELASTIC_NET_LOGISTIC,F13,0.08187823455888624
60,300,3,CONTEXT_ONLY,REVERSAL,ELASTIC_NET_LOGISTIC,F14,0.010186798504470629
60,300,3,CONTEXT_ONLY,REVERSAL,ELASTIC_NET_LOGISTIC,F15,0.3049061986262967
60,300,3,CONTEXT_ONLY,REVERSAL,ELASTIC_NET_LOGISTIC,F16,-0.09236774331618873
60,300,3,CONTEXT_ONLY,REVERSAL,ELASTIC_NET_LOGISTIC,F17,0.0
60,300,3,CONTEXT_ONLY,REVERSAL,ELASTIC_NET_LOGISTIC,F18,-0.08682269399100187
60,300,3,CONTEXT_ONLY,REVERSAL,ELASTIC_NET_LOGISTIC,F19,-0.043024292414410394
60,300,3,CONTEXT_ONLY,REVERSAL,ELASTIC_NET_LOGISTIC,F20,0.0
60,300,3,CONTEXT_ONLY,REVERSAL,ELASTIC_NET_LOGISTIC,F21,0.0
60,300,3,CONTEXT_ONLY,REVERSAL,ELASTIC_NET_LOGISTIC,F22,0.003823890814871424
60,300,3,CONTEXT_ONLY,REVERSAL,ELASTIC_NET_LOGISTIC,F23,0.23000118063711894
60,300,3,CONTEXT_ONLY,REVERSAL,ELASTIC_NET_LOGISTIC,F24,-0.0222260776908341
60,300,3,CONTEXT_ONLY,REVERSAL,ELASTIC_NET_LOGISTIC,F25,0.22931919972595774
60,300,3,CONTEXT_ONLY,REVERSAL,ELASTIC_NET_LOGISTIC,F26,-0.31307544419930106
60,300,3,CONTEXT_ONLY,REVERSAL,ELASTIC_NET_LOGISTIC,F27,0.09268159500325757
60,300,3,CONTEXT_ONLY,REVERSAL,ELASTIC_NET_LOGISTIC,F28,0.08536197233442641
60,300,3,CONTEXT_ONLY,REVERSAL,ELASTIC_NET_LOGISTIC,F29,0.012624944963969514
60,300,3,CONTEXT_ONLY,REVERSAL,ELASTIC_NET_LOGISTIC,F36,0.033843123525307404
60,300,3,CONTEXT_PLUS_SHOCK,CONTINUATION,ELASTIC_NET_REGRESSION,F01,0.0
60,300,3,CONTEXT_PLUS_SHOCK,CONTINUATION,ELASTIC_NET_REGRESSION,F02,0.0
60,300,3,CONTEXT_PLUS_SHOCK,CONTINUATION,ELASTIC_NET_REGRESSION,F03,-0.0
60,300,3,CONTEXT_PLUS_SHOCK,CONTINUATION,ELASTIC_NET_REGRESSION,F04,-0.0
60,300,3,CONTEXT_PLUS_SHOCK,CONTINUATION,ELASTIC_NET_REGRESSION,F05,0.0
60,300,3,CONTEXT_PLUS_SHOCK,CONTINUATION,ELASTIC_NET_REGRESSION,F06,0.03467826432328131
60,300,3,CONTEXT_PLUS_SHOCK,CONTINUATION,ELASTIC_NET_REGRESSION,F07,0.03331795712851949
60,300,3,CONTEXT_PLUS_SHOCK,CONTINUATION,ELASTIC_NET_REGRESSION,F08,-0.014361095727035682
60,300,3,CONTEXT_PLUS_SHOCK,CONTINUATION,ELASTIC_NET_REGRESSION,F09,-0.0
60,300,3,CONTEXT_PLUS_SHOCK,CONTINUATION,ELASTIC_NET_REGRESSION,F10,0.14396315109486169
60,300,3,CONTEXT_PLUS_SHOCK,CONTINUATION,ELASTIC_NET_REGRESSION,F11,-0.0
60,300,3,CONTEXT_PLUS_SHOCK,CONTINUATION,ELASTIC_NET_REGRESSION,F12,0.0
60,300,3,CONTEXT_PLUS_SHOCK,CONTINUATION,ELASTIC_NET_REGRESSION,F13,-0.39314444366046414
60,300,3,CONTEXT_PLUS_SHOCK,CONTINUATION,ELASTIC_NET_REGRESSION,F14,-0.05350143041615654
60,300,3,CONTEXT_PLUS_SHOCK,CONTINUATION,ELASTIC_NET_REGRESSION,F15,0.0
60,300,3,CONTEXT_PLUS_SHOCK,CONTINUATION,ELASTIC_NET_REGRESSION,F16,0.14841552108700493
60,300,3,CONTEXT_PLUS_SHOCK,CONTINUATION,ELASTIC_NET_REGRESSION,F17,0.0
60,300,3,CONTEXT_PLUS_SHOCK,CONTINUATION,ELASTIC_NET_REGRESSION,F18,0.03558389903318843
60,300,3,CONTEXT_PLUS_SHOCK,CONTINUATION,ELASTIC_NET_REGRESSION,F19,0.49083158580129876
60,300,3,CONTEXT_PLUS_SHOCK,CONTINUATION,ELASTIC_NET_REGRESSION,F20,0.0
60,300,3,CONTEXT_PLUS_SHOCK,CONTINUATION,ELASTIC_NET_REGRESSION,F21,0.0
60,300,3,CONTEXT_PLUS_SHOCK,CONTINUATION,ELASTIC_NET_REGRESSION,F22,0.0
60,300,3,CONTEXT_PLUS_SHOCK,CONTINUATION,ELASTIC_NET_REGRESSION,F23,-0.15423661031323949
60,300,3,CONTEXT_PLUS_SHOCK,CONTINUATION,ELASTIC_NET_REGRESSION,F24,0.0
60,300,3,CONTEXT_PLUS_SHOCK,CONTINUATION,ELASTIC_NET_REGRESSION,F25,-0.0
60,300,3,CONTEXT_PLUS_SHOCK,CONTINUATION,ELASTIC_NET_REGRESSION,F26,0.0
60,300,3,CONTEXT_PLUS_SHOCK,CONTINUATION,ELASTIC_NET_REGRESSION,F27,-0.0
60,300,3,CONTEXT_PLUS_SHOCK,CONTINUATION,ELASTIC_NET_REGRESSION,F28,0.0
60,300,3,CONTEXT_PLUS_SHOCK,CONTINUATION,ELASTIC_NET_REGRESSION,F29,0.07762073887041072
60,300,3,CONTEXT_PLUS_SHOCK,CONTINUATION,ELASTIC_NET_REGRESSION,F30,-0.08177245832478713
60,300,3,CONTEXT_PLUS_SHOCK,CONTINUATION,ELASTIC_NET_REGRESSION,F31,-0.05493560952834529
60,300,3,CONTEXT_PLUS_SHOCK,CONTINUATION,ELASTIC_NET_REGRESSION,F32,0.0
60,300,3,CONTEXT_PLUS_SHOCK,CONTINUATION,ELASTIC_NET_REGRESSION,F33,-0.05247778644052001
60,300,3,CONTEXT_PLUS_SHOCK,CONTINUATION,ELASTIC_NET_REGRESSION,F34,-0.0
60,300,3,CONTEXT_PLUS_SHOCK,CONTINUATION,ELASTIC_NET_REGRESSION,F35,0.0
60,300,3,CONTEXT_PLUS_SHOCK,CONTINUATION,ELASTIC_NET_REGRESSION,F36,-0.04911388911450604
60,300,3,CONTEXT_PLUS_SHOCK,CONTINUATION,ELASTIC_NET_LOGISTIC,F01,0.0
60,300,3,CONTEXT_PLUS_SHOCK,CONTINUATION,ELASTIC_NET_LOGISTIC,F02,0.0
60,300,3,CONTEXT_PLUS_SHOCK,CONTINUATION,ELASTIC_NET_LOGISTIC,F03,0.0
60,300,3,CONTEXT_PLUS_SHOCK,CONTINUATION,ELASTIC_NET_LOGISTIC,F04,0.0
60,300,3,CONTEXT_PLUS_SHOCK,CONTINUATION,ELASTIC_NET_LOGISTIC,F05,0.0
60,300,3,CONTEXT_PLUS_SHOCK,CONTINUATION,ELASTIC_NET_LOGISTIC,F06,0.0
60,300,3,CONTEXT_PLUS_SHOCK,CONTINUATION,ELASTIC_NET_LOGISTIC,F07,0.0
60,300,3,CONTEXT_PLUS_SHOCK,CONTINUATION,ELASTIC_NET_LOGISTIC,F08,-0.031729280768364856
60,300,3,CONTEXT_PLUS_SHOCK,CONTINUATION,ELASTIC_NET_LOGISTIC,F09,0.0
60,300,3,CONTEXT_PLUS_SHOCK,CONTINUATION,ELASTIC_NET_LOGISTIC,F10,0.0
60,300,3,CONTEXT_PLUS_SHOCK,CONTINUATION,ELASTIC_NET_LOGISTIC,F11,0.0
60,300,3,CONTEXT_PLUS_SHOCK,CONTINUATION,ELASTIC_NET_LOGISTIC,F12,0.0
60,300,3,CONTEXT_PLUS_SHOCK,CONTINUATION,ELASTIC_NET_LOGISTIC,F13,-0.05322504812224963
60,300,3,CONTEXT_PLUS_SHOCK,CONTINUATION,ELASTIC_NET_LOGISTIC,F14,0.0
60,300,3,CONTEXT_PLUS_SHOCK,CONTINUATION,ELASTIC_NET_LOGISTIC,F15,0.0
60,300,3,CONTEXT_PLUS_SHOCK,CONTINUATION,ELASTIC_NET_LOGISTIC,F16,0.0
60,300,3,CONTEXT_PLUS_SHOCK,CONTINUATION,ELASTIC_NET_LOGISTIC,F17,0.0
60,300,3,CONTEXT_PLUS_SHOCK,CONTINUATION,ELASTIC_NET_LOGISTIC,F18,0.09769047744358171
60,300,3,CONTEXT_PLUS_SHOCK,CONTINUATION,ELASTIC_NET_LOGISTIC,F19,0.03774693511442647
60,300,3,CONTEXT_PLUS_SHOCK,CONTINUATION,ELASTIC_NET_LOGISTIC,F20,0.06428216934567717
60,300,3,CONTEXT_PLUS_SHOCK,CONTINUATION,ELASTIC_NET_LOGISTIC,F21,0.0
60,300,3,CONTEXT_PLUS_SHOCK,CONTINUATION,ELASTIC_NET_LOGISTIC,F22,0.011103521594059015
60,300,3,CONTEXT_PLUS_SHOCK,CONTINUATION,ELASTIC_NET_LOGISTIC,F23,-0.03524481300753419
60,300,3,CONTEXT_PLUS_SHOCK,CONTINUATION,ELASTIC_NET_LOGISTIC,F24,0.0
60,300,3,CONTEXT_PLUS_SHOCK,CONTINUATION,ELASTIC_NET_LOGISTIC,F25,0.0
60,300,3,CONTEXT_PLUS_SHOCK,CONTINUATION,ELASTIC_NET_LOGISTIC,F26,-0.22332507974929267
60,300,3,CONTEXT_PLUS_SHOCK,CONTINUATION,ELASTIC_NET_LOGISTIC,F27,-0.21801931807810088
60,300,3,CONTEXT_PLUS_SHOCK,CONTINUATION,ELASTIC_NET_LOGISTIC,F28,0.0929569577586925
60,300,3,CONTEXT_PLUS_SHOCK,CONTINUATION,ELASTIC_NET_LOGISTIC,F29,0.07330583336900928
60,300,3,CONTEXT_PLUS_SHOCK,CONTINUATION,ELASTIC_NET_LOGISTIC,F30,-0.04382651680717885
60,300,3,CONTEXT_PLUS_SHOCK,CONTINUATION,ELASTIC_NET_LOGISTIC,F31,0.0
60,300,3,CONTEXT_PLUS_SHOCK,CONTINUATION,ELASTIC_NET_LOGISTIC,F32,0.0
60,300,3,CONTEXT_PLUS_SHOCK,CONTINUATION,ELASTIC_NET_LOGISTIC,F33,0.0
60,300,3,CONTEXT_PLUS_SHOCK,CONTINUATION,ELASTIC_NET_LOGISTIC,F34,0.0
60,300,3,CONTEXT_PLUS_SHOCK,CONTINUATION,ELASTIC_NET_LOGISTIC,F35,0.0
60,300,3,CONTEXT_PLUS_SHOCK,CONTINUATION,ELASTIC_NET_LOGISTIC,F36,0.0
60,300,3,CONTEXT_PLUS_SHOCK,REVERSAL,ELASTIC_NET_REGRESSION,F01,-0.0
60,300,3,CONTEXT_PLUS_SHOCK,REVERSAL,ELASTIC_NET_REGRESSION,F02,-0.0
60,300,3,CONTEXT_PLUS_SHOCK,REVERSAL,ELASTIC_NET_REGRESSION,F03,0.0
60,300,3,CONTEXT_PLUS_SHOCK,REVERSAL,ELASTIC_NET_REGRESSION,F04,0.0
60,300,3,CONTEXT_PLUS_SHOCK,REVERSAL,ELASTIC_NET_REGRESSION,F05,-0.0
60,300,3,CONTEXT_PLUS_SHOCK,REVERSAL,ELASTIC_NET_REGRESSION,F06,-0.03481803990086471
60,300,3,CONTEXT_PLUS_SHOCK,REVERSAL,ELASTIC_NET_REGRESSION,F07,-0.03685450230446963
60,300,3,CONTEXT_PLUS_SHOCK,REVERSAL,ELASTIC_NET_REGRESSION,F08,0.012380870132310168
60,300,3,CONTEXT_PLUS_SHOCK,REVERSAL,ELASTIC_NET_REGRESSION,F09,0.0
60,300,3,CONTEXT_PLUS_SHOCK,REVERSAL,ELASTIC_NET_REGRESSION,F10,-0.1489690722026586
60,300,3,CONTEXT_PLUS_SHOCK,REVERSAL,ELASTIC_NET_REGRESSION,F11,0.0
60,300,3,CONTEXT_PLUS_SHOCK,REVERSAL,ELASTIC_NET_REGRESSION,F12,-0.0
60,300,3,CONTEXT_PLUS_SHOCK,REVERSAL,ELASTIC_NET_REGRESSION,F13,0.39757594871523244
60,300,3,CONTEXT_PLUS_SHOCK,REVERSAL,ELASTIC_NET_REGRESSION,F14,0.05159081192911771
60,300,3,CONTEXT_PLUS_SHOCK,REVERSAL,ELASTIC_NET_REGRESSION,F15,-0.0
60,300,3,CONTEXT_PLUS_SHOCK,REVERSAL,ELASTIC_NET_REGRESSION,F16,-0.13525391367983267
60,300,3,CONTEXT_PLUS_SHOCK,REVERSAL,ELASTIC_NET_REGRESSION,F17,-0.0
60,300,3,CONTEXT_PLUS_SHOCK,REVERSAL,ELASTIC_NET_REGRESSION,F18,-0.03784220781316965
60,300,3,CONTEXT_PLUS_SHOCK,REVERSAL,ELASTIC_NET_REGRESSION,F19,-0.49718604593613963
60,300,3,CONTEXT_PLUS_SHOCK,REVERSAL,ELASTIC_NET_REGRESSION,F20,-0.0
60,300,3,CONTEXT_PLUS_SHOCK,REVERSAL,ELASTIC_NET_REGRESSION,F21,-0.0
60,300,3,CONTEXT_PLUS_SHOCK,REVERSAL,ELASTIC_NET_REGRESSION,F22,-0.0
60,300,3,CONTEXT_PLUS_SHOCK,REVERSAL,ELASTIC_NET_REGRESSION,F23,0.17170698127904455
60,300,3,CONTEXT_PLUS_SHOCK,REVERSAL,ELASTIC_NET_REGRESSION,F24,-0.0
60,300,3,CONTEXT_PLUS_SHOCK,REVERSAL,ELASTIC_NET_REGRESSION,F25,0.0
60,300,3,CONTEXT_PLUS_SHOCK,REVERSAL,ELASTIC_NET_REGRESSION,F26,-0.0
60,300,3,CONTEXT_PLUS_SHOCK,REVERSAL,ELASTIC_NET_REGRESSION,F27,0.0
60,300,3,CONTEXT_PLUS_SHOCK,REVERSAL,ELASTIC_NET_REGRESSION,F28,-0.0
60,300,3,CONTEXT_PLUS_SHOCK,REVERSAL,ELASTIC_NET_REGRESSION,F29,-0.08559894914474309
60,300,3,CONTEXT_PLUS_SHOCK,REVERSAL,ELASTIC_NET_REGRESSION,F30,0.08032695663146604
60,300,3,CONTEXT_PLUS_SHOCK,REVERSAL,ELASTIC_NET_REGRESSION,F31,0.028868377465474267
60,300,3,CONTEXT_PLUS_SHOCK,REVERSAL,ELASTIC_NET_REGRESSION,F32,0.0
60,300,3,CONTEXT_PLUS_SHOCK,REVERSAL,ELASTIC_NET_REGRESSION,F33,0.07420786413008106
60,300,3,CONTEXT_PLUS_SHOCK,REVERSAL,ELASTIC_NET_REGRESSION,F34,0.0
60,300,3,CONTEXT_PLUS_SHOCK,REVERSAL,ELASTIC_NET_REGRESSION,F35,-0.0
60,300,3,CONTEXT_PLUS_SHOCK,REVERSAL,ELASTIC_NET_REGRESSION,F36,0.05164589072045835
60,300,3,CONTEXT_PLUS_SHOCK,REVERSAL,ELASTIC_NET_LOGISTIC,F01,-0.10494286832334838
60,300,3,CONTEXT_PLUS_SHOCK,REVERSAL,ELASTIC_NET_LOGISTIC,F02,-0.09807632959914607
60,300,3,CONTEXT_PLUS_SHOCK,REVERSAL,ELASTIC_NET_LOGISTIC,F03,0.0
60,300,3,CONTEXT_PLUS_SHOCK,REVERSAL,ELASTIC_NET_LOGISTIC,F04,0.0
60,300,3,CONTEXT_PLUS_SHOCK,REVERSAL,ELASTIC_NET_LOGISTIC,F05,-0.13918396059511004
60,300,3,CONTEXT_PLUS_SHOCK,REVERSAL,ELASTIC_NET_LOGISTIC,F06,-0.11231250922278231
60,300,3,CONTEXT_PLUS_SHOCK,REVERSAL,ELASTIC_NET_LOGISTIC,F07,-0.1354337581078497
60,300,3,CONTEXT_PLUS_SHOCK,REVERSAL,ELASTIC_NET_LOGISTIC,F08,0.05403564302157094
60,300,3,CONTEXT_PLUS_SHOCK,REVERSAL,ELASTIC_NET_LOGISTIC,F09,0.010876400907612434
60,300,3,CONTEXT_PLUS_SHOCK,REVERSAL,ELASTIC_NET_LOGISTIC,F10,0.0
60,300,3,CONTEXT_PLUS_SHOCK,REVERSAL,ELASTIC_NET_LOGISTIC,F11,0.10318598354605216
60,300,3,CONTEXT_PLUS_SHOCK,REVERSAL,ELASTIC_NET_LOGISTIC,F12,-0.03371894506421965
60,300,3,CONTEXT_PLUS_SHOCK,REVERSAL,ELASTIC_NET_LOGISTIC,F13,0.12944234641826474
60,300,3,CONTEXT_PLUS_SHOCK,REVERSAL,ELASTIC_NET_LOGISTIC,F14,0.025741880599438143
60,300,3,CONTEXT_PLUS_SHOCK,REVERSAL,ELASTIC_NET_LOGISTIC,F15,0.30190481001538044
60,300,3,CONTEXT_PLUS_SHOCK,REVERSAL,ELASTIC_NET_LOGISTIC,F16,-0.08205807443992452
60,300,3,CONTEXT_PLUS_SHOCK,REVERSAL,ELASTIC_NET_LOGISTIC,F17,0.0
60,300,3,CONTEXT_PLUS_SHOCK,REVERSAL,ELASTIC_NET_LOGISTIC,F18,-0.08404691354053724
60,300,3,CONTEXT_PLUS_SHOCK,REVERSAL,ELASTIC_NET_LOGISTIC,F19,-0.10009680907478388
60,300,3,CONTEXT_PLUS_SHOCK,REVERSAL,ELASTIC_NET_LOGISTIC,F20,-0.015030074030235313
60,300,3,CONTEXT_PLUS_SHOCK,REVERSAL,ELASTIC_NET_LOGISTIC,F21,0.012882721177613785
60,300,3,CONTEXT_PLUS_SHOCK,REVERSAL,ELASTIC_NET_LOGISTIC,F22,0.0
60,300,3,CONTEXT_PLUS_SHOCK,REVERSAL,ELASTIC_NET_LOGISTIC,F23,0.1873601028966769
60,300,3,CONTEXT_PLUS_SHOCK,REVERSAL,ELASTIC_NET_LOGISTIC,F24,-0.035506321080063435
60,300,3,CONTEXT_PLUS_SHOCK,REVERSAL,ELASTIC_NET_LOGISTIC,F25,0.21105051310342135
60,300,3,CONTEXT_PLUS_SHOCK,REVERSAL,ELASTIC_NET_LOGISTIC,F26,-0.3185802419701264
60,300,3,CONTEXT_PLUS_SHOCK,REVERSAL,ELASTIC_NET_LOGISTIC,F27,0.06902522283573564
60,300,3,CONTEXT_PLUS_SHOCK,REVERSAL,ELASTIC_NET_LOGISTIC,F28,0.07073737001461802
60,300,3,CONTEXT_PLUS_SHOCK,REVERSAL,ELASTIC_NET_LOGISTIC,F29,0.02172415501674354
60,300,3,CONTEXT_PLUS_SHOCK,REVERSAL,ELASTIC_NET_LOGISTIC,F30,0.10665024214657841
60,300,3,CONTEXT_PLUS_SHOCK,REVERSAL,ELASTIC_NET_LOGISTIC,F31,0.0036708776723243523
60,300,3,CONTEXT_PLUS_SHOCK,REVERSAL,ELASTIC_NET_LOGISTIC,F32,0.0
60,300,3,CONTEXT_PLUS_SHOCK,REVERSAL,ELASTIC_NET_LOGISTIC,F33,0.12453317298195365
60,300,3,CONTEXT_PLUS_SHOCK,REVERSAL,ELASTIC_NET_LOGISTIC,F34,-0.17652139201790495
60,300,3,CONTEXT_PLUS_SHOCK,REVERSAL,ELASTIC_NET_LOGISTIC,F35,-0.03530994097048871
60,300,3,CONTEXT_PLUS_SHOCK,REVERSAL,ELASTIC_NET_LOGISTIC,F36,0.0491793526217772
60,300,4,CONTEXT_ONLY,CONTINUATION,ELASTIC_NET_REGRESSION,F01,0.0
60,300,4,CONTEXT_ONLY,CONTINUATION,ELASTIC_NET_REGRESSION,F02,0.0
60,300,4,CONTEXT_ONLY,CONTINUATION,ELASTIC_NET_REGRESSION,F03,-0.0
60,300,4,CONTEXT_ONLY,CONTINUATION,ELASTIC_NET_REGRESSION,F04,-0.0
60,300,4,CONTEXT_ONLY,CONTINUATION,ELASTIC_NET_REGRESSION,F05,0.005280246184019795
60,300,4,CONTEXT_ONLY,CONTINUATION,ELASTIC_NET_REGRESSION,F06,0.0
60,300,4,CONTEXT_ONLY,CONTINUATION,ELASTIC_NET_REGRESSION,F07,0.031515737477137915
60,300,4,CONTEXT_ONLY,CONTINUATION,ELASTIC_NET_REGRESSION,F08,-0.004537065012949616
60,300,4,CONTEXT_ONLY,CONTINUATION,ELASTIC_NET_REGRESSION,F09,-0.0
60,300,4,CONTEXT_ONLY,CONTINUATION,ELASTIC_NET_REGRESSION,F10,0.15107703308712148
60,300,4,CONTEXT_ONLY,CONTINUATION,ELASTIC_NET_REGRESSION,F11,-0.0
60,300,4,CONTEXT_ONLY,CONTINUATION,ELASTIC_NET_REGRESSION,F12,0.0
60,300,4,CONTEXT_ONLY,CONTINUATION,ELASTIC_NET_REGRESSION,F13,-0.32271319095838785
60,300,4,CONTEXT_ONLY,CONTINUATION,ELASTIC_NET_REGRESSION,F14,-0.02122058460240458
60,300,4,CONTEXT_ONLY,CONTINUATION,ELASTIC_NET_REGRESSION,F15,0.0
60,300,4,CONTEXT_ONLY,CONTINUATION,ELASTIC_NET_REGRESSION,F16,0.11274353001400944
60,300,4,CONTEXT_ONLY,CONTINUATION,ELASTIC_NET_REGRESSION,F17,0.0
60,300,4,CONTEXT_ONLY,CONTINUATION,ELASTIC_NET_REGRESSION,F18,0.0
60,300,4,CONTEXT_ONLY,CONTINUATION,ELASTIC_NET_REGRESSION,F19,0.36830042671455204
60,300,4,CONTEXT_ONLY,CONTINUATION,ELASTIC_NET_REGRESSION,F20,0.0
60,300,4,CONTEXT_ONLY,CONTINUATION,ELASTIC_NET_REGRESSION,F21,0.0
60,300,4,CONTEXT_ONLY,CONTINUATION,ELASTIC_NET_REGRESSION,F22,0.0
60,300,4,CONTEXT_ONLY,CONTINUATION,ELASTIC_NET_REGRESSION,F23,-0.18189779364844025
60,300,4,CONTEXT_ONLY,CONTINUATION,ELASTIC_NET_REGRESSION,F24,0.0
60,300,4,CONTEXT_ONLY,CONTINUATION,ELASTIC_NET_REGRESSION,F25,0.0
60,300,4,CONTEXT_ONLY,CONTINUATION,ELASTIC_NET_REGRESSION,F26,0.0
60,300,4,CONTEXT_ONLY,CONTINUATION,ELASTIC_NET_REGRESSION,F27,0.0
60,300,4,CONTEXT_ONLY,CONTINUATION,ELASTIC_NET_REGRESSION,F28,0.0
60,300,4,CONTEXT_ONLY,CONTINUATION,ELASTIC_NET_REGRESSION,F29,0.06775919325854018
60,300,4,CONTEXT_ONLY,CONTINUATION,ELASTIC_NET_REGRESSION,F36,-0.07307007003638198
60,300,4,CONTEXT_ONLY,CONTINUATION,ELASTIC_NET_LOGISTIC,F01,0.0
60,300,4,CONTEXT_ONLY,CONTINUATION,ELASTIC_NET_LOGISTIC,F02,0.0
60,300,4,CONTEXT_ONLY,CONTINUATION,ELASTIC_NET_LOGISTIC,F03,0.0
60,300,4,CONTEXT_ONLY,CONTINUATION,ELASTIC_NET_LOGISTIC,F04,0.0
60,300,4,CONTEXT_ONLY,CONTINUATION,ELASTIC_NET_LOGISTIC,F05,0.0
60,300,4,CONTEXT_ONLY,CONTINUATION,ELASTIC_NET_LOGISTIC,F06,0.0
60,300,4,CONTEXT_ONLY,CONTINUATION,ELASTIC_NET_LOGISTIC,F07,0.0
60,300,4,CONTEXT_ONLY,CONTINUATION,ELASTIC_NET_LOGISTIC,F08,-0.04250962279171232
60,300,4,CONTEXT_ONLY,CONTINUATION,ELASTIC_NET_LOGISTIC,F09,0.0
60,300,4,CONTEXT_ONLY,CONTINUATION,ELASTIC_NET_LOGISTIC,F10,0.0
60,300,4,CONTEXT_ONLY,CONTINUATION,ELASTIC_NET_LOGISTIC,F11,0.0
60,300,4,CONTEXT_ONLY,CONTINUATION,ELASTIC_NET_LOGISTIC,F12,0.0
60,300,4,CONTEXT_ONLY,CONTINUATION,ELASTIC_NET_LOGISTIC,F13,-0.013410101341379908
60,300,4,CONTEXT_ONLY,CONTINUATION,ELASTIC_NET_LOGISTIC,F14,-0.015273480084656076
60,300,4,CONTEXT_ONLY,CONTINUATION,ELASTIC_NET_LOGISTIC,F15,0.0
60,300,4,CONTEXT_ONLY,CONTINUATION,ELASTIC_NET_LOGISTIC,F16,0.0
60,300,4,CONTEXT_ONLY,CONTINUATION,ELASTIC_NET_LOGISTIC,F17,0.0
60,300,4,CONTEXT_ONLY,CONTINUATION,ELASTIC_NET_LOGISTIC,F18,0.10149896642362181
60,300,4,CONTEXT_ONLY,CONTINUATION,ELASTIC_NET_LOGISTIC,F19,0.06850525163088965
60,300,4,CONTEXT_ONLY,CONTINUATION,ELASTIC_NET_LOGISTIC,F20,0.07478013336680947
60,300,4,CONTEXT_ONLY,CONTINUATION,ELASTIC_NET_LOGISTIC,F21,0.0
60,300,4,CONTEXT_ONLY,CONTINUATION,ELASTIC_NET_LOGISTIC,F22,0.0
60,300,4,CONTEXT_ONLY,CONTINUATION,ELASTIC_NET_LOGISTIC,F23,-0.05933275228180279
60,300,4,CONTEXT_ONLY,CONTINUATION,ELASTIC_NET_LOGISTIC,F24,0.0
60,300,4,CONTEXT_ONLY,CONTINUATION,ELASTIC_NET_LOGISTIC,F25,0.0
60,300,4,CONTEXT_ONLY,CONTINUATION,ELASTIC_NET_LOGISTIC,F26,-0.054834966880051156
60,300,4,CONTEXT_ONLY,CONTINUATION,ELASTIC_NET_LOGISTIC,F27,-0.346241002016709
60,300,4,CONTEXT_ONLY,CONTINUATION,ELASTIC_NET_LOGISTIC,F28,0.03110665487693388
60,300,4,CONTEXT_ONLY,CONTINUATION,ELASTIC_NET_LOGISTIC,F29,0.07699821102538018
60,300,4,CONTEXT_ONLY,CONTINUATION,ELASTIC_NET_LOGISTIC,F36,-0.03738100896758478
60,300,4,CONTEXT_ONLY,REVERSAL,ELASTIC_NET_REGRESSION,F01,-0.0
60,300,4,CONTEXT_ONLY,REVERSAL,ELASTIC_NET_REGRESSION,F02,-0.0
60,300,4,CONTEXT_ONLY,REVERSAL,ELASTIC_NET_REGRESSION,F03,0.0
60,300,4,CONTEXT_ONLY,REVERSAL,ELASTIC_NET_REGRESSION,F04,0.0
60,300,4,CONTEXT_ONLY,REVERSAL,ELASTIC_NET_REGRESSION,F05,-0.0046895395519128856
60,300,4,CONTEXT_ONLY,REVERSAL,ELASTIC_NET_REGRESSION,F06,-0.0
60,300,4,CONTEXT_ONLY,REVERSAL,ELASTIC_NET_REGRESSION,F07,-0.0351277809163548
60,300,4,CONTEXT_ONLY,REVERSAL,ELASTIC_NET_REGRESSION,F08,0.0016647282999048866
60,300,4,CONTEXT_ONLY,REVERSAL,ELASTIC_NET_REGRESSION,F09,0.0
60,300,4,CONTEXT_ONLY,REVERSAL,ELASTIC_NET_REGRESSION,F10,-0.15222913436147364
60,300,4,CONTEXT_ONLY,REVERSAL,ELASTIC_NET_REGRESSION,F11,0.0
60,300,4,CONTEXT_ONLY,REVERSAL,ELASTIC_NET_REGRESSION,F12,-0.0
60,300,4,CONTEXT_ONLY,REVERSAL,ELASTIC_NET_REGRESSION,F13,0.3238357727697436
60,300,4,CONTEXT_ONLY,REVERSAL,ELASTIC_NET_REGRESSION,F14,0.02300455071461004
60,300,4,CONTEXT_ONLY,REVERSAL,ELASTIC_NET_REGRESSION,F15,-0.0
60,300,4,CONTEXT_ONLY,REVERSAL,ELASTIC_NET_REGRESSION,F16,-0.10551697872758109
60,300,4,CONTEXT_ONLY,REVERSAL,ELASTIC_NET_REGRESSION,F17,-0.0
60,300,4,CONTEXT_ONLY,REVERSAL,ELASTIC_NET_REGRESSION,F18,-0.0
60,300,4,CONTEXT_ONLY,REVERSAL,ELASTIC_NET_REGRESSION,F19,-0.3642442616939804
60,300,4,CONTEXT_ONLY,REVERSAL,ELASTIC_NET_REGRESSION,F20,-0.0
60,300,4,CONTEXT_ONLY,REVERSAL,ELASTIC_NET_REGRESSION,F21,-0.0
60,300,4,CONTEXT_ONLY,REVERSAL,ELASTIC_NET_REGRESSION,F22,-0.0
60,300,4,CONTEXT_ONLY,REVERSAL,ELASTIC_NET_REGRESSION,F23,0.18903500357340158
60,300,4,CONTEXT_ONLY,REVERSAL,ELASTIC_NET_REGRESSION,F24,-0.0
60,300,4,CONTEXT_ONLY,REVERSAL,ELASTIC_NET_REGRESSION,F25,0.0
60,300,4,CONTEXT_ONLY,REVERSAL,ELASTIC_NET_REGRESSION,F26,-0.0
60,300,4,CONTEXT_ONLY,REVERSAL,ELASTIC_NET_REGRESSION,F27,0.0
60,300,4,CONTEXT_ONLY,REVERSAL,ELASTIC_NET_REGRESSION,F28,-0.0
60,300,4,CONTEXT_ONLY,REVERSAL,ELASTIC_NET_REGRESSION,F29,-0.07621530682572032
60,300,4,CONTEXT_ONLY,REVERSAL,ELASTIC_NET_REGRESSION,F36,0.07549697568732218
60,300,4,CONTEXT_ONLY,REVERSAL,ELASTIC_NET_LOGISTIC,F01,0.0
60,300,4,CONTEXT_ONLY,REVERSAL,ELASTIC_NET_LOGISTIC,F02,0.0
60,300,4,CONTEXT_ONLY,REVERSAL,ELASTIC_NET_LOGISTIC,F03,0.0
60,300,4,CONTEXT_ONLY,REVERSAL,ELASTIC_NET_LOGISTIC,F04,0.0
60,300,4,CONTEXT_ONLY,REVERSAL,ELASTIC_NET_LOGISTIC,F05,-0.06739306776765053
60,300,4,CONTEXT_ONLY,REVERSAL,ELASTIC_NET_LOGISTIC,F06,0.0
60,300,4,CONTEXT_ONLY,REVERSAL,ELASTIC_NET_LOGISTIC,F07,0.0
60,300,4,CONTEXT_ONLY,REVERSAL,ELASTIC_NET_LOGISTIC,F08,0.0
60,300,4,CONTEXT_ONLY,REVERSAL,ELASTIC_NET_LOGISTIC,F09,0.0
60,300,4,CONTEXT_ONLY,REVERSAL,ELASTIC_NET_LOGISTIC,F10,0.0
60,300,4,CONTEXT_ONLY,REVERSAL,ELASTIC_NET_LOGISTIC,F11,0.0
60,300,4,CONTEXT_ONLY,REVERSAL,ELASTIC_NET_LOGISTIC,F12,0.0
60,300,4,CONTEXT_ONLY,REVERSAL,ELASTIC_NET_LOGISTIC,F13,0.027334229220277662
60,300,4,CONTEXT_ONLY,REVERSAL,ELASTIC_NET_LOGISTIC,F14,0.0
60,300,4,CONTEXT_ONLY,REVERSAL,ELASTIC_NET_LOGISTIC,F15,0.0
60,300,4,CONTEXT_ONLY,REVERSAL,ELASTIC_NET_LOGISTIC,F16,0.0
60,300,4,CONTEXT_ONLY,REVERSAL,ELASTIC_NET_LOGISTIC,F17,0.0
60,300,4,CONTEXT_ONLY,REVERSAL,ELASTIC_NET_LOGISTIC,F18,0.0
60,300,4,CONTEXT_ONLY,REVERSAL,ELASTIC_NET_LOGISTIC,F19,0.0
60,300,4,CONTEXT_ONLY,REVERSAL,ELASTIC_NET_LOGISTIC,F20,0.0
60,300,4,CONTEXT_ONLY,REVERSAL,ELASTIC_NET_LOGISTIC,F21,0.0
60,300,4,CONTEXT_ONLY,REVERSAL,ELASTIC_NET_LOGISTIC,F22,0.0
60,300,4,CONTEXT_ONLY,REVERSAL,ELASTIC_NET_LOGISTIC,F23,0.09153749039341631
60,300,4,CONTEXT_ONLY,REVERSAL,ELASTIC_NET_LOGISTIC,F24,0.0
60,300,4,CONTEXT_ONLY,REVERSAL,ELASTIC_NET_LOGISTIC,F25,0.040655931167521156
60,300,4,CONTEXT_ONLY,REVERSAL,ELASTIC_NET_LOGISTIC,F26,-0.19740489181418738
60,300,4,CONTEXT_ONLY,REVERSAL,ELASTIC_NET_LOGISTIC,F27,0.0
60,300,4,CONTEXT_ONLY,REVERSAL,ELASTIC_NET_LOGISTIC,F28,0.12273255357697534
60,300,4,CONTEXT_ONLY,REVERSAL,ELASTIC_NET_LOGISTIC,F29,0.0
60,300,4,CONTEXT_ONLY,REVERSAL,ELASTIC_NET_LOGISTIC,F36,0.0184349092945286
60,300,4,CONTEXT_PLUS_SHOCK,CONTINUATION,ELASTIC_NET_REGRESSION,F01,0.0
60,300,4,CONTEXT_PLUS_SHOCK,CONTINUATION,ELASTIC_NET_REGRESSION,F02,0.0
60,300,4,CONTEXT_PLUS_SHOCK,CONTINUATION,ELASTIC_NET_REGRESSION,F03,-0.0
60,300,4,CONTEXT_PLUS_SHOCK,CONTINUATION,ELASTIC_NET_REGRESSION,F04,-0.0
60,300,4,CONTEXT_PLUS_SHOCK,CONTINUATION,ELASTIC_NET_REGRESSION,F05,0.006043354433556954
60,300,4,CONTEXT_PLUS_SHOCK,CONTINUATION,ELASTIC_NET_REGRESSION,F06,0.0
60,300,4,CONTEXT_PLUS_SHOCK,CONTINUATION,ELASTIC_NET_REGRESSION,F07,0.03077800591878468
60,300,4,CONTEXT_PLUS_SHOCK,CONTINUATION,ELASTIC_NET_REGRESSION,F08,-0.0
60,300,4,CONTEXT_PLUS_SHOCK,CONTINUATION,ELASTIC_NET_REGRESSION,F09,-0.0
60,300,4,CONTEXT_PLUS_SHOCK,CONTINUATION,ELASTIC_NET_REGRESSION,F10,0.14914629867155002
60,300,4,CONTEXT_PLUS_SHOCK,CONTINUATION,ELASTIC_NET_REGRESSION,F11,-0.0
60,300,4,CONTEXT_PLUS_SHOCK,CONTINUATION,ELASTIC_NET_REGRESSION,F12,0.0
60,300,4,CONTEXT_PLUS_SHOCK,CONTINUATION,ELASTIC_NET_REGRESSION,F13,-0.32412819208909455
60,300,4,CONTEXT_PLUS_SHOCK,CONTINUATION,ELASTIC_NET_REGRESSION,F14,-0.025723273107302567
60,300,4,CONTEXT_PLUS_SHOCK,CONTINUATION,ELASTIC_NET_REGRESSION,F15,0.0
60,300,4,CONTEXT_PLUS_SHOCK,CONTINUATION,ELASTIC_NET_REGRESSION,F16,0.12656708456999416
60,300,4,CONTEXT_PLUS_SHOCK,CONTINUATION,ELASTIC_NET_REGRESSION,F17,0.0
60,300,4,CONTEXT_PLUS_SHOCK,CONTINUATION,ELASTIC_NET_REGRESSION,F18,0.0
60,300,4,CONTEXT_PLUS_SHOCK,CONTINUATION,ELASTIC_NET_REGRESSION,F19,0.39770206707605554
60,300,4,CONTEXT_PLUS_SHOCK,CONTINUATION,ELASTIC_NET_REGRESSION,F20,0.0
60,300,4,CONTEXT_PLUS_SHOCK,CONTINUATION,ELASTIC_NET_REGRESSION,F21,0.0
60,300,4,CONTEXT_PLUS_SHOCK,CONTINUATION,ELASTIC_NET_REGRESSION,F22,0.0
60,300,4,CONTEXT_PLUS_SHOCK,CONTINUATION,ELASTIC_NET_REGRESSION,F23,-0.11042598545167387
60,300,4,CONTEXT_PLUS_SHOCK,CONTINUATION,ELASTIC_NET_REGRESSION,F24,0.0
60,300,4,CONTEXT_PLUS_SHOCK,CONTINUATION,ELASTIC_NET_REGRESSION,F25,-0.0
60,300,4,CONTEXT_PLUS_SHOCK,CONTINUATION,ELASTIC_NET_REGRESSION,F26,0.0
60,300,4,CONTEXT_PLUS_SHOCK,CONTINUATION,ELASTIC_NET_REGRESSION,F27,-0.0
60,300,4,CONTEXT_PLUS_SHOCK,CONTINUATION,ELASTIC_NET_REGRESSION,F28,0.0
60,300,4,CONTEXT_PLUS_SHOCK,CONTINUATION,ELASTIC_NET_REGRESSION,F29,0.06642676495239466
60,300,4,CONTEXT_PLUS_SHOCK,CONTINUATION,ELASTIC_NET_REGRESSION,F30,-0.03649737875115666
60,300,4,CONTEXT_PLUS_SHOCK,CONTINUATION,ELASTIC_NET_REGRESSION,F31,-0.08041368362879309
60,300,4,CONTEXT_PLUS_SHOCK,CONTINUATION,ELASTIC_NET_REGRESSION,F32,0.0
60,300,4,CONTEXT_PLUS_SHOCK,CONTINUATION,ELASTIC_NET_REGRESSION,F33,-0.04591358994449713
60,300,4,CONTEXT_PLUS_SHOCK,CONTINUATION,ELASTIC_NET_REGRESSION,F34,-0.0
60,300,4,CONTEXT_PLUS_SHOCK,CONTINUATION,ELASTIC_NET_REGRESSION,F35,0.0
60,300,4,CONTEXT_PLUS_SHOCK,CONTINUATION,ELASTIC_NET_REGRESSION,F36,-0.07675758047490955
60,300,4,CONTEXT_PLUS_SHOCK,CONTINUATION,ELASTIC_NET_LOGISTIC,F01,0.0
60,300,4,CONTEXT_PLUS_SHOCK,CONTINUATION,ELASTIC_NET_LOGISTIC,F02,0.0
60,300,4,CONTEXT_PLUS_SHOCK,CONTINUATION,ELASTIC_NET_LOGISTIC,F03,0.0
60,300,4,CONTEXT_PLUS_SHOCK,CONTINUATION,ELASTIC_NET_LOGISTIC,F04,0.0
60,300,4,CONTEXT_PLUS_SHOCK,CONTINUATION,ELASTIC_NET_LOGISTIC,F05,0.0
60,300,4,CONTEXT_PLUS_SHOCK,CONTINUATION,ELASTIC_NET_LOGISTIC,F06,0.0
60,300,4,CONTEXT_PLUS_SHOCK,CONTINUATION,ELASTIC_NET_LOGISTIC,F07,0.0
60,300,4,CONTEXT_PLUS_SHOCK,CONTINUATION,ELASTIC_NET_LOGISTIC,F08,-0.04310160639917277
60,300,4,CONTEXT_PLUS_SHOCK,CONTINUATION,ELASTIC_NET_LOGISTIC,F09,0.0
60,300,4,CONTEXT_PLUS_SHOCK,CONTINUATION,ELASTIC_NET_LOGISTIC,F10,0.0
60,300,4,CONTEXT_PLUS_SHOCK,CONTINUATION,ELASTIC_NET_LOGISTIC,F11,0.0
60,300,4,CONTEXT_PLUS_SHOCK,CONTINUATION,ELASTIC_NET_LOGISTIC,F12,0.0
60,300,4,CONTEXT_PLUS_SHOCK,CONTINUATION,ELASTIC_NET_LOGISTIC,F13,-0.014409929862341606
60,300,4,CONTEXT_PLUS_SHOCK,CONTINUATION,ELASTIC_NET_LOGISTIC,F14,-0.014685960794044052
60,300,4,CONTEXT_PLUS_SHOCK,CONTINUATION,ELASTIC_NET_LOGISTIC,F15,0.0
60,300,4,CONTEXT_PLUS_SHOCK,CONTINUATION,ELASTIC_NET_LOGISTIC,F16,0.0
60,300,4,CONTEXT_PLUS_SHOCK,CONTINUATION,ELASTIC_NET_LOGISTIC,F17,0.0
60,300,4,CONTEXT_PLUS_SHOCK,CONTINUATION,ELASTIC_NET_LOGISTIC,F18,0.10452064416099763
60,300,4,CONTEXT_PLUS_SHOCK,CONTINUATION,ELASTIC_NET_LOGISTIC,F19,0.07251785330130683
60,300,4,CONTEXT_PLUS_SHOCK,CONTINUATION,ELASTIC_NET_LOGISTIC,F20,0.07445116158552803
60,300,4,CONTEXT_PLUS_SHOCK,CONTINUATION,ELASTIC_NET_LOGISTIC,F21,0.0
60,300,4,CONTEXT_PLUS_SHOCK,CONTINUATION,ELASTIC_NET_LOGISTIC,F22,0.0
60,300,4,CONTEXT_PLUS_SHOCK,CONTINUATION,ELASTIC_NET_LOGISTIC,F23,-0.05380973868921948
60,300,4,CONTEXT_PLUS_SHOCK,CONTINUATION,ELASTIC_NET_LOGISTIC,F24,0.0
60,300,4,CONTEXT_PLUS_SHOCK,CONTINUATION,ELASTIC_NET_LOGISTIC,F25,0.0
60,300,4,CONTEXT_PLUS_SHOCK,CONTINUATION,ELASTIC_NET_LOGISTIC,F26,-0.05614146986782328
60,300,4,CONTEXT_PLUS_SHOCK,CONTINUATION,ELASTIC_NET_LOGISTIC,F27,-0.3460618098904126
60,300,4,CONTEXT_PLUS_SHOCK,CONTINUATION,ELASTIC_NET_LOGISTIC,F28,0.028194961215041326
60,300,4,CONTEXT_PLUS_SHOCK,CONTINUATION,ELASTIC_NET_LOGISTIC,F29,0.07711618067457128
60,300,4,CONTEXT_PLUS_SHOCK,CONTINUATION,ELASTIC_NET_LOGISTIC,F30,-0.024994531757973552
60,300,4,CONTEXT_PLUS_SHOCK,CONTINUATION,ELASTIC_NET_LOGISTIC,F31,0.0
60,300,4,CONTEXT_PLUS_SHOCK,CONTINUATION,ELASTIC_NET_LOGISTIC,F32,0.0
60,300,4,CONTEXT_PLUS_SHOCK,CONTINUATION,ELASTIC_NET_LOGISTIC,F33,0.0
60,300,4,CONTEXT_PLUS_SHOCK,CONTINUATION,ELASTIC_NET_LOGISTIC,F34,0.0
60,300,4,CONTEXT_PLUS_SHOCK,CONTINUATION,ELASTIC_NET_LOGISTIC,F35,0.0
60,300,4,CONTEXT_PLUS_SHOCK,CONTINUATION,ELASTIC_NET_LOGISTIC,F36,-0.038465159470020736
60,300,4,CONTEXT_PLUS_SHOCK,REVERSAL,ELASTIC_NET_REGRESSION,F01,-0.0010310557102846999
60,300,4,CONTEXT_PLUS_SHOCK,REVERSAL,ELASTIC_NET_REGRESSION,F02,-0.0
60,300,4,CONTEXT_PLUS_SHOCK,REVERSAL,ELASTIC_NET_REGRESSION,F03,0.0
60,300,4,CONTEXT_PLUS_SHOCK,REVERSAL,ELASTIC_NET_REGRESSION,F04,0.0
60,300,4,CONTEXT_PLUS_SHOCK,REVERSAL,ELASTIC_NET_REGRESSION,F05,-0.004943974709770442
60,300,4,CONTEXT_PLUS_SHOCK,REVERSAL,ELASTIC_NET_REGRESSION,F06,-0.0
60,300,4,CONTEXT_PLUS_SHOCK,REVERSAL,ELASTIC_NET_REGRESSION,F07,-0.03370143175793394
60,300,4,CONTEXT_PLUS_SHOCK,REVERSAL,ELASTIC_NET_REGRESSION,F08,0.0
60,300,4,CONTEXT_PLUS_SHOCK,REVERSAL,ELASTIC_NET_REGRESSION,F09,0.0
60,300,4,CONTEXT_PLUS_SHOCK,REVERSAL,ELASTIC_NET_REGRESSION,F10,-0.15094500853127665
60,300,4,CONTEXT_PLUS_SHOCK,REVERSAL,ELASTIC_NET_REGRESSION,F11,0.0
60,300,4,CONTEXT_PLUS_SHOCK,REVERSAL,ELASTIC_NET_REGRESSION,F12,-0.0
60,300,4,CONTEXT_PLUS_SHOCK,REVERSAL,ELASTIC_NET_REGRESSION,F13,0.3281866916939042
60,300,4,CONTEXT_PLUS_SHOCK,REVERSAL,ELASTIC_NET_REGRESSION,F14,0.02717635485323881
60,300,4,CONTEXT_PLUS_SHOCK,REVERSAL,ELASTIC_NET_REGRESSION,F15,-0.0
60,300,4,CONTEXT_PLUS_SHOCK,REVERSAL,ELASTIC_NET_REGRESSION,F16,-0.11579165651534239
60,300,4,CONTEXT_PLUS_SHOCK,REVERSAL,ELASTIC_NET_REGRESSION,F17,-0.0
60,300,4,CONTEXT_PLUS_SHOCK,REVERSAL,ELASTIC_NET_REGRESSION,F18,-0.0
60,300,4,CONTEXT_PLUS_SHOCK,REVERSAL,ELASTIC_NET_REGRESSION,F19,-0.4027103765152539
60,300,4,CONTEXT_PLUS_SHOCK,REVERSAL,ELASTIC_NET_REGRESSION,F20,-0.0
60,300,4,CONTEXT_PLUS_SHOCK,REVERSAL,ELASTIC_NET_REGRESSION,F21,-0.0
60,300,4,CONTEXT_PLUS_SHOCK,REVERSAL,ELASTIC_NET_REGRESSION,F22,-0.0
60,300,4,CONTEXT_PLUS_SHOCK,REVERSAL,ELASTIC_NET_REGRESSION,F23,0.13051485325846626
60,300,4,CONTEXT_PLUS_SHOCK,REVERSAL,ELASTIC_NET_REGRESSION,F24,-0.0
60,300,4,CONTEXT_PLUS_SHOCK,REVERSAL,ELASTIC_NET_REGRESSION,F25,0.0
60,300,4,CONTEXT_PLUS_SHOCK,REVERSAL,ELASTIC_NET_REGRESSION,F26,-0.0
60,300,4,CONTEXT_PLUS_SHOCK,REVERSAL,ELASTIC_NET_REGRESSION,F27,0.0
60,300,4,CONTEXT_PLUS_SHOCK,REVERSAL,ELASTIC_NET_REGRESSION,F28,-0.0
60,300,4,CONTEXT_PLUS_SHOCK,REVERSAL,ELASTIC_NET_REGRESSION,F29,-0.07240677295245362
60,300,4,CONTEXT_PLUS_SHOCK,REVERSAL,ELASTIC_NET_REGRESSION,F30,0.03683118172568383
60,300,4,CONTEXT_PLUS_SHOCK,REVERSAL,ELASTIC_NET_REGRESSION,F31,0.055275821278442355
60,300,4,CONTEXT_PLUS_SHOCK,REVERSAL,ELASTIC_NET_REGRESSION,F32,0.0
60,300,4,CONTEXT_PLUS_SHOCK,REVERSAL,ELASTIC_NET_REGRESSION,F33,0.06660854688179967
60,300,4,CONTEXT_PLUS_SHOCK,REVERSAL,ELASTIC_NET_REGRESSION,F34,0.0
60,300,4,CONTEXT_PLUS_SHOCK,REVERSAL,ELASTIC_NET_REGRESSION,F35,-0.0
60,300,4,CONTEXT_PLUS_SHOCK,REVERSAL,ELASTIC_NET_REGRESSION,F36,0.07891046055038525
60,300,4,CONTEXT_PLUS_SHOCK,REVERSAL,ELASTIC_NET_LOGISTIC,F01,0.0
60,300,4,CONTEXT_PLUS_SHOCK,REVERSAL,ELASTIC_NET_LOGISTIC,F02,-0.0028902949768564255
60,300,4,CONTEXT_PLUS_SHOCK,REVERSAL,ELASTIC_NET_LOGISTIC,F03,0.0
60,300,4,CONTEXT_PLUS_SHOCK,REVERSAL,ELASTIC_NET_LOGISTIC,F04,0.0
60,300,4,CONTEXT_PLUS_SHOCK,REVERSAL,ELASTIC_NET_LOGISTIC,F05,-0.06403130687589347
60,300,4,CONTEXT_PLUS_SHOCK,REVERSAL,ELASTIC_NET_LOGISTIC,F06,0.0
60,300,4,CONTEXT_PLUS_SHOCK,REVERSAL,ELASTIC_NET_LOGISTIC,F07,0.0
60,300,4,CONTEXT_PLUS_SHOCK,REVERSAL,ELASTIC_NET_LOGISTIC,F08,0.0
60,300,4,CONTEXT_PLUS_SHOCK,REVERSAL,ELASTIC_NET_LOGISTIC,F09,0.0
60,300,4,CONTEXT_PLUS_SHOCK,REVERSAL,ELASTIC_NET_LOGISTIC,F10,0.0
60,300,4,CONTEXT_PLUS_SHOCK,REVERSAL,ELASTIC_NET_LOGISTIC,F11,0.0
60,300,4,CONTEXT_PLUS_SHOCK,REVERSAL,ELASTIC_NET_LOGISTIC,F12,0.0
60,300,4,CONTEXT_PLUS_SHOCK,REVERSAL,ELASTIC_NET_LOGISTIC,F13,0.02217012629901041
60,300,4,CONTEXT_PLUS_SHOCK,REVERSAL,ELASTIC_NET_LOGISTIC,F14,0.0
60,300,4,CONTEXT_PLUS_SHOCK,REVERSAL,ELASTIC_NET_LOGISTIC,F15,0.0
60,300,4,CONTEXT_PLUS_SHOCK,REVERSAL,ELASTIC_NET_LOGISTIC,F16,0.0
60,300,4,CONTEXT_PLUS_SHOCK,REVERSAL,ELASTIC_NET_LOGISTIC,F17,0.0
60,300,4,CONTEXT_PLUS_SHOCK,REVERSAL,ELASTIC_NET_LOGISTIC,F18,0.0
60,300,4,CONTEXT_PLUS_SHOCK,REVERSAL,ELASTIC_NET_LOGISTIC,F19,0.0
60,300,4,CONTEXT_PLUS_SHOCK,REVERSAL,ELASTIC_NET_LOGISTIC,F20,0.0
60,300,4,CONTEXT_PLUS_SHOCK,REVERSAL,ELASTIC_NET_LOGISTIC,F21,0.0
60,300,4,CONTEXT_PLUS_SHOCK,REVERSAL,ELASTIC_NET_LOGISTIC,F22,0.0
60,300,4,CONTEXT_PLUS_SHOCK,REVERSAL,ELASTIC_NET_LOGISTIC,F23,0.06650650511361404
60,300,4,CONTEXT_PLUS_SHOCK,REVERSAL,ELASTIC_NET_LOGISTIC,F24,0.0
60,300,4,CONTEXT_PLUS_SHOCK,REVERSAL,ELASTIC_NET_LOGISTIC,F25,0.04665786815771311
60,300,4,CONTEXT_PLUS_SHOCK,REVERSAL,ELASTIC_NET_LOGISTIC,F26,-0.21012423669008834
60,300,4,CONTEXT_PLUS_SHOCK,REVERSAL,ELASTIC_NET_LOGISTIC,F27,0.0
60,300,4,CONTEXT_PLUS_SHOCK,REVERSAL,ELASTIC_NET_LOGISTIC,F28,0.09424372462657082
60,300,4,CONTEXT_PLUS_SHOCK,REVERSAL,ELASTIC_NET_LOGISTIC,F29,0.0
60,300,4,CONTEXT_PLUS_SHOCK,REVERSAL,ELASTIC_NET_LOGISTIC,F30,0.023732480169760168
60,300,4,CONTEXT_PLUS_SHOCK,REVERSAL,ELASTIC_NET_LOGISTIC,F31,0.0
60,300,4,CONTEXT_PLUS_SHOCK,REVERSAL,ELASTIC_NET_LOGISTIC,F32,0.0
60,300,4,CONTEXT_PLUS_SHOCK,REVERSAL,ELASTIC_NET_LOGISTIC,F33,0.08297161096272446
60,300,4,CONTEXT_PLUS_SHOCK,REVERSAL,ELASTIC_NET_LOGISTIC,F34,-0.006467420798203268
60,300,4,CONTEXT_PLUS_SHOCK,REVERSAL,ELASTIC_NET_LOGISTIC,F35,0.0
60,300,4,CONTEXT_PLUS_SHOCK,REVERSAL,ELASTIC_NET_LOGISTIC,F36,0.022508416531734177
60,600,0,CONTEXT_ONLY,CONTINUATION,ELASTIC_NET_REGRESSION,F01,0.0
60,600,0,CONTEXT_ONLY,CONTINUATION,ELASTIC_NET_REGRESSION,F02,0.0
60,600,0,CONTEXT_ONLY,CONTINUATION,ELASTIC_NET_REGRESSION,F03,-0.2533175389115055
60,600,0,CONTEXT_ONLY,CONTINUATION,ELASTIC_NET_REGRESSION,F04,-0.0
60,600,0,CONTEXT_ONLY,CONTINUATION,ELASTIC_NET_REGRESSION,F05,1.2149190702505595
60,600,0,CONTEXT_ONLY,CONTINUATION,ELASTIC_NET_REGRESSION,F06,0.8008384737186989
60,600,0,CONTEXT_ONLY,CONTINUATION,ELASTIC_NET_REGRESSION,F07,0.4637390824145227
60,600,0,CONTEXT_ONLY,CONTINUATION,ELASTIC_NET_REGRESSION,F08,0.11776619293026415
60,600,0,CONTEXT_ONLY,CONTINUATION,ELASTIC_NET_REGRESSION,F09,0.6675433246933006
60,600,0,CONTEXT_ONLY,CONTINUATION,ELASTIC_NET_REGRESSION,F10,0.859266162641479
60,600,0,CONTEXT_ONLY,CONTINUATION,ELASTIC_NET_REGRESSION,F11,-0.2359667193896817
60,600,0,CONTEXT_ONLY,CONTINUATION,ELASTIC_NET_REGRESSION,F12,-0.6231195090509978
60,600,0,CONTEXT_ONLY,CONTINUATION,ELASTIC_NET_REGRESSION,F13,0.39231056327315317
60,600,0,CONTEXT_ONLY,CONTINUATION,ELASTIC_NET_REGRESSION,F14,-0.8168935594937776
60,600,0,CONTEXT_ONLY,CONTINUATION,ELASTIC_NET_REGRESSION,F15,-0.7701029824989536
60,600,0,CONTEXT_ONLY,CONTINUATION,ELASTIC_NET_REGRESSION,F16,-0.0
60,600,0,CONTEXT_ONLY,CONTINUATION,ELASTIC_NET_REGRESSION,F17,-0.0019903316364463567
60,600,0,CONTEXT_ONLY,CONTINUATION,ELASTIC_NET_REGRESSION,F18,-0.03619439538139726
60,600,0,CONTEXT_ONLY,CONTINUATION,ELASTIC_NET_REGRESSION,F19,-0.5319477423527188
60,600,0,CONTEXT_ONLY,CONTINUATION,ELASTIC_NET_REGRESSION,F20,0.6448821598740913
60,600,0,CONTEXT_ONLY,CONTINUATION,ELASTIC_NET_REGRESSION,F21,-0.14462129026550377
60,600,0,CONTEXT_ONLY,CONTINUATION,ELASTIC_NET_REGRESSION,F22,-0.0
60,600,0,CONTEXT_ONLY,CONTINUATION,ELASTIC_NET_REGRESSION,F23,-0.04776292659603325
60,600,0,CONTEXT_ONLY,CONTINUATION,ELASTIC_NET_REGRESSION,F24,0.33224467692746146
60,600,0,CONTEXT_ONLY,CONTINUATION,ELASTIC_NET_REGRESSION,F25,-0.0
60,600,0,CONTEXT_ONLY,CONTINUATION,ELASTIC_NET_REGRESSION,F26,0.0
60,600,0,CONTEXT_ONLY,CONTINUATION,ELASTIC_NET_REGRESSION,F27,0.5023113845062857
60,600,0,CONTEXT_ONLY,CONTINUATION,ELASTIC_NET_REGRESSION,F28,0.35716032680868637
60,600,0,CONTEXT_ONLY,CONTINUATION,ELASTIC_NET_REGRESSION,F29,-0.21015727238811446
60,600,0,CONTEXT_ONLY,CONTINUATION,ELASTIC_NET_REGRESSION,F36,-0.7816662162041539
60,600,0,CONTEXT_ONLY,CONTINUATION,ELASTIC_NET_LOGISTIC,F01,-0.4148934110840207
60,600,0,CONTEXT_ONLY,CONTINUATION,ELASTIC_NET_LOGISTIC,F02,0.32927565185532226
60,600,0,CONTEXT_ONLY,CONTINUATION,ELASTIC_NET_LOGISTIC,F03,-0.43397066160014364
60,600,0,CONTEXT_ONLY,CONTINUATION,ELASTIC_NET_LOGISTIC,F04,0.43295218686351733
60,600,0,CONTEXT_ONLY,CONTINUATION,ELASTIC_NET_LOGISTIC,F05,0.6929262848107011
60,600,0,CONTEXT_ONLY,CONTINUATION,ELASTIC_NET_LOGISTIC,F06,0.3720264158239929
60,600,0,CONTEXT_ONLY,CONTINUATION,ELASTIC_NET_LOGISTIC,F07,0.43073404340578436
60,600,0,CONTEXT_ONLY,CONTINUATION,ELASTIC_NET_LOGISTIC,F08,-0.07374088935117407
60,600,0,CONTEXT_ONLY,CONTINUATION,ELASTIC_NET_LOGISTIC,F09,0.2899998566941473
60,600,0,CONTEXT_ONLY,CONTINUATION,ELASTIC_NET_LOGISTIC,F10,0.3781536222825344
60,600,0,CONTEXT_ONLY,CONTINUATION,ELASTIC_NET_LOGISTIC,F11,-0.3785532379278211
60,600,0,CONTEXT_ONLY,CONTINUATION,ELASTIC_NET_LOGISTIC,F12,0.24168427233623596
60,600,0,CONTEXT_ONLY,CONTINUATION,ELASTIC_NET_LOGISTIC,F13,-0.12025067800801367
60,600,0,CONTEXT_ONLY,CONTINUATION,ELASTIC_NET_LOGISTIC,F14,-0.28832428948650274
60,600,0,CONTEXT_ONLY,CONTINUATION,ELASTIC_NET_LOGISTIC,F15,-0.9536300252822454
60,600,0,CONTEXT_ONLY,CONTINUATION,ELASTIC_NET_LOGISTIC,F16,0.022044619083080138
60,600,0,CONTEXT_ONLY,CONTINUATION,ELASTIC_NET_LOGISTIC,F17,-0.012764600446203912
60,600,0,CONTEXT_ONLY,CONTINUATION,ELASTIC_NET_LOGISTIC,F18,-0.22969476432929123
60,600,0,CONTEXT_ONLY,CONTINUATION,ELASTIC_NET_LOGISTIC,F19,-0.7483073099673757
60,600,0,CONTEXT_ONLY,CONTINUATION,ELASTIC_NET_LOGISTIC,F20,0.1443643176716874
60,600,0,CONTEXT_ONLY,CONTINUATION,ELASTIC_NET_LOGISTIC,F21,-0.47095936950478845
60,600,0,CONTEXT_ONLY,CONTINUATION,ELASTIC_NET_LOGISTIC,F22,0.5945975507125973
60,600,0,CONTEXT_ONLY,CONTINUATION,ELASTIC_NET_LOGISTIC,F23,-0.1245914017145864
60,600,0,CONTEXT_ONLY,CONTINUATION,ELASTIC_NET_LOGISTIC,F24,0.5330617942935095
60,600,0,CONTEXT_ONLY,CONTINUATION,ELASTIC_NET_LOGISTIC,F25,0.06234079325372626
60,600,0,CONTEXT_ONLY,CONTINUATION,ELASTIC_NET_LOGISTIC,F26,-0.7053499248747211
60,600,0,CONTEXT_ONLY,CONTINUATION,ELASTIC_NET_LOGISTIC,F27,0.07384067151941023
60,600,0,CONTEXT_ONLY,CONTINUATION,ELASTIC_NET_LOGISTIC,F28,0.6658746562670683
60,600,0,CONTEXT_ONLY,CONTINUATION,ELASTIC_NET_LOGISTIC,F29,0.1619223956082089
60,600,0,CONTEXT_ONLY,CONTINUATION,ELASTIC_NET_LOGISTIC,F36,0.0015426207170669013
60,600,0,CONTEXT_ONLY,REVERSAL,ELASTIC_NET_REGRESSION,F01,-0.0
60,600,0,CONTEXT_ONLY,REVERSAL,ELASTIC_NET_REGRESSION,F02,-0.0
60,600,0,CONTEXT_ONLY,REVERSAL,ELASTIC_NET_REGRESSION,F03,0.2911629787040859
60,600,0,CONTEXT_ONLY,REVERSAL,ELASTIC_NET_REGRESSION,F04,0.0
60,600,0,CONTEXT_ONLY,REVERSAL,ELASTIC_NET_REGRESSION,F05,-1.2122481804495557
60,600,0,CONTEXT_ONLY,REVERSAL,ELASTIC_NET_REGRESSION,F06,-0.7803712211777342
60,600,0,CONTEXT_ONLY,REVERSAL,ELASTIC_NET_REGRESSION,F07,-0.4667126739155247
60,600,0,CONTEXT_ONLY,REVERSAL,ELASTIC_NET_REGRESSION,F08,-0.1251352060134237
60,600,0,CONTEXT_ONLY,REVERSAL,ELASTIC_NET_REGRESSION,F09,-0.6625315242090425
60,600,0,CONTEXT_ONLY,REVERSAL,ELASTIC_NET_REGRESSION,F10,-0.8354089005789029
60,600,0,CONTEXT_ONLY,REVERSAL,ELASTIC_NET_REGRESSION,F11,0.21840059482511082
60,600,0,CONTEXT_ONLY,REVERSAL,ELASTIC_NET_REGRESSION,F12,0.6075119274555641
60,600,0,CONTEXT_ONLY,REVERSAL,ELASTIC_NET_REGRESSION,F13,-0.3980414984432784
60,600,0,CONTEXT_ONLY,REVERSAL,ELASTIC_NET_REGRESSION,F14,0.801472177571349
60,600,0,CONTEXT_ONLY,REVERSAL,ELASTIC_NET_REGRESSION,F15,0.7512487475589303
60,600,0,CONTEXT_ONLY,REVERSAL,ELASTIC_NET_REGRESSION,F16,0.0
60,600,0,CONTEXT_ONLY,REVERSAL,ELASTIC_NET_REGRESSION,F17,0.0
60,600,0,CONTEXT_ONLY,REVERSAL,ELASTIC_NET_REGRESSION,F18,0.04029900460744593
60,600,0,CONTEXT_ONLY,REVERSAL,ELASTIC_NET_REGRESSION,F19,0.5223942877306914
60,600,0,CONTEXT_ONLY,REVERSAL,ELASTIC_NET_REGRESSION,F20,-0.6444829030681997
60,600,0,CONTEXT_ONLY,REVERSAL,ELASTIC_NET_REGRESSION,F21,0.14224876182713259
60,600,0,CONTEXT_ONLY,REVERSAL,ELASTIC_NET_REGRESSION,F22,0.0
60,600,0,CONTEXT_ONLY,REVERSAL,ELASTIC_NET_REGRESSION,F23,0.04409449554731625
60,600,0,CONTEXT_ONLY,REVERSAL,ELASTIC_NET_REGRESSION,F24,-0.32838645718795106
60,600,0,CONTEXT_ONLY,REVERSAL,ELASTIC_NET_REGRESSION,F25,0.0
60,600,0,CONTEXT_ONLY,REVERSAL,ELASTIC_NET_REGRESSION,F26,-0.0
60,600,0,CONTEXT_ONLY,REVERSAL,ELASTIC_NET_REGRESSION,F27,-0.48539872083649493
60,600,0,CONTEXT_ONLY,REVERSAL,ELASTIC_NET_REGRESSION,F28,-0.3389827948462799
60,600,0,CONTEXT_ONLY,REVERSAL,ELASTIC_NET_REGRESSION,F29,0.19648018374259615
60,600,0,CONTEXT_ONLY,REVERSAL,ELASTIC_NET_REGRESSION,F36,0.7859939215865664
60,600,0,CONTEXT_ONLY,REVERSAL,ELASTIC_NET_LOGISTIC,F01,0.0
60,600,0,CONTEXT_ONLY,REVERSAL,ELASTIC_NET_LOGISTIC,F02,0.0
60,600,0,CONTEXT_ONLY,REVERSAL,ELASTIC_NET_LOGISTIC,F03,0.0
60,600,0,CONTEXT_ONLY,REVERSAL,ELASTIC_NET_LOGISTIC,F04,0.0
60,600,0,CONTEXT_ONLY,REVERSAL,ELASTIC_NET_LOGISTIC,F05,-0.09326921588902772
60,600,0,CONTEXT_ONLY,REVERSAL,ELASTIC_NET_LOGISTIC,F06,0.0
60,600,0,CONTEXT_ONLY,REVERSAL,ELASTIC_NET_LOGISTIC,F07,0.0
60,600,0,CONTEXT_ONLY,REVERSAL,ELASTIC_NET_LOGISTIC,F08,0.0
60,600,0,CONTEXT_ONLY,REVERSAL,ELASTIC_NET_LOGISTIC,F09,0.0
60,600,0,CONTEXT_ONLY,REVERSAL,ELASTIC_NET_LOGISTIC,F10,0.0
60,600,0,CONTEXT_ONLY,REVERSAL,ELASTIC_NET_LOGISTIC,F11,0.0
60,600,0,CONTEXT_ONLY,REVERSAL,ELASTIC_NET_LOGISTIC,F12,0.0
60,600,0,CONTEXT_ONLY,REVERSAL,ELASTIC_NET_LOGISTIC,F13,0.0
60,600,0,CONTEXT_ONLY,REVERSAL,ELASTIC_NET_LOGISTIC,F14,0.0
60,600,0,CONTEXT_ONLY,REVERSAL,ELASTIC_NET_LOGISTIC,F15,0.0
60,600,0,CONTEXT_ONLY,REVERSAL,ELASTIC_NET_LOGISTIC,F16,0.0
60,600,0,CONTEXT_ONLY,REVERSAL,ELASTIC_NET_LOGISTIC,F17,0.0
60,600,0,CONTEXT_ONLY,REVERSAL,ELASTIC_NET_LOGISTIC,F18,0.0
60,600,0,CONTEXT_ONLY,REVERSAL,ELASTIC_NET_LOGISTIC,F19,0.0
60,600,0,CONTEXT_ONLY,REVERSAL,ELASTIC_NET_LOGISTIC,F20,0.0
60,600,0,CONTEXT_ONLY,REVERSAL,ELASTIC_NET_LOGISTIC,F21,0.0
60,600,0,CONTEXT_ONLY,REVERSAL,ELASTIC_NET_LOGISTIC,F22,0.0
60,600,0,CONTEXT_ONLY,REVERSAL,ELASTIC_NET_LOGISTIC,F23,0.0
60,600,0,CONTEXT_ONLY,REVERSAL,ELASTIC_NET_LOGISTIC,F24,0.0
60,600,0,CONTEXT_ONLY,REVERSAL,ELASTIC_NET_LOGISTIC,F25,0.0
60,600,0,CONTEXT_ONLY,REVERSAL,ELASTIC_NET_LOGISTIC,F26,0.0
60,600,0,CONTEXT_ONLY,REVERSAL,ELASTIC_NET_LOGISTIC,F27,0.0
60,600,0,CONTEXT_ONLY,REVERSAL,ELASTIC_NET_LOGISTIC,F28,0.0
60,600,0,CONTEXT_ONLY,REVERSAL,ELASTIC_NET_LOGISTIC,F29,0.0
60,600,0,CONTEXT_ONLY,REVERSAL,ELASTIC_NET_LOGISTIC,F36,0.0
60,600,0,CONTEXT_PLUS_SHOCK,CONTINUATION,ELASTIC_NET_REGRESSION,F01,0.0
60,600,0,CONTEXT_PLUS_SHOCK,CONTINUATION,ELASTIC_NET_REGRESSION,F02,0.0
60,600,0,CONTEXT_PLUS_SHOCK,CONTINUATION,ELASTIC_NET_REGRESSION,F03,-0.15683899345247693
60,600,0,CONTEXT_PLUS_SHOCK,CONTINUATION,ELASTIC_NET_REGRESSION,F04,-0.0
60,600,0,CONTEXT_PLUS_SHOCK,CONTINUATION,ELASTIC_NET_REGRESSION,F05,1.1972779286586905
60,600,0,CONTEXT_PLUS_SHOCK,CONTINUATION,ELASTIC_NET_REGRESSION,F06,0.6915920349770657
60,600,0,CONTEXT_PLUS_SHOCK,CONTINUATION,ELASTIC_NET_REGRESSION,F07,0.4587485961553643
60,600,0,CONTEXT_PLUS_SHOCK,CONTINUATION,ELASTIC_NET_REGRESSION,F08,0.023475963580496646
60,600,0,CONTEXT_PLUS_SHOCK,CONTINUATION,ELASTIC_NET_REGRESSION,F09,0.7027255260265001
60,600,0,CONTEXT_PLUS_SHOCK,CONTINUATION,ELASTIC_NET_REGRESSION,F10,0.8467489628522051
60,600,0,CONTEXT_PLUS_SHOCK,CONTINUATION,ELASTIC_NET_REGRESSION,F11,-0.1590882820094655
60,600,0,CONTEXT_PLUS_SHOCK,CONTINUATION,ELASTIC_NET_REGRESSION,F12,-0.6323507039291754
60,600,0,CONTEXT_PLUS_SHOCK,CONTINUATION,ELASTIC_NET_REGRESSION,F13,0.4341080647018269
60,600,0,CONTEXT_PLUS_SHOCK,CONTINUATION,ELASTIC_NET_REGRESSION,F14,-0.87177478571233
60,600,0,CONTEXT_PLUS_SHOCK,CONTINUATION,ELASTIC_NET_REGRESSION,F15,-0.616325018091669
60,600,0,CONTEXT_PLUS_SHOCK,CONTINUATION,ELASTIC_NET_REGRESSION,F16,-0.0
60,600,0,CONTEXT_PLUS_SHOCK,CONTINUATION,ELASTIC_NET_REGRESSION,F17,-0.0
60,600,0,CONTEXT_PLUS_SHOCK,CONTINUATION,ELASTIC_NET_REGRESSION,F18,-0.12123534977014873
60,600,0,CONTEXT_PLUS_SHOCK,CONTINUATION,ELASTIC_NET_REGRESSION,F19,-0.36855854772556473
60,600,0,CONTEXT_PLUS_SHOCK,CONTINUATION,ELASTIC_NET_REGRESSION,F20,0.5730324822508954
60,600,0,CONTEXT_PLUS_SHOCK,CONTINUATION,ELASTIC_NET_REGRESSION,F21,-0.4099026938690995
60,600,0,CONTEXT_PLUS_SHOCK,CONTINUATION,ELASTIC_NET_REGRESSION,F22,-0.0
60,600,0,CONTEXT_PLUS_SHOCK,CONTINUATION,ELASTIC_NET_REGRESSION,F23,-0.5836370019107074
60,600,0,CONTEXT_PLUS_SHOCK,CONTINUATION,ELASTIC_NET_REGRESSION,F24,0.42176515082842353
60,600,0,CONTEXT_PLUS_SHOCK,CONTINUATION,ELASTIC_NET_REGRESSION,F25,-0.0
60,600,0,CONTEXT_PLUS_SHOCK,CONTINUATION,ELASTIC_NET_REGRESSION,F26,-0.0
60,600,0,CONTEXT_PLUS_SHOCK,CONTINUATION,ELASTIC_NET_REGRESSION,F27,0.5291961675736211
60,600,0,CONTEXT_PLUS_SHOCK,CONTINUATION,ELASTIC_NET_REGRESSION,F28,0.5571596592016175
60,600,0,CONTEXT_PLUS_SHOCK,CONTINUATION,ELASTIC_NET_REGRESSION,F29,-0.452584529833647
60,600,0,CONTEXT_PLUS_SHOCK,CONTINUATION,ELASTIC_NET_REGRESSION,F30,-0.6424580351676584
60,600,0,CONTEXT_PLUS_SHOCK,CONTINUATION,ELASTIC_NET_REGRESSION,F31,0.887271319606304
60,600,0,CONTEXT_PLUS_SHOCK,CONTINUATION,ELASTIC_NET_REGRESSION,F32,0.0
60,600,0,CONTEXT_PLUS_SHOCK,CONTINUATION,ELASTIC_NET_REGRESSION,F33,-0.45066916408324237
60,600,0,CONTEXT_PLUS_SHOCK,CONTINUATION,ELASTIC_NET_REGRESSION,F34,-0.32065110701125465
60,600,0,CONTEXT_PLUS_SHOCK,CONTINUATION,ELASTIC_NET_REGRESSION,F35,0.45787689933643766
60,600,0,CONTEXT_PLUS_SHOCK,CONTINUATION,ELASTIC_NET_REGRESSION,F36,-0.7291506203341469
60,600,0,CONTEXT_PLUS_SHOCK,CONTINUATION,ELASTIC_NET_LOGISTIC,F01,0.0
60,600,0,CONTEXT_PLUS_SHOCK,CONTINUATION,ELASTIC_NET_LOGISTIC,F02,0.0
60,600,0,CONTEXT_PLUS_SHOCK,CONTINUATION,ELASTIC_NET_LOGISTIC,F03,0.0
60,600,0,CONTEXT_PLUS_SHOCK,CONTINUATION,ELASTIC_NET_LOGISTIC,F04,0.0
60,600,0,CONTEXT_PLUS_SHOCK,CONTINUATION,ELASTIC_NET_LOGISTIC,F05,0.17719739794344355
60,600,0,CONTEXT_PLUS_SHOCK,CONTINUATION,ELASTIC_NET_LOGISTIC,F06,0.0
60,600,0,CONTEXT_PLUS_SHOCK,CONTINUATION,ELASTIC_NET_LOGISTIC,F07,0.0
60,600,0,CONTEXT_PLUS_SHOCK,CONTINUATION,ELASTIC_NET_LOGISTIC,F08,0.0
60,600,0,CONTEXT_PLUS_SHOCK,CONTINUATION,ELASTIC_NET_LOGISTIC,F09,0.0
60,600,0,CONTEXT_PLUS_SHOCK,CONTINUATION,ELASTIC_NET_LOGISTIC,F10,0.0
60,600,0,CONTEXT_PLUS_SHOCK,CONTINUATION,ELASTIC_NET_LOGISTIC,F11,-0.05148520386199446
60,600,0,CONTEXT_PLUS_SHOCK,CONTINUATION,ELASTIC_NET_LOGISTIC,F12,0.0
60,600,0,CONTEXT_PLUS_SHOCK,CONTINUATION,ELASTIC_NET_LOGISTIC,F13,0.0
60,600,0,CONTEXT_PLUS_SHOCK,CONTINUATION,ELASTIC_NET_LOGISTIC,F14,-0.05289378154294151
60,600,0,CONTEXT_PLUS_SHOCK,CONTINUATION,ELASTIC_NET_LOGISTIC,F15,0.0
60,600,0,CONTEXT_PLUS_SHOCK,CONTINUATION,ELASTIC_NET_LOGISTIC,F16,0.002365380901205721
60,600,0,CONTEXT_PLUS_SHOCK,CONTINUATION,ELASTIC_NET_LOGISTIC,F17,0.0
60,600,0,CONTEXT_PLUS_SHOCK,CONTINUATION,ELASTIC_NET_LOGISTIC,F18,0.0
60,600,0,CONTEXT_PLUS_SHOCK,CONTINUATION,ELASTIC_NET_LOGISTIC,F19,0.0
60,600,0,CONTEXT_PLUS_SHOCK,CONTINUATION,ELASTIC_NET_LOGISTIC,F20,0.0
60,600,0,CONTEXT_PLUS_SHOCK,CONTINUATION,ELASTIC_NET_LOGISTIC,F21,0.0
60,600,0,CONTEXT_PLUS_SHOCK,CONTINUATION,ELASTIC_NET_LOGISTIC,F22,0.0
60,600,0,CONTEXT_PLUS_SHOCK,CONTINUATION,ELASTIC_NET_LOGISTIC,F23,0.0
60,600,0,CONTEXT_PLUS_SHOCK,CONTINUATION,ELASTIC_NET_LOGISTIC,F24,0.0
60,600,0,CONTEXT_PLUS_SHOCK,CONTINUATION,ELASTIC_NET_LOGISTIC,F25,0.0
60,600,0,CONTEXT_PLUS_SHOCK,CONTINUATION,ELASTIC_NET_LOGISTIC,F26,-0.18411822086664698
60,600,0,CONTEXT_PLUS_SHOCK,CONTINUATION,ELASTIC_NET_LOGISTIC,F27,-0.01287924513182467
60,600,0,CONTEXT_PLUS_SHOCK,CONTINUATION,ELASTIC_NET_LOGISTIC,F28,0.24682137500007198
60,600,0,CONTEXT_PLUS_SHOCK,CONTINUATION,ELASTIC_NET_LOGISTIC,F29,0.0
60,600,0,CONTEXT_PLUS_SHOCK,CONTINUATION,ELASTIC_NET_LOGISTIC,F30,0.0
60,600,0,CONTEXT_PLUS_SHOCK,CONTINUATION,ELASTIC_NET_LOGISTIC,F31,0.0
60,600,0,CONTEXT_PLUS_SHOCK,CONTINUATION,ELASTIC_NET_LOGISTIC,F32,0.0
60,600,0,CONTEXT_PLUS_SHOCK,CONTINUATION,ELASTIC_NET_LOGISTIC,F33,0.0
60,600,0,CONTEXT_PLUS_SHOCK,CONTINUATION,ELASTIC_NET_LOGISTIC,F34,-0.1517024964845354
60,600,0,CONTEXT_PLUS_SHOCK,CONTINUATION,ELASTIC_NET_LOGISTIC,F35,0.0
60,600,0,CONTEXT_PLUS_SHOCK,CONTINUATION,ELASTIC_NET_LOGISTIC,F36,0.0
60,600,0,CONTEXT_PLUS_SHOCK,REVERSAL,ELASTIC_NET_REGRESSION,F01,-0.0
60,600,0,CONTEXT_PLUS_SHOCK,REVERSAL,ELASTIC_NET_REGRESSION,F02,-0.0
60,600,0,CONTEXT_PLUS_SHOCK,REVERSAL,ELASTIC_NET_REGRESSION,F03,0.19043401281707095
60,600,0,CONTEXT_PLUS_SHOCK,REVERSAL,ELASTIC_NET_REGRESSION,F04,0.0
60,600,0,CONTEXT_PLUS_SHOCK,REVERSAL,ELASTIC_NET_REGRESSION,F05,-1.1979800796296531
60,600,0,CONTEXT_PLUS_SHOCK,REVERSAL,ELASTIC_NET_REGRESSION,F06,-0.6726874549343854
60,600,0,CONTEXT_PLUS_SHOCK,REVERSAL,ELASTIC_NET_REGRESSION,F07,-0.4639684255942342
60,600,0,CONTEXT_PLUS_SHOCK,REVERSAL,ELASTIC_NET_REGRESSION,F08,-0.02670918896163671
60,600,0,CONTEXT_PLUS_SHOCK,REVERSAL,ELASTIC_NET_REGRESSION,F09,-0.6984422286894072
60,600,0,CONTEXT_PLUS_SHOCK,REVERSAL,ELASTIC_NET_REGRESSION,F10,-0.8200218646345367
60,600,0,CONTEXT_PLUS_SHOCK,REVERSAL,ELASTIC_NET_REGRESSION,F11,0.14159153605598632
60,600,0,CONTEXT_PLUS_SHOCK,REVERSAL,ELASTIC_NET_REGRESSION,F12,0.6246990263717931
60,600,0,CONTEXT_PLUS_SHOCK,REVERSAL,ELASTIC_NET_REGRESSION,F13,-0.4359159152193561
60,600,0,CONTEXT_PLUS_SHOCK,REVERSAL,ELASTIC_NET_REGRESSION,F14,0.8611910935656676
60,600,0,CONTEXT_PLUS_SHOCK,REVERSAL,ELASTIC_NET_REGRESSION,F15,0.597945148958204
60,600,0,CONTEXT_PLUS_SHOCK,REVERSAL,ELASTIC_NET_REGRESSION,F16,0.0
60,600,0,CONTEXT_PLUS_SHOCK,REVERSAL,ELASTIC_NET_REGRESSION,F17,0.0
60,600,0,CONTEXT_PLUS_SHOCK,REVERSAL,ELASTIC_NET_REGRESSION,F18,0.07534120423853503
60,600,0,CONTEXT_PLUS_SHOCK,REVERSAL,ELASTIC_NET_REGRESSION,F19,0.35133925491555
60,600,0,CONTEXT_PLUS_SHOCK,REVERSAL,ELASTIC_NET_REGRESSION,F20,-0.5747870028304257
60,600,0,CONTEXT_PLUS_SHOCK,REVERSAL,ELASTIC_NET_REGRESSION,F21,0.411185954654513
60,600,0,CONTEXT_PLUS_SHOCK,REVERSAL,ELASTIC_NET_REGRESSION,F22,0.0
60,600,0,CONTEXT_PLUS_SHOCK,REVERSAL,ELASTIC_NET_REGRESSION,F23,0.5685685135310683
60,600,0,CONTEXT_PLUS_SHOCK,REVERSAL,ELASTIC_NET_REGRESSION,F24,-0.4192795304239411
60,600,0,CONTEXT_PLUS_SHOCK,REVERSAL,ELASTIC_NET_REGRESSION,F25,0.0506882469142454
60,600,0,CONTEXT_PLUS_SHOCK,REVERSAL,ELASTIC_NET_REGRESSION,F26,0.0
60,600,0,CONTEXT_PLUS_SHOCK,REVERSAL,ELASTIC_NET_REGRESSION,F27,-0.5147882439321583
60,600,0,CONTEXT_PLUS_SHOCK,REVERSAL,ELASTIC_NET_REGRESSION,F28,-0.5420678290233771
60,600,0,CONTEXT_PLUS_SHOCK,REVERSAL,ELASTIC_NET_REGRESSION,F29,0.44137397030102865
60,600,0,CONTEXT_PLUS_SHOCK,REVERSAL,ELASTIC_NET_REGRESSION,F30,0.6414268166315428
60,600,0,CONTEXT_PLUS_SHOCK,REVERSAL,ELASTIC_NET_REGRESSION,F31,-0.8767590045489199
60,600,0,CONTEXT_PLUS_SHOCK,REVERSAL,ELASTIC_NET_REGRESSION,F32,0.0
60,600,0,CONTEXT_PLUS_SHOCK,REVERSAL,ELASTIC_NET_REGRESSION,F33,0.47942234046747223
60,600,0,CONTEXT_PLUS_SHOCK,REVERSAL,ELASTIC_NET_REGRESSION,F34,0.3045532474872664
60,600,0,CONTEXT_PLUS_SHOCK,REVERSAL,ELASTIC_NET_REGRESSION,F35,-0.4503279816984857
60,600,0,CONTEXT_PLUS_SHOCK,REVERSAL,ELASTIC_NET_REGRESSION,F36,0.7331862339468022
60,600,0,CONTEXT_PLUS_SHOCK,REVERSAL,ELASTIC_NET_LOGISTIC,F01,0.0
60,600,0,CONTEXT_PLUS_SHOCK,REVERSAL,ELASTIC_NET_LOGISTIC,F02,0.0
60,600,0,CONTEXT_PLUS_SHOCK,REVERSAL,ELASTIC_NET_LOGISTIC,F03,0.0
60,600,0,CONTEXT_PLUS_SHOCK,REVERSAL,ELASTIC_NET_LOGISTIC,F04,0.0
60,600,0,CONTEXT_PLUS_SHOCK,REVERSAL,ELASTIC_NET_LOGISTIC,F05,-0.08603182297863064
60,600,0,CONTEXT_PLUS_SHOCK,REVERSAL,ELASTIC_NET_LOGISTIC,F06,0.0
60,600,0,CONTEXT_PLUS_SHOCK,REVERSAL,ELASTIC_NET_LOGISTIC,F07,0.0
60,600,0,CONTEXT_PLUS_SHOCK,REVERSAL,ELASTIC_NET_LOGISTIC,F08,0.0
60,600,0,CONTEXT_PLUS_SHOCK,REVERSAL,ELASTIC_NET_LOGISTIC,F09,0.0
60,600,0,CONTEXT_PLUS_SHOCK,REVERSAL,ELASTIC_NET_LOGISTIC,F10,0.0
60,600,0,CONTEXT_PLUS_SHOCK,REVERSAL,ELASTIC_NET_LOGISTIC,F11,0.0
60,600,0,CONTEXT_PLUS_SHOCK,REVERSAL,ELASTIC_NET_LOGISTIC,F12,0.0
60,600,0,CONTEXT_PLUS_SHOCK,REVERSAL,ELASTIC_NET_LOGISTIC,F13,0.0
60,600,0,CONTEXT_PLUS_SHOCK,REVERSAL,ELASTIC_NET_LOGISTIC,F14,0.0
60,600,0,CONTEXT_PLUS_SHOCK,REVERSAL,ELASTIC_NET_LOGISTIC,F15,0.0
60,600,0,CONTEXT_PLUS_SHOCK,REVERSAL,ELASTIC_NET_LOGISTIC,F16,0.0
60,600,0,CONTEXT_PLUS_SHOCK,REVERSAL,ELASTIC_NET_LOGISTIC,F17,0.0
60,600,0,CONTEXT_PLUS_SHOCK,REVERSAL,ELASTIC_NET_LOGISTIC,F18,0.0
60,600,0,CONTEXT_PLUS_SHOCK,REVERSAL,ELASTIC_NET_LOGISTIC,F19,0.0
60,600,0,CONTEXT_PLUS_SHOCK,REVERSAL,ELASTIC_NET_LOGISTIC,F20,0.0
60,600,0,CONTEXT_PLUS_SHOCK,REVERSAL,ELASTIC_NET_LOGISTIC,F21,0.0
60,600,0,CONTEXT_PLUS_SHOCK,REVERSAL,ELASTIC_NET_LOGISTIC,F22,0.0
60,600,0,CONTEXT_PLUS_SHOCK,REVERSAL,ELASTIC_NET_LOGISTIC,F23,0.0
60,600,0,CONTEXT_PLUS_SHOCK,REVERSAL,ELASTIC_NET_LOGISTIC,F24,0.0
60,600,0,CONTEXT_PLUS_SHOCK,REVERSAL,ELASTIC_NET_LOGISTIC,F25,0.0
60,600,0,CONTEXT_PLUS_SHOCK,REVERSAL,ELASTIC_NET_LOGISTIC,F26,0.0
60,600,0,CONTEXT_PLUS_SHOCK,REVERSAL,ELASTIC_NET_LOGISTIC,F27,0.0
60,600,0,CONTEXT_PLUS_SHOCK,REVERSAL,ELASTIC_NET_LOGISTIC,F28,0.0
60,600,0,CONTEXT_PLUS_SHOCK,REVERSAL,ELASTIC_NET_LOGISTIC,F29,0.0
60,600,0,CONTEXT_PLUS_SHOCK,REVERSAL,ELASTIC_NET_LOGISTIC,F30,0.07848729244259958
60,600,0,CONTEXT_PLUS_SHOCK,REVERSAL,ELASTIC_NET_LOGISTIC,F31,0.0
60,600,0,CONTEXT_PLUS_SHOCK,REVERSAL,ELASTIC_NET_LOGISTIC,F32,0.0
60,600,0,CONTEXT_PLUS_SHOCK,REVERSAL,ELASTIC_NET_LOGISTIC,F33,0.0
60,600,0,CONTEXT_PLUS_SHOCK,REVERSAL,ELASTIC_NET_LOGISTIC,F34,0.0
60,600,0,CONTEXT_PLUS_SHOCK,REVERSAL,ELASTIC_NET_LOGISTIC,F35,0.0
60,600,0,CONTEXT_PLUS_SHOCK,REVERSAL,ELASTIC_NET_LOGISTIC,F36,0.0
60,600,1,CONTEXT_ONLY,CONTINUATION,ELASTIC_NET_REGRESSION,F01,0.0
60,600,1,CONTEXT_ONLY,CONTINUATION,ELASTIC_NET_REGRESSION,F02,0.2931407123816089
60,600,1,CONTEXT_ONLY,CONTINUATION,ELASTIC_NET_REGRESSION,F03,-0.5408061393990035
60,600,1,CONTEXT_ONLY,CONTINUATION,ELASTIC_NET_REGRESSION,F04,0.0
60,600,1,CONTEXT_ONLY,CONTINUATION,ELASTIC_NET_REGRESSION,F05,0.49076937961814504
60,600,1,CONTEXT_ONLY,CONTINUATION,ELASTIC_NET_REGRESSION,F06,0.46507045525602947
60,600,1,CONTEXT_ONLY,CONTINUATION,ELASTIC_NET_REGRESSION,F07,0.0
60,600,1,CONTEXT_ONLY,CONTINUATION,ELASTIC_NET_REGRESSION,F08,0.0
60,600,1,CONTEXT_ONLY,CONTINUATION,ELASTIC_NET_REGRESSION,F09,0.32091731290883246
60,600,1,CONTEXT_ONLY,CONTINUATION,ELASTIC_NET_REGRESSION,F10,0.24205120651178058
60,600,1,CONTEXT_ONLY,CONTINUATION,ELASTIC_NET_REGRESSION,F11,-0.0
60,600,1,CONTEXT_ONLY,CONTINUATION,ELASTIC_NET_REGRESSION,F12,-0.0
60,600,1,CONTEXT_ONLY,CONTINUATION,ELASTIC_NET_REGRESSION,F13,0.3319240879953112
60,600,1,CONTEXT_ONLY,CONTINUATION,ELASTIC_NET_REGRESSION,F14,-0.201985953801987
60,600,1,CONTEXT_ONLY,CONTINUATION,ELASTIC_NET_REGRESSION,F15,-0.22739629981952592
60,600,1,CONTEXT_ONLY,CONTINUATION,ELASTIC_NET_REGRESSION,F16,0.0
60,600,1,CONTEXT_ONLY,CONTINUATION,ELASTIC_NET_REGRESSION,F17,0.0
60,600,1,CONTEXT_ONLY,CONTINUATION,ELASTIC_NET_REGRESSION,F18,0.0
60,600,1,CONTEXT_ONLY,CONTINUATION,ELASTIC_NET_REGRESSION,F19,-0.04913286708089377
60,600,1,CONTEXT_ONLY,CONTINUATION,ELASTIC_NET_REGRESSION,F20,0.19427554778110842
60,600,1,CONTEXT_ONLY,CONTINUATION,ELASTIC_NET_REGRESSION,F21,-0.03177776942812992
60,600,1,CONTEXT_ONLY,CONTINUATION,ELASTIC_NET_REGRESSION,F22,-0.0
60,600,1,CONTEXT_ONLY,CONTINUATION,ELASTIC_NET_REGRESSION,F23,0.027804714198488643
60,600,1,CONTEXT_ONLY,CONTINUATION,ELASTIC_NET_REGRESSION,F24,0.07370015964060116
60,600,1,CONTEXT_ONLY,CONTINUATION,ELASTIC_NET_REGRESSION,F25,-0.0
60,600,1,CONTEXT_ONLY,CONTINUATION,ELASTIC_NET_REGRESSION,F26,0.21406257208139182
60,600,1,CONTEXT_ONLY,CONTINUATION,ELASTIC_NET_REGRESSION,F27,0.0
60,600,1,CONTEXT_ONLY,CONTINUATION,ELASTIC_NET_REGRESSION,F28,0.0
60,600,1,CONTEXT_ONLY,CONTINUATION,ELASTIC_NET_REGRESSION,F29,0.12610279116985257
60,600,1,CONTEXT_ONLY,CONTINUATION,ELASTIC_NET_REGRESSION,F36,-0.6805184351958384
60,600,1,CONTEXT_ONLY,CONTINUATION,ELASTIC_NET_LOGISTIC,F01,0.0
60,600,1,CONTEXT_ONLY,CONTINUATION,ELASTIC_NET_LOGISTIC,F02,0.0
60,600,1,CONTEXT_ONLY,CONTINUATION,ELASTIC_NET_LOGISTIC,F03,0.0
60,600,1,CONTEXT_ONLY,CONTINUATION,ELASTIC_NET_LOGISTIC,F04,0.0
60,600,1,CONTEXT_ONLY,CONTINUATION,ELASTIC_NET_LOGISTIC,F05,0.006890614916481194
60,600,1,CONTEXT_ONLY,CONTINUATION,ELASTIC_NET_LOGISTIC,F06,0.0
60,600,1,CONTEXT_ONLY,CONTINUATION,ELASTIC_NET_LOGISTIC,F07,0.0
60,600,1,CONTEXT_ONLY,CONTINUATION,ELASTIC_NET_LOGISTIC,F08,0.0
60,600,1,CONTEXT_ONLY,CONTINUATION,ELASTIC_NET_LOGISTIC,F09,0.0
60,600,1,CONTEXT_ONLY,CONTINUATION,ELASTIC_NET_LOGISTIC,F10,0.0
60,600,1,CONTEXT_ONLY,CONTINUATION,ELASTIC_NET_LOGISTIC,F11,0.0
60,600,1,CONTEXT_ONLY,CONTINUATION,ELASTIC_NET_LOGISTIC,F12,0.0
60,600,1,CONTEXT_ONLY,CONTINUATION,ELASTIC_NET_LOGISTIC,F13,0.0
60,600,1,CONTEXT_ONLY,CONTINUATION,ELASTIC_NET_LOGISTIC,F14,0.0
60,600,1,CONTEXT_ONLY,CONTINUATION,ELASTIC_NET_LOGISTIC,F15,0.0
60,600,1,CONTEXT_ONLY,CONTINUATION,ELASTIC_NET_LOGISTIC,F16,0.0
60,600,1,CONTEXT_ONLY,CONTINUATION,ELASTIC_NET_LOGISTIC,F17,0.10921379030094526
60,600,1,CONTEXT_ONLY,CONTINUATION,ELASTIC_NET_LOGISTIC,F18,0.0
60,600,1,CONTEXT_ONLY,CONTINUATION,ELASTIC_NET_LOGISTIC,F19,0.0
60,600,1,CONTEXT_ONLY,CONTINUATION,ELASTIC_NET_LOGISTIC,F20,0.0
60,600,1,CONTEXT_ONLY,CONTINUATION,ELASTIC_NET_LOGISTIC,F21,0.0
60,600,1,CONTEXT_ONLY,CONTINUATION,ELASTIC_NET_LOGISTIC,F22,0.0
60,600,1,CONTEXT_ONLY,CONTINUATION,ELASTIC_NET_LOGISTIC,F23,0.0
60,600,1,CONTEXT_ONLY,CONTINUATION,ELASTIC_NET_LOGISTIC,F24,0.0
60,600,1,CONTEXT_ONLY,CONTINUATION,ELASTIC_NET_LOGISTIC,F25,0.0
60,600,1,CONTEXT_ONLY,CONTINUATION,ELASTIC_NET_LOGISTIC,F26,0.0
60,600,1,CONTEXT_ONLY,CONTINUATION,ELASTIC_NET_LOGISTIC,F27,-0.03165700758744217
60,600,1,CONTEXT_ONLY,CONTINUATION,ELASTIC_NET_LOGISTIC,F28,0.24200394932458685
60,600,1,CONTEXT_ONLY,CONTINUATION,ELASTIC_NET_LOGISTIC,F29,0.0
60,600,1,CONTEXT_ONLY,CONTINUATION,ELASTIC_NET_LOGISTIC,F36,0.0
60,600,1,CONTEXT_ONLY,REVERSAL,ELASTIC_NET_REGRESSION,F01,-0.0
60,600,1,CONTEXT_ONLY,REVERSAL,ELASTIC_NET_REGRESSION,F02,-0.2655288920457608
60,600,1,CONTEXT_ONLY,REVERSAL,ELASTIC_NET_REGRESSION,F03,0.5372924629954674
60,600,1,CONTEXT_ONLY,REVERSAL,ELASTIC_NET_REGRESSION,F04,-0.0
60,600,1,CONTEXT_ONLY,REVERSAL,ELASTIC_NET_REGRESSION,F05,-0.5026363120714928
60,600,1,CONTEXT_ONLY,REVERSAL,ELASTIC_NET_REGRESSION,F06,-0.4458906816477108
60,600,1,CONTEXT_ONLY,REVERSAL,ELASTIC_NET_REGRESSION,F07,-0.0
60,600,1,CONTEXT_ONLY,REVERSAL,ELASTIC_NET_REGRESSION,F08,-0.0
60,600,1,CONTEXT_ONLY,REVERSAL,ELASTIC_NET_REGRESSION,F09,-0.3266049556675941
60,600,1,CONTEXT_ONLY,REVERSAL,ELASTIC_NET_REGRESSION,F10,-0.24986039494438494
60,600,1,CONTEXT_ONLY,REVERSAL,ELASTIC_NET_REGRESSION,F11,0.0
60,600,1,CONTEXT_ONLY,REVERSAL,ELASTIC_NET_REGRESSION,F12,0.0
60,600,1,CONTEXT_ONLY,REVERSAL,ELASTIC_NET_REGRESSION,F13,-0.3311535242142803
60,600,1,CONTEXT_ONLY,REVERSAL,ELASTIC_NET_REGRESSION,F14,0.20412329164536913
60,600,1,CONTEXT_ONLY,REVERSAL,ELASTIC_NET_REGRESSION,F15,0.20526293606455415
60,600,1,CONTEXT_ONLY,REVERSAL,ELASTIC_NET_REGRESSION,F16,-0.0
60,600,1,CONTEXT_ONLY,REVERSAL,ELASTIC_NET_REGRESSION,F17,-0.0
60,600,1,CONTEXT_ONLY,REVERSAL,ELASTIC_NET_REGRESSION,F18,-0.0
60,600,1,CONTEXT_ONLY,REVERSAL,ELASTIC_NET_REGRESSION,F19,0.05018186172181447
60,600,1,CONTEXT_ONLY,REVERSAL,ELASTIC_NET_REGRESSION,F20,-0.17460093137095611
60,600,1,CONTEXT_ONLY,REVERSAL,ELASTIC_NET_REGRESSION,F21,0.03198817579520235
60,600,1,CONTEXT_ONLY,REVERSAL,ELASTIC_NET_REGRESSION,F22,0.0
60,600,1,CONTEXT_ONLY,REVERSAL,ELASTIC_NET_REGRESSION,F23,-0.031189325469575386
60,600,1,CONTEXT_ONLY,REVERSAL,ELASTIC_NET_REGRESSION,F24,-0.08543413366959945
60,600,1,CONTEXT_ONLY,REVERSAL,ELASTIC_NET_REGRESSION,F25,0.0
60,600,1,CONTEXT_ONLY,REVERSAL,ELASTIC_NET_REGRESSION,F26,-0.18258090311409816
60,600,1,CONTEXT_ONLY,REVERSAL,ELASTIC_NET_REGRESSION,F27,-0.0
60,600,1,CONTEXT_ONLY,REVERSAL,ELASTIC_NET_REGRESSION,F28,0.0
60,600,1,CONTEXT_ONLY,REVERSAL,ELASTIC_NET_REGRESSION,F29,-0.13786532362347054
60,600,1,CONTEXT_ONLY,REVERSAL,ELASTIC_NET_REGRESSION,F36,0.6779501229242751
60,600,1,CONTEXT_ONLY,REVERSAL,ELASTIC_NET_LOGISTIC,F01,0.0
60,600,1,CONTEXT_ONLY,REVERSAL,ELASTIC_NET_LOGISTIC,F02,0.0
60,600,1,CONTEXT_ONLY,REVERSAL,ELASTIC_NET_LOGISTIC,F03,0.0
60,600,1,CONTEXT_ONLY,REVERSAL,ELASTIC_NET_LOGISTIC,F04,0.0
60,600,1,CONTEXT_ONLY,REVERSAL,ELASTIC_NET_LOGISTIC,F05,-0.021504569775002178
60,600,1,CONTEXT_ONLY,REVERSAL,ELASTIC_NET_LOGISTIC,F06,0.0
60,600,1,CONTEXT_ONLY,REVERSAL,ELASTIC_NET_LOGISTIC,F07,0.0
60,600,1,CONTEXT_ONLY,REVERSAL,ELASTIC_NET_LOGISTIC,F08,0.0
60,600,1,CONTEXT_ONLY,REVERSAL,ELASTIC_NET_LOGISTIC,F09,-0.023034754453674727
60,600,1,CONTEXT_ONLY,REVERSAL,ELASTIC_NET_LOGISTIC,F10,0.0
60,600,1,CONTEXT_ONLY,REVERSAL,ELASTIC_NET_LOGISTIC,F11,0.0
60,600,1,CONTEXT_ONLY,REVERSAL,ELASTIC_NET_LOGISTIC,F12,0.0
60,600,1,CONTEXT_ONLY,REVERSAL,ELASTIC_NET_LOGISTIC,F13,0.0
60,600,1,CONTEXT_ONLY,REVERSAL,ELASTIC_NET_LOGISTIC,F14,0.0
60,600,1,CONTEXT_ONLY,REVERSAL,ELASTIC_NET_LOGISTIC,F15,0.0
60,600,1,CONTEXT_ONLY,REVERSAL,ELASTIC_NET_LOGISTIC,F16,0.0
60,600,1,CONTEXT_ONLY,REVERSAL,ELASTIC_NET_LOGISTIC,F17,0.0
60,600,1,CONTEXT_ONLY,REVERSAL,ELASTIC_NET_LOGISTIC,F18,0.0
60,600,1,CONTEXT_ONLY,REVERSAL,ELASTIC_NET_LOGISTIC,F19,0.0
60,600,1,CONTEXT_ONLY,REVERSAL,ELASTIC_NET_LOGISTIC,F20,0.0
60,600,1,CONTEXT_ONLY,REVERSAL,ELASTIC_NET_LOGISTIC,F21,0.0
60,600,1,CONTEXT_ONLY,REVERSAL,ELASTIC_NET_LOGISTIC,F22,0.0
60,600,1,CONTEXT_ONLY,REVERSAL,ELASTIC_NET_LOGISTIC,F23,0.0
60,600,1,CONTEXT_ONLY,REVERSAL,ELASTIC_NET_LOGISTIC,F24,0.0
60,600,1,CONTEXT_ONLY,REVERSAL,ELASTIC_NET_LOGISTIC,F25,0.0
60,600,1,CONTEXT_ONLY,REVERSAL,ELASTIC_NET_LOGISTIC,F26,-0.21558076714208096
60,600,1,CONTEXT_ONLY,REVERSAL,ELASTIC_NET_LOGISTIC,F27,-0.023000004937141348
60,600,1,CONTEXT_ONLY,REVERSAL,ELASTIC_NET_LOGISTIC,F28,0.0
60,600,1,CONTEXT_ONLY,REVERSAL,ELASTIC_NET_LOGISTIC,F29,0.0
60,600,1,CONTEXT_ONLY,REVERSAL,ELASTIC_NET_LOGISTIC,F36,0.059010577708315345
60,600,1,CONTEXT_PLUS_SHOCK,CONTINUATION,ELASTIC_NET_REGRESSION,F01,0.0
60,600,1,CONTEXT_PLUS_SHOCK,CONTINUATION,ELASTIC_NET_REGRESSION,F02,0.5271852717755358
60,600,1,CONTEXT_PLUS_SHOCK,CONTINUATION,ELASTIC_NET_REGRESSION,F03,-0.6701391294640816
60,600,1,CONTEXT_PLUS_SHOCK,CONTINUATION,ELASTIC_NET_REGRESSION,F04,0.0
60,600,1,CONTEXT_PLUS_SHOCK,CONTINUATION,ELASTIC_NET_REGRESSION,F05,0.4101148522353569
60,600,1,CONTEXT_PLUS_SHOCK,CONTINUATION,ELASTIC_NET_REGRESSION,F06,0.46975064197738664
60,600,1,CONTEXT_PLUS_SHOCK,CONTINUATION,ELASTIC_NET_REGRESSION,F07,0.0
60,600,1,CONTEXT_PLUS_SHOCK,CONTINUATION,ELASTIC_NET_REGRESSION,F08,0.0
60,600,1,CONTEXT_PLUS_SHOCK,CONTINUATION,ELASTIC_NET_REGRESSION,F09,0.2808903202247819
60,600,1,CONTEXT_PLUS_SHOCK,CONTINUATION,ELASTIC_NET_REGRESSION,F10,0.17623532638717057
60,600,1,CONTEXT_PLUS_SHOCK,CONTINUATION,ELASTIC_NET_REGRESSION,F11,-0.0
60,600,1,CONTEXT_PLUS_SHOCK,CONTINUATION,ELASTIC_NET_REGRESSION,F12,-0.0
60,600,1,CONTEXT_PLUS_SHOCK,CONTINUATION,ELASTIC_NET_REGRESSION,F13,0.31060620230728
60,600,1,CONTEXT_PLUS_SHOCK,CONTINUATION,ELASTIC_NET_REGRESSION,F14,-0.23276259894788226
60,600,1,CONTEXT_PLUS_SHOCK,CONTINUATION,ELASTIC_NET_REGRESSION,F15,-0.2349578369148338
60,600,1,CONTEXT_PLUS_SHOCK,CONTINUATION,ELASTIC_NET_REGRESSION,F16,0.0
60,600,1,CONTEXT_PLUS_SHOCK,CONTINUATION,ELASTIC_NET_REGRESSION,F17,0.0
60,600,1,CONTEXT_PLUS_SHOCK,CONTINUATION,ELASTIC_NET_REGRESSION,F18,0.0
60,600,1,CONTEXT_PLUS_SHOCK,CONTINUATION,ELASTIC_NET_REGRESSION,F19,-0.012331126232714025
60,600,1,CONTEXT_PLUS_SHOCK,CONTINUATION,ELASTIC_NET_REGRESSION,F20,0.2310889961649199
60,600,1,CONTEXT_PLUS_SHOCK,CONTINUATION,ELASTIC_NET_REGRESSION,F21,-0.09637458164124571
60,600,1,CONTEXT_PLUS_SHOCK,CONTINUATION,ELASTIC_NET_REGRESSION,F22,-0.0
60,600,1,CONTEXT_PLUS_SHOCK,CONTINUATION,ELASTIC_NET_REGRESSION,F23,-0.0
60,600,1,CONTEXT_PLUS_SHOCK,CONTINUATION,ELASTIC_NET_REGRESSION,F24,0.12664819283548906
60,600,1,CONTEXT_PLUS_SHOCK,CONTINUATION,ELASTIC_NET_REGRESSION,F25,-0.0
60,600,1,CONTEXT_PLUS_SHOCK,CONTINUATION,ELASTIC_NET_REGRESSION,F26,0.20061081327103641
60,600,1,CONTEXT_PLUS_SHOCK,CONTINUATION,ELASTIC_NET_REGRESSION,F27,0.06691815968665317
60,600,1,CONTEXT_PLUS_SHOCK,CONTINUATION,ELASTIC_NET_REGRESSION,F28,0.0
60,600,1,CONTEXT_PLUS_SHOCK,CONTINUATION,ELASTIC_NET_REGRESSION,F29,0.06937041179492724
60,600,1,CONTEXT_PLUS_SHOCK,CONTINUATION,ELASTIC_NET_REGRESSION,F30,-0.11601953610183773
60,600,1,CONTEXT_PLUS_SHOCK,CONTINUATION,ELASTIC_NET_REGRESSION,F31,0.313084478768726
60,600,1,CONTEXT_PLUS_SHOCK,CONTINUATION,ELASTIC_NET_REGRESSION,F32,0.0
60,600,1,CONTEXT_PLUS_SHOCK,CONTINUATION,ELASTIC_NET_REGRESSION,F33,-0.33264301187246637
60,600,1,CONTEXT_PLUS_SHOCK,CONTINUATION,ELASTIC_NET_REGRESSION,F34,0.0
60,600,1,CONTEXT_PLUS_SHOCK,CONTINUATION,ELASTIC_NET_REGRESSION,F35,-0.0
60,600,1,CONTEXT_PLUS_SHOCK,CONTINUATION,ELASTIC_NET_REGRESSION,F36,-0.6745909740373691
60,600,1,CONTEXT_PLUS_SHOCK,CONTINUATION,ELASTIC_NET_LOGISTIC,F01,0.0
60,600,1,CONTEXT_PLUS_SHOCK,CONTINUATION,ELASTIC_NET_LOGISTIC,F02,0.0
60,600,1,CONTEXT_PLUS_SHOCK,CONTINUATION,ELASTIC_NET_LOGISTIC,F03,0.0
60,600,1,CONTEXT_PLUS_SHOCK,CONTINUATION,ELASTIC_NET_LOGISTIC,F04,0.0
60,600,1,CONTEXT_PLUS_SHOCK,CONTINUATION,ELASTIC_NET_LOGISTIC,F05,0.00687900354289771
60,600,1,CONTEXT_PLUS_SHOCK,CONTINUATION,ELASTIC_NET_LOGISTIC,F06,0.0
60,600,1,CONTEXT_PLUS_SHOCK,CONTINUATION,ELASTIC_NET_LOGISTIC,F07,0.0
60,600,1,CONTEXT_PLUS_SHOCK,CONTINUATION,ELASTIC_NET_LOGISTIC,F08,0.0
60,600,1,CONTEXT_PLUS_SHOCK,CONTINUATION,ELASTIC_NET_LOGISTIC,F09,0.0
60,600,1,CONTEXT_PLUS_SHOCK,CONTINUATION,ELASTIC_NET_LOGISTIC,F10,0.0
60,600,1,CONTEXT_PLUS_SHOCK,CONTINUATION,ELASTIC_NET_LOGISTIC,F11,0.0
60,600,1,CONTEXT_PLUS_SHOCK,CONTINUATION,ELASTIC_NET_LOGISTIC,F12,0.0
60,600,1,CONTEXT_PLUS_SHOCK,CONTINUATION,ELASTIC_NET_LOGISTIC,F13,0.0
60,600,1,CONTEXT_PLUS_SHOCK,CONTINUATION,ELASTIC_NET_LOGISTIC,F14,0.0
60,600,1,CONTEXT_PLUS_SHOCK,CONTINUATION,ELASTIC_NET_LOGISTIC,F15,0.0
60,600,1,CONTEXT_PLUS_SHOCK,CONTINUATION,ELASTIC_NET_LOGISTIC,F16,0.0
60,600,1,CONTEXT_PLUS_SHOCK,CONTINUATION,ELASTIC_NET_LOGISTIC,F17,0.10907745669377429
60,600,1,CONTEXT_PLUS_SHOCK,CONTINUATION,ELASTIC_NET_LOGISTIC,F18,0.0
60,600,1,CONTEXT_PLUS_SHOCK,CONTINUATION,ELASTIC_NET_LOGISTIC,F19,0.0
60,600,1,CONTEXT_PLUS_SHOCK,CONTINUATION,ELASTIC_NET_LOGISTIC,F20,0.0
60,600,1,CONTEXT_PLUS_SHOCK,CONTINUATION,ELASTIC_NET_LOGISTIC,F21,0.0
60,600,1,CONTEXT_PLUS_SHOCK,CONTINUATION,ELASTIC_NET_LOGISTIC,F22,0.0
60,600,1,CONTEXT_PLUS_SHOCK,CONTINUATION,ELASTIC_NET_LOGISTIC,F23,0.0
60,600,1,CONTEXT_PLUS_SHOCK,CONTINUATION,ELASTIC_NET_LOGISTIC,F24,0.0
60,600,1,CONTEXT_PLUS_SHOCK,CONTINUATION,ELASTIC_NET_LOGISTIC,F25,0.0
60,600,1,CONTEXT_PLUS_SHOCK,CONTINUATION,ELASTIC_NET_LOGISTIC,F26,0.0
60,600,1,CONTEXT_PLUS_SHOCK,CONTINUATION,ELASTIC_NET_LOGISTIC,F27,-0.0317014125060575
60,600,1,CONTEXT_PLUS_SHOCK,CONTINUATION,ELASTIC_NET_LOGISTIC,F28,0.24206006717818418
60,600,1,CONTEXT_PLUS_SHOCK,CONTINUATION,ELASTIC_NET_LOGISTIC,F29,0.0
60,600,1,CONTEXT_PLUS_SHOCK,CONTINUATION,ELASTIC_NET_LOGISTIC,F30,0.0
60,600,1,CONTEXT_PLUS_SHOCK,CONTINUATION,ELASTIC_NET_LOGISTIC,F31,0.0
60,600,1,CONTEXT_PLUS_SHOCK,CONTINUATION,ELASTIC_NET_LOGISTIC,F32,0.0
60,600,1,CONTEXT_PLUS_SHOCK,CONTINUATION,ELASTIC_NET_LOGISTIC,F33,0.0
60,600,1,CONTEXT_PLUS_SHOCK,CONTINUATION,ELASTIC_NET_LOGISTIC,F34,0.0
60,600,1,CONTEXT_PLUS_SHOCK,CONTINUATION,ELASTIC_NET_LOGISTIC,F35,0.0
60,600,1,CONTEXT_PLUS_SHOCK,CONTINUATION,ELASTIC_NET_LOGISTIC,F36,0.0
60,600,1,CONTEXT_PLUS_SHOCK,REVERSAL,ELASTIC_NET_REGRESSION,F01,-0.0
60,600,1,CONTEXT_PLUS_SHOCK,REVERSAL,ELASTIC_NET_REGRESSION,F02,-0.5093450931562293
60,600,1,CONTEXT_PLUS_SHOCK,REVERSAL,ELASTIC_NET_REGRESSION,F03,0.6740466786032823
60,600,1,CONTEXT_PLUS_SHOCK,REVERSAL,ELASTIC_NET_REGRESSION,F04,-0.0
60,600,1,CONTEXT_PLUS_SHOCK,REVERSAL,ELASTIC_NET_REGRESSION,F05,-0.41885090288137344
60,600,1,CONTEXT_PLUS_SHOCK,REVERSAL,ELASTIC_NET_REGRESSION,F06,-0.453369094622464
60,600,1,CONTEXT_PLUS_SHOCK,REVERSAL,ELASTIC_NET_REGRESSION,F07,-0.0
60,600,1,CONTEXT_PLUS_SHOCK,REVERSAL,ELASTIC_NET_REGRESSION,F08,-0.0
60,600,1,CONTEXT_PLUS_SHOCK,REVERSAL,ELASTIC_NET_REGRESSION,F09,-0.2853455453733
60,600,1,CONTEXT_PLUS_SHOCK,REVERSAL,ELASTIC_NET_REGRESSION,F10,-0.17962370669373465
60,600,1,CONTEXT_PLUS_SHOCK,REVERSAL,ELASTIC_NET_REGRESSION,F11,0.0
60,600,1,CONTEXT_PLUS_SHOCK,REVERSAL,ELASTIC_NET_REGRESSION,F12,0.0
60,600,1,CONTEXT_PLUS_SHOCK,REVERSAL,ELASTIC_NET_REGRESSION,F13,-0.30864638976069253
60,600,1,CONTEXT_PLUS_SHOCK,REVERSAL,ELASTIC_NET_REGRESSION,F14,0.23584868827404326
60,600,1,CONTEXT_PLUS_SHOCK,REVERSAL,ELASTIC_NET_REGRESSION,F15,0.21407834856906574
60,600,1,CONTEXT_PLUS_SHOCK,REVERSAL,ELASTIC_NET_REGRESSION,F16,-0.0
60,600,1,CONTEXT_PLUS_SHOCK,REVERSAL,ELASTIC_NET_REGRESSION,F17,-0.0
60,600,1,CONTEXT_PLUS_SHOCK,REVERSAL,ELASTIC_NET_REGRESSION,F18,-0.0
60,600,1,CONTEXT_PLUS_SHOCK,REVERSAL,ELASTIC_NET_REGRESSION,F19,0.0049714497818591965
60,600,1,CONTEXT_PLUS_SHOCK,REVERSAL,ELASTIC_NET_REGRESSION,F20,-0.21410660505558005
60,600,1,CONTEXT_PLUS_SHOCK,REVERSAL,ELASTIC_NET_REGRESSION,F21,0.09921655467714836
60,600,1,CONTEXT_PLUS_SHOCK,REVERSAL,ELASTIC_NET_REGRESSION,F22,0.0
60,600,1,CONTEXT_PLUS_SHOCK,REVERSAL,ELASTIC_NET_REGRESSION,F23,0.0
60,600,1,CONTEXT_PLUS_SHOCK,REVERSAL,ELASTIC_NET_REGRESSION,F24,-0.13197026967836167
60,600,1,CONTEXT_PLUS_SHOCK,REVERSAL,ELASTIC_NET_REGRESSION,F25,0.0
60,600,1,CONTEXT_PLUS_SHOCK,REVERSAL,ELASTIC_NET_REGRESSION,F26,-0.19779965918350886
60,600,1,CONTEXT_PLUS_SHOCK,REVERSAL,ELASTIC_NET_REGRESSION,F27,-0.036822670744004325
60,600,1,CONTEXT_PLUS_SHOCK,REVERSAL,ELASTIC_NET_REGRESSION,F28,-0.0
60,600,1,CONTEXT_PLUS_SHOCK,REVERSAL,ELASTIC_NET_REGRESSION,F29,-0.07859217911176776
60,600,1,CONTEXT_PLUS_SHOCK,REVERSAL,ELASTIC_NET_REGRESSION,F30,0.11527585616435661
60,600,1,CONTEXT_PLUS_SHOCK,REVERSAL,ELASTIC_NET_REGRESSION,F31,-0.3210083926038678
60,600,1,CONTEXT_PLUS_SHOCK,REVERSAL,ELASTIC_NET_REGRESSION,F32,0.0
60,600,1,CONTEXT_PLUS_SHOCK,REVERSAL,ELASTIC_NET_REGRESSION,F33,0.34750313168961106
60,600,1,CONTEXT_PLUS_SHOCK,REVERSAL,ELASTIC_NET_REGRESSION,F34,-0.0
60,600,1,CONTEXT_PLUS_SHOCK,REVERSAL,ELASTIC_NET_REGRESSION,F35,0.0
60,600,1,CONTEXT_PLUS_SHOCK,REVERSAL,ELASTIC_NET_REGRESSION,F36,0.6704323257732687
60,600,1,CONTEXT_PLUS_SHOCK,REVERSAL,ELASTIC_NET_LOGISTIC,F01,0.10016543558332676
60,600,1,CONTEXT_PLUS_SHOCK,REVERSAL,ELASTIC_NET_LOGISTIC,F02,-0.5835970376517928
60,600,1,CONTEXT_PLUS_SHOCK,REVERSAL,ELASTIC_NET_LOGISTIC,F03,0.7509832004553167
60,600,1,CONTEXT_PLUS_SHOCK,REVERSAL,ELASTIC_NET_LOGISTIC,F04,-0.3485632007404891
60,600,1,CONTEXT_PLUS_SHOCK,REVERSAL,ELASTIC_NET_LOGISTIC,F05,0.0
60,600,1,CONTEXT_PLUS_SHOCK,REVERSAL,ELASTIC_NET_LOGISTIC,F06,-0.37866302528811885
60,600,1,CONTEXT_PLUS_SHOCK,REVERSAL,ELASTIC_NET_LOGISTIC,F07,-0.24752922014016332
60,600,1,CONTEXT_PLUS_SHOCK,REVERSAL,ELASTIC_NET_LOGISTIC,F08,0.07788695270904801
60,600,1,CONTEXT_PLUS_SHOCK,REVERSAL,ELASTIC_NET_LOGISTIC,F09,-0.2089289928395156
60,600,1,CONTEXT_PLUS_SHOCK,REVERSAL,ELASTIC_NET_LOGISTIC,F10,0.177950961791596
60,600,1,CONTEXT_PLUS_SHOCK,REVERSAL,ELASTIC_NET_LOGISTIC,F11,0.07847930039555945
60,600,1,CONTEXT_PLUS_SHOCK,REVERSAL,ELASTIC_NET_LOGISTIC,F12,-0.35917622647436886
60,600,1,CONTEXT_PLUS_SHOCK,REVERSAL,ELASTIC_NET_LOGISTIC,F13,-0.0944208532494668
60,600,1,CONTEXT_PLUS_SHOCK,REVERSAL,ELASTIC_NET_LOGISTIC,F14,0.056760304338121806
60,600,1,CONTEXT_PLUS_SHOCK,REVERSAL,ELASTIC_NET_LOGISTIC,F15,0.5321937698306857
60,600,1,CONTEXT_PLUS_SHOCK,REVERSAL,ELASTIC_NET_LOGISTIC,F16,0.47993850474497374
60,600,1,CONTEXT_PLUS_SHOCK,REVERSAL,ELASTIC_NET_LOGISTIC,F17,-0.37805284521952914
60,600,1,CONTEXT_PLUS_SHOCK,REVERSAL,ELASTIC_NET_LOGISTIC,F18,-0.966169171697622
60,600,1,CONTEXT_PLUS_SHOCK,REVERSAL,ELASTIC_NET_LOGISTIC,F19,0.009926391153456364
60,600,1,CONTEXT_PLUS_SHOCK,REVERSAL,ELASTIC_NET_LOGISTIC,F20,-0.255533906756092
60,600,1,CONTEXT_PLUS_SHOCK,REVERSAL,ELASTIC_NET_LOGISTIC,F21,0.3612559622842589
60,600,1,CONTEXT_PLUS_SHOCK,REVERSAL,ELASTIC_NET_LOGISTIC,F22,0.08893296626910263
60,600,1,CONTEXT_PLUS_SHOCK,REVERSAL,ELASTIC_NET_LOGISTIC,F23,0.3152360906503715
60,600,1,CONTEXT_PLUS_SHOCK,REVERSAL,ELASTIC_NET_LOGISTIC,F24,-0.34363424751088173
60,600,1,CONTEXT_PLUS_SHOCK,REVERSAL,ELASTIC_NET_LOGISTIC,F25,0.7026816416801156
60,600,1,CONTEXT_PLUS_SHOCK,REVERSAL,ELASTIC_NET_LOGISTIC,F26,-0.5713390755170885
60,600,1,CONTEXT_PLUS_SHOCK,REVERSAL,ELASTIC_NET_LOGISTIC,F27,-0.41229672215279195
60,600,1,CONTEXT_PLUS_SHOCK,REVERSAL,ELASTIC_NET_LOGISTIC,F28,-0.3550482842306385
60,600,1,CONTEXT_PLUS_SHOCK,REVERSAL,ELASTIC_NET_LOGISTIC,F29,-0.029759626350529818
60,600,1,CONTEXT_PLUS_SHOCK,REVERSAL,ELASTIC_NET_LOGISTIC,F30,0.07785659156918548
60,600,1,CONTEXT_PLUS_SHOCK,REVERSAL,ELASTIC_NET_LOGISTIC,F31,-0.3741017277579701
60,600,1,CONTEXT_PLUS_SHOCK,REVERSAL,ELASTIC_NET_LOGISTIC,F32,0.0
60,600,1,CONTEXT_PLUS_SHOCK,REVERSAL,ELASTIC_NET_LOGISTIC,F33,0.22895194479829364
60,600,1,CONTEXT_PLUS_SHOCK,REVERSAL,ELASTIC_NET_LOGISTIC,F34,-0.014972744793207522
60,600,1,CONTEXT_PLUS_SHOCK,REVERSAL,ELASTIC_NET_LOGISTIC,F35,-0.05530321694546702
60,600,1,CONTEXT_PLUS_SHOCK,REVERSAL,ELASTIC_NET_LOGISTIC,F36,0.2726647977450417
60,600,2,CONTEXT_ONLY,CONTINUATION,ELASTIC_NET_REGRESSION,F01,0.4413106002796
60,600,2,CONTEXT_ONLY,CONTINUATION,ELASTIC_NET_REGRESSION,F02,0.2264627824295757
60,600,2,CONTEXT_ONLY,CONTINUATION,ELASTIC_NET_REGRESSION,F03,-0.42588433952032045
60,600,2,CONTEXT_ONLY,CONTINUATION,ELASTIC_NET_REGRESSION,F04,-0.0
60,600,2,CONTEXT_ONLY,CONTINUATION,ELASTIC_NET_REGRESSION,F05,0.23111809006608797
60,600,2,CONTEXT_ONLY,CONTINUATION,ELASTIC_NET_REGRESSION,F06,0.45460620932218315
60,600,2,CONTEXT_ONLY,CONTINUATION,ELASTIC_NET_REGRESSION,F07,-0.0
60,600,2,CONTEXT_ONLY,CONTINUATION,ELASTIC_NET_REGRESSION,F08,-0.12966837976767553
60,600,2,CONTEXT_ONLY,CONTINUATION,ELASTIC_NET_REGRESSION,F09,0.22071447560505045
60,600,2,CONTEXT_ONLY,CONTINUATION,ELASTIC_NET_REGRESSION,F10,0.0
60,600,2,CONTEXT_ONLY,CONTINUATION,ELASTIC_NET_REGRESSION,F11,-0.13769928057912445
60,600,2,CONTEXT_ONLY,CONTINUATION,ELASTIC_NET_REGRESSION,F12,-0.050603727204350156
60,600,2,CONTEXT_ONLY,CONTINUATION,ELASTIC_NET_REGRESSION,F13,-0.04907501838063759
60,600,2,CONTEXT_ONLY,CONTINUATION,ELASTIC_NET_REGRESSION,F14,-0.07509868708433799
60,600,2,CONTEXT_ONLY,CONTINUATION,ELASTIC_NET_REGRESSION,F15,-0.32843927060545064
60,600,2,CONTEXT_ONLY,CONTINUATION,ELASTIC_NET_REGRESSION,F16,0.0
60,600,2,CONTEXT_ONLY,CONTINUATION,ELASTIC_NET_REGRESSION,F17,-0.0
60,600,2,CONTEXT_ONLY,CONTINUATION,ELASTIC_NET_REGRESSION,F18,-0.0
60,600,2,CONTEXT_ONLY,CONTINUATION,ELASTIC_NET_REGRESSION,F19,0.23804521967792266
60,600,2,CONTEXT_ONLY,CONTINUATION,ELASTIC_NET_REGRESSION,F20,0.5896310256816724
60,600,2,CONTEXT_ONLY,CONTINUATION,ELASTIC_NET_REGRESSION,F21,-0.0
60,600,2,CONTEXT_ONLY,CONTINUATION,ELASTIC_NET_REGRESSION,F22,-0.0
60,600,2,CONTEXT_ONLY,CONTINUATION,ELASTIC_NET_REGRESSION,F23,-0.14177010586273306
60,600,2,CONTEXT_ONLY,CONTINUATION,ELASTIC_NET_REGRESSION,F24,0.0
60,600,2,CONTEXT_ONLY,CONTINUATION,ELASTIC_NET_REGRESSION,F25,-0.05694840463175817
60,600,2,CONTEXT_ONLY,CONTINUATION,ELASTIC_NET_REGRESSION,F26,0.31960625935920156
60,600,2,CONTEXT_ONLY,CONTINUATION,ELASTIC_NET_REGRESSION,F27,0.0
60,600,2,CONTEXT_ONLY,CONTINUATION,ELASTIC_NET_REGRESSION,F28,0.06593404068291028
60,600,2,CONTEXT_ONLY,CONTINUATION,ELASTIC_NET_REGRESSION,F29,0.2004069301294365
60,600,2,CONTEXT_ONLY,CONTINUATION,ELASTIC_NET_REGRESSION,F36,-0.6071086143972094
60,600,2,CONTEXT_ONLY,CONTINUATION,ELASTIC_NET_LOGISTIC,F01,0.0
60,600,2,CONTEXT_ONLY,CONTINUATION,ELASTIC_NET_LOGISTIC,F02,0.05982306691569696
60,600,2,CONTEXT_ONLY,CONTINUATION,ELASTIC_NET_LOGISTIC,F03,0.0
60,600,2,CONTEXT_ONLY,CONTINUATION,ELASTIC_NET_LOGISTIC,F04,0.0
60,600,2,CONTEXT_ONLY,CONTINUATION,ELASTIC_NET_LOGISTIC,F05,0.007654710442342987
60,600,2,CONTEXT_ONLY,CONTINUATION,ELASTIC_NET_LOGISTIC,F06,0.0044111997903727735
60,600,2,CONTEXT_ONLY,CONTINUATION,ELASTIC_NET_LOGISTIC,F07,0.0
60,600,2,CONTEXT_ONLY,CONTINUATION,ELASTIC_NET_LOGISTIC,F08,-0.04728339228648066
60,600,2,CONTEXT_ONLY,CONTINUATION,ELASTIC_NET_LOGISTIC,F09,0.0
60,600,2,CONTEXT_ONLY,CONTINUATION,ELASTIC_NET_LOGISTIC,F10,0.0
60,600,2,CONTEXT_ONLY,CONTINUATION,ELASTIC_NET_LOGISTIC,F11,-0.07365166422538871
60,600,2,CONTEXT_ONLY,CONTINUATION,ELASTIC_NET_LOGISTIC,F12,0.0
60,600,2,CONTEXT_ONLY,CONTINUATION,ELASTIC_NET_LOGISTIC,F13,-0.05153056648122827
60,600,2,CONTEXT_ONLY,CONTINUATION,ELASTIC_NET_LOGISTIC,F14,0.0
60,600,2,CONTEXT_ONLY,CONTINUATION,ELASTIC_NET_LOGISTIC,F15,0.0
60,600,2,CONTEXT_ONLY,CONTINUATION,ELASTIC_NET_LOGISTIC,F16,0.04526534856884816
60,600,2,CONTEXT_ONLY,CONTINUATION,ELASTIC_NET_LOGISTIC,F17,0.0
60,600,2,CONTEXT_ONLY,CONTINUATION,ELASTIC_NET_LOGISTIC,F18,0.049808552898067744
60,600,2,CONTEXT_ONLY,CONTINUATION,ELASTIC_NET_LOGISTIC,F19,0.0
60,600,2,CONTEXT_ONLY,CONTINUATION,ELASTIC_NET_LOGISTIC,F20,0.08762509891560522
60,600,2,CONTEXT_ONLY,CONTINUATION,ELASTIC_NET_LOGISTIC,F21,0.0
60,600,2,CONTEXT_ONLY,CONTINUATION,ELASTIC_NET_LOGISTIC,F22,0.0
60,600,2,CONTEXT_ONLY,CONTINUATION,ELASTIC_NET_LOGISTIC,F23,0.0
60,600,2,CONTEXT_ONLY,CONTINUATION,ELASTIC_NET_LOGISTIC,F24,0.0
60,600,2,CONTEXT_ONLY,CONTINUATION,ELASTIC_NET_LOGISTIC,F25,0.0
60,600,2,CONTEXT_ONLY,CONTINUATION,ELASTIC_NET_LOGISTIC,F26,0.0
60,600,2,CONTEXT_ONLY,CONTINUATION,ELASTIC_NET_LOGISTIC,F27,-0.1043216447146077
60,600,2,CONTEXT_ONLY,CONTINUATION,ELASTIC_NET_LOGISTIC,F28,0.204884180462857
60,600,2,CONTEXT_ONLY,CONTINUATION,ELASTIC_NET_LOGISTIC,F29,0.008534800750238424
60,600,2,CONTEXT_ONLY,CONTINUATION,ELASTIC_NET_LOGISTIC,F36,0.0
60,600,2,CONTEXT_ONLY,REVERSAL,ELASTIC_NET_REGRESSION,F01,-0.4256444733354839
60,600,2,CONTEXT_ONLY,REVERSAL,ELASTIC_NET_REGRESSION,F02,-0.22381030015719958
60,600,2,CONTEXT_ONLY,REVERSAL,ELASTIC_NET_REGRESSION,F03,0.4335079297884004
60,600,2,CONTEXT_ONLY,REVERSAL,ELASTIC_NET_REGRESSION,F04,0.0
60,600,2,CONTEXT_ONLY,REVERSAL,ELASTIC_NET_REGRESSION,F05,-0.23366600502643894
60,600,2,CONTEXT_ONLY,REVERSAL,ELASTIC_NET_REGRESSION,F06,-0.4428845992349895
60,600,2,CONTEXT_ONLY,REVERSAL,ELASTIC_NET_REGRESSION,F07,0.0
60,600,2,CONTEXT_ONLY,REVERSAL,ELASTIC_NET_REGRESSION,F08,0.12952946740941543
60,600,2,CONTEXT_ONLY,REVERSAL,ELASTIC_NET_REGRESSION,F09,-0.22059650421816715
60,600,2,CONTEXT_ONLY,REVERSAL,ELASTIC_NET_REGRESSION,F10,-0.0
60,600,2,CONTEXT_ONLY,REVERSAL,ELASTIC_NET_REGRESSION,F11,0.13482726151962077
60,600,2,CONTEXT_ONLY,REVERSAL,ELASTIC_NET_REGRESSION,F12,0.03900156397640997
60,600,2,CONTEXT_ONLY,REVERSAL,ELASTIC_NET_REGRESSION,F13,0.0520476729550007
60,600,2,CONTEXT_ONLY,REVERSAL,ELASTIC_NET_REGRESSION,F14,0.07118196373026887
60,600,2,CONTEXT_ONLY,REVERSAL,ELASTIC_NET_REGRESSION,F15,0.3218762690834007
60,600,2,CONTEXT_ONLY,REVERSAL,ELASTIC_NET_REGRESSION,F16,-0.0
60,600,2,CONTEXT_ONLY,REVERSAL,ELASTIC_NET_REGRESSION,F17,0.0
60,600,2,CONTEXT_ONLY,REVERSAL,ELASTIC_NET_REGRESSION,F18,-0.0
60,600,2,CONTEXT_ONLY,REVERSAL,ELASTIC_NET_REGRESSION,F19,-0.2308604316263737
60,600,2,CONTEXT_ONLY,REVERSAL,ELASTIC_NET_REGRESSION,F20,-0.5752060987936705
60,600,2,CONTEXT_ONLY,REVERSAL,ELASTIC_NET_REGRESSION,F21,0.0
60,600,2,CONTEXT_ONLY,REVERSAL,ELASTIC_NET_REGRESSION,F22,0.0
60,600,2,CONTEXT_ONLY,REVERSAL,ELASTIC_NET_REGRESSION,F23,0.144373558438569
60,600,2,CONTEXT_ONLY,REVERSAL,ELASTIC_NET_REGRESSION,F24,-0.0
60,600,2,CONTEXT_ONLY,REVERSAL,ELASTIC_NET_REGRESSION,F25,0.08655535183435449
60,600,2,CONTEXT_ONLY,REVERSAL,ELASTIC_NET_REGRESSION,F26,-0.27643317237382214
60,600,2,CONTEXT_ONLY,REVERSAL,ELASTIC_NET_REGRESSION,F27,-0.0
60,600,2,CONTEXT_ONLY,REVERSAL,ELASTIC_NET_REGRESSION,F28,-0.05772843815312937
60,600,2,CONTEXT_ONLY,REVERSAL,ELASTIC_NET_REGRESSION,F29,-0.20814486324940798
60,600,2,CONTEXT_ONLY,REVERSAL,ELASTIC_NET_REGRESSION,F36,0.6075379902209308
60,600,2,CONTEXT_ONLY,REVERSAL,ELASTIC_NET_LOGISTIC,F01,0.0
60,600,2,CONTEXT_ONLY,REVERSAL,ELASTIC_NET_LOGISTIC,F02,-0.07229388423749766
60,600,2,CONTEXT_ONLY,REVERSAL,ELASTIC_NET_LOGISTIC,F03,0.0
60,600,2,CONTEXT_ONLY,REVERSAL,ELASTIC_NET_LOGISTIC,F04,0.0
60,600,2,CONTEXT_ONLY,REVERSAL,ELASTIC_NET_LOGISTIC,F05,0.0
60,600,2,CONTEXT_ONLY,REVERSAL,ELASTIC_NET_LOGISTIC,F06,-0.01435497097541835
60,600,2,CONTEXT_ONLY,REVERSAL,ELASTIC_NET_LOGISTIC,F07,-0.01176856966168683
60,600,2,CONTEXT_ONLY,REVERSAL,ELASTIC_NET_LOGISTIC,F08,0.0
60,600,2,CONTEXT_ONLY,REVERSAL,ELASTIC_NET_LOGISTIC,F09,0.0
60,600,2,CONTEXT_ONLY,REVERSAL,ELASTIC_NET_LOGISTIC,F10,0.0
60,600,2,CONTEXT_ONLY,REVERSAL,ELASTIC_NET_LOGISTIC,F11,0.017163410571927457
60,600,2,CONTEXT_ONLY,REVERSAL,ELASTIC_NET_LOGISTIC,F12,0.0
60,600,2,CONTEXT_ONLY,REVERSAL,ELASTIC_NET_LOGISTIC,F13,0.0
60,600,2,CONTEXT_ONLY,REVERSAL,ELASTIC_NET_LOGISTIC,F14,0.0
60,600,2,CONTEXT_ONLY,REVERSAL,ELASTIC_NET_LOGISTIC,F15,0.0
60,600,2,CONTEXT_ONLY,REVERSAL,ELASTIC_NET_LOGISTIC,F16,0.0
60,600,2,CONTEXT_ONLY,REVERSAL,ELASTIC_NET_LOGISTIC,F17,0.0
60,600,2,CONTEXT_ONLY,REVERSAL,ELASTIC_NET_LOGISTIC,F18,0.0
60,600,2,CONTEXT_ONLY,REVERSAL,ELASTIC_NET_LOGISTIC,F19,0.0
60,600,2,CONTEXT_ONLY,REVERSAL,ELASTIC_NET_LOGISTIC,F20,-0.004888542072102816
60,600,2,CONTEXT_ONLY,REVERSAL,ELASTIC_NET_LOGISTIC,F21,0.0
60,600,2,CONTEXT_ONLY,REVERSAL,ELASTIC_NET_LOGISTIC,F22,-0.0017716909057300786
60,600,2,CONTEXT_ONLY,REVERSAL,ELASTIC_NET_LOGISTIC,F23,0.006150304135771722
60,600,2,CONTEXT_ONLY,REVERSAL,ELASTIC_NET_LOGISTIC,F24,0.0
60,600,2,CONTEXT_ONLY,REVERSAL,ELASTIC_NET_LOGISTIC,F25,0.0
60,600,2,CONTEXT_ONLY,REVERSAL,ELASTIC_NET_LOGISTIC,F26,-0.1387501404712487
60,600,2,CONTEXT_ONLY,REVERSAL,ELASTIC_NET_LOGISTIC,F27,0.0
60,600,2,CONTEXT_ONLY,REVERSAL,ELASTIC_NET_LOGISTIC,F28,0.0
60,600,2,CONTEXT_ONLY,REVERSAL,ELASTIC_NET_LOGISTIC,F29,0.0
60,600,2,CONTEXT_ONLY,REVERSAL,ELASTIC_NET_LOGISTIC,F36,0.028013091944119616
60,600,2,CONTEXT_PLUS_SHOCK,CONTINUATION,ELASTIC_NET_REGRESSION,F01,0.47475341403315013
60,600,2,CONTEXT_PLUS_SHOCK,CONTINUATION,ELASTIC_NET_REGRESSION,F02,0.0
60,600,2,CONTEXT_PLUS_SHOCK,CONTINUATION,ELASTIC_NET_REGRESSION,F03,-0.33221880398571624
60,600,2,CONTEXT_PLUS_SHOCK,CONTINUATION,ELASTIC_NET_REGRESSION,F04,-0.0
60,600,2,CONTEXT_PLUS_SHOCK,CONTINUATION,ELASTIC_NET_REGRESSION,F05,0.18685193792819468
60,600,2,CONTEXT_PLUS_SHOCK,CONTINUATION,ELASTIC_NET_REGRESSION,F06,0.3347571938701525
60,600,2,CONTEXT_PLUS_SHOCK,CONTINUATION,ELASTIC_NET_REGRESSION,F07,-0.0
60,600,2,CONTEXT_PLUS_SHOCK,CONTINUATION,ELASTIC_NET_REGRESSION,F08,-0.06531406844253672
60,600,2,CONTEXT_PLUS_SHOCK,CONTINUATION,ELASTIC_NET_REGRESSION,F09,0.14753078025331293
60,600,2,CONTEXT_PLUS_SHOCK,CONTINUATION,ELASTIC_NET_REGRESSION,F10,0.0
60,600,2,CONTEXT_PLUS_SHOCK,CONTINUATION,ELASTIC_NET_REGRESSION,F11,-0.104200248954581
60,600,2,CONTEXT_PLUS_SHOCK,CONTINUATION,ELASTIC_NET_REGRESSION,F12,-0.0
60,600,2,CONTEXT_PLUS_SHOCK,CONTINUATION,ELASTIC_NET_REGRESSION,F13,-0.0
60,600,2,CONTEXT_PLUS_SHOCK,CONTINUATION,ELASTIC_NET_REGRESSION,F14,-0.030564150131758193
60,600,2,CONTEXT_PLUS_SHOCK,CONTINUATION,ELASTIC_NET_REGRESSION,F15,-0.1501627425634596
60,600,2,CONTEXT_PLUS_SHOCK,CONTINUATION,ELASTIC_NET_REGRESSION,F16,-0.0
60,600,2,CONTEXT_PLUS_SHOCK,CONTINUATION,ELASTIC_NET_REGRESSION,F17,-0.0
60,600,2,CONTEXT_PLUS_SHOCK,CONTINUATION,ELASTIC_NET_REGRESSION,F18,-0.0
60,600,2,CONTEXT_PLUS_SHOCK,CONTINUATION,ELASTIC_NET_REGRESSION,F19,0.15407830204018266
60,600,2,CONTEXT_PLUS_SHOCK,CONTINUATION,ELASTIC_NET_REGRESSION,F20,0.6075070694796526
60,600,2,CONTEXT_PLUS_SHOCK,CONTINUATION,ELASTIC_NET_REGRESSION,F21,-0.0
60,600,2,CONTEXT_PLUS_SHOCK,CONTINUATION,ELASTIC_NET_REGRESSION,F22,0.0
60,600,2,CONTEXT_PLUS_SHOCK,CONTINUATION,ELASTIC_NET_REGRESSION,F23,-0.223366545596363
60,600,2,CONTEXT_PLUS_SHOCK,CONTINUATION,ELASTIC_NET_REGRESSION,F24,0.0
60,600,2,CONTEXT_PLUS_SHOCK,CONTINUATION,ELASTIC_NET_REGRESSION,F25,-0.0
60,600,2,CONTEXT_PLUS_SHOCK,CONTINUATION,ELASTIC_NET_REGRESSION,F26,0.28711833136824066
60,600,2,CONTEXT_PLUS_SHOCK,CONTINUATION,ELASTIC_NET_REGRESSION,F27,0.0
60,600,2,CONTEXT_PLUS_SHOCK,CONTINUATION,ELASTIC_NET_REGRESSION,F28,0.0
60,600,2,CONTEXT_PLUS_SHOCK,CONTINUATION,ELASTIC_NET_REGRESSION,F29,0.15885956352060385
60,600,2,CONTEXT_PLUS_SHOCK,CONTINUATION,ELASTIC_NET_REGRESSION,F30,-0.08568107736067583
60,600,2,CONTEXT_PLUS_SHOCK,CONTINUATION,ELASTIC_NET_REGRESSION,F31,0.17418048792917842
60,600,2,CONTEXT_PLUS_SHOCK,CONTINUATION,ELASTIC_NET_REGRESSION,F32,0.0
60,600,2,CONTEXT_PLUS_SHOCK,CONTINUATION,ELASTIC_NET_REGRESSION,F33,0.0
60,600,2,CONTEXT_PLUS_SHOCK,CONTINUATION,ELASTIC_NET_REGRESSION,F34,0.0
60,600,2,CONTEXT_PLUS_SHOCK,CONTINUATION,ELASTIC_NET_REGRESSION,F35,-0.17441315213902933
60,600,2,CONTEXT_PLUS_SHOCK,CONTINUATION,ELASTIC_NET_REGRESSION,F36,-0.6104405392500186
60,600,2,CONTEXT_PLUS_SHOCK,CONTINUATION,ELASTIC_NET_LOGISTIC,F01,0.0
60,600,2,CONTEXT_PLUS_SHOCK,CONTINUATION,ELASTIC_NET_LOGISTIC,F02,0.051699773508243195
60,600,2,CONTEXT_PLUS_SHOCK,CONTINUATION,ELASTIC_NET_LOGISTIC,F03,0.0
60,600,2,CONTEXT_PLUS_SHOCK,CONTINUATION,ELASTIC_NET_LOGISTIC,F04,0.0
60,600,2,CONTEXT_PLUS_SHOCK,CONTINUATION,ELASTIC_NET_LOGISTIC,F05,0.011753947292026223
60,600,2,CONTEXT_PLUS_SHOCK,CONTINUATION,ELASTIC_NET_LOGISTIC,F06,0.002597252240614672
60,600,2,CONTEXT_PLUS_SHOCK,CONTINUATION,ELASTIC_NET_LOGISTIC,F07,0.0
60,600,2,CONTEXT_PLUS_SHOCK,CONTINUATION,ELASTIC_NET_LOGISTIC,F08,-0.04560798582587857
60,600,2,CONTEXT_PLUS_SHOCK,CONTINUATION,ELASTIC_NET_LOGISTIC,F09,0.0
60,600,2,CONTEXT_PLUS_SHOCK,CONTINUATION,ELASTIC_NET_LOGISTIC,F10,0.0
60,600,2,CONTEXT_PLUS_SHOCK,CONTINUATION,ELASTIC_NET_LOGISTIC,F11,-0.06999769764222773
60,600,2,CONTEXT_PLUS_SHOCK,CONTINUATION,ELASTIC_NET_LOGISTIC,F12,0.0
60,600,2,CONTEXT_PLUS_SHOCK,CONTINUATION,ELASTIC_NET_LOGISTIC,F13,-0.04934181199357864
60,600,2,CONTEXT_PLUS_SHOCK,CONTINUATION,ELASTIC_NET_LOGISTIC,F14,0.0
60,600,2,CONTEXT_PLUS_SHOCK,CONTINUATION,ELASTIC_NET_LOGISTIC,F15,0.0
60,600,2,CONTEXT_PLUS_SHOCK,CONTINUATION,ELASTIC_NET_LOGISTIC,F16,0.04110548524061569
60,600,2,CONTEXT_PLUS_SHOCK,CONTINUATION,ELASTIC_NET_LOGISTIC,F17,0.003122858778219595
60,600,2,CONTEXT_PLUS_SHOCK,CONTINUATION,ELASTIC_NET_LOGISTIC,F18,0.051022986128096
60,600,2,CONTEXT_PLUS_SHOCK,CONTINUATION,ELASTIC_NET_LOGISTIC,F19,0.0
60,600,2,CONTEXT_PLUS_SHOCK,CONTINUATION,ELASTIC_NET_LOGISTIC,F20,0.07937603031616298
60,600,2,CONTEXT_PLUS_SHOCK,CONTINUATION,ELASTIC_NET_LOGISTIC,F21,0.0
60,600,2,CONTEXT_PLUS_SHOCK,CONTINUATION,ELASTIC_NET_LOGISTIC,F22,0.0
60,600,2,CONTEXT_PLUS_SHOCK,CONTINUATION,ELASTIC_NET_LOGISTIC,F23,0.0
60,600,2,CONTEXT_PLUS_SHOCK,CONTINUATION,ELASTIC_NET_LOGISTIC,F24,0.0
60,600,2,CONTEXT_PLUS_SHOCK,CONTINUATION,ELASTIC_NET_LOGISTIC,F25,0.0
60,600,2,CONTEXT_PLUS_SHOCK,CONTINUATION,ELASTIC_NET_LOGISTIC,F26,0.0
60,600,2,CONTEXT_PLUS_SHOCK,CONTINUATION,ELASTIC_NET_LOGISTIC,F27,-0.11400675233657488
60,600,2,CONTEXT_PLUS_SHOCK,CONTINUATION,ELASTIC_NET_LOGISTIC,F28,0.19979536665295486
60,600,2,CONTEXT_PLUS_SHOCK,CONTINUATION,ELASTIC_NET_LOGISTIC,F29,0.011316695234368967
60,600,2,CONTEXT_PLUS_SHOCK,CONTINUATION,ELASTIC_NET_LOGISTIC,F30,0.0
60,600,2,CONTEXT_PLUS_SHOCK,CONTINUATION,ELASTIC_NET_LOGISTIC,F31,0.0
60,600,2,CONTEXT_PLUS_SHOCK,CONTINUATION,ELASTIC_NET_LOGISTIC,F32,0.0
60,600,2,CONTEXT_PLUS_SHOCK,CONTINUATION,ELASTIC_NET_LOGISTIC,F33,0.02572949730626881
60,600,2,CONTEXT_PLUS_SHOCK,CONTINUATION,ELASTIC_NET_LOGISTIC,F34,0.0
60,600,2,CONTEXT_PLUS_SHOCK,CONTINUATION,ELASTIC_NET_LOGISTIC,F35,-0.017173507873715826
60,600,2,CONTEXT_PLUS_SHOCK,CONTINUATION,ELASTIC_NET_LOGISTIC,F36,0.0
60,600,2,CONTEXT_PLUS_SHOCK,REVERSAL,ELASTIC_NET_REGRESSION,F01,-0.45839279722268234
60,600,2,CONTEXT_PLUS_SHOCK,REVERSAL,ELASTIC_NET_REGRESSION,F02,-0.0
60,600,2,CONTEXT_PLUS_SHOCK,REVERSAL,ELASTIC_NET_REGRESSION,F03,0.33491493292211183
60,600,2,CONTEXT_PLUS_SHOCK,REVERSAL,ELASTIC_NET_REGRESSION,F04,0.0
60,600,2,CONTEXT_PLUS_SHOCK,REVERSAL,ELASTIC_NET_REGRESSION,F05,-0.18917588793280232
60,600,2,CONTEXT_PLUS_SHOCK,REVERSAL,ELASTIC_NET_REGRESSION,F06,-0.31928687157371827
60,600,2,CONTEXT_PLUS_SHOCK,REVERSAL,ELASTIC_NET_REGRESSION,F07,0.0
60,600,2,CONTEXT_PLUS_SHOCK,REVERSAL,ELASTIC_NET_REGRESSION,F08,0.0647485750885246
60,600,2,CONTEXT_PLUS_SHOCK,REVERSAL,ELASTIC_NET_REGRESSION,F09,-0.14750254959446285
60,600,2,CONTEXT_PLUS_SHOCK,REVERSAL,ELASTIC_NET_REGRESSION,F10,-0.0
60,600,2,CONTEXT_PLUS_SHOCK,REVERSAL,ELASTIC_NET_REGRESSION,F11,0.098815578485219
60,600,2,CONTEXT_PLUS_SHOCK,REVERSAL,ELASTIC_NET_REGRESSION,F12,0.0
60,600,2,CONTEXT_PLUS_SHOCK,REVERSAL,ELASTIC_NET_REGRESSION,F13,0.0
60,600,2,CONTEXT_PLUS_SHOCK,REVERSAL,ELASTIC_NET_REGRESSION,F14,0.02789468315881003
60,600,2,CONTEXT_PLUS_SHOCK,REVERSAL,ELASTIC_NET_REGRESSION,F15,0.13732824802051424
60,600,2,CONTEXT_PLUS_SHOCK,REVERSAL,ELASTIC_NET_REGRESSION,F16,0.0
60,600,2,CONTEXT_PLUS_SHOCK,REVERSAL,ELASTIC_NET_REGRESSION,F17,0.0
60,600,2,CONTEXT_PLUS_SHOCK,REVERSAL,ELASTIC_NET_REGRESSION,F18,0.0
60,600,2,CONTEXT_PLUS_SHOCK,REVERSAL,ELASTIC_NET_REGRESSION,F19,-0.1433514518075501
60,600,2,CONTEXT_PLUS_SHOCK,REVERSAL,ELASTIC_NET_REGRESSION,F20,-0.5957531445277513
60,600,2,CONTEXT_PLUS_SHOCK,REVERSAL,ELASTIC_NET_REGRESSION,F21,0.0
60,600,2,CONTEXT_PLUS_SHOCK,REVERSAL,ELASTIC_NET_REGRESSION,F22,-0.0
60,600,2,CONTEXT_PLUS_SHOCK,REVERSAL,ELASTIC_NET_REGRESSION,F23,0.2321107146373946
60,600,2,CONTEXT_PLUS_SHOCK,REVERSAL,ELASTIC_NET_REGRESSION,F24,-0.0
60,600,2,CONTEXT_PLUS_SHOCK,REVERSAL,ELASTIC_NET_REGRESSION,F25,0.013183914948093399
60,600,2,CONTEXT_PLUS_SHOCK,REVERSAL,ELASTIC_NET_REGRESSION,F26,-0.25769553257956046
60,600,2,CONTEXT_PLUS_SHOCK,REVERSAL,ELASTIC_NET_REGRESSION,F27,-0.0
60,600,2,CONTEXT_PLUS_SHOCK,REVERSAL,ELASTIC_NET_REGRESSION,F28,-0.0
60,600,2,CONTEXT_PLUS_SHOCK,REVERSAL,ELASTIC_NET_REGRESSION,F29,-0.16783874144726738
60,600,2,CONTEXT_PLUS_SHOCK,REVERSAL,ELASTIC_NET_REGRESSION,F30,0.08574223362469197
60,600,2,CONTEXT_PLUS_SHOCK,REVERSAL,ELASTIC_NET_REGRESSION,F31,-0.18153311910874648
60,600,2,CONTEXT_PLUS_SHOCK,REVERSAL,ELASTIC_NET_REGRESSION,F32,0.0
60,600,2,CONTEXT_PLUS_SHOCK,REVERSAL,ELASTIC_NET_REGRESSION,F33,-0.0
60,600,2,CONTEXT_PLUS_SHOCK,REVERSAL,ELASTIC_NET_REGRESSION,F34,-0.0014886196431577237
60,600,2,CONTEXT_PLUS_SHOCK,REVERSAL,ELASTIC_NET_REGRESSION,F35,0.17927826632917915
60,600,2,CONTEXT_PLUS_SHOCK,REVERSAL,ELASTIC_NET_REGRESSION,F36,0.6112549069365205
60,600,2,CONTEXT_PLUS_SHOCK,REVERSAL,ELASTIC_NET_LOGISTIC,F01,0.0
60,600,2,CONTEXT_PLUS_SHOCK,REVERSAL,ELASTIC_NET_LOGISTIC,F02,-0.0722984239078487
60,600,2,CONTEXT_PLUS_SHOCK,REVERSAL,ELASTIC_NET_LOGISTIC,F03,0.0
60,600,2,CONTEXT_PLUS_SHOCK,REVERSAL,ELASTIC_NET_LOGISTIC,F04,0.0
60,600,2,CONTEXT_PLUS_SHOCK,REVERSAL,ELASTIC_NET_LOGISTIC,F05,0.0
60,600,2,CONTEXT_PLUS_SHOCK,REVERSAL,ELASTIC_NET_LOGISTIC,F06,-0.014352614458460056
60,600,2,CONTEXT_PLUS_SHOCK,REVERSAL,ELASTIC_NET_LOGISTIC,F07,-0.011769411861675053
60,600,2,CONTEXT_PLUS_SHOCK,REVERSAL,ELASTIC_NET_LOGISTIC,F08,0.0
60,600,2,CONTEXT_PLUS_SHOCK,REVERSAL,ELASTIC_NET_LOGISTIC,F09,0.0
60,600,2,CONTEXT_PLUS_SHOCK,REVERSAL,ELASTIC_NET_LOGISTIC,F10,0.0
60,600,2,CONTEXT_PLUS_SHOCK,REVERSAL,ELASTIC_NET_LOGISTIC,F11,0.017167376702132607
60,600,2,CONTEXT_PLUS_SHOCK,REVERSAL,ELASTIC_NET_LOGISTIC,F12,0.0
60,600,2,CONTEXT_PLUS_SHOCK,REVERSAL,ELASTIC_NET_LOGISTIC,F13,0.0
60,600,2,CONTEXT_PLUS_SHOCK,REVERSAL,ELASTIC_NET_LOGISTIC,F14,0.0
60,600,2,CONTEXT_PLUS_SHOCK,REVERSAL,ELASTIC_NET_LOGISTIC,F15,0.0
60,600,2,CONTEXT_PLUS_SHOCK,REVERSAL,ELASTIC_NET_LOGISTIC,F16,0.0
60,600,2,CONTEXT_PLUS_SHOCK,REVERSAL,ELASTIC_NET_LOGISTIC,F17,0.0
60,600,2,CONTEXT_PLUS_SHOCK,REVERSAL,ELASTIC_NET_LOGISTIC,F18,0.0
60,600,2,CONTEXT_PLUS_SHOCK,REVERSAL,ELASTIC_NET_LOGISTIC,F19,0.0
60,600,2,CONTEXT_PLUS_SHOCK,REVERSAL,ELASTIC_NET_LOGISTIC,F20,-0.004887660835191111
60,600,2,CONTEXT_PLUS_SHOCK,REVERSAL,ELASTIC_NET_LOGISTIC,F21,0.0
60,600,2,CONTEXT_PLUS_SHOCK,REVERSAL,ELASTIC_NET_LOGISTIC,F22,-0.0017727024852078374
60,600,2,CONTEXT_PLUS_SHOCK,REVERSAL,ELASTIC_NET_LOGISTIC,F23,0.006150352791690555
60,600,2,CONTEXT_PLUS_SHOCK,REVERSAL,ELASTIC_NET_LOGISTIC,F24,0.0
60,600,2,CONTEXT_PLUS_SHOCK,REVERSAL,ELASTIC_NET_LOGISTIC,F25,0.0
60,600,2,CONTEXT_PLUS_SHOCK,REVERSAL,ELASTIC_NET_LOGISTIC,F26,-0.13874895121001257
60,600,2,CONTEXT_PLUS_SHOCK,REVERSAL,ELASTIC_NET_LOGISTIC,F27,0.0
60,600,2,CONTEXT_PLUS_SHOCK,REVERSAL,ELASTIC_NET_LOGISTIC,F28,0.0
60,600,2,CONTEXT_PLUS_SHOCK,REVERSAL,ELASTIC_NET_LOGISTIC,F29,0.0
60,600,2,CONTEXT_PLUS_SHOCK,REVERSAL,ELASTIC_NET_LOGISTIC,F30,0.0
60,600,2,CONTEXT_PLUS_SHOCK,REVERSAL,ELASTIC_NET_LOGISTIC,F31,0.0
60,600,2,CONTEXT_PLUS_SHOCK,REVERSAL,ELASTIC_NET_LOGISTIC,F32,0.0
60,600,2,CONTEXT_PLUS_SHOCK,REVERSAL,ELASTIC_NET_LOGISTIC,F33,0.0
60,600,2,CONTEXT_PLUS_SHOCK,REVERSAL,ELASTIC_NET_LOGISTIC,F34,0.0
60,600,2,CONTEXT_PLUS_SHOCK,REVERSAL,ELASTIC_NET_LOGISTIC,F35,0.0
60,600,2,CONTEXT_PLUS_SHOCK,REVERSAL,ELASTIC_NET_LOGISTIC,F36,0.028013618644217485
60,600,3,CONTEXT_ONLY,CONTINUATION,ELASTIC_NET_REGRESSION,F01,0.364274500485091
60,600,3,CONTEXT_ONLY,CONTINUATION,ELASTIC_NET_REGRESSION,F02,0.0
60,600,3,CONTEXT_ONLY,CONTINUATION,ELASTIC_NET_REGRESSION,F03,-0.3464506302579236
60,600,3,CONTEXT_ONLY,CONTINUATION,ELASTIC_NET_REGRESSION,F04,-0.0
60,600,3,CONTEXT_ONLY,CONTINUATION,ELASTIC_NET_REGRESSION,F05,0.16534301746706148
60,600,3,CONTEXT_ONLY,CONTINUATION,ELASTIC_NET_REGRESSION,F06,0.13939697097943124
60,600,3,CONTEXT_ONLY,CONTINUATION,ELASTIC_NET_REGRESSION,F07,0.0
60,600,3,CONTEXT_ONLY,CONTINUATION,ELASTIC_NET_REGRESSION,F08,-0.0
60,600,3,CONTEXT_ONLY,CONTINUATION,ELASTIC_NET_REGRESSION,F09,0.05255279240157913
60,600,3,CONTEXT_ONLY,CONTINUATION,ELASTIC_NET_REGRESSION,F10,0.0
60,600,3,CONTEXT_ONLY,CONTINUATION,ELASTIC_NET_REGRESSION,F11,-0.09787490664609139
60,600,3,CONTEXT_ONLY,CONTINUATION,ELASTIC_NET_REGRESSION,F12,-0.0
60,600,3,CONTEXT_ONLY,CONTINUATION,ELASTIC_NET_REGRESSION,F13,-0.0
60,600,3,CONTEXT_ONLY,CONTINUATION,ELASTIC_NET_REGRESSION,F14,-0.1791460561448014
60,600,3,CONTEXT_ONLY,CONTINUATION,ELASTIC_NET_REGRESSION,F15,-0.0
60,600,3,CONTEXT_ONLY,CONTINUATION,ELASTIC_NET_REGRESSION,F16,0.0
60,600,3,CONTEXT_ONLY,CONTINUATION,ELASTIC_NET_REGRESSION,F17,-0.0
60,600,3,CONTEXT_ONLY,CONTINUATION,ELASTIC_NET_REGRESSION,F18,-0.0
60,600,3,CONTEXT_ONLY,CONTINUATION,ELASTIC_NET_REGRESSION,F19,0.08139885789712954
60,600,3,CONTEXT_ONLY,CONTINUATION,ELASTIC_NET_REGRESSION,F20,0.5346181421046767
60,600,3,CONTEXT_ONLY,CONTINUATION,ELASTIC_NET_REGRESSION,F21,-0.0
60,600,3,CONTEXT_ONLY,CONTINUATION,ELASTIC_NET_REGRESSION,F22,-0.0
60,600,3,CONTEXT_ONLY,CONTINUATION,ELASTIC_NET_REGRESSION,F23,-0.07688441505061361
60,600,3,CONTEXT_ONLY,CONTINUATION,ELASTIC_NET_REGRESSION,F24,-0.0
60,600,3,CONTEXT_ONLY,CONTINUATION,ELASTIC_NET_REGRESSION,F25,-0.0
60,600,3,CONTEXT_ONLY,CONTINUATION,ELASTIC_NET_REGRESSION,F26,0.26000744347123594
60,600,3,CONTEXT_ONLY,CONTINUATION,ELASTIC_NET_REGRESSION,F27,0.0
60,600,3,CONTEXT_ONLY,CONTINUATION,ELASTIC_NET_REGRESSION,F28,-0.0
60,600,3,CONTEXT_ONLY,CONTINUATION,ELASTIC_NET_REGRESSION,F29,0.1514295190687664
60,600,3,CONTEXT_ONLY,CONTINUATION,ELASTIC_NET_REGRESSION,F36,-0.5071271291633902
60,600,3,CONTEXT_ONLY,CONTINUATION,ELASTIC_NET_LOGISTIC,F01,0.0
60,600,3,CONTEXT_ONLY,CONTINUATION,ELASTIC_NET_LOGISTIC,F02,0.04890537972798678
60,600,3,CONTEXT_ONLY,CONTINUATION,ELASTIC_NET_LOGISTIC,F03,-0.01612359190555975
60,600,3,CONTEXT_ONLY,CONTINUATION,ELASTIC_NET_LOGISTIC,F04,0.0
60,600,3,CONTEXT_ONLY,CONTINUATION,ELASTIC_NET_LOGISTIC,F05,0.08205582010341154
60,600,3,CONTEXT_ONLY,CONTINUATION,ELASTIC_NET_LOGISTIC,F06,0.05308094024742473
60,600,3,CONTEXT_ONLY,CONTINUATION,ELASTIC_NET_LOGISTIC,F07,0.05110290358991174
60,600,3,CONTEXT_ONLY,CONTINUATION,ELASTIC_NET_LOGISTIC,F08,-0.10550191710955467
60,600,3,CONTEXT_ONLY,CONTINUATION,ELASTIC_NET_LOGISTIC,F09,0.0
60,600,3,CONTEXT_ONLY,CONTINUATION,ELASTIC_NET_LOGISTIC,F10,0.0
60,600,3,CONTEXT_ONLY,CONTINUATION,ELASTIC_NET_LOGISTIC,F11,-0.1825206742493469
60,600,3,CONTEXT_ONLY,CONTINUATION,ELASTIC_NET_LOGISTIC,F12,0.0
60,600,3,CONTEXT_ONLY,CONTINUATION,ELASTIC_NET_LOGISTIC,F13,-0.15583690105777143
60,600,3,CONTEXT_ONLY,CONTINUATION,ELASTIC_NET_LOGISTIC,F14,-0.06264794637128415
60,600,3,CONTEXT_ONLY,CONTINUATION,ELASTIC_NET_LOGISTIC,F15,0.0
60,600,3,CONTEXT_ONLY,CONTINUATION,ELASTIC_NET_LOGISTIC,F16,0.08916654106112029
60,600,3,CONTEXT_ONLY,CONTINUATION,ELASTIC_NET_LOGISTIC,F17,0.12586560686180728
60,600,3,CONTEXT_ONLY,CONTINUATION,ELASTIC_NET_LOGISTIC,F18,0.0
60,600,3,CONTEXT_ONLY,CONTINUATION,ELASTIC_NET_LOGISTIC,F19,0.05925509191732188
60,600,3,CONTEXT_ONLY,CONTINUATION,ELASTIC_NET_LOGISTIC,F20,0.027565430415327285
60,600,3,CONTEXT_ONLY,CONTINUATION,ELASTIC_NET_LOGISTIC,F21,0.0
60,600,3,CONTEXT_ONLY,CONTINUATION,ELASTIC_NET_LOGISTIC,F22,0.0
60,600,3,CONTEXT_ONLY,CONTINUATION,ELASTIC_NET_LOGISTIC,F23,0.0
60,600,3,CONTEXT_ONLY,CONTINUATION,ELASTIC_NET_LOGISTIC,F24,0.0
60,600,3,CONTEXT_ONLY,CONTINUATION,ELASTIC_NET_LOGISTIC,F25,0.01857339955669083
60,600,3,CONTEXT_ONLY,CONTINUATION,ELASTIC_NET_LOGISTIC,F26,-0.01577458026317961
60,600,3,CONTEXT_ONLY,CONTINUATION,ELASTIC_NET_LOGISTIC,F27,-0.08449512856801585
60,600,3,CONTEXT_ONLY,CONTINUATION,ELASTIC_NET_LOGISTIC,F28,0.14807440101701885
60,600,3,CONTEXT_ONLY,CONTINUATION,ELASTIC_NET_LOGISTIC,F29,0.07609277953484629
60,600,3,CONTEXT_ONLY,CONTINUATION,ELASTIC_NET_LOGISTIC,F36,0.0
60,600,3,CONTEXT_ONLY,REVERSAL,ELASTIC_NET_REGRESSION,F01,-0.35357604481028976
60,600,3,CONTEXT_ONLY,REVERSAL,ELASTIC_NET_REGRESSION,F02,-0.0
60,600,3,CONTEXT_ONLY,REVERSAL,ELASTIC_NET_REGRESSION,F03,0.3445733358896849
60,600,3,CONTEXT_ONLY,REVERSAL,ELASTIC_NET_REGRESSION,F04,0.0
60,600,3,CONTEXT_ONLY,REVERSAL,ELASTIC_NET_REGRESSION,F05,-0.16930694994018797
60,600,3,CONTEXT_ONLY,REVERSAL,ELASTIC_NET_REGRESSION,F06,-0.1356195465881834
60,600,3,CONTEXT_ONLY,REVERSAL,ELASTIC_NET_REGRESSION,F07,-0.0
60,600,3,CONTEXT_ONLY,REVERSAL,ELASTIC_NET_REGRESSION,F08,0.0
60,600,3,CONTEXT_ONLY,REVERSAL,ELASTIC_NET_REGRESSION,F09,-0.054492089787302044
60,600,3,CONTEXT_ONLY,REVERSAL,ELASTIC_NET_REGRESSION,F10,-0.0
60,600,3,CONTEXT_ONLY,REVERSAL,ELASTIC_NET_REGRESSION,F11,0.09316825898367884
60,600,3,CONTEXT_ONLY,REVERSAL,ELASTIC_NET_REGRESSION,F12,0.0
60,600,3,CONTEXT_ONLY,REVERSAL,ELASTIC_NET_REGRESSION,F13,0.0003989598808670792
60,600,3,CONTEXT_ONLY,REVERSAL,ELASTIC_NET_REGRESSION,F14,0.17841001316310454
60,600,3,CONTEXT_ONLY,REVERSAL,ELASTIC_NET_REGRESSION,F15,0.0
60,600,3,CONTEXT_ONLY,REVERSAL,ELASTIC_NET_REGRESSION,F16,0.0
60,600,3,CONTEXT_ONLY,REVERSAL,ELASTIC_NET_REGRESSION,F17,0.0
60,600,3,CONTEXT_ONLY,REVERSAL,ELASTIC_NET_REGRESSION,F18,0.0
60,600,3,CONTEXT_ONLY,REVERSAL,ELASTIC_NET_REGRESSION,F19,-0.07441174965816323
60,600,3,CONTEXT_ONLY,REVERSAL,ELASTIC_NET_REGRESSION,F20,-0.5272399300989408
60,600,3,CONTEXT_ONLY,REVERSAL,ELASTIC_NET_REGRESSION,F21,0.0
60,600,3,CONTEXT_ONLY,REVERSAL,ELASTIC_NET_REGRESSION,F22,-0.0
60,600,3,CONTEXT_ONLY,REVERSAL,ELASTIC_NET_REGRESSION,F23,0.08416708630964746
60,600,3,CONTEXT_ONLY,REVERSAL,ELASTIC_NET_REGRESSION,F24,0.0
60,600,3,CONTEXT_ONLY,REVERSAL,ELASTIC_NET_REGRESSION,F25,0.0
60,600,3,CONTEXT_ONLY,REVERSAL,ELASTIC_NET_REGRESSION,F26,-0.24230494260384275
60,600,3,CONTEXT_ONLY,REVERSAL,ELASTIC_NET_REGRESSION,F27,-0.0
60,600,3,CONTEXT_ONLY,REVERSAL,ELASTIC_NET_REGRESSION,F28,0.0
60,600,3,CONTEXT_ONLY,REVERSAL,ELASTIC_NET_REGRESSION,F29,-0.15678837119412406
60,600,3,CONTEXT_ONLY,REVERSAL,ELASTIC_NET_REGRESSION,F36,0.5009567218460436
60,600,3,CONTEXT_ONLY,REVERSAL,ELASTIC_NET_LOGISTIC,F01,-0.016360486138872053
60,600,3,CONTEXT_ONLY,REVERSAL,ELASTIC_NET_LOGISTIC,F02,-0.06315673546532442
60,600,3,CONTEXT_ONLY,REVERSAL,ELASTIC_NET_LOGISTIC,F03,0.0
60,600,3,CONTEXT_ONLY,REVERSAL,ELASTIC_NET_LOGISTIC,F04,0.0
60,600,3,CONTEXT_ONLY,REVERSAL,ELASTIC_NET_LOGISTIC,F05,-0.015626634917070496
60,600,3,CONTEXT_ONLY,REVERSAL,ELASTIC_NET_LOGISTIC,F06,0.0
60,600,3,CONTEXT_ONLY,REVERSAL,ELASTIC_NET_LOGISTIC,F07,-0.045556167174506244
60,600,3,CONTEXT_ONLY,REVERSAL,ELASTIC_NET_LOGISTIC,F08,0.015064494210240312
60,600,3,CONTEXT_ONLY,REVERSAL,ELASTIC_NET_LOGISTIC,F09,0.0
60,600,3,CONTEXT_ONLY,REVERSAL,ELASTIC_NET_LOGISTIC,F10,0.0
60,600,3,CONTEXT_ONLY,REVERSAL,ELASTIC_NET_LOGISTIC,F11,0.053185831105432006
60,600,3,CONTEXT_ONLY,REVERSAL,ELASTIC_NET_LOGISTIC,F12,0.0
60,600,3,CONTEXT_ONLY,REVERSAL,ELASTIC_NET_LOGISTIC,F13,0.0
60,600,3,CONTEXT_ONLY,REVERSAL,ELASTIC_NET_LOGISTIC,F14,0.0
60,600,3,CONTEXT_ONLY,REVERSAL,ELASTIC_NET_LOGISTIC,F15,0.0
60,600,3,CONTEXT_ONLY,REVERSAL,ELASTIC_NET_LOGISTIC,F16,0.0
60,600,3,CONTEXT_ONLY,REVERSAL,ELASTIC_NET_LOGISTIC,F17,0.0
60,600,3,CONTEXT_ONLY,REVERSAL,ELASTIC_NET_LOGISTIC,F18,0.0
60,600,3,CONTEXT_ONLY,REVERSAL,ELASTIC_NET_LOGISTIC,F19,0.0
60,600,3,CONTEXT_ONLY,REVERSAL,ELASTIC_NET_LOGISTIC,F20,0.0
60,600,3,CONTEXT_ONLY,REVERSAL,ELASTIC_NET_LOGISTIC,F21,0.0
60,600,3,CONTEXT_ONLY,REVERSAL,ELASTIC_NET_LOGISTIC,F22,0.0
60,600,3,CONTEXT_ONLY,REVERSAL,ELASTIC_NET_LOGISTIC,F23,0.06329665995415824
60,600,3,CONTEXT_ONLY,REVERSAL,ELASTIC_NET_LOGISTIC,F24,0.0
60,600,3,CONTEXT_ONLY,REVERSAL,ELASTIC_NET_LOGISTIC,F25,0.0
60,600,3,CONTEXT_ONLY,REVERSAL,ELASTIC_NET_LOGISTIC,F26,-0.24736824882055838
60,600,3,CONTEXT_ONLY,REVERSAL,ELASTIC_NET_LOGISTIC,F27,0.0
60,600,3,CONTEXT_ONLY,REVERSAL,ELASTIC_NET_LOGISTIC,F28,0.0
60,600,3,CONTEXT_ONLY,REVERSAL,ELASTIC_NET_LOGISTIC,F29,0.0
60,600,3,CONTEXT_ONLY,REVERSAL,ELASTIC_NET_LOGISTIC,F36,0.04488735664999269
60,600,3,CONTEXT_PLUS_SHOCK,CONTINUATION,ELASTIC_NET_REGRESSION,F01,0.3564414962484282
60,600,3,CONTEXT_PLUS_SHOCK,CONTINUATION,ELASTIC_NET_REGRESSION,F02,0.0
60,600,3,CONTEXT_PLUS_SHOCK,CONTINUATION,ELASTIC_NET_REGRESSION,F03,-0.3416319067057178
60,600,3,CONTEXT_PLUS_SHOCK,CONTINUATION,ELASTIC_NET_REGRESSION,F04,-0.0
60,600,3,CONTEXT_PLUS_SHOCK,CONTINUATION,ELASTIC_NET_REGRESSION,F05,0.1619362596130864
60,600,3,CONTEXT_PLUS_SHOCK,CONTINUATION,ELASTIC_NET_REGRESSION,F06,0.14465527428500177
60,600,3,CONTEXT_PLUS_SHOCK,CONTINUATION,ELASTIC_NET_REGRESSION,F07,0.0
60,600,3,CONTEXT_PLUS_SHOCK,CONTINUATION,ELASTIC_NET_REGRESSION,F08,-0.0
60,600,3,CONTEXT_PLUS_SHOCK,CONTINUATION,ELASTIC_NET_REGRESSION,F09,0.029691856403262825
60,600,3,CONTEXT_PLUS_SHOCK,CONTINUATION,ELASTIC_NET_REGRESSION,F10,0.0
60,600,3,CONTEXT_PLUS_SHOCK,CONTINUATION,ELASTIC_NET_REGRESSION,F11,-0.09183087890292899
60,600,3,CONTEXT_PLUS_SHOCK,CONTINUATION,ELASTIC_NET_REGRESSION,F12,-0.0
60,600,3,CONTEXT_PLUS_SHOCK,CONTINUATION,ELASTIC_NET_REGRESSION,F13,-0.009455436507317547
60,600,3,CONTEXT_PLUS_SHOCK,CONTINUATION,ELASTIC_NET_REGRESSION,F14,-0.18065745495713628
60,600,3,CONTEXT_PLUS_SHOCK,CONTINUATION,ELASTIC_NET_REGRESSION,F15,-0.0
60,600,3,CONTEXT_PLUS_SHOCK,CONTINUATION,ELASTIC_NET_REGRESSION,F16,0.0
60,600,3,CONTEXT_PLUS_SHOCK,CONTINUATION,ELASTIC_NET_REGRESSION,F17,-0.0
60,600,3,CONTEXT_PLUS_SHOCK,CONTINUATION,ELASTIC_NET_REGRESSION,F18,0.0
60,600,3,CONTEXT_PLUS_SHOCK,CONTINUATION,ELASTIC_NET_REGRESSION,F19,0.09124014333254742
60,600,3,CONTEXT_PLUS_SHOCK,CONTINUATION,ELASTIC_NET_REGRESSION,F20,0.5256053056482529
60,600,3,CONTEXT_PLUS_SHOCK,CONTINUATION,ELASTIC_NET_REGRESSION,F21,-0.0
60,600,3,CONTEXT_PLUS_SHOCK,CONTINUATION,ELASTIC_NET_REGRESSION,F22,0.0
60,600,3,CONTEXT_PLUS_SHOCK,CONTINUATION,ELASTIC_NET_REGRESSION,F23,-0.16978512968438722
60,600,3,CONTEXT_PLUS_SHOCK,CONTINUATION,ELASTIC_NET_REGRESSION,F24,-0.0
60,600,3,CONTEXT_PLUS_SHOCK,CONTINUATION,ELASTIC_NET_REGRESSION,F25,-0.0
60,600,3,CONTEXT_PLUS_SHOCK,CONTINUATION,ELASTIC_NET_REGRESSION,F26,0.30437247058276423
60,600,3,CONTEXT_PLUS_SHOCK,CONTINUATION,ELASTIC_NET_REGRESSION,F27,0.0
60,600,3,CONTEXT_PLUS_SHOCK,CONTINUATION,ELASTIC_NET_REGRESSION,F28,-0.0
60,600,3,CONTEXT_PLUS_SHOCK,CONTINUATION,ELASTIC_NET_REGRESSION,F29,0.1447071610730974
60,600,3,CONTEXT_PLUS_SHOCK,CONTINUATION,ELASTIC_NET_REGRESSION,F30,-0.17020886288444434
60,600,3,CONTEXT_PLUS_SHOCK,CONTINUATION,ELASTIC_NET_REGRESSION,F31,0.16770553213436426
60,600,3,CONTEXT_PLUS_SHOCK,CONTINUATION,ELASTIC_NET_REGRESSION,F32,0.0
60,600,3,CONTEXT_PLUS_SHOCK,CONTINUATION,ELASTIC_NET_REGRESSION,F33,-0.0
60,600,3,CONTEXT_PLUS_SHOCK,CONTINUATION,ELASTIC_NET_REGRESSION,F34,0.10410556347994819
60,600,3,CONTEXT_PLUS_SHOCK,CONTINUATION,ELASTIC_NET_REGRESSION,F35,-0.08827902412391031
60,600,3,CONTEXT_PLUS_SHOCK,CONTINUATION,ELASTIC_NET_REGRESSION,F36,-0.5203604484121338
60,600,3,CONTEXT_PLUS_SHOCK,CONTINUATION,ELASTIC_NET_LOGISTIC,F01,0.0005393766560047151
60,600,3,CONTEXT_PLUS_SHOCK,CONTINUATION,ELASTIC_NET_LOGISTIC,F02,0.04438015141653403
60,600,3,CONTEXT_PLUS_SHOCK,CONTINUATION,ELASTIC_NET_LOGISTIC,F03,-0.01549859582048045
60,600,3,CONTEXT_PLUS_SHOCK,CONTINUATION,ELASTIC_NET_LOGISTIC,F04,0.0
60,600,3,CONTEXT_PLUS_SHOCK,CONTINUATION,ELASTIC_NET_LOGISTIC,F05,0.08494240948975887
60,600,3,CONTEXT_PLUS_SHOCK,CONTINUATION,ELASTIC_NET_LOGISTIC,F06,0.04979480504444529
60,600,3,CONTEXT_PLUS_SHOCK,CONTINUATION,ELASTIC_NET_LOGISTIC,F07,0.053438652846673665
60,600,3,CONTEXT_PLUS_SHOCK,CONTINUATION,ELASTIC_NET_LOGISTIC,F08,-0.10560484808516941
60,600,3,CONTEXT_PLUS_SHOCK,CONTINUATION,ELASTIC_NET_LOGISTIC,F09,0.0
60,600,3,CONTEXT_PLUS_SHOCK,CONTINUATION,ELASTIC_NET_LOGISTIC,F10,0.0
60,600,3,CONTEXT_PLUS_SHOCK,CONTINUATION,ELASTIC_NET_LOGISTIC,F11,-0.17993349212763968
60,600,3,CONTEXT_PLUS_SHOCK,CONTINUATION,ELASTIC_NET_LOGISTIC,F12,0.0
60,600,3,CONTEXT_PLUS_SHOCK,CONTINUATION,ELASTIC_NET_LOGISTIC,F13,-0.15363874108759454
60,600,3,CONTEXT_PLUS_SHOCK,CONTINUATION,ELASTIC_NET_LOGISTIC,F14,-0.06212347001864595
60,600,3,CONTEXT_PLUS_SHOCK,CONTINUATION,ELASTIC_NET_LOGISTIC,F15,0.0
60,600,3,CONTEXT_PLUS_SHOCK,CONTINUATION,ELASTIC_NET_LOGISTIC,F16,0.08147748751163418
60,600,3,CONTEXT_PLUS_SHOCK,CONTINUATION,ELASTIC_NET_LOGISTIC,F17,0.12559930581179346
60,600,3,CONTEXT_PLUS_SHOCK,CONTINUATION,ELASTIC_NET_LOGISTIC,F18,0.0010250187028509401
60,600,3,CONTEXT_PLUS_SHOCK,CONTINUATION,ELASTIC_NET_LOGISTIC,F19,0.036799046844410904
60,600,3,CONTEXT_PLUS_SHOCK,CONTINUATION,ELASTIC_NET_LOGISTIC,F20,0.029957053158827976
60,600,3,CONTEXT_PLUS_SHOCK,CONTINUATION,ELASTIC_NET_LOGISTIC,F21,0.0
60,600,3,CONTEXT_PLUS_SHOCK,CONTINUATION,ELASTIC_NET_LOGISTIC,F22,0.0
60,600,3,CONTEXT_PLUS_SHOCK,CONTINUATION,ELASTIC_NET_LOGISTIC,F23,0.0
60,600,3,CONTEXT_PLUS_SHOCK,CONTINUATION,ELASTIC_NET_LOGISTIC,F24,0.0
60,600,3,CONTEXT_PLUS_SHOCK,CONTINUATION,ELASTIC_NET_LOGISTIC,F25,0.0299384822268427
60,600,3,CONTEXT_PLUS_SHOCK,CONTINUATION,ELASTIC_NET_LOGISTIC,F26,-0.01174627103141534
60,600,3,CONTEXT_PLUS_SHOCK,CONTINUATION,ELASTIC_NET_LOGISTIC,F27,-0.08820806809621667
60,600,3,CONTEXT_PLUS_SHOCK,CONTINUATION,ELASTIC_NET_LOGISTIC,F28,0.14393901426182723
60,600,3,CONTEXT_PLUS_SHOCK,CONTINUATION,ELASTIC_NET_LOGISTIC,F29,0.07978244673378186
60,600,3,CONTEXT_PLUS_SHOCK,CONTINUATION,ELASTIC_NET_LOGISTIC,F30,0.0
60,600,3,CONTEXT_PLUS_SHOCK,CONTINUATION,ELASTIC_NET_LOGISTIC,F31,0.020598805959414004
60,600,3,CONTEXT_PLUS_SHOCK,CONTINUATION,ELASTIC_NET_LOGISTIC,F32,0.0
60,600,3,CONTEXT_PLUS_SHOCK,CONTINUATION,ELASTIC_NET_LOGISTIC,F33,0.0208593613435501
60,600,3,CONTEXT_PLUS_SHOCK,CONTINUATION,ELASTIC_NET_LOGISTIC,F34,0.025402203201509363
60,600,3,CONTEXT_PLUS_SHOCK,CONTINUATION,ELASTIC_NET_LOGISTIC,F35,-0.059663802336560795
60,600,3,CONTEXT_PLUS_SHOCK,CONTINUATION,ELASTIC_NET_LOGISTIC,F36,0.0
60,600,3,CONTEXT_PLUS_SHOCK,REVERSAL,ELASTIC_NET_REGRESSION,F01,-0.34520428009512205
60,600,3,CONTEXT_PLUS_SHOCK,REVERSAL,ELASTIC_NET_REGRESSION,F02,-0.0
60,600,3,CONTEXT_PLUS_SHOCK,REVERSAL,ELASTIC_NET_REGRESSION,F03,0.3395859429282993
60,600,3,CONTEXT_PLUS_SHOCK,REVERSAL,ELASTIC_NET_REGRESSION,F04,0.0
60,600,3,CONTEXT_PLUS_SHOCK,REVERSAL,ELASTIC_NET_REGRESSION,F05,-0.16602869540109674
60,600,3,CONTEXT_PLUS_SHOCK,REVERSAL,ELASTIC_NET_REGRESSION,F06,-0.14119806976279098
60,600,3,CONTEXT_PLUS_SHOCK,REVERSAL,ELASTIC_NET_REGRESSION,F07,-0.0
60,600,3,CONTEXT_PLUS_SHOCK,REVERSAL,ELASTIC_NET_REGRESSION,F08,0.0
60,600,3,CONTEXT_PLUS_SHOCK,REVERSAL,ELASTIC_NET_REGRESSION,F09,-0.03004019907435019
60,600,3,CONTEXT_PLUS_SHOCK,REVERSAL,ELASTIC_NET_REGRESSION,F10,-0.0
60,600,3,CONTEXT_PLUS_SHOCK,REVERSAL,ELASTIC_NET_REGRESSION,F11,0.08673434528336743
60,600,3,CONTEXT_PLUS_SHOCK,REVERSAL,ELASTIC_NET_REGRESSION,F12,0.0
60,600,3,CONTEXT_PLUS_SHOCK,REVERSAL,ELASTIC_NET_REGRESSION,F13,0.012610842029926732
60,600,3,CONTEXT_PLUS_SHOCK,REVERSAL,ELASTIC_NET_REGRESSION,F14,0.17999292280855014
60,600,3,CONTEXT_PLUS_SHOCK,REVERSAL,ELASTIC_NET_REGRESSION,F15,0.0
60,600,3,CONTEXT_PLUS_SHOCK,REVERSAL,ELASTIC_NET_REGRESSION,F16,-0.0
60,600,3,CONTEXT_PLUS_SHOCK,REVERSAL,ELASTIC_NET_REGRESSION,F17,0.0
60,600,3,CONTEXT_PLUS_SHOCK,REVERSAL,ELASTIC_NET_REGRESSION,F18,0.0
60,600,3,CONTEXT_PLUS_SHOCK,REVERSAL,ELASTIC_NET_REGRESSION,F19,-0.0848589361885758
60,600,3,CONTEXT_PLUS_SHOCK,REVERSAL,ELASTIC_NET_REGRESSION,F20,-0.5176466776681161
60,600,3,CONTEXT_PLUS_SHOCK,REVERSAL,ELASTIC_NET_REGRESSION,F21,0.0
60,600,3,CONTEXT_PLUS_SHOCK,REVERSAL,ELASTIC_NET_REGRESSION,F22,-0.0
60,600,3,CONTEXT_PLUS_SHOCK,REVERSAL,ELASTIC_NET_REGRESSION,F23,0.18222556364380904
60,600,3,CONTEXT_PLUS_SHOCK,REVERSAL,ELASTIC_NET_REGRESSION,F24,0.0
60,600,3,CONTEXT_PLUS_SHOCK,REVERSAL,ELASTIC_NET_REGRESSION,F25,0.0
60,600,3,CONTEXT_PLUS_SHOCK,REVERSAL,ELASTIC_NET_REGRESSION,F26,-0.2894066989215872
60,600,3,CONTEXT_PLUS_SHOCK,REVERSAL,ELASTIC_NET_REGRESSION,F27,-0.0
60,600,3,CONTEXT_PLUS_SHOCK,REVERSAL,ELASTIC_NET_REGRESSION,F28,0.0
60,600,3,CONTEXT_PLUS_SHOCK,REVERSAL,ELASTIC_NET_REGRESSION,F29,-0.1497130982531032
60,600,3,CONTEXT_PLUS_SHOCK,REVERSAL,ELASTIC_NET_REGRESSION,F30,0.17823398750152283
60,600,3,CONTEXT_PLUS_SHOCK,REVERSAL,ELASTIC_NET_REGRESSION,F31,-0.17713087440928885
60,600,3,CONTEXT_PLUS_SHOCK,REVERSAL,ELASTIC_NET_REGRESSION,F32,0.0
60,600,3,CONTEXT_PLUS_SHOCK,REVERSAL,ELASTIC_NET_REGRESSION,F33,0.0
60,600,3,CONTEXT_PLUS_SHOCK,REVERSAL,ELASTIC_NET_REGRESSION,F34,-0.11316916541501128
60,600,3,CONTEXT_PLUS_SHOCK,REVERSAL,ELASTIC_NET_REGRESSION,F35,0.09266323862827924
60,600,3,CONTEXT_PLUS_SHOCK,REVERSAL,ELASTIC_NET_REGRESSION,F36,0.5143511407260697
60,600,3,CONTEXT_PLUS_SHOCK,REVERSAL,ELASTIC_NET_LOGISTIC,F01,-0.11572361589529247
60,600,3,CONTEXT_PLUS_SHOCK,REVERSAL,ELASTIC_NET_LOGISTIC,F02,-0.05433865619316002
60,600,3,CONTEXT_PLUS_SHOCK,REVERSAL,ELASTIC_NET_LOGISTIC,F03,0.0
60,600,3,CONTEXT_PLUS_SHOCK,REVERSAL,ELASTIC_NET_LOGISTIC,F04,0.0
60,600,3,CONTEXT_PLUS_SHOCK,REVERSAL,ELASTIC_NET_LOGISTIC,F05,-0.03331402169348397
60,600,3,CONTEXT_PLUS_SHOCK,REVERSAL,ELASTIC_NET_LOGISTIC,F06,0.0
60,600,3,CONTEXT_PLUS_SHOCK,REVERSAL,ELASTIC_NET_LOGISTIC,F07,-0.07401203349898848
60,600,3,CONTEXT_PLUS_SHOCK,REVERSAL,ELASTIC_NET_LOGISTIC,F08,0.05163090417030717
60,600,3,CONTEXT_PLUS_SHOCK,REVERSAL,ELASTIC_NET_LOGISTIC,F09,0.0
60,600,3,CONTEXT_PLUS_SHOCK,REVERSAL,ELASTIC_NET_LOGISTIC,F10,0.0
60,600,3,CONTEXT_PLUS_SHOCK,REVERSAL,ELASTIC_NET_LOGISTIC,F11,0.1472745276353208
60,600,3,CONTEXT_PLUS_SHOCK,REVERSAL,ELASTIC_NET_LOGISTIC,F12,0.0
60,600,3,CONTEXT_PLUS_SHOCK,REVERSAL,ELASTIC_NET_LOGISTIC,F13,0.0
60,600,3,CONTEXT_PLUS_SHOCK,REVERSAL,ELASTIC_NET_LOGISTIC,F14,0.0
60,600,3,CONTEXT_PLUS_SHOCK,REVERSAL,ELASTIC_NET_LOGISTIC,F15,0.0
60,600,3,CONTEXT_PLUS_SHOCK,REVERSAL,ELASTIC_NET_LOGISTIC,F16,0.0
60,600,3,CONTEXT_PLUS_SHOCK,REVERSAL,ELASTIC_NET_LOGISTIC,F17,0.0
60,600,3,CONTEXT_PLUS_SHOCK,REVERSAL,ELASTIC_NET_LOGISTIC,F18,-0.01820367622103559
60,600,3,CONTEXT_PLUS_SHOCK,REVERSAL,ELASTIC_NET_LOGISTIC,F19,0.0
60,600,3,CONTEXT_PLUS_SHOCK,REVERSAL,ELASTIC_NET_LOGISTIC,F20,-0.03928782755314592
60,600,3,CONTEXT_PLUS_SHOCK,REVERSAL,ELASTIC_NET_LOGISTIC,F21,0.0
60,600,3,CONTEXT_PLUS_SHOCK,REVERSAL,ELASTIC_NET_LOGISTIC,F22,0.0
60,600,3,CONTEXT_PLUS_SHOCK,REVERSAL,ELASTIC_NET_LOGISTIC,F23,0.09751847593288344
60,600,3,CONTEXT_PLUS_SHOCK,REVERSAL,ELASTIC_NET_LOGISTIC,F24,0.02117876556072083
60,600,3,CONTEXT_PLUS_SHOCK,REVERSAL,ELASTIC_NET_LOGISTIC,F25,0.0
60,600,3,CONTEXT_PLUS_SHOCK,REVERSAL,ELASTIC_NET_LOGISTIC,F26,-0.33296650088863217
60,600,3,CONTEXT_PLUS_SHOCK,REVERSAL,ELASTIC_NET_LOGISTIC,F27,0.0
60,600,3,CONTEXT_PLUS_SHOCK,REVERSAL,ELASTIC_NET_LOGISTIC,F28,-0.0399951668219478
60,600,3,CONTEXT_PLUS_SHOCK,REVERSAL,ELASTIC_NET_LOGISTIC,F29,0.0
60,600,3,CONTEXT_PLUS_SHOCK,REVERSAL,ELASTIC_NET_LOGISTIC,F30,0.02926345780827751
60,600,3,CONTEXT_PLUS_SHOCK,REVERSAL,ELASTIC_NET_LOGISTIC,F31,-0.02730489066907881
60,600,3,CONTEXT_PLUS_SHOCK,REVERSAL,ELASTIC_NET_LOGISTIC,F32,0.0
60,600,3,CONTEXT_PLUS_SHOCK,REVERSAL,ELASTIC_NET_LOGISTIC,F33,0.03438424720516787
60,600,3,CONTEXT_PLUS_SHOCK,REVERSAL,ELASTIC_NET_LOGISTIC,F34,-0.002541199680157251
60,600,3,CONTEXT_PLUS_SHOCK,REVERSAL,ELASTIC_NET_LOGISTIC,F35,0.0
60,600,3,CONTEXT_PLUS_SHOCK,REVERSAL,ELASTIC_NET_LOGISTIC,F36,0.08443381209144206
60,600,4,CONTEXT_ONLY,CONTINUATION,ELASTIC_NET_REGRESSION,F01,0.2530010379874466
60,600,4,CONTEXT_ONLY,CONTINUATION,ELASTIC_NET_REGRESSION,F02,0.0
60,600,4,CONTEXT_ONLY,CONTINUATION,ELASTIC_NET_REGRESSION,F03,-0.3407032848793797
60,600,4,CONTEXT_ONLY,CONTINUATION,ELASTIC_NET_REGRESSION,F04,-0.0
60,600,4,CONTEXT_ONLY,CONTINUATION,ELASTIC_NET_REGRESSION,F05,0.0860957210368307
60,600,4,CONTEXT_ONLY,CONTINUATION,ELASTIC_NET_REGRESSION,F06,0.1273213783718388
60,600,4,CONTEXT_ONLY,CONTINUATION,ELASTIC_NET_REGRESSION,F07,0.0
60,600,4,CONTEXT_ONLY,CONTINUATION,ELASTIC_NET_REGRESSION,F08,-0.0
60,600,4,CONTEXT_ONLY,CONTINUATION,ELASTIC_NET_REGRESSION,F09,0.11847997516594817
60,600,4,CONTEXT_ONLY,CONTINUATION,ELASTIC_NET_REGRESSION,F10,0.009393322486733252
60,600,4,CONTEXT_ONLY,CONTINUATION,ELASTIC_NET_REGRESSION,F11,-0.0
60,600,4,CONTEXT_ONLY,CONTINUATION,ELASTIC_NET_REGRESSION,F12,-0.0
60,600,4,CONTEXT_ONLY,CONTINUATION,ELASTIC_NET_REGRESSION,F13,-0.0
60,600,4,CONTEXT_ONLY,CONTINUATION,ELASTIC_NET_REGRESSION,F14,-0.18034120337620596
60,600,4,CONTEXT_ONLY,CONTINUATION,ELASTIC_NET_REGRESSION,F15,-0.0
60,600,4,CONTEXT_ONLY,CONTINUATION,ELASTIC_NET_REGRESSION,F16,-0.0
60,600,4,CONTEXT_ONLY,CONTINUATION,ELASTIC_NET_REGRESSION,F17,-0.0
60,600,4,CONTEXT_ONLY,CONTINUATION,ELASTIC_NET_REGRESSION,F18,-0.0
60,600,4,CONTEXT_ONLY,CONTINUATION,ELASTIC_NET_REGRESSION,F19,0.17150746333826852
60,600,4,CONTEXT_ONLY,CONTINUATION,ELASTIC_NET_REGRESSION,F20,0.45332000941664974
60,600,4,CONTEXT_ONLY,CONTINUATION,ELASTIC_NET_REGRESSION,F21,-0.0
60,600,4,CONTEXT_ONLY,CONTINUATION,ELASTIC_NET_REGRESSION,F22,0.0
60,600,4,CONTEXT_ONLY,CONTINUATION,ELASTIC_NET_REGRESSION,F23,0.0
60,600,4,CONTEXT_ONLY,CONTINUATION,ELASTIC_NET_REGRESSION,F24,-0.0
60,600,4,CONTEXT_ONLY,CONTINUATION,ELASTIC_NET_REGRESSION,F25,0.0
60,600,4,CONTEXT_ONLY,CONTINUATION,ELASTIC_NET_REGRESSION,F26,0.2639187628993932
60,600,4,CONTEXT_ONLY,CONTINUATION,ELASTIC_NET_REGRESSION,F27,0.0
60,600,4,CONTEXT_ONLY,CONTINUATION,ELASTIC_NET_REGRESSION,F28,-0.0
60,600,4,CONTEXT_ONLY,CONTINUATION,ELASTIC_NET_REGRESSION,F29,0.06375966025247976
60,600,4,CONTEXT_ONLY,CONTINUATION,ELASTIC_NET_REGRESSION,F36,-0.45589855073749497
60,600,4,CONTEXT_ONLY,CONTINUATION,ELASTIC_NET_LOGISTIC,F01,0.0
60,600,4,CONTEXT_ONLY,CONTINUATION,ELASTIC_NET_LOGISTIC,F02,0.0
60,600,4,CONTEXT_ONLY,CONTINUATION,ELASTIC_NET_LOGISTIC,F03,-0.013214618430040615
60,600,4,CONTEXT_ONLY,CONTINUATION,ELASTIC_NET_LOGISTIC,F04,0.0
60,600,4,CONTEXT_ONLY,CONTINUATION,ELASTIC_NET_LOGISTIC,F05,0.005034812231196631
60,600,4,CONTEXT_ONLY,CONTINUATION,ELASTIC_NET_LOGISTIC,F06,0.039004058424336734
60,600,4,CONTEXT_ONLY,CONTINUATION,ELASTIC_NET_LOGISTIC,F07,0.008756465407306735
60,600,4,CONTEXT_ONLY,CONTINUATION,ELASTIC_NET_LOGISTIC,F08,-0.027429853622045954
60,600,4,CONTEXT_ONLY,CONTINUATION,ELASTIC_NET_LOGISTIC,F09,0.0
60,600,4,CONTEXT_ONLY,CONTINUATION,ELASTIC_NET_LOGISTIC,F10,0.0
60,600,4,CONTEXT_ONLY,CONTINUATION,ELASTIC_NET_LOGISTIC,F11,-0.05525687586251987
60,600,4,CONTEXT_ONLY,CONTINUATION,ELASTIC_NET_LOGISTIC,F12,0.0
60,600,4,CONTEXT_ONLY,CONTINUATION,ELASTIC_NET_LOGISTIC,F13,-0.06487100645621482
60,600,4,CONTEXT_ONLY,CONTINUATION,ELASTIC_NET_LOGISTIC,F14,-0.05234098225645059
60,600,4,CONTEXT_ONLY,CONTINUATION,ELASTIC_NET_LOGISTIC,F15,0.0
60,600,4,CONTEXT_ONLY,CONTINUATION,ELASTIC_NET_LOGISTIC,F16,0.0
60,600,4,CONTEXT_ONLY,CONTINUATION,ELASTIC_NET_LOGISTIC,F17,0.1719551935230928
60,600,4,CONTEXT_ONLY,CONTINUATION,ELASTIC_NET_LOGISTIC,F18,0.0
60,600,4,CONTEXT_ONLY,CONTINUATION,ELASTIC_NET_LOGISTIC,F19,0.06278741575651373
60,600,4,CONTEXT_ONLY,CONTINUATION,ELASTIC_NET_LOGISTIC,F20,0.07369761423988584
60,600,4,CONTEXT_ONLY,CONTINUATION,ELASTIC_NET_LOGISTIC,F21,0.0
60,600,4,CONTEXT_ONLY,CONTINUATION,ELASTIC_NET_LOGISTIC,F22,0.0
60,600,4,CONTEXT_ONLY,CONTINUATION,ELASTIC_NET_LOGISTIC,F23,0.005761881970090183
60,600,4,CONTEXT_ONLY,CONTINUATION,ELASTIC_NET_LOGISTIC,F24,0.0
60,600,4,CONTEXT_ONLY,CONTINUATION,ELASTIC_NET_LOGISTIC,F25,0.03933407909589432
60,600,4,CONTEXT_ONLY,CONTINUATION,ELASTIC_NET_LOGISTIC,F26,0.0
60,600,4,CONTEXT_ONLY,CONTINUATION,ELASTIC_NET_LOGISTIC,F27,0.0
60,600,4,CONTEXT_ONLY,CONTINUATION,ELASTIC_NET_LOGISTIC,F28,0.07935184546435632
60,600,4,CONTEXT_ONLY,CONTINUATION,ELASTIC_NET_LOGISTIC,F29,0.0
60,600,4,CONTEXT_ONLY,CONTINUATION,ELASTIC_NET_LOGISTIC,F36,0.0
60,600,4,CONTEXT_ONLY,REVERSAL,ELASTIC_NET_REGRESSION,F01,-0.24250745907355462
60,600,4,CONTEXT_ONLY,REVERSAL,ELASTIC_NET_REGRESSION,F02,-0.0
60,600,4,CONTEXT_ONLY,REVERSAL,ELASTIC_NET_REGRESSION,F03,0.3361536783540338
60,600,4,CONTEXT_ONLY,REVERSAL,ELASTIC_NET_REGRESSION,F04,0.0
60,600,4,CONTEXT_ONLY,REVERSAL,ELASTIC_NET_REGRESSION,F05,-0.09009155074744724
60,600,4,CONTEXT_ONLY,REVERSAL,ELASTIC_NET_REGRESSION,F06,-0.1243385223585446
60,600,4,CONTEXT_ONLY,REVERSAL,ELASTIC_NET_REGRESSION,F07,-0.0
60,600,4,CONTEXT_ONLY,REVERSAL,ELASTIC_NET_REGRESSION,F08,0.0
60,600,4,CONTEXT_ONLY,REVERSAL,ELASTIC_NET_REGRESSION,F09,-0.11808323279220057
60,600,4,CONTEXT_ONLY,REVERSAL,ELASTIC_NET_REGRESSION,F10,-0.009830908366886418
60,600,4,CONTEXT_ONLY,REVERSAL,ELASTIC_NET_REGRESSION,F11,0.0
60,600,4,CONTEXT_ONLY,REVERSAL,ELASTIC_NET_REGRESSION,F12,0.0
60,600,4,CONTEXT_ONLY,REVERSAL,ELASTIC_NET_REGRESSION,F13,0.0
60,600,4,CONTEXT_ONLY,REVERSAL,ELASTIC_NET_REGRESSION,F14,0.18276193719977707
60,600,4,CONTEXT_ONLY,REVERSAL,ELASTIC_NET_REGRESSION,F15,0.0
60,600,4,CONTEXT_ONLY,REVERSAL,ELASTIC_NET_REGRESSION,F16,0.0
60,600,4,CONTEXT_ONLY,REVERSAL,ELASTIC_NET_REGRESSION,F17,0.0
60,600,4,CONTEXT_ONLY,REVERSAL,ELASTIC_NET_REGRESSION,F18,0.0
60,600,4,CONTEXT_ONLY,REVERSAL,ELASTIC_NET_REGRESSION,F19,-0.15803161545210948
60,600,4,CONTEXT_ONLY,REVERSAL,ELASTIC_NET_REGRESSION,F20,-0.44923341401417877
60,600,4,CONTEXT_ONLY,REVERSAL,ELASTIC_NET_REGRESSION,F21,0.0
60,600,4,CONTEXT_ONLY,REVERSAL,ELASTIC_NET_REGRESSION,F22,-0.0
60,600,4,CONTEXT_ONLY,REVERSAL,ELASTIC_NET_REGRESSION,F23,-0.0
60,600,4,CONTEXT_ONLY,REVERSAL,ELASTIC_NET_REGRESSION,F24,0.0
60,600,4,CONTEXT_ONLY,REVERSAL,ELASTIC_NET_REGRESSION,F25,-0.0
60,600,4,CONTEXT_ONLY,REVERSAL,ELASTIC_NET_REGRESSION,F26,-0.24603867766097834
60,600,4,CONTEXT_ONLY,REVERSAL,ELASTIC_NET_REGRESSION,F27,-0.0
60,600,4,CONTEXT_ONLY,REVERSAL,ELASTIC_NET_REGRESSION,F28,0.0
60,600,4,CONTEXT_ONLY,REVERSAL,ELASTIC_NET_REGRESSION,F29,-0.07388231203412648
60,600,4,CONTEXT_ONLY,REVERSAL,ELASTIC_NET_REGRESSION,F36,0.4503290792892843
60,600,4,CONTEXT_ONLY,REVERSAL,ELASTIC_NET_LOGISTIC,F01,-0.02445479191330485
60,600,4,CONTEXT_ONLY,REVERSAL,ELASTIC_NET_LOGISTIC,F02,0.0
60,600,4,CONTEXT_ONLY,REVERSAL,ELASTIC_NET_LOGISTIC,F03,0.0
60,600,4,CONTEXT_ONLY,REVERSAL,ELASTIC_NET_LOGISTIC,F04,0.0
60,600,4,CONTEXT_ONLY,REVERSAL,ELASTIC_NET_LOGISTIC,F05,0.0
60,600,4,CONTEXT_ONLY,REVERSAL,ELASTIC_NET_LOGISTIC,F06,0.0
60,600,4,CONTEXT_ONLY,REVERSAL,ELASTIC_NET_LOGISTIC,F07,-0.0479888542437161
60,600,4,CONTEXT_ONLY,REVERSAL,ELASTIC_NET_LOGISTIC,F08,0.004699574880448845
60,600,4,CONTEXT_ONLY,REVERSAL,ELASTIC_NET_LOGISTIC,F09,0.0
60,600,4,CONTEXT_ONLY,REVERSAL,ELASTIC_NET_LOGISTIC,F10,0.0
60,600,4,CONTEXT_ONLY,REVERSAL,ELASTIC_NET_LOGISTIC,F11,0.013451535115582542
60,600,4,CONTEXT_ONLY,REVERSAL,ELASTIC_NET_LOGISTIC,F12,0.0
60,600,4,CONTEXT_ONLY,REVERSAL,ELASTIC_NET_LOGISTIC,F13,0.0
60,600,4,CONTEXT_ONLY,REVERSAL,ELASTIC_NET_LOGISTIC,F14,0.004967606010431428
60,600,4,CONTEXT_ONLY,REVERSAL,ELASTIC_NET_LOGISTIC,F15,0.0
60,600,4,CONTEXT_ONLY,REVERSAL,ELASTIC_NET_LOGISTIC,F16,0.0
60,600,4,CONTEXT_ONLY,REVERSAL,ELASTIC_NET_LOGISTIC,F17,0.0
60,600,4,CONTEXT_ONLY,REVERSAL,ELASTIC_NET_LOGISTIC,F18,0.0
60,600,4,CONTEXT_ONLY,REVERSAL,ELASTIC_NET_LOGISTIC,F19,0.0
60,600,4,CONTEXT_ONLY,REVERSAL,ELASTIC_NET_LOGISTIC,F20,-0.017152424154812336
60,600,4,CONTEXT_ONLY,REVERSAL,ELASTIC_NET_LOGISTIC,F21,0.0
60,600,4,CONTEXT_ONLY,REVERSAL,ELASTIC_NET_LOGISTIC,F22,0.0
60,600,4,CONTEXT_ONLY,REVERSAL,ELASTIC_NET_LOGISTIC,F23,0.0
60,600,4,CONTEXT_ONLY,REVERSAL,ELASTIC_NET_LOGISTIC,F24,0.0
60,600,4,CONTEXT_ONLY,REVERSAL,ELASTIC_NET_LOGISTIC,F25,0.0
60,600,4,CONTEXT_ONLY,REVERSAL,ELASTIC_NET_LOGISTIC,F26,-0.3023199528837412
60,600,4,CONTEXT_ONLY,REVERSAL,ELASTIC_NET_LOGISTIC,F27,0.0
60,600,4,CONTEXT_ONLY,REVERSAL,ELASTIC_NET_LOGISTIC,F28,0.0
60,600,4,CONTEXT_ONLY,REVERSAL,ELASTIC_NET_LOGISTIC,F29,0.0
60,600,4,CONTEXT_ONLY,REVERSAL,ELASTIC_NET_LOGISTIC,F36,0.053014231066654004
60,600,4,CONTEXT_PLUS_SHOCK,CONTINUATION,ELASTIC_NET_REGRESSION,F01,0.26645195101895935
60,600,4,CONTEXT_PLUS_SHOCK,CONTINUATION,ELASTIC_NET_REGRESSION,F02,0.0
60,600,4,CONTEXT_PLUS_SHOCK,CONTINUATION,ELASTIC_NET_REGRESSION,F03,-0.34914086600879346
60,600,4,CONTEXT_PLUS_SHOCK,CONTINUATION,ELASTIC_NET_REGRESSION,F04,-0.0
60,600,4,CONTEXT_PLUS_SHOCK,CONTINUATION,ELASTIC_NET_REGRESSION,F05,0.08493227284513075
60,600,4,CONTEXT_PLUS_SHOCK,CONTINUATION,ELASTIC_NET_REGRESSION,F06,0.12718505486356527
60,600,4,CONTEXT_PLUS_SHOCK,CONTINUATION,ELASTIC_NET_REGRESSION,F07,0.0
60,600,4,CONTEXT_PLUS_SHOCK,CONTINUATION,ELASTIC_NET_REGRESSION,F08,-0.0
60,600,4,CONTEXT_PLUS_SHOCK,CONTINUATION,ELASTIC_NET_REGRESSION,F09,0.10639012177771735
60,600,4,CONTEXT_PLUS_SHOCK,CONTINUATION,ELASTIC_NET_REGRESSION,F10,0.0004955855985147969
60,600,4,CONTEXT_PLUS_SHOCK,CONTINUATION,ELASTIC_NET_REGRESSION,F11,-0.0
60,600,4,CONTEXT_PLUS_SHOCK,CONTINUATION,ELASTIC_NET_REGRESSION,F12,-0.0
60,600,4,CONTEXT_PLUS_SHOCK,CONTINUATION,ELASTIC_NET_REGRESSION,F13,-0.0
60,600,4,CONTEXT_PLUS_SHOCK,CONTINUATION,ELASTIC_NET_REGRESSION,F14,-0.18906585777870716
60,600,4,CONTEXT_PLUS_SHOCK,CONTINUATION,ELASTIC_NET_REGRESSION,F15,-0.0
60,600,4,CONTEXT_PLUS_SHOCK,CONTINUATION,ELASTIC_NET_REGRESSION,F16,-0.0
60,600,4,CONTEXT_PLUS_SHOCK,CONTINUATION,ELASTIC_NET_REGRESSION,F17,-0.0
60,600,4,CONTEXT_PLUS_SHOCK,CONTINUATION,ELASTIC_NET_REGRESSION,F18,-0.0
60,600,4,CONTEXT_PLUS_SHOCK,CONTINUATION,ELASTIC_NET_REGRESSION,F19,0.15700122017065513
60,600,4,CONTEXT_PLUS_SHOCK,CONTINUATION,ELASTIC_NET_REGRESSION,F20,0.465088858401358
60,600,4,CONTEXT_PLUS_SHOCK,CONTINUATION,ELASTIC_NET_REGRESSION,F21,-0.0
60,600,4,CONTEXT_PLUS_SHOCK,CONTINUATION,ELASTIC_NET_REGRESSION,F22,0.0
60,600,4,CONTEXT_PLUS_SHOCK,CONTINUATION,ELASTIC_NET_REGRESSION,F23,-0.0
60,600,4,CONTEXT_PLUS_SHOCK,CONTINUATION,ELASTIC_NET_REGRESSION,F24,-0.0
60,600,4,CONTEXT_PLUS_SHOCK,CONTINUATION,ELASTIC_NET_REGRESSION,F25,0.0
60,600,4,CONTEXT_PLUS_SHOCK,CONTINUATION,ELASTIC_NET_REGRESSION,F26,0.2964896988140746
60,600,4,CONTEXT_PLUS_SHOCK,CONTINUATION,ELASTIC_NET_REGRESSION,F27,0.0
60,600,4,CONTEXT_PLUS_SHOCK,CONTINUATION,ELASTIC_NET_REGRESSION,F28,-0.0
60,600,4,CONTEXT_PLUS_SHOCK,CONTINUATION,ELASTIC_NET_REGRESSION,F29,0.0527030780424839
60,600,4,CONTEXT_PLUS_SHOCK,CONTINUATION,ELASTIC_NET_REGRESSION,F30,-0.0438515376454755
60,600,4,CONTEXT_PLUS_SHOCK,CONTINUATION,ELASTIC_NET_REGRESSION,F31,0.11636204388848632
60,600,4,CONTEXT_PLUS_SHOCK,CONTINUATION,ELASTIC_NET_REGRESSION,F32,0.0
60,600,4,CONTEXT_PLUS_SHOCK,CONTINUATION,ELASTIC_NET_REGRESSION,F33,-0.0479694860999554
60,600,4,CONTEXT_PLUS_SHOCK,CONTINUATION,ELASTIC_NET_REGRESSION,F34,0.07641941473154083
60,600,4,CONTEXT_PLUS_SHOCK,CONTINUATION,ELASTIC_NET_REGRESSION,F35,-0.05709663333010907
60,600,4,CONTEXT_PLUS_SHOCK,CONTINUATION,ELASTIC_NET_REGRESSION,F36,-0.46691852948092916
60,600,4,CONTEXT_PLUS_SHOCK,CONTINUATION,ELASTIC_NET_LOGISTIC,F01,0.0
60,600,4,CONTEXT_PLUS_SHOCK,CONTINUATION,ELASTIC_NET_LOGISTIC,F02,0.0
60,600,4,CONTEXT_PLUS_SHOCK,CONTINUATION,ELASTIC_NET_LOGISTIC,F03,-0.012220657712432073
60,600,4,CONTEXT_PLUS_SHOCK,CONTINUATION,ELASTIC_NET_LOGISTIC,F04,0.0
60,600,4,CONTEXT_PLUS_SHOCK,CONTINUATION,ELASTIC_NET_LOGISTIC,F05,0.0055431128003978255
60,600,4,CONTEXT_PLUS_SHOCK,CONTINUATION,ELASTIC_NET_LOGISTIC,F06,0.03626408927119171
60,600,4,CONTEXT_PLUS_SHOCK,CONTINUATION,ELASTIC_NET_LOGISTIC,F07,0.01027475396489494
60,600,4,CONTEXT_PLUS_SHOCK,CONTINUATION,ELASTIC_NET_LOGISTIC,F08,-0.03216584683552792
60,600,4,CONTEXT_PLUS_SHOCK,CONTINUATION,ELASTIC_NET_LOGISTIC,F09,0.0
60,600,4,CONTEXT_PLUS_SHOCK,CONTINUATION,ELASTIC_NET_LOGISTIC,F10,0.0
60,600,4,CONTEXT_PLUS_SHOCK,CONTINUATION,ELASTIC_NET_LOGISTIC,F11,-0.056545643410310605
60,600,4,CONTEXT_PLUS_SHOCK,CONTINUATION,ELASTIC_NET_LOGISTIC,F12,0.0
60,600,4,CONTEXT_PLUS_SHOCK,CONTINUATION,ELASTIC_NET_LOGISTIC,F13,-0.06932851617808578
60,600,4,CONTEXT_PLUS_SHOCK,CONTINUATION,ELASTIC_NET_LOGISTIC,F14,-0.05271822029109723
60,600,4,CONTEXT_PLUS_SHOCK,CONTINUATION,ELASTIC_NET_LOGISTIC,F15,0.0
60,600,4,CONTEXT_PLUS_SHOCK,CONTINUATION,ELASTIC_NET_LOGISTIC,F16,0.0
60,600,4,CONTEXT_PLUS_SHOCK,CONTINUATION,ELASTIC_NET_LOGISTIC,F17,0.1757251807767914
60,600,4,CONTEXT_PLUS_SHOCK,CONTINUATION,ELASTIC_NET_LOGISTIC,F18,0.0
60,600,4,CONTEXT_PLUS_SHOCK,CONTINUATION,ELASTIC_NET_LOGISTIC,F19,0.045942782585511904
60,600,4,CONTEXT_PLUS_SHOCK,CONTINUATION,ELASTIC_NET_LOGISTIC,F20,0.0796914223640653
60,600,4,CONTEXT_PLUS_SHOCK,CONTINUATION,ELASTIC_NET_LOGISTIC,F21,0.0
60,600,4,CONTEXT_PLUS_SHOCK,CONTINUATION,ELASTIC_NET_LOGISTIC,F22,0.0
60,600,4,CONTEXT_PLUS_SHOCK,CONTINUATION,ELASTIC_NET_LOGISTIC,F23,0.0
60,600,4,CONTEXT_PLUS_SHOCK,CONTINUATION,ELASTIC_NET_LOGISTIC,F24,0.0
60,600,4,CONTEXT_PLUS_SHOCK,CONTINUATION,ELASTIC_NET_LOGISTIC,F25,0.037048533371484414
60,600,4,CONTEXT_PLUS_SHOCK,CONTINUATION,ELASTIC_NET_LOGISTIC,F26,0.0
60,600,4,CONTEXT_PLUS_SHOCK,CONTINUATION,ELASTIC_NET_LOGISTIC,F27,0.0
60,600,4,CONTEXT_PLUS_SHOCK,CONTINUATION,ELASTIC_NET_LOGISTIC,F28,0.06648889181511677
60,600,4,CONTEXT_PLUS_SHOCK,CONTINUATION,ELASTIC_NET_LOGISTIC,F29,0.0
60,600,4,CONTEXT_PLUS_SHOCK,CONTINUATION,ELASTIC_NET_LOGISTIC,F30,0.022925944981685983
60,600,4,CONTEXT_PLUS_SHOCK,CONTINUATION,ELASTIC_NET_LOGISTIC,F31,0.05903872342276926
60,600,4,CONTEXT_PLUS_SHOCK,CONTINUATION,ELASTIC_NET_LOGISTIC,F32,0.0
60,600,4,CONTEXT_PLUS_SHOCK,CONTINUATION,ELASTIC_NET_LOGISTIC,F33,0.0
60,600,4,CONTEXT_PLUS_SHOCK,CONTINUATION,ELASTIC_NET_LOGISTIC,F34,0.0
60,600,4,CONTEXT_PLUS_SHOCK,CONTINUATION,ELASTIC_NET_LOGISTIC,F35,-0.01304757913488378
60,600,4,CONTEXT_PLUS_SHOCK,CONTINUATION,ELASTIC_NET_LOGISTIC,F36,0.0
60,600,4,CONTEXT_PLUS_SHOCK,REVERSAL,ELASTIC_NET_REGRESSION,F01,-0.2585713738886268
60,600,4,CONTEXT_PLUS_SHOCK,REVERSAL,ELASTIC_NET_REGRESSION,F02,-0.0
60,600,4,CONTEXT_PLUS_SHOCK,REVERSAL,ELASTIC_NET_REGRESSION,F03,0.3461870491392929
60,600,4,CONTEXT_PLUS_SHOCK,REVERSAL,ELASTIC_NET_REGRESSION,F04,0.0
60,600,4,CONTEXT_PLUS_SHOCK,REVERSAL,ELASTIC_NET_REGRESSION,F05,-0.08833369477746139
60,600,4,CONTEXT_PLUS_SHOCK,REVERSAL,ELASTIC_NET_REGRESSION,F06,-0.12495258278923146
60,600,4,CONTEXT_PLUS_SHOCK,REVERSAL,ELASTIC_NET_REGRESSION,F07,-0.0
60,600,4,CONTEXT_PLUS_SHOCK,REVERSAL,ELASTIC_NET_REGRESSION,F08,0.0
60,600,4,CONTEXT_PLUS_SHOCK,REVERSAL,ELASTIC_NET_REGRESSION,F09,-0.10519808762833084
60,600,4,CONTEXT_PLUS_SHOCK,REVERSAL,ELASTIC_NET_REGRESSION,F10,-0.0
60,600,4,CONTEXT_PLUS_SHOCK,REVERSAL,ELASTIC_NET_REGRESSION,F11,0.0
60,600,4,CONTEXT_PLUS_SHOCK,REVERSAL,ELASTIC_NET_REGRESSION,F12,0.0
60,600,4,CONTEXT_PLUS_SHOCK,REVERSAL,ELASTIC_NET_REGRESSION,F13,0.0
60,600,4,CONTEXT_PLUS_SHOCK,REVERSAL,ELASTIC_NET_REGRESSION,F14,0.19268813360003553
60,600,4,CONTEXT_PLUS_SHOCK,REVERSAL,ELASTIC_NET_REGRESSION,F15,0.0
60,600,4,CONTEXT_PLUS_SHOCK,REVERSAL,ELASTIC_NET_REGRESSION,F16,0.0
60,600,4,CONTEXT_PLUS_SHOCK,REVERSAL,ELASTIC_NET_REGRESSION,F17,0.0
60,600,4,CONTEXT_PLUS_SHOCK,REVERSAL,ELASTIC_NET_REGRESSION,F18,0.0
60,600,4,CONTEXT_PLUS_SHOCK,REVERSAL,ELASTIC_NET_REGRESSION,F19,-0.14997016975592484
60,600,4,CONTEXT_PLUS_SHOCK,REVERSAL,ELASTIC_NET_REGRESSION,F20,-0.4614913239162426
60,600,4,CONTEXT_PLUS_SHOCK,REVERSAL,ELASTIC_NET_REGRESSION,F21,0.0
60,600,4,CONTEXT_PLUS_SHOCK,REVERSAL,ELASTIC_NET_REGRESSION,F22,-0.0
60,600,4,CONTEXT_PLUS_SHOCK,REVERSAL,ELASTIC_NET_REGRESSION,F23,0.0
60,600,4,CONTEXT_PLUS_SHOCK,REVERSAL,ELASTIC_NET_REGRESSION,F24,0.0
60,600,4,CONTEXT_PLUS_SHOCK,REVERSAL,ELASTIC_NET_REGRESSION,F25,-0.0
60,600,4,CONTEXT_PLUS_SHOCK,REVERSAL,ELASTIC_NET_REGRESSION,F26,-0.2815293124774203
60,600,4,CONTEXT_PLUS_SHOCK,REVERSAL,ELASTIC_NET_REGRESSION,F27,-0.0
60,600,4,CONTEXT_PLUS_SHOCK,REVERSAL,ELASTIC_NET_REGRESSION,F28,0.0
60,600,4,CONTEXT_PLUS_SHOCK,REVERSAL,ELASTIC_NET_REGRESSION,F29,-0.0607320571371014
60,600,4,CONTEXT_PLUS_SHOCK,REVERSAL,ELASTIC_NET_REGRESSION,F30,0.053655511212942014
60,600,4,CONTEXT_PLUS_SHOCK,REVERSAL,ELASTIC_NET_REGRESSION,F31,-0.12048508738192926
60,600,4,CONTEXT_PLUS_SHOCK,REVERSAL,ELASTIC_NET_REGRESSION,F32,0.0
60,600,4,CONTEXT_PLUS_SHOCK,REVERSAL,ELASTIC_NET_REGRESSION,F33,0.06277537943080344
60,600,4,CONTEXT_PLUS_SHOCK,REVERSAL,ELASTIC_NET_REGRESSION,F34,-0.08515258350660851
60,600,4,CONTEXT_PLUS_SHOCK,REVERSAL,ELASTIC_NET_REGRESSION,F35,0.060331094934434185
60,600,4,CONTEXT_PLUS_SHOCK,REVERSAL,ELASTIC_NET_REGRESSION,F36,0.4631579603996553
60,600,4,CONTEXT_PLUS_SHOCK,REVERSAL,ELASTIC_NET_LOGISTIC,F01,-0.02453730963752238
60,600,4,CONTEXT_PLUS_SHOCK,REVERSAL,ELASTIC_NET_LOGISTIC,F02,0.0
60,600,4,CONTEXT_PLUS_SHOCK,REVERSAL,ELASTIC_NET_LOGISTIC,F03,0.0
60,600,4,CONTEXT_PLUS_SHOCK,REVERSAL,ELASTIC_NET_LOGISTIC,F04,0.0
60,600,4,CONTEXT_PLUS_SHOCK,REVERSAL,ELASTIC_NET_LOGISTIC,F05,0.0
60,600,4,CONTEXT_PLUS_SHOCK,REVERSAL,ELASTIC_NET_LOGISTIC,F06,0.0
60,600,4,CONTEXT_PLUS_SHOCK,REVERSAL,ELASTIC_NET_LOGISTIC,F07,-0.047985297079109965
60,600,4,CONTEXT_PLUS_SHOCK,REVERSAL,ELASTIC_NET_LOGISTIC,F08,0.004702438216520646
60,600,4,CONTEXT_PLUS_SHOCK,REVERSAL,ELASTIC_NET_LOGISTIC,F09,0.0
60,600,4,CONTEXT_PLUS_SHOCK,REVERSAL,ELASTIC_NET_LOGISTIC,F10,0.0
60,600,4,CONTEXT_PLUS_SHOCK,REVERSAL,ELASTIC_NET_LOGISTIC,F11,0.013531140404147124
60,600,4,CONTEXT_PLUS_SHOCK,REVERSAL,ELASTIC_NET_LOGISTIC,F12,0.0
60,600,4,CONTEXT_PLUS_SHOCK,REVERSAL,ELASTIC_NET_LOGISTIC,F13,0.0
60,600,4,CONTEXT_PLUS_SHOCK,REVERSAL,ELASTIC_NET_LOGISTIC,F14,0.0049670934561586
60,600,4,CONTEXT_PLUS_SHOCK,REVERSAL,ELASTIC_NET_LOGISTIC,F15,0.0
60,600,4,CONTEXT_PLUS_SHOCK,REVERSAL,ELASTIC_NET_LOGISTIC,F16,0.0
60,600,4,CONTEXT_PLUS_SHOCK,REVERSAL,ELASTIC_NET_LOGISTIC,F17,0.0
60,600,4,CONTEXT_PLUS_SHOCK,REVERSAL,ELASTIC_NET_LOGISTIC,F18,0.0
60,600,4,CONTEXT_PLUS_SHOCK,REVERSAL,ELASTIC_NET_LOGISTIC,F19,0.0
60,600,4,CONTEXT_PLUS_SHOCK,REVERSAL,ELASTIC_NET_LOGISTIC,F20,-0.01715732872296699
60,600,4,CONTEXT_PLUS_SHOCK,REVERSAL,ELASTIC_NET_LOGISTIC,F21,0.0
60,600,4,CONTEXT_PLUS_SHOCK,REVERSAL,ELASTIC_NET_LOGISTIC,F22,0.0
60,600,4,CONTEXT_PLUS_SHOCK,REVERSAL,ELASTIC_NET_LOGISTIC,F23,0.0
60,600,4,CONTEXT_PLUS_SHOCK,REVERSAL,ELASTIC_NET_LOGISTIC,F24,0.0
60,600,4,CONTEXT_PLUS_SHOCK,REVERSAL,ELASTIC_NET_LOGISTIC,F25,0.0
60,600,4,CONTEXT_PLUS_SHOCK,REVERSAL,ELASTIC_NET_LOGISTIC,F26,-0.30232425053039247
60,600,4,CONTEXT_PLUS_SHOCK,REVERSAL,ELASTIC_NET_LOGISTIC,F27,0.0
60,600,4,CONTEXT_PLUS_SHOCK,REVERSAL,ELASTIC_NET_LOGISTIC,F28,0.0
60,600,4,CONTEXT_PLUS_SHOCK,REVERSAL,ELASTIC_NET_LOGISTIC,F29,0.0
60,600,4,CONTEXT_PLUS_SHOCK,REVERSAL,ELASTIC_NET_LOGISTIC,F30,0.0
60,600,4,CONTEXT_PLUS_SHOCK,REVERSAL,ELASTIC_NET_LOGISTIC,F31,0.0
60,600,4,CONTEXT_PLUS_SHOCK,REVERSAL,ELASTIC_NET_LOGISTIC,F32,0.0
60,600,4,CONTEXT_PLUS_SHOCK,REVERSAL,ELASTIC_NET_LOGISTIC,F33,0.0
60,600,4,CONTEXT_PLUS_SHOCK,REVERSAL,ELASTIC_NET_LOGISTIC,F34,0.0
60,600,4,CONTEXT_PLUS_SHOCK,REVERSAL,ELASTIC_NET_LOGISTIC,F35,0.0
60,600,4,CONTEXT_PLUS_SHOCK,REVERSAL,ELASTIC_NET_LOGISTIC,F36,0.05301669068708937
60,900,0,CONTEXT_ONLY,CONTINUATION,ELASTIC_NET_REGRESSION,F01,0.0
60,900,0,CONTEXT_ONLY,CONTINUATION,ELASTIC_NET_REGRESSION,F02,1.2278894094794415
60,900,0,CONTEXT_ONLY,CONTINUATION,ELASTIC_NET_REGRESSION,F03,0.0
60,900,0,CONTEXT_ONLY,CONTINUATION,ELASTIC_NET_REGRESSION,F04,0.0
60,900,0,CONTEXT_ONLY,CONTINUATION,ELASTIC_NET_REGRESSION,F05,0.10458687255434905
60,900,0,CONTEXT_ONLY,CONTINUATION,ELASTIC_NET_REGRESSION,F06,0.5848823262738987
60,900,0,CONTEXT_ONLY,CONTINUATION,ELASTIC_NET_REGRESSION,F07,0.26038244164677593
60,900,0,CONTEXT_ONLY,CONTINUATION,ELASTIC_NET_REGRESSION,F08,0.5468198122740167
60,900,0,CONTEXT_ONLY,CONTINUATION,ELASTIC_NET_REGRESSION,F09,0.4950552967765129
60,900,0,CONTEXT_ONLY,CONTINUATION,ELASTIC_NET_REGRESSION,F10,1.174981786651702
60,900,0,CONTEXT_ONLY,CONTINUATION,ELASTIC_NET_REGRESSION,F11,0.23879961438896535
60,900,0,CONTEXT_ONLY,CONTINUATION,ELASTIC_NET_REGRESSION,F12,-2.6061193852702598
60,900,0,CONTEXT_ONLY,CONTINUATION,ELASTIC_NET_REGRESSION,F13,1.1500525451857626
60,900,0,CONTEXT_ONLY,CONTINUATION,ELASTIC_NET_REGRESSION,F14,-1.3689283231189575
60,900,0,CONTEXT_ONLY,CONTINUATION,ELASTIC_NET_REGRESSION,F15,-0.07726764145494304
60,900,0,CONTEXT_ONLY,CONTINUATION,ELASTIC_NET_REGRESSION,F16,-0.0
60,900,0,CONTEXT_ONLY,CONTINUATION,ELASTIC_NET_REGRESSION,F17,0.0
60,900,0,CONTEXT_ONLY,CONTINUATION,ELASTIC_NET_REGRESSION,F18,-0.0
60,900,0,CONTEXT_ONLY,CONTINUATION,ELASTIC_NET_REGRESSION,F19,-0.05398515635723706
60,900,0,CONTEXT_ONLY,CONTINUATION,ELASTIC_NET_REGRESSION,F20,0.0
60,900,0,CONTEXT_ONLY,CONTINUATION,ELASTIC_NET_REGRESSION,F21,0.20174706507743329
60,900,0,CONTEXT_ONLY,CONTINUATION,ELASTIC_NET_REGRESSION,F22,-0.0
60,900,0,CONTEXT_ONLY,CONTINUATION,ELASTIC_NET_REGRESSION,F23,0.0
60,900,0,CONTEXT_ONLY,CONTINUATION,ELASTIC_NET_REGRESSION,F24,-0.0006805212963995013
60,900,0,CONTEXT_ONLY,CONTINUATION,ELASTIC_NET_REGRESSION,F25,0.2181196926528872
60,900,0,CONTEXT_ONLY,CONTINUATION,ELASTIC_NET_REGRESSION,F26,0.5542724479024903
60,900,0,CONTEXT_ONLY,CONTINUATION,ELASTIC_NET_REGRESSION,F27,0.175723403176525
60,900,0,CONTEXT_ONLY,CONTINUATION,ELASTIC_NET_REGRESSION,F28,-0.027615523904127148
60,900,0,CONTEXT_ONLY,CONTINUATION,ELASTIC_NET_REGRESSION,F29,1.4380658665427153
60,900,0,CONTEXT_ONLY,CONTINUATION,ELASTIC_NET_REGRESSION,F36,-1.2138292161813715
60,900,0,CONTEXT_ONLY,CONTINUATION,ELASTIC_NET_LOGISTIC,F01,0.0
60,900,0,CONTEXT_ONLY,CONTINUATION,ELASTIC_NET_LOGISTIC,F02,0.0
60,900,0,CONTEXT_ONLY,CONTINUATION,ELASTIC_NET_LOGISTIC,F03,-0.0018064174040491243
60,900,0,CONTEXT_ONLY,CONTINUATION,ELASTIC_NET_LOGISTIC,F04,0.0
60,900,0,CONTEXT_ONLY,CONTINUATION,ELASTIC_NET_LOGISTIC,F05,0.14089153428059004
60,900,0,CONTEXT_ONLY,CONTINUATION,ELASTIC_NET_LOGISTIC,F06,0.0
60,900,0,CONTEXT_ONLY,CONTINUATION,ELASTIC_NET_LOGISTIC,F07,0.11340949769771208
60,900,0,CONTEXT_ONLY,CONTINUATION,ELASTIC_NET_LOGISTIC,F08,0.0
60,900,0,CONTEXT_ONLY,CONTINUATION,ELASTIC_NET_LOGISTIC,F09,0.05623021897018753
60,900,0,CONTEXT_ONLY,CONTINUATION,ELASTIC_NET_LOGISTIC,F10,-0.009843809086389934
60,900,0,CONTEXT_ONLY,CONTINUATION,ELASTIC_NET_LOGISTIC,F11,0.11522165321938392
60,900,0,CONTEXT_ONLY,CONTINUATION,ELASTIC_NET_LOGISTIC,F12,-0.13125933186809244
60,900,0,CONTEXT_ONLY,CONTINUATION,ELASTIC_NET_LOGISTIC,F13,0.07656569421972137
60,900,0,CONTEXT_ONLY,CONTINUATION,ELASTIC_NET_LOGISTIC,F14,-0.14863282569998656
60,900,0,CONTEXT_ONLY,CONTINUATION,ELASTIC_NET_LOGISTIC,F15,0.0
60,900,0,CONTEXT_ONLY,CONTINUATION,ELASTIC_NET_LOGISTIC,F16,0.0
60,900,0,CONTEXT_ONLY,CONTINUATION,ELASTIC_NET_LOGISTIC,F17,0.0248881976524671
60,900,0,CONTEXT_ONLY,CONTINUATION,ELASTIC_NET_LOGISTIC,F18,0.059754427819316946
60,900,0,CONTEXT_ONLY,CONTINUATION,ELASTIC_NET_LOGISTIC,F19,0.0
60,900,0,CONTEXT_ONLY,CONTINUATION,ELASTIC_NET_LOGISTIC,F20,0.09853859968543366
60,900,0,CONTEXT_ONLY,CONTINUATION,ELASTIC_NET_LOGISTIC,F21,0.0
60,900,0,CONTEXT_ONLY,CONTINUATION,ELASTIC_NET_LOGISTIC,F22,0.0
60,900,0,CONTEXT_ONLY,CONTINUATION,ELASTIC_NET_LOGISTIC,F23,0.0
60,900,0,CONTEXT_ONLY,CONTINUATION,ELASTIC_NET_LOGISTIC,F24,-0.12459451677333916
60,900,0,CONTEXT_ONLY,CONTINUATION,ELASTIC_NET_LOGISTIC,F25,0.0
60,900,0,CONTEXT_ONLY,CONTINUATION,ELASTIC_NET_LOGISTIC,F26,-0.25599944213932996
60,900,0,CONTEXT_ONLY,CONTINUATION,ELASTIC_NET_LOGISTIC,F27,-0.08596607189563372
60,900,0,CONTEXT_ONLY,CONTINUATION,ELASTIC_NET_LOGISTIC,F28,0.18383846883463506
60,900,0,CONTEXT_ONLY,CONTINUATION,ELASTIC_NET_LOGISTIC,F29,0.3737656272769934
60,900,0,CONTEXT_ONLY,CONTINUATION,ELASTIC_NET_LOGISTIC,F36,-0.0332882688489367
60,900,0,CONTEXT_ONLY,REVERSAL,ELASTIC_NET_REGRESSION,F01,-0.0
60,900,0,CONTEXT_ONLY,REVERSAL,ELASTIC_NET_REGRESSION,F02,-1.2280558520327838
60,900,0,CONTEXT_ONLY,REVERSAL,ELASTIC_NET_REGRESSION,F03,-0.0
60,900,0,CONTEXT_ONLY,REVERSAL,ELASTIC_NET_REGRESSION,F04,-0.0
60,900,0,CONTEXT_ONLY,REVERSAL,ELASTIC_NET_REGRESSION,F05,-0.10497234407797451
60,900,0,CONTEXT_ONLY,REVERSAL,ELASTIC_NET_REGRESSION,F06,-0.5770143462306052
60,900,0,CONTEXT_ONLY,REVERSAL,ELASTIC_NET_REGRESSION,F07,-0.2741151921113612
60,900,0,CONTEXT_ONLY,REVERSAL,ELASTIC_NET_REGRESSION,F08,-0.5428382100237366
60,900,0,CONTEXT_ONLY,REVERSAL,ELASTIC_NET_REGRESSION,F09,-0.4823055365283337
60,900,0,CONTEXT_ONLY,REVERSAL,ELASTIC_NET_REGRESSION,F10,-1.1619438137042108
60,900,0,CONTEXT_ONLY,REVERSAL,ELASTIC_NET_REGRESSION,F11,-0.22701686732396212
60,900,0,CONTEXT_ONLY,REVERSAL,ELASTIC_NET_REGRESSION,F12,2.5784140045564334
60,900,0,CONTEXT_ONLY,REVERSAL,ELASTIC_NET_REGRESSION,F13,-1.1505083435604402
60,900,0,CONTEXT_ONLY,REVERSAL,ELASTIC_NET_REGRESSION,F14,1.3435419901251426
60,900,0,CONTEXT_ONLY,REVERSAL,ELASTIC_NET_REGRESSION,F15,0.09124402167338704
60,900,0,CONTEXT_ONLY,REVERSAL,ELASTIC_NET_REGRESSION,F16,-0.0
60,900,0,CONTEXT_ONLY,REVERSAL,ELASTIC_NET_REGRESSION,F17,-0.0
60,900,0,CONTEXT_ONLY,REVERSAL,ELASTIC_NET_REGRESSION,F18,0.0
60,900,0,CONTEXT_ONLY,REVERSAL,ELASTIC_NET_REGRESSION,F19,0.06601123444842452
60,900,0,CONTEXT_ONLY,REVERSAL,ELASTIC_NET_REGRESSION,F20,-0.0
60,900,0,CONTEXT_ONLY,REVERSAL,ELASTIC_NET_REGRESSION,F21,-0.19550274828693717
60,900,0,CONTEXT_ONLY,REVERSAL,ELASTIC_NET_REGRESSION,F22,0.0
60,900,0,CONTEXT_ONLY,REVERSAL,ELASTIC_NET_REGRESSION,F23,-0.0
60,900,0,CONTEXT_ONLY,REVERSAL,ELASTIC_NET_REGRESSION,F24,0.0
60,900,0,CONTEXT_ONLY,REVERSAL,ELASTIC_NET_REGRESSION,F25,-0.17800306930497017
60,900,0,CONTEXT_ONLY,REVERSAL,ELASTIC_NET_REGRESSION,F26,-0.47025631150851394
60,900,0,CONTEXT_ONLY,REVERSAL,ELASTIC_NET_REGRESSION,F27,-0.2360438357897386
60,900,0,CONTEXT_ONLY,REVERSAL,ELASTIC_NET_REGRESSION,F28,0.05102209156547664
60,900,0,CONTEXT_ONLY,REVERSAL,ELASTIC_NET_REGRESSION,F29,-1.4398353869732288
60,900,0,CONTEXT_ONLY,REVERSAL,ELASTIC_NET_REGRESSION,F36,1.215055718927055
60,900,0,CONTEXT_ONLY,REVERSAL,ELASTIC_NET_LOGISTIC,F01,0.0
60,900,0,CONTEXT_ONLY,REVERSAL,ELASTIC_NET_LOGISTIC,F02,-0.011800680187364847
60,900,0,CONTEXT_ONLY,REVERSAL,ELASTIC_NET_LOGISTIC,F03,0.047400599407873945
60,900,0,CONTEXT_ONLY,REVERSAL,ELASTIC_NET_LOGISTIC,F04,0.0
60,900,0,CONTEXT_ONLY,REVERSAL,ELASTIC_NET_LOGISTIC,F05,-0.09717344510910411
60,900,0,CONTEXT_ONLY,REVERSAL,ELASTIC_NET_LOGISTIC,F06,-0.09630171425575897
60,900,0,CONTEXT_ONLY,REVERSAL,ELASTIC_NET_LOGISTIC,F07,0.0
60,900,0,CONTEXT_ONLY,REVERSAL,ELASTIC_NET_LOGISTIC,F08,0.006732450510811807
60,900,0,CONTEXT_ONLY,REVERSAL,ELASTIC_NET_LOGISTIC,F09,-0.0280314796359832
60,900,0,CONTEXT_ONLY,REVERSAL,ELASTIC_NET_LOGISTIC,F10,-0.05891577197326152
60,900,0,CONTEXT_ONLY,REVERSAL,ELASTIC_NET_LOGISTIC,F11,-0.020656565475817974
60,900,0,CONTEXT_ONLY,REVERSAL,ELASTIC_NET_LOGISTIC,F12,0.147686633267718
60,900,0,CONTEXT_ONLY,REVERSAL,ELASTIC_NET_LOGISTIC,F13,-0.13519243405920361
60,900,0,CONTEXT_ONLY,REVERSAL,ELASTIC_NET_LOGISTIC,F14,0.08292736463737277
60,900,0,CONTEXT_ONLY,REVERSAL,ELASTIC_NET_LOGISTIC,F15,0.018443525306485176
60,900,0,CONTEXT_ONLY,REVERSAL,ELASTIC_NET_LOGISTIC,F16,0.04515488374483471
60,900,0,CONTEXT_ONLY,REVERSAL,ELASTIC_NET_LOGISTIC,F17,0.0
60,900,0,CONTEXT_ONLY,REVERSAL,ELASTIC_NET_LOGISTIC,F18,0.0008426389760365974
60,900,0,CONTEXT_ONLY,REVERSAL,ELASTIC_NET_LOGISTIC,F19,0.0
60,900,0,CONTEXT_ONLY,REVERSAL,ELASTIC_NET_LOGISTIC,F20,-0.07642005253869609
60,900,0,CONTEXT_ONLY,REVERSAL,ELASTIC_NET_LOGISTIC,F21,0.0
60,900,0,CONTEXT_ONLY,REVERSAL,ELASTIC_NET_LOGISTIC,F22,0.0
60,900,0,CONTEXT_ONLY,REVERSAL,ELASTIC_NET_LOGISTIC,F23,0.048402937994340256
60,900,0,CONTEXT_ONLY,REVERSAL,ELASTIC_NET_LOGISTIC,F24,-0.029952085493172364
60,900,0,CONTEXT_ONLY,REVERSAL,ELASTIC_NET_LOGISTIC,F25,0.0
60,900,0,CONTEXT_ONLY,REVERSAL,ELASTIC_NET_LOGISTIC,F26,0.0
60,900,0,CONTEXT_ONLY,REVERSAL,ELASTIC_NET_LOGISTIC,F27,-0.12292994974397806
60,900,0,CONTEXT_ONLY,REVERSAL,ELASTIC_NET_LOGISTIC,F28,0.0
60,900,0,CONTEXT_ONLY,REVERSAL,ELASTIC_NET_LOGISTIC,F29,-0.3290089118579726
60,900,0,CONTEXT_ONLY,REVERSAL,ELASTIC_NET_LOGISTIC,F36,0.289392432878805
60,900,0,CONTEXT_PLUS_SHOCK,CONTINUATION,ELASTIC_NET_REGRESSION,F01,0.0
60,900,0,CONTEXT_PLUS_SHOCK,CONTINUATION,ELASTIC_NET_REGRESSION,F02,1.1253426148239558
60,900,0,CONTEXT_PLUS_SHOCK,CONTINUATION,ELASTIC_NET_REGRESSION,F03,0.0
60,900,0,CONTEXT_PLUS_SHOCK,CONTINUATION,ELASTIC_NET_REGRESSION,F04,0.41334745761707087
60,900,0,CONTEXT_PLUS_SHOCK,CONTINUATION,ELASTIC_NET_REGRESSION,F05,0.0072802920424734794
60,900,0,CONTEXT_PLUS_SHOCK,CONTINUATION,ELASTIC_NET_REGRESSION,F06,0.6229014057523196
60,900,0,CONTEXT_PLUS_SHOCK,CONTINUATION,ELASTIC_NET_REGRESSION,F07,0.19716325096723555
60,900,0,CONTEXT_PLUS_SHOCK,CONTINUATION,ELASTIC_NET_REGRESSION,F08,0.5132932725809629
60,900,0,CONTEXT_PLUS_SHOCK,CONTINUATION,ELASTIC_NET_REGRESSION,F09,0.6012045132587531
60,900,0,CONTEXT_PLUS_SHOCK,CONTINUATION,ELASTIC_NET_REGRESSION,F10,1.240906713800086
60,900,0,CONTEXT_PLUS_SHOCK,CONTINUATION,ELASTIC_NET_REGRESSION,F11,0.1143926698282295
60,900,0,CONTEXT_PLUS_SHOCK,CONTINUATION,ELASTIC_NET_REGRESSION,F12,-2.718159951516248
60,900,0,CONTEXT_PLUS_SHOCK,CONTINUATION,ELASTIC_NET_REGRESSION,F13,1.1218728309125119
60,900,0,CONTEXT_PLUS_SHOCK,CONTINUATION,ELASTIC_NET_REGRESSION,F14,-1.433597295970159
60,900,0,CONTEXT_PLUS_SHOCK,CONTINUATION,ELASTIC_NET_REGRESSION,F15,-0.0
60,900,0,CONTEXT_PLUS_SHOCK,CONTINUATION,ELASTIC_NET_REGRESSION,F16,-0.0
60,900,0,CONTEXT_PLUS_SHOCK,CONTINUATION,ELASTIC_NET_REGRESSION,F17,0.0
60,900,0,CONTEXT_PLUS_SHOCK,CONTINUATION,ELASTIC_NET_REGRESSION,F18,-0.0
60,900,0,CONTEXT_PLUS_SHOCK,CONTINUATION,ELASTIC_NET_REGRESSION,F19,0.0
60,900,0,CONTEXT_PLUS_SHOCK,CONTINUATION,ELASTIC_NET_REGRESSION,F20,0.07970944427640325
60,900,0,CONTEXT_PLUS_SHOCK,CONTINUATION,ELASTIC_NET_REGRESSION,F21,0.3077121490612873
60,900,0,CONTEXT_PLUS_SHOCK,CONTINUATION,ELASTIC_NET_REGRESSION,F22,0.0
60,900,0,CONTEXT_PLUS_SHOCK,CONTINUATION,ELASTIC_NET_REGRESSION,F23,0.81637936445876
60,900,0,CONTEXT_PLUS_SHOCK,CONTINUATION,ELASTIC_NET_REGRESSION,F24,-0.0
60,900,0,CONTEXT_PLUS_SHOCK,CONTINUATION,ELASTIC_NET_REGRESSION,F25,0.19569116852495816
60,900,0,CONTEXT_PLUS_SHOCK,CONTINUATION,ELASTIC_NET_REGRESSION,F26,0.27537844929013233
60,900,0,CONTEXT_PLUS_SHOCK,CONTINUATION,ELASTIC_NET_REGRESSION,F27,0.0
60,900,0,CONTEXT_PLUS_SHOCK,CONTINUATION,ELASTIC_NET_REGRESSION,F28,-0.19956730586945132
60,900,0,CONTEXT_PLUS_SHOCK,CONTINUATION,ELASTIC_NET_REGRESSION,F29,1.5344051192119417
60,900,0,CONTEXT_PLUS_SHOCK,CONTINUATION,ELASTIC_NET_REGRESSION,F30,0.17802430252139112
60,900,0,CONTEXT_PLUS_SHOCK,CONTINUATION,ELASTIC_NET_REGRESSION,F31,-1.0979829868994089
60,900,0,CONTEXT_PLUS_SHOCK,CONTINUATION,ELASTIC_NET_REGRESSION,F32,0.0
60,900,0,CONTEXT_PLUS_SHOCK,CONTINUATION,ELASTIC_NET_REGRESSION,F33,-0.08973488420504294
60,900,0,CONTEXT_PLUS_SHOCK,CONTINUATION,ELASTIC_NET_REGRESSION,F34,0.0
60,900,0,CONTEXT_PLUS_SHOCK,CONTINUATION,ELASTIC_NET_REGRESSION,F35,0.6844010158901013
60,900,0,CONTEXT_PLUS_SHOCK,CONTINUATION,ELASTIC_NET_REGRESSION,F36,-1.198714561145644
60,900,0,CONTEXT_PLUS_SHOCK,CONTINUATION,ELASTIC_NET_LOGISTIC,F01,0.0
60,900,0,CONTEXT_PLUS_SHOCK,CONTINUATION,ELASTIC_NET_LOGISTIC,F02,0.0
60,900,0,CONTEXT_PLUS_SHOCK,CONTINUATION,ELASTIC_NET_LOGISTIC,F03,0.0
60,900,0,CONTEXT_PLUS_SHOCK,CONTINUATION,ELASTIC_NET_LOGISTIC,F04,0.0
60,900,0,CONTEXT_PLUS_SHOCK,CONTINUATION,ELASTIC_NET_LOGISTIC,F05,0.26867585452673065
60,900,0,CONTEXT_PLUS_SHOCK,CONTINUATION,ELASTIC_NET_LOGISTIC,F06,0.0
60,900,0,CONTEXT_PLUS_SHOCK,CONTINUATION,ELASTIC_NET_LOGISTIC,F07,0.16949270742939096
60,900,0,CONTEXT_PLUS_SHOCK,CONTINUATION,ELASTIC_NET_LOGISTIC,F08,0.0
60,900,0,CONTEXT_PLUS_SHOCK,CONTINUATION,ELASTIC_NET_LOGISTIC,F09,0.10009590335427213
60,900,0,CONTEXT_PLUS_SHOCK,CONTINUATION,ELASTIC_NET_LOGISTIC,F10,0.0
60,900,0,CONTEXT_PLUS_SHOCK,CONTINUATION,ELASTIC_NET_LOGISTIC,F11,0.1585070092648167
60,900,0,CONTEXT_PLUS_SHOCK,CONTINUATION,ELASTIC_NET_LOGISTIC,F12,-0.2414761715874106
60,900,0,CONTEXT_PLUS_SHOCK,CONTINUATION,ELASTIC_NET_LOGISTIC,F13,0.13103578554795686
60,900,0,CONTEXT_PLUS_SHOCK,CONTINUATION,ELASTIC_NET_LOGISTIC,F14,-0.23230403233479574
60,900,0,CONTEXT_PLUS_SHOCK,CONTINUATION,ELASTIC_NET_LOGISTIC,F15,0.0
60,900,0,CONTEXT_PLUS_SHOCK,CONTINUATION,ELASTIC_NET_LOGISTIC,F16,0.0
60,900,0,CONTEXT_PLUS_SHOCK,CONTINUATION,ELASTIC_NET_LOGISTIC,F17,0.0
60,900,0,CONTEXT_PLUS_SHOCK,CONTINUATION,ELASTIC_NET_LOGISTIC,F18,0.12789762490782242
60,900,0,CONTEXT_PLUS_SHOCK,CONTINUATION,ELASTIC_NET_LOGISTIC,F19,0.0
60,900,0,CONTEXT_PLUS_SHOCK,CONTINUATION,ELASTIC_NET_LOGISTIC,F20,0.1399434807010506
60,900,0,CONTEXT_PLUS_SHOCK,CONTINUATION,ELASTIC_NET_LOGISTIC,F21,0.0037214957195529784
60,900,0,CONTEXT_PLUS_SHOCK,CONTINUATION,ELASTIC_NET_LOGISTIC,F22,0.0
60,900,0,CONTEXT_PLUS_SHOCK,CONTINUATION,ELASTIC_NET_LOGISTIC,F23,0.27584873188016906
60,900,0,CONTEXT_PLUS_SHOCK,CONTINUATION,ELASTIC_NET_LOGISTIC,F24,-0.08564841345578361
60,900,0,CONTEXT_PLUS_SHOCK,CONTINUATION,ELASTIC_NET_LOGISTIC,F25,0.0
60,900,0,CONTEXT_PLUS_SHOCK,CONTINUATION,ELASTIC_NET_LOGISTIC,F26,-0.46944893376726476
60,900,0,CONTEXT_PLUS_SHOCK,CONTINUATION,ELASTIC_NET_LOGISTIC,F27,-0.1929397599571375
60,900,0,CONTEXT_PLUS_SHOCK,CONTINUATION,ELASTIC_NET_LOGISTIC,F28,0.08008960575230827
60,900,0,CONTEXT_PLUS_SHOCK,CONTINUATION,ELASTIC_NET_LOGISTIC,F29,0.6069914923752036
60,900,0,CONTEXT_PLUS_SHOCK,CONTINUATION,ELASTIC_NET_LOGISTIC,F30,0.12523585471432822
60,900,0,CONTEXT_PLUS_SHOCK,CONTINUATION,ELASTIC_NET_LOGISTIC,F31,-0.545238918079901
60,900,0,CONTEXT_PLUS_SHOCK,CONTINUATION,ELASTIC_NET_LOGISTIC,F32,0.0
60,900,0,CONTEXT_PLUS_SHOCK,CONTINUATION,ELASTIC_NET_LOGISTIC,F33,0.31591868432166437
60,900,0,CONTEXT_PLUS_SHOCK,CONTINUATION,ELASTIC_NET_LOGISTIC,F34,-0.019688313022560605
60,900,0,CONTEXT_PLUS_SHOCK,CONTINUATION,ELASTIC_NET_LOGISTIC,F35,0.23908879107539083
60,900,0,CONTEXT_PLUS_SHOCK,CONTINUATION,ELASTIC_NET_LOGISTIC,F36,-0.08354201853017257
60,900,0,CONTEXT_PLUS_SHOCK,REVERSAL,ELASTIC_NET_REGRESSION,F01,-0.0
60,900,0,CONTEXT_PLUS_SHOCK,REVERSAL,ELASTIC_NET_REGRESSION,F02,-1.1771002589521333
60,900,0,CONTEXT_PLUS_SHOCK,REVERSAL,ELASTIC_NET_REGRESSION,F03,-0.0
60,900,0,CONTEXT_PLUS_SHOCK,REVERSAL,ELASTIC_NET_REGRESSION,F04,-0.35817017065812645
60,900,0,CONTEXT_PLUS_SHOCK,REVERSAL,ELASTIC_NET_REGRESSION,F05,-0.016801263904964513
60,900,0,CONTEXT_PLUS_SHOCK,REVERSAL,ELASTIC_NET_REGRESSION,F06,-0.6059143579045406
60,900,0,CONTEXT_PLUS_SHOCK,REVERSAL,ELASTIC_NET_REGRESSION,F07,-0.21433235935032569
60,900,0,CONTEXT_PLUS_SHOCK,REVERSAL,ELASTIC_NET_REGRESSION,F08,-0.499888918101035
60,900,0,CONTEXT_PLUS_SHOCK,REVERSAL,ELASTIC_NET_REGRESSION,F09,-0.5924164647906898
60,900,0,CONTEXT_PLUS_SHOCK,REVERSAL,ELASTIC_NET_REGRESSION,F10,-1.211306309605412
60,900,0,CONTEXT_PLUS_SHOCK,REVERSAL,ELASTIC_NET_REGRESSION,F11,-0.10081551886610739
60,900,0,CONTEXT_PLUS_SHOCK,REVERSAL,ELASTIC_NET_REGRESSION,F12,2.6895725034564983
60,900,0,CONTEXT_PLUS_SHOCK,REVERSAL,ELASTIC_NET_REGRESSION,F13,-1.1212367386159807
60,900,0,CONTEXT_PLUS_SHOCK,REVERSAL,ELASTIC_NET_REGRESSION,F14,1.4116253214018677
60,900,0,CONTEXT_PLUS_SHOCK,REVERSAL,ELASTIC_NET_REGRESSION,F15,0.0
60,900,0,CONTEXT_PLUS_SHOCK,REVERSAL,ELASTIC_NET_REGRESSION,F16,0.0
60,900,0,CONTEXT_PLUS_SHOCK,REVERSAL,ELASTIC_NET_REGRESSION,F17,-0.0
60,900,0,CONTEXT_PLUS_SHOCK,REVERSAL,ELASTIC_NET_REGRESSION,F18,0.0
60,900,0,CONTEXT_PLUS_SHOCK,REVERSAL,ELASTIC_NET_REGRESSION,F19,-0.0
60,900,0,CONTEXT_PLUS_SHOCK,REVERSAL,ELASTIC_NET_REGRESSION,F20,-0.088935460790737
60,900,0,CONTEXT_PLUS_SHOCK,REVERSAL,ELASTIC_NET_REGRESSION,F21,-0.28857915654684657
60,900,0,CONTEXT_PLUS_SHOCK,REVERSAL,ELASTIC_NET_REGRESSION,F22,-0.0
60,900,0,CONTEXT_PLUS_SHOCK,REVERSAL,ELASTIC_NET_REGRESSION,F23,-0.8423628248417352
60,900,0,CONTEXT_PLUS_SHOCK,REVERSAL,ELASTIC_NET_REGRESSION,F24,0.0
60,900,0,CONTEXT_PLUS_SHOCK,REVERSAL,ELASTIC_NET_REGRESSION,F25,-0.16712118311357196
60,900,0,CONTEXT_PLUS_SHOCK,REVERSAL,ELASTIC_NET_REGRESSION,F26,-0.24658385817416303
60,900,0,CONTEXT_PLUS_SHOCK,REVERSAL,ELASTIC_NET_REGRESSION,F27,-0.0
60,900,0,CONTEXT_PLUS_SHOCK,REVERSAL,ELASTIC_NET_REGRESSION,F28,0.21100876958583767
60,900,0,CONTEXT_PLUS_SHOCK,REVERSAL,ELASTIC_NET_REGRESSION,F29,-1.533529960773772
60,900,0,CONTEXT_PLUS_SHOCK,REVERSAL,ELASTIC_NET_REGRESSION,F30,-0.1954177887943688
60,900,0,CONTEXT_PLUS_SHOCK,REVERSAL,ELASTIC_NET_REGRESSION,F31,1.1099959568102395
60,900,0,CONTEXT_PLUS_SHOCK,REVERSAL,ELASTIC_NET_REGRESSION,F32,0.0
60,900,0,CONTEXT_PLUS_SHOCK,REVERSAL,ELASTIC_NET_REGRESSION,F33,0.12660445824672578
60,900,0,CONTEXT_PLUS_SHOCK,REVERSAL,ELASTIC_NET_REGRESSION,F34,-0.004270586643298623
60,900,0,CONTEXT_PLUS_SHOCK,REVERSAL,ELASTIC_NET_REGRESSION,F35,-0.6750550055431739
60,900,0,CONTEXT_PLUS_SHOCK,REVERSAL,ELASTIC_NET_REGRESSION,F36,1.2016631762389616
60,900,0,CONTEXT_PLUS_SHOCK,REVERSAL,ELASTIC_NET_LOGISTIC,F01,0.2746283656889372
60,900,0,CONTEXT_PLUS_SHOCK,REVERSAL,ELASTIC_NET_LOGISTIC,F02,-0.20742715451628124
60,900,0,CONTEXT_PLUS_SHOCK,REVERSAL,ELASTIC_NET_LOGISTIC,F03,0.07716387135510198
60,900,0,CONTEXT_PLUS_SHOCK,REVERSAL,ELASTIC_NET_LOGISTIC,F04,-0.4262522514017964
60,900,0,CONTEXT_PLUS_SHOCK,REVERSAL,ELASTIC_NET_LOGISTIC,F05,-0.1665362836566897
60,900,0,CONTEXT_PLUS_SHOCK,REVERSAL,ELASTIC_NET_LOGISTIC,F06,-0.29042373915331793
60,900,0,CONTEXT_PLUS_SHOCK,REVERSAL,ELASTIC_NET_LOGISTIC,F07,-0.0468947820542418
60,900,0,CONTEXT_PLUS_SHOCK,REVERSAL,ELASTIC_NET_LOGISTIC,F08,0.04143853622999912
60,900,0,CONTEXT_PLUS_SHOCK,REVERSAL,ELASTIC_NET_LOGISTIC,F09,-0.1745719909271037
60,900,0,CONTEXT_PLUS_SHOCK,REVERSAL,ELASTIC_NET_LOGISTIC,F10,-0.17948099937113834
60,900,0,CONTEXT_PLUS_SHOCK,REVERSAL,ELASTIC_NET_LOGISTIC,F11,-0.028599702951318487
60,900,0,CONTEXT_PLUS_SHOCK,REVERSAL,ELASTIC_NET_LOGISTIC,F12,0.44398400809797567
60,900,0,CONTEXT_PLUS_SHOCK,REVERSAL,ELASTIC_NET_LOGISTIC,F13,-0.21902634365619422
60,900,0,CONTEXT_PLUS_SHOCK,REVERSAL,ELASTIC_NET_LOGISTIC,F14,0.25691461337936267
60,900,0,CONTEXT_PLUS_SHOCK,REVERSAL,ELASTIC_NET_LOGISTIC,F15,0.3230771775463386
60,900,0,CONTEXT_PLUS_SHOCK,REVERSAL,ELASTIC_NET_LOGISTIC,F16,0.32299023135215776
60,900,0,CONTEXT_PLUS_SHOCK,REVERSAL,ELASTIC_NET_LOGISTIC,F17,0.0
60,900,0,CONTEXT_PLUS_SHOCK,REVERSAL,ELASTIC_NET_LOGISTIC,F18,-0.08589845488377443
60,900,0,CONTEXT_PLUS_SHOCK,REVERSAL,ELASTIC_NET_LOGISTIC,F19,-0.12540908913349327
60,900,0,CONTEXT_PLUS_SHOCK,REVERSAL,ELASTIC_NET_LOGISTIC,F20,-0.14586329163625653
60,900,0,CONTEXT_PLUS_SHOCK,REVERSAL,ELASTIC_NET_LOGISTIC,F21,-0.05751971206526503
60,900,0,CONTEXT_PLUS_SHOCK,REVERSAL,ELASTIC_NET_LOGISTIC,F22,0.09366325202327605
60,900,0,CONTEXT_PLUS_SHOCK,REVERSAL,ELASTIC_NET_LOGISTIC,F23,-0.4025248787974111
60,900,0,CONTEXT_PLUS_SHOCK,REVERSAL,ELASTIC_NET_LOGISTIC,F24,-0.2925037071555778
60,900,0,CONTEXT_PLUS_SHOCK,REVERSAL,ELASTIC_NET_LOGISTIC,F25,3.284372741524067e-06
60,900,0,CONTEXT_PLUS_SHOCK,REVERSAL,ELASTIC_NET_LOGISTIC,F26,0.5051212293819005
60,900,0,CONTEXT_PLUS_SHOCK,REVERSAL,ELASTIC_NET_LOGISTIC,F27,-0.36084208773455934
60,900,0,CONTEXT_PLUS_SHOCK,REVERSAL,ELASTIC_NET_LOGISTIC,F28,0.12342171995633067
60,900,0,CONTEXT_PLUS_SHOCK,REVERSAL,ELASTIC_NET_LOGISTIC,F29,-0.6434713755676247
60,900,0,CONTEXT_PLUS_SHOCK,REVERSAL,ELASTIC_NET_LOGISTIC,F30,-0.18956758742015356
60,900,0,CONTEXT_PLUS_SHOCK,REVERSAL,ELASTIC_NET_LOGISTIC,F31,0.8076419899336144
60,900,0,CONTEXT_PLUS_SHOCK,REVERSAL,ELASTIC_NET_LOGISTIC,F32,0.0
60,900,0,CONTEXT_PLUS_SHOCK,REVERSAL,ELASTIC_NET_LOGISTIC,F33,-0.09785488336219585
60,900,0,CONTEXT_PLUS_SHOCK,REVERSAL,ELASTIC_NET_LOGISTIC,F34,-0.10243002814826999
60,900,0,CONTEXT_PLUS_SHOCK,REVERSAL,ELASTIC_NET_LOGISTIC,F35,-0.5248951803602648
60,900,0,CONTEXT_PLUS_SHOCK,REVERSAL,ELASTIC_NET_LOGISTIC,F36,0.511552026351152
60,900,1,CONTEXT_ONLY,CONTINUATION,ELASTIC_NET_REGRESSION,F01,-0.0
60,900,1,CONTEXT_ONLY,CONTINUATION,ELASTIC_NET_REGRESSION,F02,0.6872897729081154
60,900,1,CONTEXT_ONLY,CONTINUATION,ELASTIC_NET_REGRESSION,F03,-0.3409947231919792
60,900,1,CONTEXT_ONLY,CONTINUATION,ELASTIC_NET_REGRESSION,F04,0.0
60,900,1,CONTEXT_ONLY,CONTINUATION,ELASTIC_NET_REGRESSION,F05,0.1995663104333333
60,900,1,CONTEXT_ONLY,CONTINUATION,ELASTIC_NET_REGRESSION,F06,0.4318939486324574
60,900,1,CONTEXT_ONLY,CONTINUATION,ELASTIC_NET_REGRESSION,F07,0.11148208363540475
60,900,1,CONTEXT_ONLY,CONTINUATION,ELASTIC_NET_REGRESSION,F08,0.13620217060558376
60,900,1,CONTEXT_ONLY,CONTINUATION,ELASTIC_NET_REGRESSION,F09,-0.0
60,900,1,CONTEXT_ONLY,CONTINUATION,ELASTIC_NET_REGRESSION,F10,0.9448471038661396
60,900,1,CONTEXT_ONLY,CONTINUATION,ELASTIC_NET_REGRESSION,F11,0.0
60,900,1,CONTEXT_ONLY,CONTINUATION,ELASTIC_NET_REGRESSION,F12,-0.8357309627906631
60,900,1,CONTEXT_ONLY,CONTINUATION,ELASTIC_NET_REGRESSION,F13,0.9807444091569062
60,900,1,CONTEXT_ONLY,CONTINUATION,ELASTIC_NET_REGRESSION,F14,-0.6307633871651762
60,900,1,CONTEXT_ONLY,CONTINUATION,ELASTIC_NET_REGRESSION,F15,0.0
60,900,1,CONTEXT_ONLY,CONTINUATION,ELASTIC_NET_REGRESSION,F16,0.0
60,900,1,CONTEXT_ONLY,CONTINUATION,ELASTIC_NET_REGRESSION,F17,0.0
60,900,1,CONTEXT_ONLY,CONTINUATION,ELASTIC_NET_REGRESSION,F18,0.0
60,900,1,CONTEXT_ONLY,CONTINUATION,ELASTIC_NET_REGRESSION,F19,-0.7356702142787978
60,900,1,CONTEXT_ONLY,CONTINUATION,ELASTIC_NET_REGRESSION,F20,-0.0
60,900,1,CONTEXT_ONLY,CONTINUATION,ELASTIC_NET_REGRESSION,F21,-0.0
60,900,1,CONTEXT_ONLY,CONTINUATION,ELASTIC_NET_REGRESSION,F22,-0.0
60,900,1,CONTEXT_ONLY,CONTINUATION,ELASTIC_NET_REGRESSION,F23,0.08852619973410572
60,900,1,CONTEXT_ONLY,CONTINUATION,ELASTIC_NET_REGRESSION,F24,0.0
60,900,1,CONTEXT_ONLY,CONTINUATION,ELASTIC_NET_REGRESSION,F25,0.11715028840294588
60,900,1,CONTEXT_ONLY,CONTINUATION,ELASTIC_NET_REGRESSION,F26,0.4517810092371687
60,900,1,CONTEXT_ONLY,CONTINUATION,ELASTIC_NET_REGRESSION,F27,0.0
60,900,1,CONTEXT_ONLY,CONTINUATION,ELASTIC_NET_REGRESSION,F28,-0.1229874848228969
60,900,1,CONTEXT_ONLY,CONTINUATION,ELASTIC_NET_REGRESSION,F29,1.3236020682807106
60,900,1,CONTEXT_ONLY,CONTINUATION,ELASTIC_NET_REGRESSION,F36,-1.007897642077648
60,900,1,CONTEXT_ONLY,CONTINUATION,ELASTIC_NET_LOGISTIC,F01,0.0
60,900,1,CONTEXT_ONLY,CONTINUATION,ELASTIC_NET_LOGISTIC,F02,0.0
60,900,1,CONTEXT_ONLY,CONTINUATION,ELASTIC_NET_LOGISTIC,F03,0.0
60,900,1,CONTEXT_ONLY,CONTINUATION,ELASTIC_NET_LOGISTIC,F04,0.0
60,900,1,CONTEXT_ONLY,CONTINUATION,ELASTIC_NET_LOGISTIC,F05,0.029394738105590647
60,900,1,CONTEXT_ONLY,CONTINUATION,ELASTIC_NET_LOGISTIC,F06,0.0
60,900,1,CONTEXT_ONLY,CONTINUATION,ELASTIC_NET_LOGISTIC,F07,0.0
60,900,1,CONTEXT_ONLY,CONTINUATION,ELASTIC_NET_LOGISTIC,F08,0.0
60,900,1,CONTEXT_ONLY,CONTINUATION,ELASTIC_NET_LOGISTIC,F09,0.0
60,900,1,CONTEXT_ONLY,CONTINUATION,ELASTIC_NET_LOGISTIC,F10,0.0
60,900,1,CONTEXT_ONLY,CONTINUATION,ELASTIC_NET_LOGISTIC,F11,0.0
60,900,1,CONTEXT_ONLY,CONTINUATION,ELASTIC_NET_LOGISTIC,F12,0.0
60,900,1,CONTEXT_ONLY,CONTINUATION,ELASTIC_NET_LOGISTIC,F13,0.0
60,900,1,CONTEXT_ONLY,CONTINUATION,ELASTIC_NET_LOGISTIC,F14,0.0
60,900,1,CONTEXT_ONLY,CONTINUATION,ELASTIC_NET_LOGISTIC,F15,0.0
60,900,1,CONTEXT_ONLY,CONTINUATION,ELASTIC_NET_LOGISTIC,F16,0.0
60,900,1,CONTEXT_ONLY,CONTINUATION,ELASTIC_NET_LOGISTIC,F17,0.0
60,900,1,CONTEXT_ONLY,CONTINUATION,ELASTIC_NET_LOGISTIC,F18,0.20894058058400378
60,900,1,CONTEXT_ONLY,CONTINUATION,ELASTIC_NET_LOGISTIC,F19,0.0
60,900,1,CONTEXT_ONLY,CONTINUATION,ELASTIC_NET_LOGISTIC,F20,0.0
60,900,1,CONTEXT_ONLY,CONTINUATION,ELASTIC_NET_LOGISTIC,F21,0.0
60,900,1,CONTEXT_ONLY,CONTINUATION,ELASTIC_NET_LOGISTIC,F22,0.0
60,900,1,CONTEXT_ONLY,CONTINUATION,ELASTIC_NET_LOGISTIC,F23,0.0
60,900,1,CONTEXT_ONLY,CONTINUATION,ELASTIC_NET_LOGISTIC,F24,0.0
60,900,1,CONTEXT_ONLY,CONTINUATION,ELASTIC_NET_LOGISTIC,F25,0.0
60,900,1,CONTEXT_ONLY,CONTINUATION,ELASTIC_NET_LOGISTIC,F26,-0.021670994254722645
60,900,1,CONTEXT_ONLY,CONTINUATION,ELASTIC_NET_LOGISTIC,F27,0.0
60,900,1,CONTEXT_ONLY,CONTINUATION,ELASTIC_NET_LOGISTIC,F28,0.08196304242276496
60,900,1,CONTEXT_ONLY,CONTINUATION,ELASTIC_NET_LOGISTIC,F29,0.40404396146936433
60,900,1,CONTEXT_ONLY,CONTINUATION,ELASTIC_NET_LOGISTIC,F36,0.0
60,900,1,CONTEXT_ONLY,REVERSAL,ELASTIC_NET_REGRESSION,F01,0.0
60,900,1,CONTEXT_ONLY,REVERSAL,ELASTIC_NET_REGRESSION,F02,-0.6821030254134173
60,900,1,CONTEXT_ONLY,REVERSAL,ELASTIC_NET_REGRESSION,F03,0.3496877857442796
60,900,1,CONTEXT_ONLY,REVERSAL,ELASTIC_NET_REGRESSION,F04,-0.0
60,900,1,CONTEXT_ONLY,REVERSAL,ELASTIC_NET_REGRESSION,F05,-0.20471947595426568
60,900,1,CONTEXT_ONLY,REVERSAL,ELASTIC_NET_REGRESSION,F06,-0.4171387863758764
60,900,1,CONTEXT_ONLY,REVERSAL,ELASTIC_NET_REGRESSION,F07,-0.11388117749768853
60,900,1,CONTEXT_ONLY,REVERSAL,ELASTIC_NET_REGRESSION,F08,-0.13696911802863146
60,900,1,CONTEXT_ONLY,REVERSAL,ELASTIC_NET_REGRESSION,F09,0.0
60,900,1,CONTEXT_ONLY,REVERSAL,ELASTIC_NET_REGRESSION,F10,-0.9341104961262056
60,900,1,CONTEXT_ONLY,REVERSAL,ELASTIC_NET_REGRESSION,F11,-0.0
60,900,1,CONTEXT_ONLY,REVERSAL,ELASTIC_NET_REGRESSION,F12,0.8156031047986022
60,900,1,CONTEXT_ONLY,REVERSAL,ELASTIC_NET_REGRESSION,F13,-0.9724401252132447
60,900,1,CONTEXT_ONLY,REVERSAL,ELASTIC_NET_REGRESSION,F14,0.6205690054060735
60,900,1,CONTEXT_ONLY,REVERSAL,ELASTIC_NET_REGRESSION,F15,0.0
60,900,1,CONTEXT_ONLY,REVERSAL,ELASTIC_NET_REGRESSION,F16,-0.0
60,900,1,CONTEXT_ONLY,REVERSAL,ELASTIC_NET_REGRESSION,F17,-0.0
60,900,1,CONTEXT_ONLY,REVERSAL,ELASTIC_NET_REGRESSION,F18,-0.0
60,900,1,CONTEXT_ONLY,REVERSAL,ELASTIC_NET_REGRESSION,F19,0.7495342279669175
60,900,1,CONTEXT_ONLY,REVERSAL,ELASTIC_NET_REGRESSION,F20,0.0
60,900,1,CONTEXT_ONLY,REVERSAL,ELASTIC_NET_REGRESSION,F21,0.0
60,900,1,CONTEXT_ONLY,REVERSAL,ELASTIC_NET_REGRESSION,F22,0.0
60,900,1,CONTEXT_ONLY,REVERSAL,ELASTIC_NET_REGRESSION,F23,-0.10286053211660207
60,900,1,CONTEXT_ONLY,REVERSAL,ELASTIC_NET_REGRESSION,F24,0.0
60,900,1,CONTEXT_ONLY,REVERSAL,ELASTIC_NET_REGRESSION,F25,-0.07280869044832233
60,900,1,CONTEXT_ONLY,REVERSAL,ELASTIC_NET_REGRESSION,F26,-0.41229653967279173
60,900,1,CONTEXT_ONLY,REVERSAL,ELASTIC_NET_REGRESSION,F27,-0.0
60,900,1,CONTEXT_ONLY,REVERSAL,ELASTIC_NET_REGRESSION,F28,0.13522901376532628
60,900,1,CONTEXT_ONLY,REVERSAL,ELASTIC_NET_REGRESSION,F29,-1.3237740234218445
60,900,1,CONTEXT_ONLY,REVERSAL,ELASTIC_NET_REGRESSION,F36,1.001156014614615
60,900,1,CONTEXT_ONLY,REVERSAL,ELASTIC_NET_LOGISTIC,F01,0.0
60,900,1,CONTEXT_ONLY,REVERSAL,ELASTIC_NET_LOGISTIC,F02,-0.04015348727438408
60,900,1,CONTEXT_ONLY,REVERSAL,ELASTIC_NET_LOGISTIC,F03,0.0
60,900,1,CONTEXT_ONLY,REVERSAL,ELASTIC_NET_LOGISTIC,F04,-0.017047128153601234
60,900,1,CONTEXT_ONLY,REVERSAL,ELASTIC_NET_LOGISTIC,F05,-0.030675083480302623
60,900,1,CONTEXT_ONLY,REVERSAL,ELASTIC_NET_LOGISTIC,F06,0.0
60,900,1,CONTEXT_ONLY,REVERSAL,ELASTIC_NET_LOGISTIC,F07,0.0
60,900,1,CONTEXT_ONLY,REVERSAL,ELASTIC_NET_LOGISTIC,F08,0.0
60,900,1,CONTEXT_ONLY,REVERSAL,ELASTIC_NET_LOGISTIC,F09,0.0
60,900,1,CONTEXT_ONLY,REVERSAL,ELASTIC_NET_LOGISTIC,F10,0.0
60,900,1,CONTEXT_ONLY,REVERSAL,ELASTIC_NET_LOGISTIC,F11,0.0
60,900,1,CONTEXT_ONLY,REVERSAL,ELASTIC_NET_LOGISTIC,F12,0.0
60,900,1,CONTEXT_ONLY,REVERSAL,ELASTIC_NET_LOGISTIC,F13,-0.1422101126922039
60,900,1,CONTEXT_ONLY,REVERSAL,ELASTIC_NET_LOGISTIC,F14,0.0
60,900,1,CONTEXT_ONLY,REVERSAL,ELASTIC_NET_LOGISTIC,F15,0.0
60,900,1,CONTEXT_ONLY,REVERSAL,ELASTIC_NET_LOGISTIC,F16,0.0
60,900,1,CONTEXT_ONLY,REVERSAL,ELASTIC_NET_LOGISTIC,F17,0.0
60,900,1,CONTEXT_ONLY,REVERSAL,ELASTIC_NET_LOGISTIC,F18,0.0
60,900,1,CONTEXT_ONLY,REVERSAL,ELASTIC_NET_LOGISTIC,F19,0.05618959652168273
60,900,1,CONTEXT_ONLY,REVERSAL,ELASTIC_NET_LOGISTIC,F20,0.0
60,900,1,CONTEXT_ONLY,REVERSAL,ELASTIC_NET_LOGISTIC,F21,0.0
60,900,1,CONTEXT_ONLY,REVERSAL,ELASTIC_NET_LOGISTIC,F22,0.0
60,900,1,CONTEXT_ONLY,REVERSAL,ELASTIC_NET_LOGISTIC,F23,0.0
60,900,1,CONTEXT_ONLY,REVERSAL,ELASTIC_NET_LOGISTIC,F24,0.0
60,900,1,CONTEXT_ONLY,REVERSAL,ELASTIC_NET_LOGISTIC,F25,0.0
60,900,1,CONTEXT_ONLY,REVERSAL,ELASTIC_NET_LOGISTIC,F26,-0.13368658380971488
60,900,1,CONTEXT_ONLY,REVERSAL,ELASTIC_NET_LOGISTIC,F27,0.0
60,900,1,CONTEXT_ONLY,REVERSAL,ELASTIC_NET_LOGISTIC,F28,0.0
60,900,1,CONTEXT_ONLY,REVERSAL,ELASTIC_NET_LOGISTIC,F29,-0.333917948040567
60,900,1,CONTEXT_ONLY,REVERSAL,ELASTIC_NET_LOGISTIC,F36,0.2112410033811047
60,900,1,CONTEXT_PLUS_SHOCK,CONTINUATION,ELASTIC_NET_REGRESSION,F01,-0.0
60,900,1,CONTEXT_PLUS_SHOCK,CONTINUATION,ELASTIC_NET_REGRESSION,F02,0.8197455630377293
60,900,1,CONTEXT_PLUS_SHOCK,CONTINUATION,ELASTIC_NET_REGRESSION,F03,-0.386929666069968
60,900,1,CONTEXT_PLUS_SHOCK,CONTINUATION,ELASTIC_NET_REGRESSION,F04,0.0
60,900,1,CONTEXT_PLUS_SHOCK,CONTINUATION,ELASTIC_NET_REGRESSION,F05,0.21077264820679814
60,900,1,CONTEXT_PLUS_SHOCK,CONTINUATION,ELASTIC_NET_REGRESSION,F06,0.41892455133710377
60,900,1,CONTEXT_PLUS_SHOCK,CONTINUATION,ELASTIC_NET_REGRESSION,F07,0.08265815661379135
60,900,1,CONTEXT_PLUS_SHOCK,CONTINUATION,ELASTIC_NET_REGRESSION,F08,0.14851488056342227
60,900,1,CONTEXT_PLUS_SHOCK,CONTINUATION,ELASTIC_NET_REGRESSION,F09,-0.0
60,900,1,CONTEXT_PLUS_SHOCK,CONTINUATION,ELASTIC_NET_REGRESSION,F10,0.8971581943613565
60,900,1,CONTEXT_PLUS_SHOCK,CONTINUATION,ELASTIC_NET_REGRESSION,F11,0.0
60,900,1,CONTEXT_PLUS_SHOCK,CONTINUATION,ELASTIC_NET_REGRESSION,F12,-0.8498019493399595
60,900,1,CONTEXT_PLUS_SHOCK,CONTINUATION,ELASTIC_NET_REGRESSION,F13,0.9006739299904879
60,900,1,CONTEXT_PLUS_SHOCK,CONTINUATION,ELASTIC_NET_REGRESSION,F14,-0.6143972665835549
60,900,1,CONTEXT_PLUS_SHOCK,CONTINUATION,ELASTIC_NET_REGRESSION,F15,0.0
60,900,1,CONTEXT_PLUS_SHOCK,CONTINUATION,ELASTIC_NET_REGRESSION,F16,0.0
60,900,1,CONTEXT_PLUS_SHOCK,CONTINUATION,ELASTIC_NET_REGRESSION,F17,0.0
60,900,1,CONTEXT_PLUS_SHOCK,CONTINUATION,ELASTIC_NET_REGRESSION,F18,0.0
60,900,1,CONTEXT_PLUS_SHOCK,CONTINUATION,ELASTIC_NET_REGRESSION,F19,-0.6758760678260934
60,900,1,CONTEXT_PLUS_SHOCK,CONTINUATION,ELASTIC_NET_REGRESSION,F20,-0.0
60,900,1,CONTEXT_PLUS_SHOCK,CONTINUATION,ELASTIC_NET_REGRESSION,F21,-0.0
60,900,1,CONTEXT_PLUS_SHOCK,CONTINUATION,ELASTIC_NET_REGRESSION,F22,-0.0
60,900,1,CONTEXT_PLUS_SHOCK,CONTINUATION,ELASTIC_NET_REGRESSION,F23,0.4837954927739284
60,900,1,CONTEXT_PLUS_SHOCK,CONTINUATION,ELASTIC_NET_REGRESSION,F24,0.0
60,900,1,CONTEXT_PLUS_SHOCK,CONTINUATION,ELASTIC_NET_REGRESSION,F25,0.03609915486132019
60,900,1,CONTEXT_PLUS_SHOCK,CONTINUATION,ELASTIC_NET_REGRESSION,F26,0.31334121451843167
60,900,1,CONTEXT_PLUS_SHOCK,CONTINUATION,ELASTIC_NET_REGRESSION,F27,0.0
60,900,1,CONTEXT_PLUS_SHOCK,CONTINUATION,ELASTIC_NET_REGRESSION,F28,-0.031199135590164833
60,900,1,CONTEXT_PLUS_SHOCK,CONTINUATION,ELASTIC_NET_REGRESSION,F29,1.316939232504296
60,900,1,CONTEXT_PLUS_SHOCK,CONTINUATION,ELASTIC_NET_REGRESSION,F30,0.12095426516517865
60,900,1,CONTEXT_PLUS_SHOCK,CONTINUATION,ELASTIC_NET_REGRESSION,F31,-0.5056241531423726
60,900,1,CONTEXT_PLUS_SHOCK,CONTINUATION,ELASTIC_NET_REGRESSION,F32,0.0
60,900,1,CONTEXT_PLUS_SHOCK,CONTINUATION,ELASTIC_NET_REGRESSION,F33,-0.2605752429291059
60,900,1,CONTEXT_PLUS_SHOCK,CONTINUATION,ELASTIC_NET_REGRESSION,F34,0.12500819352900738
60,900,1,CONTEXT_PLUS_SHOCK,CONTINUATION,ELASTIC_NET_REGRESSION,F35,0.030208353995684327
60,900,1,CONTEXT_PLUS_SHOCK,CONTINUATION,ELASTIC_NET_REGRESSION,F36,-1.0442196537754302
60,900,1,CONTEXT_PLUS_SHOCK,CONTINUATION,ELASTIC_NET_LOGISTIC,F01,0.0
60,900,1,CONTEXT_PLUS_SHOCK,CONTINUATION,ELASTIC_NET_LOGISTIC,F02,0.0
60,900,1,CONTEXT_PLUS_SHOCK,CONTINUATION,ELASTIC_NET_LOGISTIC,F03,0.0
60,900,1,CONTEXT_PLUS_SHOCK,CONTINUATION,ELASTIC_NET_LOGISTIC,F04,0.0
60,900,1,CONTEXT_PLUS_SHOCK,CONTINUATION,ELASTIC_NET_LOGISTIC,F05,0.029394381045173012
60,900,1,CONTEXT_PLUS_SHOCK,CONTINUATION,ELASTIC_NET_LOGISTIC,F06,0.0
60,900,1,CONTEXT_PLUS_SHOCK,CONTINUATION,ELASTIC_NET_LOGISTIC,F07,0.0
60,900,1,CONTEXT_PLUS_SHOCK,CONTINUATION,ELASTIC_NET_LOGISTIC,F08,0.0
60,900,1,CONTEXT_PLUS_SHOCK,CONTINUATION,ELASTIC_NET_LOGISTIC,F09,0.0
60,900,1,CONTEXT_PLUS_SHOCK,CONTINUATION,ELASTIC_NET_LOGISTIC,F10,0.0
60,900,1,CONTEXT_PLUS_SHOCK,CONTINUATION,ELASTIC_NET_LOGISTIC,F11,0.0
60,900,1,CONTEXT_PLUS_SHOCK,CONTINUATION,ELASTIC_NET_LOGISTIC,F12,0.0
60,900,1,CONTEXT_PLUS_SHOCK,CONTINUATION,ELASTIC_NET_LOGISTIC,F13,0.0
60,900,1,CONTEXT_PLUS_SHOCK,CONTINUATION,ELASTIC_NET_LOGISTIC,F14,0.0
60,900,1,CONTEXT_PLUS_SHOCK,CONTINUATION,ELASTIC_NET_LOGISTIC,F15,0.0
60,900,1,CONTEXT_PLUS_SHOCK,CONTINUATION,ELASTIC_NET_LOGISTIC,F16,0.0
60,900,1,CONTEXT_PLUS_SHOCK,CONTINUATION,ELASTIC_NET_LOGISTIC,F17,0.0
60,900,1,CONTEXT_PLUS_SHOCK,CONTINUATION,ELASTIC_NET_LOGISTIC,F18,0.20847644737593857
60,900,1,CONTEXT_PLUS_SHOCK,CONTINUATION,ELASTIC_NET_LOGISTIC,F19,0.0
60,900,1,CONTEXT_PLUS_SHOCK,CONTINUATION,ELASTIC_NET_LOGISTIC,F20,0.0
60,900,1,CONTEXT_PLUS_SHOCK,CONTINUATION,ELASTIC_NET_LOGISTIC,F21,0.0
60,900,1,CONTEXT_PLUS_SHOCK,CONTINUATION,ELASTIC_NET_LOGISTIC,F22,0.0
60,900,1,CONTEXT_PLUS_SHOCK,CONTINUATION,ELASTIC_NET_LOGISTIC,F23,0.0
60,900,1,CONTEXT_PLUS_SHOCK,CONTINUATION,ELASTIC_NET_LOGISTIC,F24,0.0
60,900,1,CONTEXT_PLUS_SHOCK,CONTINUATION,ELASTIC_NET_LOGISTIC,F25,0.0
60,900,1,CONTEXT_PLUS_SHOCK,CONTINUATION,ELASTIC_NET_LOGISTIC,F26,-0.02199071518973606
60,900,1,CONTEXT_PLUS_SHOCK,CONTINUATION,ELASTIC_NET_LOGISTIC,F27,0.0
60,900,1,CONTEXT_PLUS_SHOCK,CONTINUATION,ELASTIC_NET_LOGISTIC,F28,0.08206700829333896
60,900,1,CONTEXT_PLUS_SHOCK,CONTINUATION,ELASTIC_NET_LOGISTIC,F29,0.40401358051021896
60,900,1,CONTEXT_PLUS_SHOCK,CONTINUATION,ELASTIC_NET_LOGISTIC,F30,0.0
60,900,1,CONTEXT_PLUS_SHOCK,CONTINUATION,ELASTIC_NET_LOGISTIC,F31,0.0
60,900,1,CONTEXT_PLUS_SHOCK,CONTINUATION,ELASTIC_NET_LOGISTIC,F32,0.0
60,900,1,CONTEXT_PLUS_SHOCK,CONTINUATION,ELASTIC_NET_LOGISTIC,F33,0.0
60,900,1,CONTEXT_PLUS_SHOCK,CONTINUATION,ELASTIC_NET_LOGISTIC,F34,0.0
60,900,1,CONTEXT_PLUS_SHOCK,CONTINUATION,ELASTIC_NET_LOGISTIC,F35,0.0
60,900,1,CONTEXT_PLUS_SHOCK,CONTINUATION,ELASTIC_NET_LOGISTIC,F36,0.0
60,900,1,CONTEXT_PLUS_SHOCK,REVERSAL,ELASTIC_NET_REGRESSION,F01,0.0
60,900,1,CONTEXT_PLUS_SHOCK,REVERSAL,ELASTIC_NET_REGRESSION,F02,-0.8338046167330654
60,900,1,CONTEXT_PLUS_SHOCK,REVERSAL,ELASTIC_NET_REGRESSION,F03,0.40962535537374395
60,900,1,CONTEXT_PLUS_SHOCK,REVERSAL,ELASTIC_NET_REGRESSION,F04,-0.0
60,900,1,CONTEXT_PLUS_SHOCK,REVERSAL,ELASTIC_NET_REGRESSION,F05,-0.21241939830855422
60,900,1,CONTEXT_PLUS_SHOCK,REVERSAL,ELASTIC_NET_REGRESSION,F06,-0.40375391800671334
60,900,1,CONTEXT_PLUS_SHOCK,REVERSAL,ELASTIC_NET_REGRESSION,F07,-0.08636704862390546
60,900,1,CONTEXT_PLUS_SHOCK,REVERSAL,ELASTIC_NET_REGRESSION,F08,-0.15046445698931016
60,900,1,CONTEXT_PLUS_SHOCK,REVERSAL,ELASTIC_NET_REGRESSION,F09,-0.0
60,900,1,CONTEXT_PLUS_SHOCK,REVERSAL,ELASTIC_NET_REGRESSION,F10,-0.8847460441648208
60,900,1,CONTEXT_PLUS_SHOCK,REVERSAL,ELASTIC_NET_REGRESSION,F11,-0.0
60,900,1,CONTEXT_PLUS_SHOCK,REVERSAL,ELASTIC_NET_REGRESSION,F12,0.8318993050802717
60,900,1,CONTEXT_PLUS_SHOCK,REVERSAL,ELASTIC_NET_REGRESSION,F13,-0.8867610317932672
60,900,1,CONTEXT_PLUS_SHOCK,REVERSAL,ELASTIC_NET_REGRESSION,F14,0.606770737057034
60,900,1,CONTEXT_PLUS_SHOCK,REVERSAL,ELASTIC_NET_REGRESSION,F15,-0.0
60,900,1,CONTEXT_PLUS_SHOCK,REVERSAL,ELASTIC_NET_REGRESSION,F16,-0.0
60,900,1,CONTEXT_PLUS_SHOCK,REVERSAL,ELASTIC_NET_REGRESSION,F17,-0.0
60,900,1,CONTEXT_PLUS_SHOCK,REVERSAL,ELASTIC_NET_REGRESSION,F18,-0.0
60,900,1,CONTEXT_PLUS_SHOCK,REVERSAL,ELASTIC_NET_REGRESSION,F19,0.6838714218532971
60,900,1,CONTEXT_PLUS_SHOCK,REVERSAL,ELASTIC_NET_REGRESSION,F20,0.0
60,900,1,CONTEXT_PLUS_SHOCK,REVERSAL,ELASTIC_NET_REGRESSION,F21,0.0
60,900,1,CONTEXT_PLUS_SHOCK,REVERSAL,ELASTIC_NET_REGRESSION,F22,0.0
60,900,1,CONTEXT_PLUS_SHOCK,REVERSAL,ELASTIC_NET_REGRESSION,F23,-0.49422162604793984
60,900,1,CONTEXT_PLUS_SHOCK,REVERSAL,ELASTIC_NET_REGRESSION,F24,-0.0
60,900,1,CONTEXT_PLUS_SHOCK,REVERSAL,ELASTIC_NET_REGRESSION,F25,-0.0
60,900,1,CONTEXT_PLUS_SHOCK,REVERSAL,ELASTIC_NET_REGRESSION,F26,-0.2843946235017794
60,900,1,CONTEXT_PLUS_SHOCK,REVERSAL,ELASTIC_NET_REGRESSION,F27,-0.0
60,900,1,CONTEXT_PLUS_SHOCK,REVERSAL,ELASTIC_NET_REGRESSION,F28,0.03809032557564372
60,900,1,CONTEXT_PLUS_SHOCK,REVERSAL,ELASTIC_NET_REGRESSION,F29,-1.3150285244147093
60,900,1,CONTEXT_PLUS_SHOCK,REVERSAL,ELASTIC_NET_REGRESSION,F30,-0.12715589766057134
60,900,1,CONTEXT_PLUS_SHOCK,REVERSAL,ELASTIC_NET_REGRESSION,F31,0.49668556150243004
60,900,1,CONTEXT_PLUS_SHOCK,REVERSAL,ELASTIC_NET_REGRESSION,F32,0.0
60,900,1,CONTEXT_PLUS_SHOCK,REVERSAL,ELASTIC_NET_REGRESSION,F33,0.28530107778359465
60,900,1,CONTEXT_PLUS_SHOCK,REVERSAL,ELASTIC_NET_REGRESSION,F34,-0.13756591678935726
60,900,1,CONTEXT_PLUS_SHOCK,REVERSAL,ELASTIC_NET_REGRESSION,F35,-0.017440962179672868
60,900,1,CONTEXT_PLUS_SHOCK,REVERSAL,ELASTIC_NET_REGRESSION,F36,1.0360845030240706
60,900,1,CONTEXT_PLUS_SHOCK,REVERSAL,ELASTIC_NET_LOGISTIC,F01,0.0
60,900,1,CONTEXT_PLUS_SHOCK,REVERSAL,ELASTIC_NET_LOGISTIC,F02,-0.025280011155839412
60,900,1,CONTEXT_PLUS_SHOCK,REVERSAL,ELASTIC_NET_LOGISTIC,F03,0.0
60,900,1,CONTEXT_PLUS_SHOCK,REVERSAL,ELASTIC_NET_LOGISTIC,F04,-0.054178208008104196
60,900,1,CONTEXT_PLUS_SHOCK,REVERSAL,ELASTIC_NET_LOGISTIC,F05,-0.044541490803952366
60,900,1,CONTEXT_PLUS_SHOCK,REVERSAL,ELASTIC_NET_LOGISTIC,F06,0.0
60,900,1,CONTEXT_PLUS_SHOCK,REVERSAL,ELASTIC_NET_LOGISTIC,F07,0.0
60,900,1,CONTEXT_PLUS_SHOCK,REVERSAL,ELASTIC_NET_LOGISTIC,F08,0.0
60,900,1,CONTEXT_PLUS_SHOCK,REVERSAL,ELASTIC_NET_LOGISTIC,F09,0.0
60,900,1,CONTEXT_PLUS_SHOCK,REVERSAL,ELASTIC_NET_LOGISTIC,F10,0.0
60,900,1,CONTEXT_PLUS_SHOCK,REVERSAL,ELASTIC_NET_LOGISTIC,F11,0.0
60,900,1,CONTEXT_PLUS_SHOCK,REVERSAL,ELASTIC_NET_LOGISTIC,F12,0.0
60,900,1,CONTEXT_PLUS_SHOCK,REVERSAL,ELASTIC_NET_LOGISTIC,F13,-0.11962302616456613
60,900,1,CONTEXT_PLUS_SHOCK,REVERSAL,ELASTIC_NET_LOGISTIC,F14,0.0
60,900,1,CONTEXT_PLUS_SHOCK,REVERSAL,ELASTIC_NET_LOGISTIC,F15,0.0
60,900,1,CONTEXT_PLUS_SHOCK,REVERSAL,ELASTIC_NET_LOGISTIC,F16,0.0
60,900,1,CONTEXT_PLUS_SHOCK,REVERSAL,ELASTIC_NET_LOGISTIC,F17,0.0
60,900,1,CONTEXT_PLUS_SHOCK,REVERSAL,ELASTIC_NET_LOGISTIC,F18,0.0
60,900,1,CONTEXT_PLUS_SHOCK,REVERSAL,ELASTIC_NET_LOGISTIC,F19,0.0
60,900,1,CONTEXT_PLUS_SHOCK,REVERSAL,ELASTIC_NET_LOGISTIC,F20,0.0
60,900,1,CONTEXT_PLUS_SHOCK,REVERSAL,ELASTIC_NET_LOGISTIC,F21,0.0
60,900,1,CONTEXT_PLUS_SHOCK,REVERSAL,ELASTIC_NET_LOGISTIC,F22,0.0
60,900,1,CONTEXT_PLUS_SHOCK,REVERSAL,ELASTIC_NET_LOGISTIC,F23,0.0
60,900,1,CONTEXT_PLUS_SHOCK,REVERSAL,ELASTIC_NET_LOGISTIC,F24,0.0
60,900,1,CONTEXT_PLUS_SHOCK,REVERSAL,ELASTIC_NET_LOGISTIC,F25,0.0
60,900,1,CONTEXT_PLUS_SHOCK,REVERSAL,ELASTIC_NET_LOGISTIC,F26,-0.11050953396774948
60,900,1,CONTEXT_PLUS_SHOCK,REVERSAL,ELASTIC_NET_LOGISTIC,F27,0.0
60,900,1,CONTEXT_PLUS_SHOCK,REVERSAL,ELASTIC_NET_LOGISTIC,F28,0.0
60,900,1,CONTEXT_PLUS_SHOCK,REVERSAL,ELASTIC_NET_LOGISTIC,F29,-0.334229718902593
60,900,1,CONTEXT_PLUS_SHOCK,REVERSAL,ELASTIC_NET_LOGISTIC,F30,0.0
60,900,1,CONTEXT_PLUS_SHOCK,REVERSAL,ELASTIC_NET_LOGISTIC,F31,0.1449679545949726
60,900,1,CONTEXT_PLUS_SHOCK,REVERSAL,ELASTIC_NET_LOGISTIC,F32,0.0
60,900,1,CONTEXT_PLUS_SHOCK,REVERSAL,ELASTIC_NET_LOGISTIC,F33,0.006175898277120081
60,900,1,CONTEXT_PLUS_SHOCK,REVERSAL,ELASTIC_NET_LOGISTIC,F34,-0.07163132015171511
60,900,1,CONTEXT_PLUS_SHOCK,REVERSAL,ELASTIC_NET_LOGISTIC,F35,-0.14136091093073266
60,900,1,CONTEXT_PLUS_SHOCK,REVERSAL,ELASTIC_NET_LOGISTIC,F36,0.23795733387853682
60,900,2,CONTEXT_ONLY,CONTINUATION,ELASTIC_NET_REGRESSION,F01,0.0
60,900,2,CONTEXT_ONLY,CONTINUATION,ELASTIC_NET_REGRESSION,F02,0.5495626413252759
60,900,2,CONTEXT_ONLY,CONTINUATION,ELASTIC_NET_REGRESSION,F03,-0.8612547029729798
60,900,2,CONTEXT_ONLY,CONTINUATION,ELASTIC_NET_REGRESSION,F04,0.0
60,900,2,CONTEXT_ONLY,CONTINUATION,ELASTIC_NET_REGRESSION,F05,0.11408510907716378
60,900,2,CONTEXT_ONLY,CONTINUATION,ELASTIC_NET_REGRESSION,F06,0.08600646498128904
60,900,2,CONTEXT_ONLY,CONTINUATION,ELASTIC_NET_REGRESSION,F07,0.08610186313707421
60,900,2,CONTEXT_ONLY,CONTINUATION,ELASTIC_NET_REGRESSION,F08,-0.0009951428920616065
60,900,2,CONTEXT_ONLY,CONTINUATION,ELASTIC_NET_REGRESSION,F09,-0.06722345940728854
60,900,2,CONTEXT_ONLY,CONTINUATION,ELASTIC_NET_REGRESSION,F10,0.806414284853374
60,900,2,CONTEXT_ONLY,CONTINUATION,ELASTIC_NET_REGRESSION,F11,-0.04413592657905954
60,900,2,CONTEXT_ONLY,CONTINUATION,ELASTIC_NET_REGRESSION,F12,-0.0
60,900,2,CONTEXT_ONLY,CONTINUATION,ELASTIC_NET_REGRESSION,F13,-0.0
60,900,2,CONTEXT_ONLY,CONTINUATION,ELASTIC_NET_REGRESSION,F14,-0.20419497073124035
60,900,2,CONTEXT_ONLY,CONTINUATION,ELASTIC_NET_REGRESSION,F15,0.0
60,900,2,CONTEXT_ONLY,CONTINUATION,ELASTIC_NET_REGRESSION,F16,-0.17797043892583422
60,900,2,CONTEXT_ONLY,CONTINUATION,ELASTIC_NET_REGRESSION,F17,-0.0
60,900,2,CONTEXT_ONLY,CONTINUATION,ELASTIC_NET_REGRESSION,F18,-0.0
60,900,2,CONTEXT_ONLY,CONTINUATION,ELASTIC_NET_REGRESSION,F19,0.0
60,900,2,CONTEXT_ONLY,CONTINUATION,ELASTIC_NET_REGRESSION,F20,0.2401967951516155
60,900,2,CONTEXT_ONLY,CONTINUATION,ELASTIC_NET_REGRESSION,F21,0.0
60,900,2,CONTEXT_ONLY,CONTINUATION,ELASTIC_NET_REGRESSION,F22,0.0
60,900,2,CONTEXT_ONLY,CONTINUATION,ELASTIC_NET_REGRESSION,F23,-0.2081727999009855
60,900,2,CONTEXT_ONLY,CONTINUATION,ELASTIC_NET_REGRESSION,F24,-0.0
60,900,2,CONTEXT_ONLY,CONTINUATION,ELASTIC_NET_REGRESSION,F25,0.0
60,900,2,CONTEXT_ONLY,CONTINUATION,ELASTIC_NET_REGRESSION,F26,0.360917292533032
60,900,2,CONTEXT_ONLY,CONTINUATION,ELASTIC_NET_REGRESSION,F27,0.0
60,900,2,CONTEXT_ONLY,CONTINUATION,ELASTIC_NET_REGRESSION,F28,0.0
60,900,2,CONTEXT_ONLY,CONTINUATION,ELASTIC_NET_REGRESSION,F29,0.7859598475028933
60,900,2,CONTEXT_ONLY,CONTINUATION,ELASTIC_NET_REGRESSION,F36,-0.7987959996634834
60,900,2,CONTEXT_ONLY,CONTINUATION,ELASTIC_NET_LOGISTIC,F01,0.0
60,900,2,CONTEXT_ONLY,CONTINUATION,ELASTIC_NET_LOGISTIC,F02,0.0
60,900,2,CONTEXT_ONLY,CONTINUATION,ELASTIC_NET_LOGISTIC,F03,-0.020140086472564205
60,900,2,CONTEXT_ONLY,CONTINUATION,ELASTIC_NET_LOGISTIC,F04,0.0
60,900,2,CONTEXT_ONLY,CONTINUATION,ELASTIC_NET_LOGISTIC,F05,0.0
60,900,2,CONTEXT_ONLY,CONTINUATION,ELASTIC_NET_LOGISTIC,F06,0.0
60,900,2,CONTEXT_ONLY,CONTINUATION,ELASTIC_NET_LOGISTIC,F07,0.0
60,900,2,CONTEXT_ONLY,CONTINUATION,ELASTIC_NET_LOGISTIC,F08,-0.07989733236569994
60,900,2,CONTEXT_ONLY,CONTINUATION,ELASTIC_NET_LOGISTIC,F09,0.0
60,900,2,CONTEXT_ONLY,CONTINUATION,ELASTIC_NET_LOGISTIC,F10,0.0
60,900,2,CONTEXT_ONLY,CONTINUATION,ELASTIC_NET_LOGISTIC,F11,0.0
60,900,2,CONTEXT_ONLY,CONTINUATION,ELASTIC_NET_LOGISTIC,F12,0.0
60,900,2,CONTEXT_ONLY,CONTINUATION,ELASTIC_NET_LOGISTIC,F13,0.0
60,900,2,CONTEXT_ONLY,CONTINUATION,ELASTIC_NET_LOGISTIC,F14,0.0
60,900,2,CONTEXT_ONLY,CONTINUATION,ELASTIC_NET_LOGISTIC,F15,0.0
60,900,2,CONTEXT_ONLY,CONTINUATION,ELASTIC_NET_LOGISTIC,F16,0.0
60,900,2,CONTEXT_ONLY,CONTINUATION,ELASTIC_NET_LOGISTIC,F17,0.0
60,900,2,CONTEXT_ONLY,CONTINUATION,ELASTIC_NET_LOGISTIC,F18,0.14279407900230964
60,900,2,CONTEXT_ONLY,CONTINUATION,ELASTIC_NET_LOGISTIC,F19,0.0
60,900,2,CONTEXT_ONLY,CONTINUATION,ELASTIC_NET_LOGISTIC,F20,0.0
60,900,2,CONTEXT_ONLY,CONTINUATION,ELASTIC_NET_LOGISTIC,F21,0.0
60,900,2,CONTEXT_ONLY,CONTINUATION,ELASTIC_NET_LOGISTIC,F22,0.0
60,900,2,CONTEXT_ONLY,CONTINUATION,ELASTIC_NET_LOGISTIC,F23,0.0
60,900,2,CONTEXT_ONLY,CONTINUATION,ELASTIC_NET_LOGISTIC,F24,-0.003418010008420781
60,900,2,CONTEXT_ONLY,CONTINUATION,ELASTIC_NET_LOGISTIC,F25,0.0
60,900,2,CONTEXT_ONLY,CONTINUATION,ELASTIC_NET_LOGISTIC,F26,0.0
60,900,2,CONTEXT_ONLY,CONTINUATION,ELASTIC_NET_LOGISTIC,F27,0.0
60,900,2,CONTEXT_ONLY,CONTINUATION,ELASTIC_NET_LOGISTIC,F28,0.22702012024220222
60,900,2,CONTEXT_ONLY,CONTINUATION,ELASTIC_NET_LOGISTIC,F29,0.23446831463487766
60,900,2,CONTEXT_ONLY,CONTINUATION,ELASTIC_NET_LOGISTIC,F36,0.0
60,900,2,CONTEXT_ONLY,REVERSAL,ELASTIC_NET_REGRESSION,F01,-0.0
60,900,2,CONTEXT_ONLY,REVERSAL,ELASTIC_NET_REGRESSION,F02,-0.5450560690628996
60,900,2,CONTEXT_ONLY,REVERSAL,ELASTIC_NET_REGRESSION,F03,0.860131159116087
60,900,2,CONTEXT_ONLY,REVERSAL,ELASTIC_NET_REGRESSION,F04,-0.0
60,900,2,CONTEXT_ONLY,REVERSAL,ELASTIC_NET_REGRESSION,F05,-0.11975737184643372
60,900,2,CONTEXT_ONLY,REVERSAL,ELASTIC_NET_REGRESSION,F06,-0.07688700446735447
60,900,2,CONTEXT_ONLY,REVERSAL,ELASTIC_NET_REGRESSION,F07,-0.09061651570446336
60,900,2,CONTEXT_ONLY,REVERSAL,ELASTIC_NET_REGRESSION,F08,0.004200099720214735
60,900,2,CONTEXT_ONLY,REVERSAL,ELASTIC_NET_REGRESSION,F09,0.06195739719505368
60,900,2,CONTEXT_ONLY,REVERSAL,ELASTIC_NET_REGRESSION,F10,-0.799771322940383
60,900,2,CONTEXT_ONLY,REVERSAL,ELASTIC_NET_REGRESSION,F11,0.03874107306681038
60,900,2,CONTEXT_ONLY,REVERSAL,ELASTIC_NET_REGRESSION,F12,0.0
60,900,2,CONTEXT_ONLY,REVERSAL,ELASTIC_NET_REGRESSION,F13,0.0
60,900,2,CONTEXT_ONLY,REVERSAL,ELASTIC_NET_REGRESSION,F14,0.2020194832267573
60,900,2,CONTEXT_ONLY,REVERSAL,ELASTIC_NET_REGRESSION,F15,-0.0
60,900,2,CONTEXT_ONLY,REVERSAL,ELASTIC_NET_REGRESSION,F16,0.20739635459175904
60,900,2,CONTEXT_ONLY,REVERSAL,ELASTIC_NET_REGRESSION,F17,0.0
60,900,2,CONTEXT_ONLY,REVERSAL,ELASTIC_NET_REGRESSION,F18,0.0
60,900,2,CONTEXT_ONLY,REVERSAL,ELASTIC_NET_REGRESSION,F19,-0.0
60,900,2,CONTEXT_ONLY,REVERSAL,ELASTIC_NET_REGRESSION,F20,-0.22134764075711688
60,900,2,CONTEXT_ONLY,REVERSAL,ELASTIC_NET_REGRESSION,F21,-0.0
60,900,2,CONTEXT_ONLY,REVERSAL,ELASTIC_NET_REGRESSION,F22,-0.0
60,900,2,CONTEXT_ONLY,REVERSAL,ELASTIC_NET_REGRESSION,F23,0.21465896907640192
60,900,2,CONTEXT_ONLY,REVERSAL,ELASTIC_NET_REGRESSION,F24,0.0
60,900,2,CONTEXT_ONLY,REVERSAL,ELASTIC_NET_REGRESSION,F25,-0.0
60,900,2,CONTEXT_ONLY,REVERSAL,ELASTIC_NET_REGRESSION,F26,-0.32834820953467053
60,900,2,CONTEXT_ONLY,REVERSAL,ELASTIC_NET_REGRESSION,F27,-0.0
60,900,2,CONTEXT_ONLY,REVERSAL,ELASTIC_NET_REGRESSION,F28,-0.0
60,900,2,CONTEXT_ONLY,REVERSAL,ELASTIC_NET_REGRESSION,F29,-0.7838815365845014
60,900,2,CONTEXT_ONLY,REVERSAL,ELASTIC_NET_REGRESSION,F36,0.793700940937955
60,900,2,CONTEXT_ONLY,REVERSAL,ELASTIC_NET_LOGISTIC,F01,0.0
60,900,2,CONTEXT_ONLY,REVERSAL,ELASTIC_NET_LOGISTIC,F02,0.0
60,900,2,CONTEXT_ONLY,REVERSAL,ELASTIC_NET_LOGISTIC,F03,0.0
60,900,2,CONTEXT_ONLY,REVERSAL,ELASTIC_NET_LOGISTIC,F04,0.0
60,900,2,CONTEXT_ONLY,REVERSAL,ELASTIC_NET_LOGISTIC,F05,0.0
60,900,2,CONTEXT_ONLY,REVERSAL,ELASTIC_NET_LOGISTIC,F06,0.0
60,900,2,CONTEXT_ONLY,REVERSAL,ELASTIC_NET_LOGISTIC,F07,-0.004375162839431195
60,900,2,CONTEXT_ONLY,REVERSAL,ELASTIC_NET_LOGISTIC,F08,0.08878345383994729
60,900,2,CONTEXT_ONLY,REVERSAL,ELASTIC_NET_LOGISTIC,F09,0.0
60,900,2,CONTEXT_ONLY,REVERSAL,ELASTIC_NET_LOGISTIC,F10,0.0
60,900,2,CONTEXT_ONLY,REVERSAL,ELASTIC_NET_LOGISTIC,F11,0.0
60,900,2,CONTEXT_ONLY,REVERSAL,ELASTIC_NET_LOGISTIC,F12,0.0
60,900,2,CONTEXT_ONLY,REVERSAL,ELASTIC_NET_LOGISTIC,F13,0.0
60,900,2,CONTEXT_ONLY,REVERSAL,ELASTIC_NET_LOGISTIC,F14,-0.03522400685802729
60,900,2,CONTEXT_ONLY,REVERSAL,ELASTIC_NET_LOGISTIC,F15,0.0
60,900,2,CONTEXT_ONLY,REVERSAL,ELASTIC_NET_LOGISTIC,F16,0.01081252157553585
60,900,2,CONTEXT_ONLY,REVERSAL,ELASTIC_NET_LOGISTIC,F17,0.0
60,900,2,CONTEXT_ONLY,REVERSAL,ELASTIC_NET_LOGISTIC,F18,0.0
60,900,2,CONTEXT_ONLY,REVERSAL,ELASTIC_NET_LOGISTIC,F19,0.0
60,900,2,CONTEXT_ONLY,REVERSAL,ELASTIC_NET_LOGISTIC,F20,0.0
60,900,2,CONTEXT_ONLY,REVERSAL,ELASTIC_NET_LOGISTIC,F21,0.0
60,900,2,CONTEXT_ONLY,REVERSAL,ELASTIC_NET_LOGISTIC,F22,0.0
60,900,2,CONTEXT_ONLY,REVERSAL,ELASTIC_NET_LOGISTIC,F23,0.0
60,900,2,CONTEXT_ONLY,REVERSAL,ELASTIC_NET_LOGISTIC,F24,0.0
60,900,2,CONTEXT_ONLY,REVERSAL,ELASTIC_NET_LOGISTIC,F25,0.0
60,900,2,CONTEXT_ONLY,REVERSAL,ELASTIC_NET_LOGISTIC,F26,-0.07294704447729297
60,900,2,CONTEXT_ONLY,REVERSAL,ELASTIC_NET_LOGISTIC,F27,0.0
60,900,2,CONTEXT_ONLY,REVERSAL,ELASTIC_NET_LOGISTIC,F28,0.0
60,900,2,CONTEXT_ONLY,REVERSAL,ELASTIC_NET_LOGISTIC,F29,-0.11081679131998669
60,900,2,CONTEXT_ONLY,REVERSAL,ELASTIC_NET_LOGISTIC,F36,0.07590007345554348
60,900,2,CONTEXT_PLUS_SHOCK,CONTINUATION,ELASTIC_NET_REGRESSION,F01,0.0
60,900,2,CONTEXT_PLUS_SHOCK,CONTINUATION,ELASTIC_NET_REGRESSION,F02,0.5515733425294739
60,900,2,CONTEXT_PLUS_SHOCK,CONTINUATION,ELASTIC_NET_REGRESSION,F03,-0.8523022323694293
60,900,2,CONTEXT_PLUS_SHOCK,CONTINUATION,ELASTIC_NET_REGRESSION,F04,0.0
60,900,2,CONTEXT_PLUS_SHOCK,CONTINUATION,ELASTIC_NET_REGRESSION,F05,0.1326698192049809
60,900,2,CONTEXT_PLUS_SHOCK,CONTINUATION,ELASTIC_NET_REGRESSION,F06,0.08274930403276068
60,900,2,CONTEXT_PLUS_SHOCK,CONTINUATION,ELASTIC_NET_REGRESSION,F07,0.08324693222446566
60,900,2,CONTEXT_PLUS_SHOCK,CONTINUATION,ELASTIC_NET_REGRESSION,F08,-0.007650880300405382
60,900,2,CONTEXT_PLUS_SHOCK,CONTINUATION,ELASTIC_NET_REGRESSION,F09,-0.08217717487297531
60,900,2,CONTEXT_PLUS_SHOCK,CONTINUATION,ELASTIC_NET_REGRESSION,F10,0.7941746544718382
60,900,2,CONTEXT_PLUS_SHOCK,CONTINUATION,ELASTIC_NET_REGRESSION,F11,-0.04871585222305452
60,900,2,CONTEXT_PLUS_SHOCK,CONTINUATION,ELASTIC_NET_REGRESSION,F12,-0.0
60,900,2,CONTEXT_PLUS_SHOCK,CONTINUATION,ELASTIC_NET_REGRESSION,F13,-0.0
60,900,2,CONTEXT_PLUS_SHOCK,CONTINUATION,ELASTIC_NET_REGRESSION,F14,-0.22150285200810457
60,900,2,CONTEXT_PLUS_SHOCK,CONTINUATION,ELASTIC_NET_REGRESSION,F15,0.0
60,900,2,CONTEXT_PLUS_SHOCK,CONTINUATION,ELASTIC_NET_REGRESSION,F16,-0.19754354606504582
60,900,2,CONTEXT_PLUS_SHOCK,CONTINUATION,ELASTIC_NET_REGRESSION,F17,-0.0
60,900,2,CONTEXT_PLUS_SHOCK,CONTINUATION,ELASTIC_NET_REGRESSION,F18,-0.0
60,900,2,CONTEXT_PLUS_SHOCK,CONTINUATION,ELASTIC_NET_REGRESSION,F19,0.0
60,900,2,CONTEXT_PLUS_SHOCK,CONTINUATION,ELASTIC_NET_REGRESSION,F20,0.2295748202342955
60,900,2,CONTEXT_PLUS_SHOCK,CONTINUATION,ELASTIC_NET_REGRESSION,F21,0.0
60,900,2,CONTEXT_PLUS_SHOCK,CONTINUATION,ELASTIC_NET_REGRESSION,F22,0.0
60,900,2,CONTEXT_PLUS_SHOCK,CONTINUATION,ELASTIC_NET_REGRESSION,F23,-0.15830784932873082
60,900,2,CONTEXT_PLUS_SHOCK,CONTINUATION,ELASTIC_NET_REGRESSION,F24,-0.0
60,900,2,CONTEXT_PLUS_SHOCK,CONTINUATION,ELASTIC_NET_REGRESSION,F25,0.0
60,900,2,CONTEXT_PLUS_SHOCK,CONTINUATION,ELASTIC_NET_REGRESSION,F26,0.3500232158842794
60,900,2,CONTEXT_PLUS_SHOCK,CONTINUATION,ELASTIC_NET_REGRESSION,F27,0.0
60,900,2,CONTEXT_PLUS_SHOCK,CONTINUATION,ELASTIC_NET_REGRESSION,F28,0.0
60,900,2,CONTEXT_PLUS_SHOCK,CONTINUATION,ELASTIC_NET_REGRESSION,F29,0.7728942668449792
60,900,2,CONTEXT_PLUS_SHOCK,CONTINUATION,ELASTIC_NET_REGRESSION,F30,0.10031168995732538
60,900,2,CONTEXT_PLUS_SHOCK,CONTINUATION,ELASTIC_NET_REGRESSION,F31,-0.10418414333558482
60,900,2,CONTEXT_PLUS_SHOCK,CONTINUATION,ELASTIC_NET_REGRESSION,F32,0.0
60,900,2,CONTEXT_PLUS_SHOCK,CONTINUATION,ELASTIC_NET_REGRESSION,F33,0.0
60,900,2,CONTEXT_PLUS_SHOCK,CONTINUATION,ELASTIC_NET_REGRESSION,F34,0.2287742991271772
60,900,2,CONTEXT_PLUS_SHOCK,CONTINUATION,ELASTIC_NET_REGRESSION,F35,0.0
60,900,2,CONTEXT_PLUS_SHOCK,CONTINUATION,ELASTIC_NET_REGRESSION,F36,-0.8425143785533726
60,900,2,CONTEXT_PLUS_SHOCK,CONTINUATION,ELASTIC_NET_LOGISTIC,F01,0.0
60,900,2,CONTEXT_PLUS_SHOCK,CONTINUATION,ELASTIC_NET_LOGISTIC,F02,0.0
60,900,2,CONTEXT_PLUS_SHOCK,CONTINUATION,ELASTIC_NET_LOGISTIC,F03,-0.020693221627244095
60,900,2,CONTEXT_PLUS_SHOCK,CONTINUATION,ELASTIC_NET_LOGISTIC,F04,0.0
60,900,2,CONTEXT_PLUS_SHOCK,CONTINUATION,ELASTIC_NET_LOGISTIC,F05,0.0
60,900,2,CONTEXT_PLUS_SHOCK,CONTINUATION,ELASTIC_NET_LOGISTIC,F06,0.0
60,900,2,CONTEXT_PLUS_SHOCK,CONTINUATION,ELASTIC_NET_LOGISTIC,F07,0.0
60,900,2,CONTEXT_PLUS_SHOCK,CONTINUATION,ELASTIC_NET_LOGISTIC,F08,-0.07820593300049403
60,900,2,CONTEXT_PLUS_SHOCK,CONTINUATION,ELASTIC_NET_LOGISTIC,F09,0.0
60,900,2,CONTEXT_PLUS_SHOCK,CONTINUATION,ELASTIC_NET_LOGISTIC,F10,0.0
60,900,2,CONTEXT_PLUS_SHOCK,CONTINUATION,ELASTIC_NET_LOGISTIC,F11,0.0
60,900,2,CONTEXT_PLUS_SHOCK,CONTINUATION,ELASTIC_NET_LOGISTIC,F12,0.0
60,900,2,CONTEXT_PLUS_SHOCK,CONTINUATION,ELASTIC_NET_LOGISTIC,F13,0.0
60,900,2,CONTEXT_PLUS_SHOCK,CONTINUATION,ELASTIC_NET_LOGISTIC,F14,0.0
60,900,2,CONTEXT_PLUS_SHOCK,CONTINUATION,ELASTIC_NET_LOGISTIC,F15,0.0
60,900,2,CONTEXT_PLUS_SHOCK,CONTINUATION,ELASTIC_NET_LOGISTIC,F16,0.0
60,900,2,CONTEXT_PLUS_SHOCK,CONTINUATION,ELASTIC_NET_LOGISTIC,F17,0.0
60,900,2,CONTEXT_PLUS_SHOCK,CONTINUATION,ELASTIC_NET_LOGISTIC,F18,0.15018918279594404
60,900,2,CONTEXT_PLUS_SHOCK,CONTINUATION,ELASTIC_NET_LOGISTIC,F19,0.0
60,900,2,CONTEXT_PLUS_SHOCK,CONTINUATION,ELASTIC_NET_LOGISTIC,F20,0.0
60,900,2,CONTEXT_PLUS_SHOCK,CONTINUATION,ELASTIC_NET_LOGISTIC,F21,0.0
60,900,2,CONTEXT_PLUS_SHOCK,CONTINUATION,ELASTIC_NET_LOGISTIC,F22,0.0
60,900,2,CONTEXT_PLUS_SHOCK,CONTINUATION,ELASTIC_NET_LOGISTIC,F23,0.0
60,900,2,CONTEXT_PLUS_SHOCK,CONTINUATION,ELASTIC_NET_LOGISTIC,F24,-0.006763181967736774
60,900,2,CONTEXT_PLUS_SHOCK,CONTINUATION,ELASTIC_NET_LOGISTIC,F25,0.0
60,900,2,CONTEXT_PLUS_SHOCK,CONTINUATION,ELASTIC_NET_LOGISTIC,F26,0.0
60,900,2,CONTEXT_PLUS_SHOCK,CONTINUATION,ELASTIC_NET_LOGISTIC,F27,0.0
60,900,2,CONTEXT_PLUS_SHOCK,CONTINUATION,ELASTIC_NET_LOGISTIC,F28,0.21439573676902882
60,900,2,CONTEXT_PLUS_SHOCK,CONTINUATION,ELASTIC_NET_LOGISTIC,F29,0.23775510700317867
60,900,2,CONTEXT_PLUS_SHOCK,CONTINUATION,ELASTIC_NET_LOGISTIC,F30,0.0
60,900,2,CONTEXT_PLUS_SHOCK,CONTINUATION,ELASTIC_NET_LOGISTIC,F31,0.0
60,900,2,CONTEXT_PLUS_SHOCK,CONTINUATION,ELASTIC_NET_LOGISTIC,F32,0.0
60,900,2,CONTEXT_PLUS_SHOCK,CONTINUATION,ELASTIC_NET_LOGISTIC,F33,0.03963900209318483
60,900,2,CONTEXT_PLUS_SHOCK,CONTINUATION,ELASTIC_NET_LOGISTIC,F34,0.0
60,900,2,CONTEXT_PLUS_SHOCK,CONTINUATION,ELASTIC_NET_LOGISTIC,F35,0.0
60,900,2,CONTEXT_PLUS_SHOCK,CONTINUATION,ELASTIC_NET_LOGISTIC,F36,0.0
60,900,2,CONTEXT_PLUS_SHOCK,REVERSAL,ELASTIC_NET_REGRESSION,F01,-0.0
60,900,2,CONTEXT_PLUS_SHOCK,REVERSAL,ELASTIC_NET_REGRESSION,F02,-0.54678928696628
60,900,2,CONTEXT_PLUS_SHOCK,REVERSAL,ELASTIC_NET_REGRESSION,F03,0.8516576424336241
60,900,2,CONTEXT_PLUS_SHOCK,REVERSAL,ELASTIC_NET_REGRESSION,F04,-0.0
60,900,2,CONTEXT_PLUS_SHOCK,REVERSAL,ELASTIC_NET_REGRESSION,F05,-0.1389836228652061
60,900,2,CONTEXT_PLUS_SHOCK,REVERSAL,ELASTIC_NET_REGRESSION,F06,-0.07359062666358321
60,900,2,CONTEXT_PLUS_SHOCK,REVERSAL,ELASTIC_NET_REGRESSION,F07,-0.08761822969733998
60,900,2,CONTEXT_PLUS_SHOCK,REVERSAL,ELASTIC_NET_REGRESSION,F08,0.011078576434547096
60,900,2,CONTEXT_PLUS_SHOCK,REVERSAL,ELASTIC_NET_REGRESSION,F09,0.07765050096650658
60,900,2,CONTEXT_PLUS_SHOCK,REVERSAL,ELASTIC_NET_REGRESSION,F10,-0.7886848801655905
60,900,2,CONTEXT_PLUS_SHOCK,REVERSAL,ELASTIC_NET_REGRESSION,F11,0.04329469723800436
60,900,2,CONTEXT_PLUS_SHOCK,REVERSAL,ELASTIC_NET_REGRESSION,F12,0.0
60,900,2,CONTEXT_PLUS_SHOCK,REVERSAL,ELASTIC_NET_REGRESSION,F13,0.0
60,900,2,CONTEXT_PLUS_SHOCK,REVERSAL,ELASTIC_NET_REGRESSION,F14,0.22040295107201155
60,900,2,CONTEXT_PLUS_SHOCK,REVERSAL,ELASTIC_NET_REGRESSION,F15,-0.0
60,900,2,CONTEXT_PLUS_SHOCK,REVERSAL,ELASTIC_NET_REGRESSION,F16,0.22690348214053874
60,900,2,CONTEXT_PLUS_SHOCK,REVERSAL,ELASTIC_NET_REGRESSION,F17,0.0
60,900,2,CONTEXT_PLUS_SHOCK,REVERSAL,ELASTIC_NET_REGRESSION,F18,0.0
60,900,2,CONTEXT_PLUS_SHOCK,REVERSAL,ELASTIC_NET_REGRESSION,F19,-0.0
60,900,2,CONTEXT_PLUS_SHOCK,REVERSAL,ELASTIC_NET_REGRESSION,F20,-0.21027888067960485
60,900,2,CONTEXT_PLUS_SHOCK,REVERSAL,ELASTIC_NET_REGRESSION,F21,-0.0
60,900,2,CONTEXT_PLUS_SHOCK,REVERSAL,ELASTIC_NET_REGRESSION,F22,-0.0
60,900,2,CONTEXT_PLUS_SHOCK,REVERSAL,ELASTIC_NET_REGRESSION,F23,0.17227367610489916
60,900,2,CONTEXT_PLUS_SHOCK,REVERSAL,ELASTIC_NET_REGRESSION,F24,0.0
60,900,2,CONTEXT_PLUS_SHOCK,REVERSAL,ELASTIC_NET_REGRESSION,F25,-0.0
60,900,2,CONTEXT_PLUS_SHOCK,REVERSAL,ELASTIC_NET_REGRESSION,F26,-0.3212172543793215
60,900,2,CONTEXT_PLUS_SHOCK,REVERSAL,ELASTIC_NET_REGRESSION,F27,-0.0
60,900,2,CONTEXT_PLUS_SHOCK,REVERSAL,ELASTIC_NET_REGRESSION,F28,-0.0
60,900,2,CONTEXT_PLUS_SHOCK,REVERSAL,ELASTIC_NET_REGRESSION,F29,-0.7699690161777916
60,900,2,CONTEXT_PLUS_SHOCK,REVERSAL,ELASTIC_NET_REGRESSION,F30,-0.10315059800544304
60,900,2,CONTEXT_PLUS_SHOCK,REVERSAL,ELASTIC_NET_REGRESSION,F31,0.09406437809155054
60,900,2,CONTEXT_PLUS_SHOCK,REVERSAL,ELASTIC_NET_REGRESSION,F32,0.0
60,900,2,CONTEXT_PLUS_SHOCK,REVERSAL,ELASTIC_NET_REGRESSION,F33,-0.0
60,900,2,CONTEXT_PLUS_SHOCK,REVERSAL,ELASTIC_NET_REGRESSION,F34,-0.2350993136542397
60,900,2,CONTEXT_PLUS_SHOCK,REVERSAL,ELASTIC_NET_REGRESSION,F35,-0.0
60,900,2,CONTEXT_PLUS_SHOCK,REVERSAL,ELASTIC_NET_REGRESSION,F36,0.8381877151317543
60,900,2,CONTEXT_PLUS_SHOCK,REVERSAL,ELASTIC_NET_LOGISTIC,F01,0.0
60,900,2,CONTEXT_PLUS_SHOCK,REVERSAL,ELASTIC_NET_LOGISTIC,F02,0.0
60,900,2,CONTEXT_PLUS_SHOCK,REVERSAL,ELASTIC_NET_LOGISTIC,F03,0.0
60,900,2,CONTEXT_PLUS_SHOCK,REVERSAL,ELASTIC_NET_LOGISTIC,F04,0.0
60,900,2,CONTEXT_PLUS_SHOCK,REVERSAL,ELASTIC_NET_LOGISTIC,F05,0.0
60,900,2,CONTEXT_PLUS_SHOCK,REVERSAL,ELASTIC_NET_LOGISTIC,F06,0.0
60,900,2,CONTEXT_PLUS_SHOCK,REVERSAL,ELASTIC_NET_LOGISTIC,F07,-0.0040522137887225255
60,900,2,CONTEXT_PLUS_SHOCK,REVERSAL,ELASTIC_NET_LOGISTIC,F08,0.0901615800994606
60,900,2,CONTEXT_PLUS_SHOCK,REVERSAL,ELASTIC_NET_LOGISTIC,F09,0.0
60,900,2,CONTEXT_PLUS_SHOCK,REVERSAL,ELASTIC_NET_LOGISTIC,F10,0.0
60,900,2,CONTEXT_PLUS_SHOCK,REVERSAL,ELASTIC_NET_LOGISTIC,F11,0.0
60,900,2,CONTEXT_PLUS_SHOCK,REVERSAL,ELASTIC_NET_LOGISTIC,F12,0.0
60,900,2,CONTEXT_PLUS_SHOCK,REVERSAL,ELASTIC_NET_LOGISTIC,F13,0.0
60,900,2,CONTEXT_PLUS_SHOCK,REVERSAL,ELASTIC_NET_LOGISTIC,F14,-0.03252283717402299
60,900,2,CONTEXT_PLUS_SHOCK,REVERSAL,ELASTIC_NET_LOGISTIC,F15,0.0
60,900,2,CONTEXT_PLUS_SHOCK,REVERSAL,ELASTIC_NET_LOGISTIC,F16,0.01118163844873091
60,900,2,CONTEXT_PLUS_SHOCK,REVERSAL,ELASTIC_NET_LOGISTIC,F17,0.0
60,900,2,CONTEXT_PLUS_SHOCK,REVERSAL,ELASTIC_NET_LOGISTIC,F18,0.0
60,900,2,CONTEXT_PLUS_SHOCK,REVERSAL,ELASTIC_NET_LOGISTIC,F19,0.0
60,900,2,CONTEXT_PLUS_SHOCK,REVERSAL,ELASTIC_NET_LOGISTIC,F20,0.0
60,900,2,CONTEXT_PLUS_SHOCK,REVERSAL,ELASTIC_NET_LOGISTIC,F21,0.0
60,900,2,CONTEXT_PLUS_SHOCK,REVERSAL,ELASTIC_NET_LOGISTIC,F22,0.0
60,900,2,CONTEXT_PLUS_SHOCK,REVERSAL,ELASTIC_NET_LOGISTIC,F23,0.0
60,900,2,CONTEXT_PLUS_SHOCK,REVERSAL,ELASTIC_NET_LOGISTIC,F24,0.0
60,900,2,CONTEXT_PLUS_SHOCK,REVERSAL,ELASTIC_NET_LOGISTIC,F25,0.0
60,900,2,CONTEXT_PLUS_SHOCK,REVERSAL,ELASTIC_NET_LOGISTIC,F26,-0.0754237973537879
60,900,2,CONTEXT_PLUS_SHOCK,REVERSAL,ELASTIC_NET_LOGISTIC,F27,0.0
60,900,2,CONTEXT_PLUS_SHOCK,REVERSAL,ELASTIC_NET_LOGISTIC,F28,0.0
60,900,2,CONTEXT_PLUS_SHOCK,REVERSAL,ELASTIC_NET_LOGISTIC,F29,-0.10883489869773723
60,900,2,CONTEXT_PLUS_SHOCK,REVERSAL,ELASTIC_NET_LOGISTIC,F30,0.0
60,900,2,CONTEXT_PLUS_SHOCK,REVERSAL,ELASTIC_NET_LOGISTIC,F31,0.0
60,900,2,CONTEXT_PLUS_SHOCK,REVERSAL,ELASTIC_NET_LOGISTIC,F32,0.0
60,900,2,CONTEXT_PLUS_SHOCK,REVERSAL,ELASTIC_NET_LOGISTIC,F33,0.0
60,900,2,CONTEXT_PLUS_SHOCK,REVERSAL,ELASTIC_NET_LOGISTIC,F34,-0.02706803558362859
60,900,2,CONTEXT_PLUS_SHOCK,REVERSAL,ELASTIC_NET_LOGISTIC,F35,0.0
60,900,2,CONTEXT_PLUS_SHOCK,REVERSAL,ELASTIC_NET_LOGISTIC,F36,0.0803451843618408
60,900,3,CONTEXT_ONLY,CONTINUATION,ELASTIC_NET_REGRESSION,F01,0.1640786687517802
60,900,3,CONTEXT_ONLY,CONTINUATION,ELASTIC_NET_REGRESSION,F02,0.3465107609462258
60,900,3,CONTEXT_ONLY,CONTINUATION,ELASTIC_NET_REGRESSION,F03,-0.7543851080425742
60,900,3,CONTEXT_ONLY,CONTINUATION,ELASTIC_NET_REGRESSION,F04,-0.04050090675627656
60,900,3,CONTEXT_ONLY,CONTINUATION,ELASTIC_NET_REGRESSION,F05,0.4178737904703966
60,900,3,CONTEXT_ONLY,CONTINUATION,ELASTIC_NET_REGRESSION,F06,0.046808632704334684
60,900,3,CONTEXT_ONLY,CONTINUATION,ELASTIC_NET_REGRESSION,F07,0.2947675282887504
60,900,3,CONTEXT_ONLY,CONTINUATION,ELASTIC_NET_REGRESSION,F08,-0.1470062915471645
60,900,3,CONTEXT_ONLY,CONTINUATION,ELASTIC_NET_REGRESSION,F09,-0.0204708780339153
60,900,3,CONTEXT_ONLY,CONTINUATION,ELASTIC_NET_REGRESSION,F10,0.9015332970015748
60,900,3,CONTEXT_ONLY,CONTINUATION,ELASTIC_NET_REGRESSION,F11,-0.41070729018042446
60,900,3,CONTEXT_ONLY,CONTINUATION,ELASTIC_NET_REGRESSION,F12,-0.0
60,900,3,CONTEXT_ONLY,CONTINUATION,ELASTIC_NET_REGRESSION,F13,-0.002765063175559893
60,900,3,CONTEXT_ONLY,CONTINUATION,ELASTIC_NET_REGRESSION,F14,-0.400771534635592
60,900,3,CONTEXT_ONLY,CONTINUATION,ELASTIC_NET_REGRESSION,F15,-0.19497511428417655
60,900,3,CONTEXT_ONLY,CONTINUATION,ELASTIC_NET_REGRESSION,F16,-0.18371811027654494
60,900,3,CONTEXT_ONLY,CONTINUATION,ELASTIC_NET_REGRESSION,F17,-0.15459164371544076
60,900,3,CONTEXT_ONLY,CONTINUATION,ELASTIC_NET_REGRESSION,F18,-0.07206111774831679
60,900,3,CONTEXT_ONLY,CONTINUATION,ELASTIC_NET_REGRESSION,F19,0.0794511038277146
60,900,3,CONTEXT_ONLY,CONTINUATION,ELASTIC_NET_REGRESSION,F20,0.3143124254019016
60,900,3,CONTEXT_ONLY,CONTINUATION,ELASTIC_NET_REGRESSION,F21,-0.18976396734267162
60,900,3,CONTEXT_ONLY,CONTINUATION,ELASTIC_NET_REGRESSION,F22,0.0747271673897773
60,900,3,CONTEXT_ONLY,CONTINUATION,ELASTIC_NET_REGRESSION,F23,-0.3713880381897199
60,900,3,CONTEXT_ONLY,CONTINUATION,ELASTIC_NET_REGRESSION,F24,0.15077571024967854
60,900,3,CONTEXT_ONLY,CONTINUATION,ELASTIC_NET_REGRESSION,F25,0.3413911739922168
60,900,3,CONTEXT_ONLY,CONTINUATION,ELASTIC_NET_REGRESSION,F26,0.2965454008592996
60,900,3,CONTEXT_ONLY,CONTINUATION,ELASTIC_NET_REGRESSION,F27,-0.0037512760723022124
60,900,3,CONTEXT_ONLY,CONTINUATION,ELASTIC_NET_REGRESSION,F28,-0.03088004511626703
60,900,3,CONTEXT_ONLY,CONTINUATION,ELASTIC_NET_REGRESSION,F29,0.5806930484088223
60,900,3,CONTEXT_ONLY,CONTINUATION,ELASTIC_NET_REGRESSION,F36,-0.6570976026919307
60,900,3,CONTEXT_ONLY,CONTINUATION,ELASTIC_NET_LOGISTIC,F01,0.07235264422775109
60,900,3,CONTEXT_ONLY,CONTINUATION,ELASTIC_NET_LOGISTIC,F02,0.0327190717694325
60,900,3,CONTEXT_ONLY,CONTINUATION,ELASTIC_NET_LOGISTIC,F03,-0.2816256573235452
60,900,3,CONTEXT_ONLY,CONTINUATION,ELASTIC_NET_LOGISTIC,F04,-0.10554859203392111
60,900,3,CONTEXT_ONLY,CONTINUATION,ELASTIC_NET_LOGISTIC,F05,0.21346948263230808
60,900,3,CONTEXT_ONLY,CONTINUATION,ELASTIC_NET_LOGISTIC,F06,-0.08555164066891022
60,900,3,CONTEXT_ONLY,CONTINUATION,ELASTIC_NET_LOGISTIC,F07,0.13526402522852518
60,900,3,CONTEXT_ONLY,CONTINUATION,ELASTIC_NET_LOGISTIC,F08,-0.16555231163718248
60,900,3,CONTEXT_ONLY,CONTINUATION,ELASTIC_NET_LOGISTIC,F09,-0.03768988724846389
60,900,3,CONTEXT_ONLY,CONTINUATION,ELASTIC_NET_LOGISTIC,F10,0.0
60,900,3,CONTEXT_ONLY,CONTINUATION,ELASTIC_NET_LOGISTIC,F11,-0.010590999059582454
60,900,3,CONTEXT_ONLY,CONTINUATION,ELASTIC_NET_LOGISTIC,F12,0.037251492436439576
60,900,3,CONTEXT_ONLY,CONTINUATION,ELASTIC_NET_LOGISTIC,F13,-0.06422261679436635
60,900,3,CONTEXT_ONLY,CONTINUATION,ELASTIC_NET_LOGISTIC,F14,-0.0409810403348747
60,900,3,CONTEXT_ONLY,CONTINUATION,ELASTIC_NET_LOGISTIC,F15,-0.06182111305703554
60,900,3,CONTEXT_ONLY,CONTINUATION,ELASTIC_NET_LOGISTIC,F16,-0.10328452045549442
60,900,3,CONTEXT_ONLY,CONTINUATION,ELASTIC_NET_LOGISTIC,F17,0.011835401300776201
60,900,3,CONTEXT_ONLY,CONTINUATION,ELASTIC_NET_LOGISTIC,F18,0.22111476890679485
60,900,3,CONTEXT_ONLY,CONTINUATION,ELASTIC_NET_LOGISTIC,F19,0.006634885499235234
60,900,3,CONTEXT_ONLY,CONTINUATION,ELASTIC_NET_LOGISTIC,F20,0.04318018126762032
60,900,3,CONTEXT_ONLY,CONTINUATION,ELASTIC_NET_LOGISTIC,F21,-0.009458992651070443
60,900,3,CONTEXT_ONLY,CONTINUATION,ELASTIC_NET_LOGISTIC,F22,0.0
60,900,3,CONTEXT_ONLY,CONTINUATION,ELASTIC_NET_LOGISTIC,F23,-0.027435546875599043
60,900,3,CONTEXT_ONLY,CONTINUATION,ELASTIC_NET_LOGISTIC,F24,-0.054840032139123855
60,900,3,CONTEXT_ONLY,CONTINUATION,ELASTIC_NET_LOGISTIC,F25,0.04952751874183324
60,900,3,CONTEXT_ONLY,CONTINUATION,ELASTIC_NET_LOGISTIC,F26,-0.022847820353709167
60,900,3,CONTEXT_ONLY,CONTINUATION,ELASTIC_NET_LOGISTIC,F27,-0.05445103662964097
60,900,3,CONTEXT_ONLY,CONTINUATION,ELASTIC_NET_LOGISTIC,F28,0.20141715002393715
60,900,3,CONTEXT_ONLY,CONTINUATION,ELASTIC_NET_LOGISTIC,F29,0.2554474709959921
60,900,3,CONTEXT_ONLY,CONTINUATION,ELASTIC_NET_LOGISTIC,F36,-0.027245595661535518
60,900,3,CONTEXT_ONLY,REVERSAL,ELASTIC_NET_REGRESSION,F01,-0.16090740182109972
60,900,3,CONTEXT_ONLY,REVERSAL,ELASTIC_NET_REGRESSION,F02,-0.34567382729467355
60,900,3,CONTEXT_ONLY,REVERSAL,ELASTIC_NET_REGRESSION,F03,0.7534965443461203
60,900,3,CONTEXT_ONLY,REVERSAL,ELASTIC_NET_REGRESSION,F04,0.038276642890785126
60,900,3,CONTEXT_ONLY,REVERSAL,ELASTIC_NET_REGRESSION,F05,-0.42282650560327667
60,900,3,CONTEXT_ONLY,REVERSAL,ELASTIC_NET_REGRESSION,F06,-0.04484248752215963
60,900,3,CONTEXT_ONLY,REVERSAL,ELASTIC_NET_REGRESSION,F07,-0.2960760405485797
60,900,3,CONTEXT_ONLY,REVERSAL,ELASTIC_NET_REGRESSION,F08,0.14729601188679367
60,900,3,CONTEXT_ONLY,REVERSAL,ELASTIC_NET_REGRESSION,F09,0.017882989454709633
60,900,3,CONTEXT_ONLY,REVERSAL,ELASTIC_NET_REGRESSION,F10,-0.897559116681214
60,900,3,CONTEXT_ONLY,REVERSAL,ELASTIC_NET_REGRESSION,F11,0.4069463254852721
60,900,3,CONTEXT_ONLY,REVERSAL,ELASTIC_NET_REGRESSION,F12,0.0
60,900,3,CONTEXT_ONLY,REVERSAL,ELASTIC_NET_REGRESSION,F13,0.0021155104425638134
60,900,3,CONTEXT_ONLY,REVERSAL,ELASTIC_NET_REGRESSION,F14,0.3986597379059491
60,900,3,CONTEXT_ONLY,REVERSAL,ELASTIC_NET_REGRESSION,F15,0.1985574416065245
60,900,3,CONTEXT_ONLY,REVERSAL,ELASTIC_NET_REGRESSION,F16,0.1852809070970662
60,900,3,CONTEXT_ONLY,REVERSAL,ELASTIC_NET_REGRESSION,F17,0.15123893372538597
60,900,3,CONTEXT_ONLY,REVERSAL,ELASTIC_NET_REGRESSION,F18,0.06512065773450695
60,900,3,CONTEXT_ONLY,REVERSAL,ELASTIC_NET_REGRESSION,F19,-0.07885658650567752
60,900,3,CONTEXT_ONLY,REVERSAL,ELASTIC_NET_REGRESSION,F20,-0.30707922253867076
60,900,3,CONTEXT_ONLY,REVERSAL,ELASTIC_NET_REGRESSION,F21,0.19982905105601545
60,900,3,CONTEXT_ONLY,REVERSAL,ELASTIC_NET_REGRESSION,F22,-0.07730032279078212
60,900,3,CONTEXT_ONLY,REVERSAL,ELASTIC_NET_REGRESSION,F23,0.37657150308504067
60,900,3,CONTEXT_ONLY,REVERSAL,ELASTIC_NET_REGRESSION,F24,-0.15107909480717133
60,900,3,CONTEXT_ONLY,REVERSAL,ELASTIC_NET_REGRESSION,F25,-0.3127656804772862
60,900,3,CONTEXT_ONLY,REVERSAL,ELASTIC_NET_REGRESSION,F26,-0.26914937927806304
60,900,3,CONTEXT_ONLY,REVERSAL,ELASTIC_NET_REGRESSION,F27,0.009061312228535769
60,900,3,CONTEXT_ONLY,REVERSAL,ELASTIC_NET_REGRESSION,F28,0.0437927006084845
60,900,3,CONTEXT_ONLY,REVERSAL,ELASTIC_NET_REGRESSION,F29,-0.5840382392537583
60,900,3,CONTEXT_ONLY,REVERSAL,ELASTIC_NET_REGRESSION,F36,0.6517487968373716
60,900,3,CONTEXT_ONLY,REVERSAL,ELASTIC_NET_LOGISTIC,F01,0.07210360633930932
60,900,3,CONTEXT_ONLY,REVERSAL,ELASTIC_NET_LOGISTIC,F02,-0.3837134150028856
60,900,3,CONTEXT_ONLY,REVERSAL,ELASTIC_NET_LOGISTIC,F03,0.6167299343411771
60,900,3,CONTEXT_ONLY,REVERSAL,ELASTIC_NET_LOGISTIC,F04,-0.2844841994364981
60,900,3,CONTEXT_ONLY,REVERSAL,ELASTIC_NET_LOGISTIC,F05,-0.21124813130236017
60,900,3,CONTEXT_ONLY,REVERSAL,ELASTIC_NET_LOGISTIC,F06,-0.009148323143979986
60,900,3,CONTEXT_ONLY,REVERSAL,ELASTIC_NET_LOGISTIC,F07,-0.3712967207115679
60,900,3,CONTEXT_ONLY,REVERSAL,ELASTIC_NET_LOGISTIC,F08,0.2837714233258677
60,900,3,CONTEXT_ONLY,REVERSAL,ELASTIC_NET_LOGISTIC,F09,-0.040527097304169944
60,900,3,CONTEXT_ONLY,REVERSAL,ELASTIC_NET_LOGISTIC,F10,-0.04946814626358058
60,900,3,CONTEXT_ONLY,REVERSAL,ELASTIC_NET_LOGISTIC,F11,-0.056167256092119686
60,900,3,CONTEXT_ONLY,REVERSAL,ELASTIC_NET_LOGISTIC,F12,-0.12177904672270493
60,900,3,CONTEXT_ONLY,REVERSAL,ELASTIC_NET_LOGISTIC,F13,-0.1988587674654904
60,900,3,CONTEXT_ONLY,REVERSAL,ELASTIC_NET_LOGISTIC,F14,-0.045913373858287566
60,900,3,CONTEXT_ONLY,REVERSAL,ELASTIC_NET_LOGISTIC,F15,0.433850971309941
60,900,3,CONTEXT_ONLY,REVERSAL,ELASTIC_NET_LOGISTIC,F16,0.6565546941736967
60,900,3,CONTEXT_ONLY,REVERSAL,ELASTIC_NET_LOGISTIC,F17,-0.3788085128000716
60,900,3,CONTEXT_ONLY,REVERSAL,ELASTIC_NET_LOGISTIC,F18,-0.08439583110976627
60,900,3,CONTEXT_ONLY,REVERSAL,ELASTIC_NET_LOGISTIC,F19,-0.007016521728121083
60,900,3,CONTEXT_ONLY,REVERSAL,ELASTIC_NET_LOGISTIC,F20,-0.017286465971440606
60,900,3,CONTEXT_ONLY,REVERSAL,ELASTIC_NET_LOGISTIC,F21,0.0
60,900,3,CONTEXT_ONLY,REVERSAL,ELASTIC_NET_LOGISTIC,F22,0.16293296048832556
60,900,3,CONTEXT_ONLY,REVERSAL,ELASTIC_NET_LOGISTIC,F23,0.1448338570601472
60,900,3,CONTEXT_ONLY,REVERSAL,ELASTIC_NET_LOGISTIC,F24,-0.08709812548950942
60,900,3,CONTEXT_ONLY,REVERSAL,ELASTIC_NET_LOGISTIC,F25,-0.12052738971292098
60,900,3,CONTEXT_ONLY,REVERSAL,ELASTIC_NET_LOGISTIC,F26,-0.6406295590100058
60,900,3,CONTEXT_ONLY,REVERSAL,ELASTIC_NET_LOGISTIC,F27,0.38822893026256494
60,900,3,CONTEXT_ONLY,REVERSAL,ELASTIC_NET_LOGISTIC,F28,-0.17229905791129338
60,900,3,CONTEXT_ONLY,REVERSAL,ELASTIC_NET_LOGISTIC,F29,-0.1381548325845021
60,900,3,CONTEXT_ONLY,REVERSAL,ELASTIC_NET_LOGISTIC,F36,0.19300834366830377
60,900,3,CONTEXT_PLUS_SHOCK,CONTINUATION,ELASTIC_NET_REGRESSION,F01,0.1581097855237077
60,900,3,CONTEXT_PLUS_SHOCK,CONTINUATION,ELASTIC_NET_REGRESSION,F02,0.3229610267858655
60,900,3,CONTEXT_PLUS_SHOCK,CONTINUATION,ELASTIC_NET_REGRESSION,F03,-0.7209388318759676
60,900,3,CONTEXT_PLUS_SHOCK,CONTINUATION,ELASTIC_NET_REGRESSION,F04,-0.048493264655820684
60,900,3,CONTEXT_PLUS_SHOCK,CONTINUATION,ELASTIC_NET_REGRESSION,F05,0.4327465795472025
60,900,3,CONTEXT_PLUS_SHOCK,CONTINUATION,ELASTIC_NET_REGRESSION,F06,0.052374515721267806
60,900,3,CONTEXT_PLUS_SHOCK,CONTINUATION,ELASTIC_NET_REGRESSION,F07,0.3099468950731422
60,900,3,CONTEXT_PLUS_SHOCK,CONTINUATION,ELASTIC_NET_REGRESSION,F08,-0.14479713866043067
60,900,3,CONTEXT_PLUS_SHOCK,CONTINUATION,ELASTIC_NET_REGRESSION,F09,-0.04041662061995424
60,900,3,CONTEXT_PLUS_SHOCK,CONTINUATION,ELASTIC_NET_REGRESSION,F10,0.874876010577209
60,900,3,CONTEXT_PLUS_SHOCK,CONTINUATION,ELASTIC_NET_REGRESSION,F11,-0.3862885883189736
60,900,3,CONTEXT_PLUS_SHOCK,CONTINUATION,ELASTIC_NET_REGRESSION,F12,-0.000692027360042643
60,900,3,CONTEXT_PLUS_SHOCK,CONTINUATION,ELASTIC_NET_REGRESSION,F13,-0.07138089051579766
60,900,3,CONTEXT_PLUS_SHOCK,CONTINUATION,ELASTIC_NET_REGRESSION,F14,-0.40975049013946346
60,900,3,CONTEXT_PLUS_SHOCK,CONTINUATION,ELASTIC_NET_REGRESSION,F15,-0.19294224477792266
60,900,3,CONTEXT_PLUS_SHOCK,CONTINUATION,ELASTIC_NET_REGRESSION,F16,-0.18177083848239617
60,900,3,CONTEXT_PLUS_SHOCK,CONTINUATION,ELASTIC_NET_REGRESSION,F17,-0.16738383460678816
60,900,3,CONTEXT_PLUS_SHOCK,CONTINUATION,ELASTIC_NET_REGRESSION,F18,-0.060384521004344216
60,900,3,CONTEXT_PLUS_SHOCK,CONTINUATION,ELASTIC_NET_REGRESSION,F19,0.059560306196355675
60,900,3,CONTEXT_PLUS_SHOCK,CONTINUATION,ELASTIC_NET_REGRESSION,F20,0.309909104682436
60,900,3,CONTEXT_PLUS_SHOCK,CONTINUATION,ELASTIC_NET_REGRESSION,F21,-0.17497034622491056
60,900,3,CONTEXT_PLUS_SHOCK,CONTINUATION,ELASTIC_NET_REGRESSION,F22,0.04714380967142812
60,900,3,CONTEXT_PLUS_SHOCK,CONTINUATION,ELASTIC_NET_REGRESSION,F23,-0.24233192454690444
60,900,3,CONTEXT_PLUS_SHOCK,CONTINUATION,ELASTIC_NET_REGRESSION,F24,0.131549227479379
60,900,3,CONTEXT_PLUS_SHOCK,CONTINUATION,ELASTIC_NET_REGRESSION,F25,0.351956487628246
60,900,3,CONTEXT_PLUS_SHOCK,CONTINUATION,ELASTIC_NET_REGRESSION,F26,0.2860218828823526
60,900,3,CONTEXT_PLUS_SHOCK,CONTINUATION,ELASTIC_NET_REGRESSION,F27,-0.040474038981710335
60,900,3,CONTEXT_PLUS_SHOCK,CONTINUATION,ELASTIC_NET_REGRESSION,F28,-0.060201659310404096
60,900,3,CONTEXT_PLUS_SHOCK,CONTINUATION,ELASTIC_NET_REGRESSION,F29,0.5746002890310362
60,900,3,CONTEXT_PLUS_SHOCK,CONTINUATION,ELASTIC_NET_REGRESSION,F30,-0.12162800354638031
60,900,3,CONTEXT_PLUS_SHOCK,CONTINUATION,ELASTIC_NET_REGRESSION,F31,-0.2210228663986291
60,900,3,CONTEXT_PLUS_SHOCK,CONTINUATION,ELASTIC_NET_REGRESSION,F32,0.0
60,900,3,CONTEXT_PLUS_SHOCK,CONTINUATION,ELASTIC_NET_REGRESSION,F33,0.1943265057817406
60,900,3,CONTEXT_PLUS_SHOCK,CONTINUATION,ELASTIC_NET_REGRESSION,F34,0.4655866514896561
60,900,3,CONTEXT_PLUS_SHOCK,CONTINUATION,ELASTIC_NET_REGRESSION,F35,0.05720798739964493
60,900,3,CONTEXT_PLUS_SHOCK,CONTINUATION,ELASTIC_NET_REGRESSION,F36,-0.6912649236928017
60,900,3,CONTEXT_PLUS_SHOCK,CONTINUATION,ELASTIC_NET_LOGISTIC,F01,0.0585361265271107
60,900,3,CONTEXT_PLUS_SHOCK,CONTINUATION,ELASTIC_NET_LOGISTIC,F02,0.024330361440783477
60,900,3,CONTEXT_PLUS_SHOCK,CONTINUATION,ELASTIC_NET_LOGISTIC,F03,-0.2719883397013103
60,900,3,CONTEXT_PLUS_SHOCK,CONTINUATION,ELASTIC_NET_LOGISTIC,F04,-0.09777834584175003
60,900,3,CONTEXT_PLUS_SHOCK,CONTINUATION,ELASTIC_NET_LOGISTIC,F05,0.22033266249000474
60,900,3,CONTEXT_PLUS_SHOCK,CONTINUATION,ELASTIC_NET_LOGISTIC,F06,-0.084100184078532
60,900,3,CONTEXT_PLUS_SHOCK,CONTINUATION,ELASTIC_NET_LOGISTIC,F07,0.14254863890909678
60,900,3,CONTEXT_PLUS_SHOCK,CONTINUATION,ELASTIC_NET_LOGISTIC,F08,-0.17159812443133118
60,900,3,CONTEXT_PLUS_SHOCK,CONTINUATION,ELASTIC_NET_LOGISTIC,F09,-0.03903317156913244
60,900,3,CONTEXT_PLUS_SHOCK,CONTINUATION,ELASTIC_NET_LOGISTIC,F10,0.0
60,900,3,CONTEXT_PLUS_SHOCK,CONTINUATION,ELASTIC_NET_LOGISTIC,F11,0.0
60,900,3,CONTEXT_PLUS_SHOCK,CONTINUATION,ELASTIC_NET_LOGISTIC,F12,0.03512186147588202
60,900,3,CONTEXT_PLUS_SHOCK,CONTINUATION,ELASTIC_NET_LOGISTIC,F13,-0.08325795183230225
60,900,3,CONTEXT_PLUS_SHOCK,CONTINUATION,ELASTIC_NET_LOGISTIC,F14,-0.04235032232296901
60,900,3,CONTEXT_PLUS_SHOCK,CONTINUATION,ELASTIC_NET_LOGISTIC,F15,-0.06759674332678851
60,900,3,CONTEXT_PLUS_SHOCK,CONTINUATION,ELASTIC_NET_LOGISTIC,F16,-0.10877688802249293
60,900,3,CONTEXT_PLUS_SHOCK,CONTINUATION,ELASTIC_NET_LOGISTIC,F17,0.013714443966200139
60,900,3,CONTEXT_PLUS_SHOCK,CONTINUATION,ELASTIC_NET_LOGISTIC,F18,0.2307426923575149
60,900,3,CONTEXT_PLUS_SHOCK,CONTINUATION,ELASTIC_NET_LOGISTIC,F19,0.0
60,900,3,CONTEXT_PLUS_SHOCK,CONTINUATION,ELASTIC_NET_LOGISTIC,F20,0.036308766518886676
60,900,3,CONTEXT_PLUS_SHOCK,CONTINUATION,ELASTIC_NET_LOGISTIC,F21,0.0
60,900,3,CONTEXT_PLUS_SHOCK,CONTINUATION,ELASTIC_NET_LOGISTIC,F22,-0.007304317147877624
60,900,3,CONTEXT_PLUS_SHOCK,CONTINUATION,ELASTIC_NET_LOGISTIC,F23,-0.022080075469265308
60,900,3,CONTEXT_PLUS_SHOCK,CONTINUATION,ELASTIC_NET_LOGISTIC,F24,-0.06221025951287523
60,900,3,CONTEXT_PLUS_SHOCK,CONTINUATION,ELASTIC_NET_LOGISTIC,F25,0.0474353992147295
60,900,3,CONTEXT_PLUS_SHOCK,CONTINUATION,ELASTIC_NET_LOGISTIC,F26,-0.019922340429933048
60,900,3,CONTEXT_PLUS_SHOCK,CONTINUATION,ELASTIC_NET_LOGISTIC,F27,-0.07274336299481152
60,900,3,CONTEXT_PLUS_SHOCK,CONTINUATION,ELASTIC_NET_LOGISTIC,F28,0.17747554292844048
60,900,3,CONTEXT_PLUS_SHOCK,CONTINUATION,ELASTIC_NET_LOGISTIC,F29,0.25585212035688054
60,900,3,CONTEXT_PLUS_SHOCK,CONTINUATION,ELASTIC_NET_LOGISTIC,F30,-0.0010251330304157941
60,900,3,CONTEXT_PLUS_SHOCK,CONTINUATION,ELASTIC_NET_LOGISTIC,F31,-0.03223463967820974
60,900,3,CONTEXT_PLUS_SHOCK,CONTINUATION,ELASTIC_NET_LOGISTIC,F32,0.0
60,900,3,CONTEXT_PLUS_SHOCK,CONTINUATION,ELASTIC_NET_LOGISTIC,F33,0.09509236302720528
60,900,3,CONTEXT_PLUS_SHOCK,CONTINUATION,ELASTIC_NET_LOGISTIC,F34,0.1138010728993305
60,900,3,CONTEXT_PLUS_SHOCK,CONTINUATION,ELASTIC_NET_LOGISTIC,F35,0.05228503534572738
60,900,3,CONTEXT_PLUS_SHOCK,CONTINUATION,ELASTIC_NET_LOGISTIC,F36,-0.03916629410529392
60,900,3,CONTEXT_PLUS_SHOCK,REVERSAL,ELASTIC_NET_REGRESSION,F01,-0.06199103191347618
60,900,3,CONTEXT_PLUS_SHOCK,REVERSAL,ELASTIC_NET_REGRESSION,F02,-0.23493632539020096
60,900,3,CONTEXT_PLUS_SHOCK,REVERSAL,ELASTIC_NET_REGRESSION,F03,0.6872263318809707
60,900,3,CONTEXT_PLUS_SHOCK,REVERSAL,ELASTIC_NET_REGRESSION,F04,0.0
60,900,3,CONTEXT_PLUS_SHOCK,REVERSAL,ELASTIC_NET_REGRESSION,F05,-0.3552861808866036
60,900,3,CONTEXT_PLUS_SHOCK,REVERSAL,ELASTIC_NET_REGRESSION,F06,-0.0
60,900,3,CONTEXT_PLUS_SHOCK,REVERSAL,ELASTIC_NET_REGRESSION,F07,-0.2115849951273706
60,900,3,CONTEXT_PLUS_SHOCK,REVERSAL,ELASTIC_NET_REGRESSION,F08,0.1295285002902984
60,900,3,CONTEXT_PLUS_SHOCK,REVERSAL,ELASTIC_NET_REGRESSION,F09,0.003424082094531926
60,900,3,CONTEXT_PLUS_SHOCK,REVERSAL,ELASTIC_NET_REGRESSION,F10,-0.8634671117000039
60,900,3,CONTEXT_PLUS_SHOCK,REVERSAL,ELASTIC_NET_REGRESSION,F11,0.32804837559069516
60,900,3,CONTEXT_PLUS_SHOCK,REVERSAL,ELASTIC_NET_REGRESSION,F12,0.0
60,900,3,CONTEXT_PLUS_SHOCK,REVERSAL,ELASTIC_NET_REGRESSION,F13,0.005801131843622775
60,900,3,CONTEXT_PLUS_SHOCK,REVERSAL,ELASTIC_NET_REGRESSION,F14,0.3681774851193232
60,900,3,CONTEXT_PLUS_SHOCK,REVERSAL,ELASTIC_NET_REGRESSION,F15,0.0010885899058954004
60,900,3,CONTEXT_PLUS_SHOCK,REVERSAL,ELASTIC_NET_REGRESSION,F16,0.1256692740724702
60,900,3,CONTEXT_PLUS_SHOCK,REVERSAL,ELASTIC_NET_REGRESSION,F17,0.07257076172322921
60,900,3,CONTEXT_PLUS_SHOCK,REVERSAL,ELASTIC_NET_REGRESSION,F18,0.0
60,900,3,CONTEXT_PLUS_SHOCK,REVERSAL,ELASTIC_NET_REGRESSION,F19,-0.0032110954516613092
60,900,3,CONTEXT_PLUS_SHOCK,REVERSAL,ELASTIC_NET_REGRESSION,F20,-0.21095001063318097
60,900,3,CONTEXT_PLUS_SHOCK,REVERSAL,ELASTIC_NET_REGRESSION,F21,0.06470191806662623
60,900,3,CONTEXT_PLUS_SHOCK,REVERSAL,ELASTIC_NET_REGRESSION,F22,-0.06542963775981815
60,900,3,CONTEXT_PLUS_SHOCK,REVERSAL,ELASTIC_NET_REGRESSION,F23,0.21678838575801906
60,900,3,CONTEXT_PLUS_SHOCK,REVERSAL,ELASTIC_NET_REGRESSION,F24,-0.09120615339166781
60,900,3,CONTEXT_PLUS_SHOCK,REVERSAL,ELASTIC_NET_REGRESSION,F25,-0.10975405525270127
60,900,3,CONTEXT_PLUS_SHOCK,REVERSAL,ELASTIC_NET_REGRESSION,F26,-0.24076666809347563
60,900,3,CONTEXT_PLUS_SHOCK,REVERSAL,ELASTIC_NET_REGRESSION,F27,-0.0
60,900,3,CONTEXT_PLUS_SHOCK,REVERSAL,ELASTIC_NET_REGRESSION,F28,0.055763998758255495
60,900,3,CONTEXT_PLUS_SHOCK,REVERSAL,ELASTIC_NET_REGRESSION,F29,-0.5613676741762185
60,900,3,CONTEXT_PLUS_SHOCK,REVERSAL,ELASTIC_NET_REGRESSION,F30,0.07481906892836067
60,900,3,CONTEXT_PLUS_SHOCK,REVERSAL,ELASTIC_NET_REGRESSION,F31,0.215865771590735
60,900,3,CONTEXT_PLUS_SHOCK,REVERSAL,ELASTIC_NET_REGRESSION,F32,0.0
60,900,3,CONTEXT_PLUS_SHOCK,REVERSAL,ELASTIC_NET_REGRESSION,F33,-0.1584305794504771
60,900,3,CONTEXT_PLUS_SHOCK,REVERSAL,ELASTIC_NET_REGRESSION,F34,-0.42248756224159023
60,900,3,CONTEXT_PLUS_SHOCK,REVERSAL,ELASTIC_NET_REGRESSION,F35,-0.010389205917956876
60,900,3,CONTEXT_PLUS_SHOCK,REVERSAL,ELASTIC_NET_REGRESSION,F36,0.6801721101406398
60,900,3,CONTEXT_PLUS_SHOCK,REVERSAL,ELASTIC_NET_LOGISTIC,F01,0.0
60,900,3,CONTEXT_PLUS_SHOCK,REVERSAL,ELASTIC_NET_LOGISTIC,F02,-0.2888076934543363
60,900,3,CONTEXT_PLUS_SHOCK,REVERSAL,ELASTIC_NET_LOGISTIC,F03,0.46278858845328025
60,900,3,CONTEXT_PLUS_SHOCK,REVERSAL,ELASTIC_NET_LOGISTIC,F04,-0.225914915672871
60,900,3,CONTEXT_PLUS_SHOCK,REVERSAL,ELASTIC_NET_LOGISTIC,F05,-0.21465789278360403
60,900,3,CONTEXT_PLUS_SHOCK,REVERSAL,ELASTIC_NET_LOGISTIC,F06,0.0
60,900,3,CONTEXT_PLUS_SHOCK,REVERSAL,ELASTIC_NET_LOGISTIC,F07,-0.34151842856209336
60,900,3,CONTEXT_PLUS_SHOCK,REVERSAL,ELASTIC_NET_LOGISTIC,F08,0.279420056769074
60,900,3,CONTEXT_PLUS_SHOCK,REVERSAL,ELASTIC_NET_LOGISTIC,F09,-0.014868081938291478
60,900,3,CONTEXT_PLUS_SHOCK,REVERSAL,ELASTIC_NET_LOGISTIC,F10,-0.05368315917338013
60,900,3,CONTEXT_PLUS_SHOCK,REVERSAL,ELASTIC_NET_LOGISTIC,F11,-0.0077721221849845765
60,900,3,CONTEXT_PLUS_SHOCK,REVERSAL,ELASTIC_NET_LOGISTIC,F12,-0.051908066242187585
60,900,3,CONTEXT_PLUS_SHOCK,REVERSAL,ELASTIC_NET_LOGISTIC,F13,-0.12470018022319057
60,900,3,CONTEXT_PLUS_SHOCK,REVERSAL,ELASTIC_NET_LOGISTIC,F14,-0.02790216105247623
60,900,3,CONTEXT_PLUS_SHOCK,REVERSAL,ELASTIC_NET_LOGISTIC,F15,0.3648411651597129
60,900,3,CONTEXT_PLUS_SHOCK,REVERSAL,ELASTIC_NET_LOGISTIC,F16,0.41062798363520026
60,900,3,CONTEXT_PLUS_SHOCK,REVERSAL,ELASTIC_NET_LOGISTIC,F17,-0.11004112981387168
60,900,3,CONTEXT_PLUS_SHOCK,REVERSAL,ELASTIC_NET_LOGISTIC,F18,-0.15350704770855492
60,900,3,CONTEXT_PLUS_SHOCK,REVERSAL,ELASTIC_NET_LOGISTIC,F19,-0.010532794944887378
60,900,3,CONTEXT_PLUS_SHOCK,REVERSAL,ELASTIC_NET_LOGISTIC,F20,-0.03247951939929469
60,900,3,CONTEXT_PLUS_SHOCK,REVERSAL,ELASTIC_NET_LOGISTIC,F21,0.0
60,900,3,CONTEXT_PLUS_SHOCK,REVERSAL,ELASTIC_NET_LOGISTIC,F22,0.12888597636550733
60,900,3,CONTEXT_PLUS_SHOCK,REVERSAL,ELASTIC_NET_LOGISTIC,F23,0.07988007838734636
60,900,3,CONTEXT_PLUS_SHOCK,REVERSAL,ELASTIC_NET_LOGISTIC,F24,-0.0713055232044402
60,900,3,CONTEXT_PLUS_SHOCK,REVERSAL,ELASTIC_NET_LOGISTIC,F25,-0.10798376242121734
60,900,3,CONTEXT_PLUS_SHOCK,REVERSAL,ELASTIC_NET_LOGISTIC,F26,-0.5799836480725373
60,900,3,CONTEXT_PLUS_SHOCK,REVERSAL,ELASTIC_NET_LOGISTIC,F27,0.32881239386399125
60,900,3,CONTEXT_PLUS_SHOCK,REVERSAL,ELASTIC_NET_LOGISTIC,F28,-0.13363165135809862
60,900,3,CONTEXT_PLUS_SHOCK,REVERSAL,ELASTIC_NET_LOGISTIC,F29,-0.11267269756563336
60,900,3,CONTEXT_PLUS_SHOCK,REVERSAL,ELASTIC_NET_LOGISTIC,F30,0.10880906776714876
60,900,3,CONTEXT_PLUS_SHOCK,REVERSAL,ELASTIC_NET_LOGISTIC,F31,0.024985242992658325
60,900,3,CONTEXT_PLUS_SHOCK,REVERSAL,ELASTIC_NET_LOGISTIC,F32,0.0
60,900,3,CONTEXT_PLUS_SHOCK,REVERSAL,ELASTIC_NET_LOGISTIC,F33,0.01969387768098249
60,900,3,CONTEXT_PLUS_SHOCK,REVERSAL,ELASTIC_NET_LOGISTIC,F34,-0.22635268950029458
60,900,3,CONTEXT_PLUS_SHOCK,REVERSAL,ELASTIC_NET_LOGISTIC,F35,-0.10326101039715677
60,900,3,CONTEXT_PLUS_SHOCK,REVERSAL,ELASTIC_NET_LOGISTIC,F36,0.20844111065804793
60,900,4,CONTEXT_ONLY,CONTINUATION,ELASTIC_NET_REGRESSION,F01,0.0
60,900,4,CONTEXT_ONLY,CONTINUATION,ELASTIC_NET_REGRESSION,F02,0.16065257734240113
60,900,4,CONTEXT_ONLY,CONTINUATION,ELASTIC_NET_REGRESSION,F03,-0.6709706346982577
60,900,4,CONTEXT_ONLY,CONTINUATION,ELASTIC_NET_REGRESSION,F04,0.0
60,900,4,CONTEXT_ONLY,CONTINUATION,ELASTIC_NET_REGRESSION,F05,0.29608086329731736
60,900,4,CONTEXT_ONLY,CONTINUATION,ELASTIC_NET_REGRESSION,F06,-0.0
60,900,4,CONTEXT_ONLY,CONTINUATION,ELASTIC_NET_REGRESSION,F07,0.09980695936282591
60,900,4,CONTEXT_ONLY,CONTINUATION,ELASTIC_NET_REGRESSION,F08,-0.0
60,900,4,CONTEXT_ONLY,CONTINUATION,ELASTIC_NET_REGRESSION,F09,-0.0
60,900,4,CONTEXT_ONLY,CONTINUATION,ELASTIC_NET_REGRESSION,F10,0.8310802261729797
60,900,4,CONTEXT_ONLY,CONTINUATION,ELASTIC_NET_REGRESSION,F11,-0.24078201748020936
60,900,4,CONTEXT_ONLY,CONTINUATION,ELASTIC_NET_REGRESSION,F12,-0.0
60,900,4,CONTEXT_ONLY,CONTINUATION,ELASTIC_NET_REGRESSION,F13,0.0
60,900,4,CONTEXT_ONLY,CONTINUATION,ELASTIC_NET_REGRESSION,F14,-0.260136569890989
60,900,4,CONTEXT_ONLY,CONTINUATION,ELASTIC_NET_REGRESSION,F15,0.0
60,900,4,CONTEXT_ONLY,CONTINUATION,ELASTIC_NET_REGRESSION,F16,-0.01840723763977706
60,900,4,CONTEXT_ONLY,CONTINUATION,ELASTIC_NET_REGRESSION,F17,-0.04924022964132555
60,900,4,CONTEXT_ONLY,CONTINUATION,ELASTIC_NET_REGRESSION,F18,-0.0
60,900,4,CONTEXT_ONLY,CONTINUATION,ELASTIC_NET_REGRESSION,F19,0.0
60,900,4,CONTEXT_ONLY,CONTINUATION,ELASTIC_NET_REGRESSION,F20,0.20744410350622594
60,900,4,CONTEXT_ONLY,CONTINUATION,ELASTIC_NET_REGRESSION,F21,-0.0
60,900,4,CONTEXT_ONLY,CONTINUATION,ELASTIC_NET_REGRESSION,F22,0.12364534922404748
60,900,4,CONTEXT_ONLY,CONTINUATION,ELASTIC_NET_REGRESSION,F23,-0.0
60,900,4,CONTEXT_ONLY,CONTINUATION,ELASTIC_NET_REGRESSION,F24,0.05942597254078724
60,900,4,CONTEXT_ONLY,CONTINUATION,ELASTIC_NET_REGRESSION,F25,0.0
60,900,4,CONTEXT_ONLY,CONTINUATION,ELASTIC_NET_REGRESSION,F26,0.3116242621924496
60,900,4,CONTEXT_ONLY,CONTINUATION,ELASTIC_NET_REGRESSION,F27,0.0
60,900,4,CONTEXT_ONLY,CONTINUATION,ELASTIC_NET_REGRESSION,F28,-0.034304152177353796
60,900,4,CONTEXT_ONLY,CONTINUATION,ELASTIC_NET_REGRESSION,F29,0.4531746369154491
60,900,4,CONTEXT_ONLY,CONTINUATION,ELASTIC_NET_REGRESSION,F36,-0.5201187667668393
60,900,4,CONTEXT_ONLY,CONTINUATION,ELASTIC_NET_LOGISTIC,F01,0.0
60,900,4,CONTEXT_ONLY,CONTINUATION,ELASTIC_NET_LOGISTIC,F02,0.0
60,900,4,CONTEXT_ONLY,CONTINUATION,ELASTIC_NET_LOGISTIC,F03,-0.1538759947454671
60,900,4,CONTEXT_ONLY,CONTINUATION,ELASTIC_NET_LOGISTIC,F04,0.0
60,900,4,CONTEXT_ONLY,CONTINUATION,ELASTIC_NET_LOGISTIC,F05,0.028484962285516356
60,900,4,CONTEXT_ONLY,CONTINUATION,ELASTIC_NET_LOGISTIC,F06,-0.03368284341254841
60,900,4,CONTEXT_ONLY,CONTINUATION,ELASTIC_NET_LOGISTIC,F07,0.0
60,900,4,CONTEXT_ONLY,CONTINUATION,ELASTIC_NET_LOGISTIC,F08,-0.07224396962906732
60,900,4,CONTEXT_ONLY,CONTINUATION,ELASTIC_NET_LOGISTIC,F09,0.0
60,900,4,CONTEXT_ONLY,CONTINUATION,ELASTIC_NET_LOGISTIC,F10,0.0
60,900,4,CONTEXT_ONLY,CONTINUATION,ELASTIC_NET_LOGISTIC,F11,0.0
60,900,4,CONTEXT_ONLY,CONTINUATION,ELASTIC_NET_LOGISTIC,F12,0.0
60,900,4,CONTEXT_ONLY,CONTINUATION,ELASTIC_NET_LOGISTIC,F13,0.0
60,900,4,CONTEXT_ONLY,CONTINUATION,ELASTIC_NET_LOGISTIC,F14,0.0
60,900,4,CONTEXT_ONLY,CONTINUATION,ELASTIC_NET_LOGISTIC,F15,0.0
60,900,4,CONTEXT_ONLY,CONTINUATION,ELASTIC_NET_LOGISTIC,F16,0.0
60,900,4,CONTEXT_ONLY,CONTINUATION,ELASTIC_NET_LOGISTIC,F17,0.0
60,900,4,CONTEXT_ONLY,CONTINUATION,ELASTIC_NET_LOGISTIC,F18,0.12700042833897565
60,900,4,CONTEXT_ONLY,CONTINUATION,ELASTIC_NET_LOGISTIC,F19,0.0
60,900,4,CONTEXT_ONLY,CONTINUATION,ELASTIC_NET_LOGISTIC,F20,0.04615725754681282
60,900,4,CONTEXT_ONLY,CONTINUATION,ELASTIC_NET_LOGISTIC,F21,0.0
60,900,4,CONTEXT_ONLY,CONTINUATION,ELASTIC_NET_LOGISTIC,F22,0.0
60,900,4,CONTEXT_ONLY,CONTINUATION,ELASTIC_NET_LOGISTIC,F23,0.0
60,900,4,CONTEXT_ONLY,CONTINUATION,ELASTIC_NET_LOGISTIC,F24,0.0
60,900,4,CONTEXT_ONLY,CONTINUATION,ELASTIC_NET_LOGISTIC,F25,0.0
60,900,4,CONTEXT_ONLY,CONTINUATION,ELASTIC_NET_LOGISTIC,F26,0.0
60,900,4,CONTEXT_ONLY,CONTINUATION,ELASTIC_NET_LOGISTIC,F27,0.0
60,900,4,CONTEXT_ONLY,CONTINUATION,ELASTIC_NET_LOGISTIC,F28,0.0902875675945089
60,900,4,CONTEXT_ONLY,CONTINUATION,ELASTIC_NET_LOGISTIC,F29,0.12753547305838797
60,900,4,CONTEXT_ONLY,CONTINUATION,ELASTIC_NET_LOGISTIC,F36,-0.015226623922532384
60,900,4,CONTEXT_ONLY,REVERSAL,ELASTIC_NET_REGRESSION,F01,-0.0
60,900,4,CONTEXT_ONLY,REVERSAL,ELASTIC_NET_REGRESSION,F02,-0.1563751070568357
60,900,4,CONTEXT_ONLY,REVERSAL,ELASTIC_NET_REGRESSION,F03,0.6701049493758311
60,900,4,CONTEXT_ONLY,REVERSAL,ELASTIC_NET_REGRESSION,F04,-0.0
60,900,4,CONTEXT_ONLY,REVERSAL,ELASTIC_NET_REGRESSION,F05,-0.3011977183512809
60,900,4,CONTEXT_ONLY,REVERSAL,ELASTIC_NET_REGRESSION,F06,0.0
60,900,4,CONTEXT_ONLY,REVERSAL,ELASTIC_NET_REGRESSION,F07,-0.09871712824971532
60,900,4,CONTEXT_ONLY,REVERSAL,ELASTIC_NET_REGRESSION,F08,0.0
60,900,4,CONTEXT_ONLY,REVERSAL,ELASTIC_NET_REGRESSION,F09,0.0
60,900,4,CONTEXT_ONLY,REVERSAL,ELASTIC_NET_REGRESSION,F10,-0.823581878823874
60,900,4,CONTEXT_ONLY,REVERSAL,ELASTIC_NET_REGRESSION,F11,0.2350937265412324
60,900,4,CONTEXT_ONLY,REVERSAL,ELASTIC_NET_REGRESSION,F12,0.0
60,900,4,CONTEXT_ONLY,REVERSAL,ELASTIC_NET_REGRESSION,F13,-0.0
60,900,4,CONTEXT_ONLY,REVERSAL,ELASTIC_NET_REGRESSION,F14,0.26097310345722424
60,900,4,CONTEXT_ONLY,REVERSAL,ELASTIC_NET_REGRESSION,F15,-0.0
60,900,4,CONTEXT_ONLY,REVERSAL,ELASTIC_NET_REGRESSION,F16,0.03182112804971478
60,900,4,CONTEXT_ONLY,REVERSAL,ELASTIC_NET_REGRESSION,F17,0.05370431015955051
60,900,4,CONTEXT_ONLY,REVERSAL,ELASTIC_NET_REGRESSION,F18,0.0
60,900,4,CONTEXT_ONLY,REVERSAL,ELASTIC_NET_REGRESSION,F19,-0.0
60,900,4,CONTEXT_ONLY,REVERSAL,ELASTIC_NET_REGRESSION,F20,-0.1917161736584753
60,900,4,CONTEXT_ONLY,REVERSAL,ELASTIC_NET_REGRESSION,F21,0.0011800369786603695
60,900,4,CONTEXT_ONLY,REVERSAL,ELASTIC_NET_REGRESSION,F22,-0.12630201591785012
60,900,4,CONTEXT_ONLY,REVERSAL,ELASTIC_NET_REGRESSION,F23,0.0
60,900,4,CONTEXT_ONLY,REVERSAL,ELASTIC_NET_REGRESSION,F24,-0.05986476240586928
60,900,4,CONTEXT_ONLY,REVERSAL,ELASTIC_NET_REGRESSION,F25,-0.0
60,900,4,CONTEXT_ONLY,REVERSAL,ELASTIC_NET_REGRESSION,F26,-0.2766847078763278
60,900,4,CONTEXT_ONLY,REVERSAL,ELASTIC_NET_REGRESSION,F27,-0.0
60,900,4,CONTEXT_ONLY,REVERSAL,ELASTIC_NET_REGRESSION,F28,0.048122921806421755
60,900,4,CONTEXT_ONLY,REVERSAL,ELASTIC_NET_REGRESSION,F29,-0.45873965568062397
60,900,4,CONTEXT_ONLY,REVERSAL,ELASTIC_NET_REGRESSION,F36,0.5168907978356466
60,900,4,CONTEXT_ONLY,REVERSAL,ELASTIC_NET_LOGISTIC,F01,0.12201218275439914
60,900,4,CONTEXT_ONLY,REVERSAL,ELASTIC_NET_LOGISTIC,F02,-0.46110205973038215
60,900,4,CONTEXT_ONLY,REVERSAL,ELASTIC_NET_LOGISTIC,F03,0.7291207260816583
60,900,4,CONTEXT_ONLY,REVERSAL,ELASTIC_NET_LOGISTIC,F04,-0.33408423824044664
60,900,4,CONTEXT_ONLY,REVERSAL,ELASTIC_NET_LOGISTIC,F05,-0.18090033544785813
60,900,4,CONTEXT_ONLY,REVERSAL,ELASTIC_NET_LOGISTIC,F06,0.0593259552417013
60,900,4,CONTEXT_ONLY,REVERSAL,ELASTIC_NET_LOGISTIC,F07,-0.3567471326766535
60,900,4,CONTEXT_ONLY,REVERSAL,ELASTIC_NET_LOGISTIC,F08,0.2588480975397411
60,900,4,CONTEXT_ONLY,REVERSAL,ELASTIC_NET_LOGISTIC,F09,-0.09116204047251043
60,900,4,CONTEXT_ONLY,REVERSAL,ELASTIC_NET_LOGISTIC,F10,-0.09147065955122097
60,900,4,CONTEXT_ONLY,REVERSAL,ELASTIC_NET_LOGISTIC,F11,-0.06625739714274706
60,900,4,CONTEXT_ONLY,REVERSAL,ELASTIC_NET_LOGISTIC,F12,-0.13646061660550463
60,900,4,CONTEXT_ONLY,REVERSAL,ELASTIC_NET_LOGISTIC,F13,-0.24013278366109336
60,900,4,CONTEXT_ONLY,REVERSAL,ELASTIC_NET_LOGISTIC,F14,-0.036891472831523504
60,900,4,CONTEXT_ONLY,REVERSAL,ELASTIC_NET_LOGISTIC,F15,0.40038855302165033
60,900,4,CONTEXT_ONLY,REVERSAL,ELASTIC_NET_LOGISTIC,F16,0.9263171719610748
60,900,4,CONTEXT_ONLY,REVERSAL,ELASTIC_NET_LOGISTIC,F17,-0.8211286086294105
60,900,4,CONTEXT_ONLY,REVERSAL,ELASTIC_NET_LOGISTIC,F18,0.1406622975499099
60,900,4,CONTEXT_ONLY,REVERSAL,ELASTIC_NET_LOGISTIC,F19,0.021380642751058103
60,900,4,CONTEXT_ONLY,REVERSAL,ELASTIC_NET_LOGISTIC,F20,-0.09799127520461141
60,900,4,CONTEXT_ONLY,REVERSAL,ELASTIC_NET_LOGISTIC,F21,0.0024286197901723845
60,900,4,CONTEXT_ONLY,REVERSAL,ELASTIC_NET_LOGISTIC,F22,0.1262360010014532
60,900,4,CONTEXT_ONLY,REVERSAL,ELASTIC_NET_LOGISTIC,F23,0.044419596886521626
60,900,4,CONTEXT_ONLY,REVERSAL,ELASTIC_NET_LOGISTIC,F24,-0.125782288689932
60,900,4,CONTEXT_ONLY,REVERSAL,ELASTIC_NET_LOGISTIC,F25,-0.25044058223573173
60,900,4,CONTEXT_ONLY,REVERSAL,ELASTIC_NET_LOGISTIC,F26,-1.004286258054913
60,900,4,CONTEXT_ONLY,REVERSAL,ELASTIC_NET_LOGISTIC,F27,0.6113700107198575
60,900,4,CONTEXT_ONLY,REVERSAL,ELASTIC_NET_LOGISTIC,F28,-0.18723497139628964
60,900,4,CONTEXT_ONLY,REVERSAL,ELASTIC_NET_LOGISTIC,F29,-0.1260327316329922
60,900,4,CONTEXT_ONLY,REVERSAL,ELASTIC_NET_LOGISTIC,F36,0.21076515664218246
60,900,4,CONTEXT_PLUS_SHOCK,CONTINUATION,ELASTIC_NET_REGRESSION,F01,0.0
60,900,4,CONTEXT_PLUS_SHOCK,CONTINUATION,ELASTIC_NET_REGRESSION,F02,0.12447497765418025
60,900,4,CONTEXT_PLUS_SHOCK,CONTINUATION,ELASTIC_NET_REGRESSION,F03,-0.6341078733759753
60,900,4,CONTEXT_PLUS_SHOCK,CONTINUATION,ELASTIC_NET_REGRESSION,F04,0.0
60,900,4,CONTEXT_PLUS_SHOCK,CONTINUATION,ELASTIC_NET_REGRESSION,F05,0.3017324981321812
60,900,4,CONTEXT_PLUS_SHOCK,CONTINUATION,ELASTIC_NET_REGRESSION,F06,-0.0
60,900,4,CONTEXT_PLUS_SHOCK,CONTINUATION,ELASTIC_NET_REGRESSION,F07,0.10199754344412028
60,900,4,CONTEXT_PLUS_SHOCK,CONTINUATION,ELASTIC_NET_REGRESSION,F08,-0.0
60,900,4,CONTEXT_PLUS_SHOCK,CONTINUATION,ELASTIC_NET_REGRESSION,F09,-0.0
60,900,4,CONTEXT_PLUS_SHOCK,CONTINUATION,ELASTIC_NET_REGRESSION,F10,0.8194832907555414
60,900,4,CONTEXT_PLUS_SHOCK,CONTINUATION,ELASTIC_NET_REGRESSION,F11,-0.2233144359980202
60,900,4,CONTEXT_PLUS_SHOCK,CONTINUATION,ELASTIC_NET_REGRESSION,F12,-0.0
60,900,4,CONTEXT_PLUS_SHOCK,CONTINUATION,ELASTIC_NET_REGRESSION,F13,-0.0
60,900,4,CONTEXT_PLUS_SHOCK,CONTINUATION,ELASTIC_NET_REGRESSION,F14,-0.26727964104460833
60,900,4,CONTEXT_PLUS_SHOCK,CONTINUATION,ELASTIC_NET_REGRESSION,F15,-0.0
60,900,4,CONTEXT_PLUS_SHOCK,CONTINUATION,ELASTIC_NET_REGRESSION,F16,-0.0015096022768208968
60,900,4,CONTEXT_PLUS_SHOCK,CONTINUATION,ELASTIC_NET_REGRESSION,F17,-0.10532464479290458
60,900,4,CONTEXT_PLUS_SHOCK,CONTINUATION,ELASTIC_NET_REGRESSION,F18,-0.0
60,900,4,CONTEXT_PLUS_SHOCK,CONTINUATION,ELASTIC_NET_REGRESSION,F19,0.0
60,900,4,CONTEXT_PLUS_SHOCK,CONTINUATION,ELASTIC_NET_REGRESSION,F20,0.22159004175574734
60,900,4,CONTEXT_PLUS_SHOCK,CONTINUATION,ELASTIC_NET_REGRESSION,F21,-0.0033207086430091575
60,900,4,CONTEXT_PLUS_SHOCK,CONTINUATION,ELASTIC_NET_REGRESSION,F22,0.09978408996930022
60,900,4,CONTEXT_PLUS_SHOCK,CONTINUATION,ELASTIC_NET_REGRESSION,F23,0.0
60,900,4,CONTEXT_PLUS_SHOCK,CONTINUATION,ELASTIC_NET_REGRESSION,F24,0.04474076707656584
60,900,4,CONTEXT_PLUS_SHOCK,CONTINUATION,ELASTIC_NET_REGRESSION,F25,0.0
60,900,4,CONTEXT_PLUS_SHOCK,CONTINUATION,ELASTIC_NET_REGRESSION,F26,0.30476768348909683
60,900,4,CONTEXT_PLUS_SHOCK,CONTINUATION,ELASTIC_NET_REGRESSION,F27,0.0
60,900,4,CONTEXT_PLUS_SHOCK,CONTINUATION,ELASTIC_NET_REGRESSION,F28,-0.004629552277497716
60,900,4,CONTEXT_PLUS_SHOCK,CONTINUATION,ELASTIC_NET_REGRESSION,F29,0.4365086600958661
60,900,4,CONTEXT_PLUS_SHOCK,CONTINUATION,ELASTIC_NET_REGRESSION,F30,0.0
60,900,4,CONTEXT_PLUS_SHOCK,CONTINUATION,ELASTIC_NET_REGRESSION,F31,-0.21583956527708
60,900,4,CONTEXT_PLUS_SHOCK,CONTINUATION,ELASTIC_NET_REGRESSION,F32,0.0
60,900,4,CONTEXT_PLUS_SHOCK,CONTINUATION,ELASTIC_NET_REGRESSION,F33,0.03713703315228486
60,900,4,CONTEXT_PLUS_SHOCK,CONTINUATION,ELASTIC_NET_REGRESSION,F34,0.36501751291008194
60,900,4,CONTEXT_PLUS_SHOCK,CONTINUATION,ELASTIC_NET_REGRESSION,F35,-0.0
60,900,4,CONTEXT_PLUS_SHOCK,CONTINUATION,ELASTIC_NET_REGRESSION,F36,-0.5546453830994318
60,900,4,CONTEXT_PLUS_SHOCK,CONTINUATION,ELASTIC_NET_LOGISTIC,F01,0.0
60,900,4,CONTEXT_PLUS_SHOCK,CONTINUATION,ELASTIC_NET_LOGISTIC,F02,0.0
60,900,4,CONTEXT_PLUS_SHOCK,CONTINUATION,ELASTIC_NET_LOGISTIC,F03,-0.1542938338529492
60,900,4,CONTEXT_PLUS_SHOCK,CONTINUATION,ELASTIC_NET_LOGISTIC,F04,0.0
60,900,4,CONTEXT_PLUS_SHOCK,CONTINUATION,ELASTIC_NET_LOGISTIC,F05,0.02902831164102607
60,900,4,CONTEXT_PLUS_SHOCK,CONTINUATION,ELASTIC_NET_LOGISTIC,F06,-0.03427211881102639
60,900,4,CONTEXT_PLUS_SHOCK,CONTINUATION,ELASTIC_NET_LOGISTIC,F07,0.0
60,900,4,CONTEXT_PLUS_SHOCK,CONTINUATION,ELASTIC_NET_LOGISTIC,F08,-0.07197870358935837
60,900,4,CONTEXT_PLUS_SHOCK,CONTINUATION,ELASTIC_NET_LOGISTIC,F09,0.0
60,900,4,CONTEXT_PLUS_SHOCK,CONTINUATION,ELASTIC_NET_LOGISTIC,F10,0.0
60,900,4,CONTEXT_PLUS_SHOCK,CONTINUATION,ELASTIC_NET_LOGISTIC,F11,0.0
60,900,4,CONTEXT_PLUS_SHOCK,CONTINUATION,ELASTIC_NET_LOGISTIC,F12,0.0
60,900,4,CONTEXT_PLUS_SHOCK,CONTINUATION,ELASTIC_NET_LOGISTIC,F13,0.0
60,900,4,CONTEXT_PLUS_SHOCK,CONTINUATION,ELASTIC_NET_LOGISTIC,F14,0.0
60,900,4,CONTEXT_PLUS_SHOCK,CONTINUATION,ELASTIC_NET_LOGISTIC,F15,0.0
60,900,4,CONTEXT_PLUS_SHOCK,CONTINUATION,ELASTIC_NET_LOGISTIC,F16,0.0
60,900,4,CONTEXT_PLUS_SHOCK,CONTINUATION,ELASTIC_NET_LOGISTIC,F17,0.0
60,900,4,CONTEXT_PLUS_SHOCK,CONTINUATION,ELASTIC_NET_LOGISTIC,F18,0.12844715268737822
60,900,4,CONTEXT_PLUS_SHOCK,CONTINUATION,ELASTIC_NET_LOGISTIC,F19,0.0
60,900,4,CONTEXT_PLUS_SHOCK,CONTINUATION,ELASTIC_NET_LOGISTIC,F20,0.04334977531536753
60,900,4,CONTEXT_PLUS_SHOCK,CONTINUATION,ELASTIC_NET_LOGISTIC,F21,0.0
60,900,4,CONTEXT_PLUS_SHOCK,CONTINUATION,ELASTIC_NET_LOGISTIC,F22,0.0
60,900,4,CONTEXT_PLUS_SHOCK,CONTINUATION,ELASTIC_NET_LOGISTIC,F23,0.0
60,900,4,CONTEXT_PLUS_SHOCK,CONTINUATION,ELASTIC_NET_LOGISTIC,F24,0.0
60,900,4,CONTEXT_PLUS_SHOCK,CONTINUATION,ELASTIC_NET_LOGISTIC,F25,0.0
60,900,4,CONTEXT_PLUS_SHOCK,CONTINUATION,ELASTIC_NET_LOGISTIC,F26,0.0
60,900,4,CONTEXT_PLUS_SHOCK,CONTINUATION,ELASTIC_NET_LOGISTIC,F27,0.0
60,900,4,CONTEXT_PLUS_SHOCK,CONTINUATION,ELASTIC_NET_LOGISTIC,F28,0.08825810172363557
60,900,4,CONTEXT_PLUS_SHOCK,CONTINUATION,ELASTIC_NET_LOGISTIC,F29,0.12840232632275367
60,900,4,CONTEXT_PLUS_SHOCK,CONTINUATION,ELASTIC_NET_LOGISTIC,F30,0.0
60,900,4,CONTEXT_PLUS_SHOCK,CONTINUATION,ELASTIC_NET_LOGISTIC,F31,0.0
60,900,4,CONTEXT_PLUS_SHOCK,CONTINUATION,ELASTIC_NET_LOGISTIC,F32,0.0
60,900,4,CONTEXT_PLUS_SHOCK,CONTINUATION,ELASTIC_NET_LOGISTIC,F33,0.009578432568836438
60,900,4,CONTEXT_PLUS_SHOCK,CONTINUATION,ELASTIC_NET_LOGISTIC,F34,0.0
60,900,4,CONTEXT_PLUS_SHOCK,CONTINUATION,ELASTIC_NET_LOGISTIC,F35,0.0
60,900,4,CONTEXT_PLUS_SHOCK,CONTINUATION,ELASTIC_NET_LOGISTIC,F36,-0.015207624156148045
60,900,4,CONTEXT_PLUS_SHOCK,REVERSAL,ELASTIC_NET_REGRESSION,F01,-0.0
60,900,4,CONTEXT_PLUS_SHOCK,REVERSAL,ELASTIC_NET_REGRESSION,F02,-0.1250632370020608
60,900,4,CONTEXT_PLUS_SHOCK,REVERSAL,ELASTIC_NET_REGRESSION,F03,0.6345255711899155
60,900,4,CONTEXT_PLUS_SHOCK,REVERSAL,ELASTIC_NET_REGRESSION,F04,-0.0
60,900,4,CONTEXT_PLUS_SHOCK,REVERSAL,ELASTIC_NET_REGRESSION,F05,-0.30449209768641633
60,900,4,CONTEXT_PLUS_SHOCK,REVERSAL,ELASTIC_NET_REGRESSION,F06,0.0
60,900,4,CONTEXT_PLUS_SHOCK,REVERSAL,ELASTIC_NET_REGRESSION,F07,-0.10000795564032322
60,900,4,CONTEXT_PLUS_SHOCK,REVERSAL,ELASTIC_NET_REGRESSION,F08,0.0
60,900,4,CONTEXT_PLUS_SHOCK,REVERSAL,ELASTIC_NET_REGRESSION,F09,0.0
60,900,4,CONTEXT_PLUS_SHOCK,REVERSAL,ELASTIC_NET_REGRESSION,F10,-0.8122092761315203
60,900,4,CONTEXT_PLUS_SHOCK,REVERSAL,ELASTIC_NET_REGRESSION,F11,0.22001650706445935
60,900,4,CONTEXT_PLUS_SHOCK,REVERSAL,ELASTIC_NET_REGRESSION,F12,0.0
60,900,4,CONTEXT_PLUS_SHOCK,REVERSAL,ELASTIC_NET_REGRESSION,F13,0.0
60,900,4,CONTEXT_PLUS_SHOCK,REVERSAL,ELASTIC_NET_REGRESSION,F14,0.2695827747261397
60,900,4,CONTEXT_PLUS_SHOCK,REVERSAL,ELASTIC_NET_REGRESSION,F15,0.0
60,900,4,CONTEXT_PLUS_SHOCK,REVERSAL,ELASTIC_NET_REGRESSION,F16,0.006766405515966822
60,900,4,CONTEXT_PLUS_SHOCK,REVERSAL,ELASTIC_NET_REGRESSION,F17,0.11835894229429374
60,900,4,CONTEXT_PLUS_SHOCK,REVERSAL,ELASTIC_NET_REGRESSION,F18,0.0
60,900,4,CONTEXT_PLUS_SHOCK,REVERSAL,ELASTIC_NET_REGRESSION,F19,-0.0
60,900,4,CONTEXT_PLUS_SHOCK,REVERSAL,ELASTIC_NET_REGRESSION,F20,-0.217803081510537
60,900,4,CONTEXT_PLUS_SHOCK,REVERSAL,ELASTIC_NET_REGRESSION,F21,0.013784448380963935
60,900,4,CONTEXT_PLUS_SHOCK,REVERSAL,ELASTIC_NET_REGRESSION,F22,-0.10278717200422645
60,900,4,CONTEXT_PLUS_SHOCK,REVERSAL,ELASTIC_NET_REGRESSION,F23,-0.0
60,900,4,CONTEXT_PLUS_SHOCK,REVERSAL,ELASTIC_NET_REGRESSION,F24,-0.04598153647723592
60,900,4,CONTEXT_PLUS_SHOCK,REVERSAL,ELASTIC_NET_REGRESSION,F25,-0.0
60,900,4,CONTEXT_PLUS_SHOCK,REVERSAL,ELASTIC_NET_REGRESSION,F26,-0.2740066757242263
60,900,4,CONTEXT_PLUS_SHOCK,REVERSAL,ELASTIC_NET_REGRESSION,F27,-0.0
60,900,4,CONTEXT_PLUS_SHOCK,REVERSAL,ELASTIC_NET_REGRESSION,F28,0.01253681929351849
60,900,4,CONTEXT_PLUS_SHOCK,REVERSAL,ELASTIC_NET_REGRESSION,F29,-0.43967875693749675
60,900,4,CONTEXT_PLUS_SHOCK,REVERSAL,ELASTIC_NET_REGRESSION,F30,-0.0
60,900,4,CONTEXT_PLUS_SHOCK,REVERSAL,ELASTIC_NET_REGRESSION,F31,0.21119332607742994
60,900,4,CONTEXT_PLUS_SHOCK,REVERSAL,ELASTIC_NET_REGRESSION,F32,0.0
60,900,4,CONTEXT_PLUS_SHOCK,REVERSAL,ELASTIC_NET_REGRESSION,F33,-0.015723426437171735
60,900,4,CONTEXT_PLUS_SHOCK,REVERSAL,ELASTIC_NET_REGRESSION,F34,-0.3714369349366759
60,900,4,CONTEXT_PLUS_SHOCK,REVERSAL,ELASTIC_NET_REGRESSION,F35,0.0
60,900,4,CONTEXT_PLUS_SHOCK,REVERSAL,ELASTIC_NET_REGRESSION,F36,0.5526907249154773
60,900,4,CONTEXT_PLUS_SHOCK,REVERSAL,ELASTIC_NET_LOGISTIC,F01,0.10086672652282368
60,900,4,CONTEXT_PLUS_SHOCK,REVERSAL,ELASTIC_NET_LOGISTIC,F02,-0.4506343822344902
60,900,4,CONTEXT_PLUS_SHOCK,REVERSAL,ELASTIC_NET_LOGISTIC,F03,0.7112953362457165
60,900,4,CONTEXT_PLUS_SHOCK,REVERSAL,ELASTIC_NET_LOGISTIC,F04,-0.33797667809264403
60,900,4,CONTEXT_PLUS_SHOCK,REVERSAL,ELASTIC_NET_LOGISTIC,F05,-0.18052704151108695
60,900,4,CONTEXT_PLUS_SHOCK,REVERSAL,ELASTIC_NET_LOGISTIC,F06,0.05387391579396754
60,900,4,CONTEXT_PLUS_SHOCK,REVERSAL,ELASTIC_NET_LOGISTIC,F07,-0.3656961303494839
60,900,4,CONTEXT_PLUS_SHOCK,REVERSAL,ELASTIC_NET_LOGISTIC,F08,0.26839972081008456
60,900,4,CONTEXT_PLUS_SHOCK,REVERSAL,ELASTIC_NET_LOGISTIC,F09,-0.08270798771502978
60,900,4,CONTEXT_PLUS_SHOCK,REVERSAL,ELASTIC_NET_LOGISTIC,F10,-0.08785438507441429
60,900,4,CONTEXT_PLUS_SHOCK,REVERSAL,ELASTIC_NET_LOGISTIC,F11,-0.0545663932742458
60,900,4,CONTEXT_PLUS_SHOCK,REVERSAL,ELASTIC_NET_LOGISTIC,F12,-0.12682672792657174
60,900,4,CONTEXT_PLUS_SHOCK,REVERSAL,ELASTIC_NET_LOGISTIC,F13,-0.18609413806212444
60,900,4,CONTEXT_PLUS_SHOCK,REVERSAL,ELASTIC_NET_LOGISTIC,F14,-0.02340997554975832
60,900,4,CONTEXT_PLUS_SHOCK,REVERSAL,ELASTIC_NET_LOGISTIC,F15,0.40910210650515294
60,900,4,CONTEXT_PLUS_SHOCK,REVERSAL,ELASTIC_NET_LOGISTIC,F16,0.8368044771988342
60,900,4,CONTEXT_PLUS_SHOCK,REVERSAL,ELASTIC_NET_LOGISTIC,F17,-0.6059863621633802
60,900,4,CONTEXT_PLUS_SHOCK,REVERSAL,ELASTIC_NET_LOGISTIC,F18,0.007662061809539957
60,900,4,CONTEXT_PLUS_SHOCK,REVERSAL,ELASTIC_NET_LOGISTIC,F19,-0.02929581239180874
60,900,4,CONTEXT_PLUS_SHOCK,REVERSAL,ELASTIC_NET_LOGISTIC,F20,-0.12001132750457551
60,900,4,CONTEXT_PLUS_SHOCK,REVERSAL,ELASTIC_NET_LOGISTIC,F21,0.02064167972219466
60,900,4,CONTEXT_PLUS_SHOCK,REVERSAL,ELASTIC_NET_LOGISTIC,F22,0.14900655262428267
60,900,4,CONTEXT_PLUS_SHOCK,REVERSAL,ELASTIC_NET_LOGISTIC,F23,0.0016573482140159882
60,900,4,CONTEXT_PLUS_SHOCK,REVERSAL,ELASTIC_NET_LOGISTIC,F24,-0.11894092779610269
60,900,4,CONTEXT_PLUS_SHOCK,REVERSAL,ELASTIC_NET_LOGISTIC,F25,-0.24822813839867786
60,900,4,CONTEXT_PLUS_SHOCK,REVERSAL,ELASTIC_NET_LOGISTIC,F26,-1.0644620146178163
60,900,4,CONTEXT_PLUS_SHOCK,REVERSAL,ELASTIC_NET_LOGISTIC,F27,0.6400335187825695
60,900,4,CONTEXT_PLUS_SHOCK,REVERSAL,ELASTIC_NET_LOGISTIC,F28,-0.2072186355318507
60,900,4,CONTEXT_PLUS_SHOCK,REVERSAL,ELASTIC_NET_LOGISTIC,F29,-0.1054687602773371
60,900,4,CONTEXT_PLUS_SHOCK,REVERSAL,ELASTIC_NET_LOGISTIC,F30,0.027402748900797223
60,900,4,CONTEXT_PLUS_SHOCK,REVERSAL,ELASTIC_NET_LOGISTIC,F31,0.041559159764652014
60,900,4,CONTEXT_PLUS_SHOCK,REVERSAL,ELASTIC_NET_LOGISTIC,F32,0.0
60,900,4,CONTEXT_PLUS_SHOCK,REVERSAL,ELASTIC_NET_LOGISTIC,F33,0.0685945905292094
60,900,4,CONTEXT_PLUS_SHOCK,REVERSAL,ELASTIC_NET_LOGISTIC,F34,-0.22898668934976052
60,900,4,CONTEXT_PLUS_SHOCK,REVERSAL,ELASTIC_NET_LOGISTIC,F35,-0.05120746289989335
60,900,4,CONTEXT_PLUS_SHOCK,REVERSAL,ELASTIC_NET_LOGISTIC,F36,0.2279865010238895
120,300,0,CONTEXT_ONLY,CONTINUATION,ELASTIC_NET_REGRESSION,F01,-0.0
120,300,0,CONTEXT_ONLY,CONTINUATION,ELASTIC_NET_REGRESSION,F02,-0.16681315370983787
120,300,0,CONTEXT_ONLY,CONTINUATION,ELASTIC_NET_REGRESSION,F03,0.0
120,300,0,CONTEXT_ONLY,CONTINUATION,ELASTIC_NET_REGRESSION,F04,-0.0
120,300,0,CONTEXT_ONLY,CONTINUATION,ELASTIC_NET_REGRESSION,F05,-0.03602244688925727
120,300,0,CONTEXT_ONLY,CONTINUATION,ELASTIC_NET_REGRESSION,F06,0.0
120,300,0,CONTEXT_ONLY,CONTINUATION,ELASTIC_NET_REGRESSION,F07,-0.14645020475385587
120,300,0,CONTEXT_ONLY,CONTINUATION,ELASTIC_NET_REGRESSION,F08,-0.07295295453376499
120,300,0,CONTEXT_ONLY,CONTINUATION,ELASTIC_NET_REGRESSION,F09,-0.09275882389822662
120,300,0,CONTEXT_ONLY,CONTINUATION,ELASTIC_NET_REGRESSION,F10,0.0
120,300,0,CONTEXT_ONLY,CONTINUATION,ELASTIC_NET_REGRESSION,F11,0.048605733128441395
120,300,0,CONTEXT_ONLY,CONTINUATION,ELASTIC_NET_REGRESSION,F12,0.0
120,300,0,CONTEXT_ONLY,CONTINUATION,ELASTIC_NET_REGRESSION,F13,-0.42421103592517956
120,300,0,CONTEXT_ONLY,CONTINUATION,ELASTIC_NET_REGRESSION,F14,-0.0652069076545164
120,300,0,CONTEXT_ONLY,CONTINUATION,ELASTIC_NET_REGRESSION,F15,0.18881757055857423
120,300,0,CONTEXT_ONLY,CONTINUATION,ELASTIC_NET_REGRESSION,F16,0.0
120,300,0,CONTEXT_ONLY,CONTINUATION,ELASTIC_NET_REGRESSION,F17,0.12207334827276847
120,300,0,CONTEXT_ONLY,CONTINUATION,ELASTIC_NET_REGRESSION,F18,0.0
120,300,0,CONTEXT_ONLY,CONTINUATION,ELASTIC_NET_REGRESSION,F19,-0.0
120,300,0,CONTEXT_ONLY,CONTINUATION,ELASTIC_NET_REGRESSION,F20,0.11311606053916973
120,300,0,CONTEXT_ONLY,CONTINUATION,ELASTIC_NET_REGRESSION,F21,0.0
120,300,0,CONTEXT_ONLY,CONTINUATION,ELASTIC_NET_REGRESSION,F22,-0.0
120,300,0,CONTEXT_ONLY,CONTINUATION,ELASTIC_NET_REGRESSION,F23,-0.01242511907210666
120,300,0,CONTEXT_ONLY,CONTINUATION,ELASTIC_NET_REGRESSION,F24,-0.013920721192399064
120,300,0,CONTEXT_ONLY,CONTINUATION,ELASTIC_NET_REGRESSION,F25,-0.0
120,300,0,CONTEXT_ONLY,CONTINUATION,ELASTIC_NET_REGRESSION,F26,0.0
120,300,0,CONTEXT_ONLY,CONTINUATION,ELASTIC_NET_REGRESSION,F27,-0.0
120,300,0,CONTEXT_ONLY,CONTINUATION,ELASTIC_NET_REGRESSION,F28,-0.044979539493258336
120,300,0,CONTEXT_ONLY,CONTINUATION,ELASTIC_NET_REGRESSION,F29,-0.0
120,300,0,CONTEXT_ONLY,CONTINUATION,ELASTIC_NET_REGRESSION,F36,0.13093627846473085
120,300,0,CONTEXT_ONLY,CONTINUATION,ELASTIC_NET_LOGISTIC,F01,0.0
120,300,0,CONTEXT_ONLY,CONTINUATION,ELASTIC_NET_LOGISTIC,F02,0.0
120,300,0,CONTEXT_ONLY,CONTINUATION,ELASTIC_NET_LOGISTIC,F03,0.0
120,300,0,CONTEXT_ONLY,CONTINUATION,ELASTIC_NET_LOGISTIC,F04,0.0
120,300,0,CONTEXT_ONLY,CONTINUATION,ELASTIC_NET_LOGISTIC,F05,0.0
120,300,0,CONTEXT_ONLY,CONTINUATION,ELASTIC_NET_LOGISTIC,F06,0.0
120,300,0,CONTEXT_ONLY,CONTINUATION,ELASTIC_NET_LOGISTIC,F07,0.0
120,300,0,CONTEXT_ONLY,CONTINUATION,ELASTIC_NET_LOGISTIC,F08,0.0
120,300,0,CONTEXT_ONLY,CONTINUATION,ELASTIC_NET_LOGISTIC,F09,0.0
120,300,0,CONTEXT_ONLY,CONTINUATION,ELASTIC_NET_LOGISTIC,F10,0.0
120,300,0,CONTEXT_ONLY,CONTINUATION,ELASTIC_NET_LOGISTIC,F11,0.0
120,300,0,CONTEXT_ONLY,CONTINUATION,ELASTIC_NET_LOGISTIC,F12,0.0
120,300,0,CONTEXT_ONLY,CONTINUATION,ELASTIC_NET_LOGISTIC,F13,0.0
120,300,0,CONTEXT_ONLY,CONTINUATION,ELASTIC_NET_LOGISTIC,F14,0.0
120,300,0,CONTEXT_ONLY,CONTINUATION,ELASTIC_NET_LOGISTIC,F15,0.0
120,300,0,CONTEXT_ONLY,CONTINUATION,ELASTIC_NET_LOGISTIC,F16,0.0
120,300,0,CONTEXT_ONLY,CONTINUATION,ELASTIC_NET_LOGISTIC,F17,0.07333056710483568
120,300,0,CONTEXT_ONLY,CONTINUATION,ELASTIC_NET_LOGISTIC,F18,0.0
120,300,0,CONTEXT_ONLY,CONTINUATION,ELASTIC_NET_LOGISTIC,F19,0.0
120,300,0,CONTEXT_ONLY,CONTINUATION,ELASTIC_NET_LOGISTIC,F20,0.0
120,300,0,CONTEXT_ONLY,CONTINUATION,ELASTIC_NET_LOGISTIC,F21,0.0
120,300,0,CONTEXT_ONLY,CONTINUATION,ELASTIC_NET_LOGISTIC,F22,0.0
120,300,0,CONTEXT_ONLY,CONTINUATION,ELASTIC_NET_LOGISTIC,F23,0.0
120,300,0,CONTEXT_ONLY,CONTINUATION,ELASTIC_NET_LOGISTIC,F24,0.0
120,300,0,CONTEXT_ONLY,CONTINUATION,ELASTIC_NET_LOGISTIC,F25,0.0
120,300,0,CONTEXT_ONLY,CONTINUATION,ELASTIC_NET_LOGISTIC,F26,-0.016640221276226014
120,300,0,CONTEXT_ONLY,CONTINUATION,ELASTIC_NET_LOGISTIC,F27,-0.1650663036790854
120,300,0,CONTEXT_ONLY,CONTINUATION,ELASTIC_NET_LOGISTIC,F28,0.0
120,300,0,CONTEXT_ONLY,CONTINUATION,ELASTIC_NET_LOGISTIC,F29,0.0
120,300,0,CONTEXT_ONLY,CONTINUATION,ELASTIC_NET_LOGISTIC,F36,0.0
120,300,0,CONTEXT_ONLY,REVERSAL,ELASTIC_NET_REGRESSION,F01,0.0
120,300,0,CONTEXT_ONLY,REVERSAL,ELASTIC_NET_REGRESSION,F02,0.1647134586267336
120,300,0,CONTEXT_ONLY,REVERSAL,ELASTIC_NET_REGRESSION,F03,-0.0
120,300,0,CONTEXT_ONLY,REVERSAL,ELASTIC_NET_REGRESSION,F04,0.0
120,300,0,CONTEXT_ONLY,REVERSAL,ELASTIC_NET_REGRESSION,F05,0.0490983209721268
120,300,0,CONTEXT_ONLY,REVERSAL,ELASTIC_NET_REGRESSION,F06,-0.0
120,300,0,CONTEXT_ONLY,REVERSAL,ELASTIC_NET_REGRESSION,F07,0.1419115823079468
120,300,0,CONTEXT_ONLY,REVERSAL,ELASTIC_NET_REGRESSION,F08,0.061355776717254396
120,300,0,CONTEXT_ONLY,REVERSAL,ELASTIC_NET_REGRESSION,F09,0.0948940276602935
120,300,0,CONTEXT_ONLY,REVERSAL,ELASTIC_NET_REGRESSION,F10,-0.0
120,300,0,CONTEXT_ONLY,REVERSAL,ELASTIC_NET_REGRESSION,F11,-0.03937175860446254
120,300,0,CONTEXT_ONLY,REVERSAL,ELASTIC_NET_REGRESSION,F12,-0.0
120,300,0,CONTEXT_ONLY,REVERSAL,ELASTIC_NET_REGRESSION,F13,0.417215035373677
120,300,0,CONTEXT_ONLY,REVERSAL,ELASTIC_NET_REGRESSION,F14,0.05814900917792713
120,300,0,CONTEXT_ONLY,REVERSAL,ELASTIC_NET_REGRESSION,F15,-0.19244428514713632
120,300,0,CONTEXT_ONLY,REVERSAL,ELASTIC_NET_REGRESSION,F16,-0.0
120,300,0,CONTEXT_ONLY,REVERSAL,ELASTIC_NET_REGRESSION,F17,-0.1255282215921928
120,300,0,CONTEXT_ONLY,REVERSAL,ELASTIC_NET_REGRESSION,F18,-0.0
120,300,0,CONTEXT_ONLY,REVERSAL,ELASTIC_NET_REGRESSION,F19,0.0
120,300,0,CONTEXT_ONLY,REVERSAL,ELASTIC_NET_REGRESSION,F20,-0.1130491528710106
120,300,0,CONTEXT_ONLY,REVERSAL,ELASTIC_NET_REGRESSION,F21,-0.0
120,300,0,CONTEXT_ONLY,REVERSAL,ELASTIC_NET_REGRESSION,F22,0.0
120,300,0,CONTEXT_ONLY,REVERSAL,ELASTIC_NET_REGRESSION,F23,0.013309222345111737
120,300,0,CONTEXT_ONLY,REVERSAL,ELASTIC_NET_REGRESSION,F24,0.00680921683550602
120,300,0,CONTEXT_ONLY,REVERSAL,ELASTIC_NET_REGRESSION,F25,0.0
120,300,0,CONTEXT_ONLY,REVERSAL,ELASTIC_NET_REGRESSION,F26,-0.0
120,300,0,CONTEXT_ONLY,REVERSAL,ELASTIC_NET_REGRESSION,F27,0.0
120,300,0,CONTEXT_ONLY,REVERSAL,ELASTIC_NET_REGRESSION,F28,0.05653725872489996
120,300,0,CONTEXT_ONLY,REVERSAL,ELASTIC_NET_REGRESSION,F29,0.0
120,300,0,CONTEXT_ONLY,REVERSAL,ELASTIC_NET_REGRESSION,F36,-0.11896254336141365
120,300,0,CONTEXT_ONLY,REVERSAL,ELASTIC_NET_LOGISTIC,F01,0.0
120,300,0,CONTEXT_ONLY,REVERSAL,ELASTIC_NET_LOGISTIC,F02,0.0
120,300,0,CONTEXT_ONLY,REVERSAL,ELASTIC_NET_LOGISTIC,F03,0.0
120,300,0,CONTEXT_ONLY,REVERSAL,ELASTIC_NET_LOGISTIC,F04,0.0
120,300,0,CONTEXT_ONLY,REVERSAL,ELASTIC_NET_LOGISTIC,F05,0.0
120,300,0,CONTEXT_ONLY,REVERSAL,ELASTIC_NET_LOGISTIC,F06,0.0
120,300,0,CONTEXT_ONLY,REVERSAL,ELASTIC_NET_LOGISTIC,F07,0.0
120,300,0,CONTEXT_ONLY,REVERSAL,ELASTIC_NET_LOGISTIC,F08,0.0
120,300,0,CONTEXT_ONLY,REVERSAL,ELASTIC_NET_LOGISTIC,F09,0.0
120,300,0,CONTEXT_ONLY,REVERSAL,ELASTIC_NET_LOGISTIC,F10,0.0
120,300,0,CONTEXT_ONLY,REVERSAL,ELASTIC_NET_LOGISTIC,F11,0.0
120,300,0,CONTEXT_ONLY,REVERSAL,ELASTIC_NET_LOGISTIC,F12,0.0
120,300,0,CONTEXT_ONLY,REVERSAL,ELASTIC_NET_LOGISTIC,F13,0.19429015430503707
120,300,0,CONTEXT_ONLY,REVERSAL,ELASTIC_NET_LOGISTIC,F14,0.0
120,300,0,CONTEXT_ONLY,REVERSAL,ELASTIC_NET_LOGISTIC,F15,0.0
120,300,0,CONTEXT_ONLY,REVERSAL,ELASTIC_NET_LOGISTIC,F16,0.0
120,300,0,CONTEXT_ONLY,REVERSAL,ELASTIC_NET_LOGISTIC,F17,0.0
120,300,0,CONTEXT_ONLY,REVERSAL,ELASTIC_NET_LOGISTIC,F18,0.0
120,300,0,CONTEXT_ONLY,REVERSAL,ELASTIC_NET_LOGISTIC,F19,0.0
120,300,0,CONTEXT_ONLY,REVERSAL,ELASTIC_NET_LOGISTIC,F20,0.0
120,300,0,CONTEXT_ONLY,REVERSAL,ELASTIC_NET_LOGISTIC,F21,0.0
120,300,0,CONTEXT_ONLY,REVERSAL,ELASTIC_NET_LOGISTIC,F22,0.0
120,300,0,CONTEXT_ONLY,REVERSAL,ELASTIC_NET_LOGISTIC,F23,0.0
120,300,0,CONTEXT_ONLY,REVERSAL,ELASTIC_NET_LOGISTIC,F24,0.0
120,300,0,CONTEXT_ONLY,REVERSAL,ELASTIC_NET_LOGISTIC,F25,0.0
120,300,0,CONTEXT_ONLY,REVERSAL,ELASTIC_NET_LOGISTIC,F26,0.0
120,300,0,CONTEXT_ONLY,REVERSAL,ELASTIC_NET_LOGISTIC,F27,0.0
120,300,0,CONTEXT_ONLY,REVERSAL,ELASTIC_NET_LOGISTIC,F28,0.28996594799131664
120,300,0,CONTEXT_ONLY,REVERSAL,ELASTIC_NET_LOGISTIC,F29,0.0
120,300,0,CONTEXT_ONLY,REVERSAL,ELASTIC_NET_LOGISTIC,F36,0.0
120,300,0,CONTEXT_PLUS_SHOCK,CONTINUATION,ELASTIC_NET_REGRESSION,F01,-0.0
120,300,0,CONTEXT_PLUS_SHOCK,CONTINUATION,ELASTIC_NET_REGRESSION,F02,-0.16177482994223333
120,300,0,CONTEXT_PLUS_SHOCK,CONTINUATION,ELASTIC_NET_REGRESSION,F03,0.0
120,300,0,CONTEXT_PLUS_SHOCK,CONTINUATION,ELASTIC_NET_REGRESSION,F04,-0.0
120,300,0,CONTEXT_PLUS_SHOCK,CONTINUATION,ELASTIC_NET_REGRESSION,F05,-0.0551491210004601
120,300,0,CONTEXT_PLUS_SHOCK,CONTINUATION,ELASTIC_NET_REGRESSION,F06,0.0
120,300,0,CONTEXT_PLUS_SHOCK,CONTINUATION,ELASTIC_NET_REGRESSION,F07,-0.12646038109884605
120,300,0,CONTEXT_PLUS_SHOCK,CONTINUATION,ELASTIC_NET_REGRESSION,F08,-0.08632661067935932
120,300,0,CONTEXT_PLUS_SHOCK,CONTINUATION,ELASTIC_NET_REGRESSION,F09,-0.09056991379455322
120,300,0,CONTEXT_PLUS_SHOCK,CONTINUATION,ELASTIC_NET_REGRESSION,F10,0.0
120,300,0,CONTEXT_PLUS_SHOCK,CONTINUATION,ELASTIC_NET_REGRESSION,F11,0.05915639059798796
120,300,0,CONTEXT_PLUS_SHOCK,CONTINUATION,ELASTIC_NET_REGRESSION,F12,0.0
120,300,0,CONTEXT_PLUS_SHOCK,CONTINUATION,ELASTIC_NET_REGRESSION,F13,-0.414732624763102
120,300,0,CONTEXT_PLUS_SHOCK,CONTINUATION,ELASTIC_NET_REGRESSION,F14,-0.06785564696404293
120,300,0,CONTEXT_PLUS_SHOCK,CONTINUATION,ELASTIC_NET_REGRESSION,F15,0.17191154329969666
120,300,0,CONTEXT_PLUS_SHOCK,CONTINUATION,ELASTIC_NET_REGRESSION,F16,0.0
120,300,0,CONTEXT_PLUS_SHOCK,CONTINUATION,ELASTIC_NET_REGRESSION,F17,0.17562116957381022
120,300,0,CONTEXT_PLUS_SHOCK,CONTINUATION,ELASTIC_NET_REGRESSION,F18,0.0
120,300,0,CONTEXT_PLUS_SHOCK,CONTINUATION,ELASTIC_NET_REGRESSION,F19,-0.0
120,300,0,CONTEXT_PLUS_SHOCK,CONTINUATION,ELASTIC_NET_REGRESSION,F20,0.1127682144147422
120,300,0,CONTEXT_PLUS_SHOCK,CONTINUATION,ELASTIC_NET_REGRESSION,F21,0.0
120,300,0,CONTEXT_PLUS_SHOCK,CONTINUATION,ELASTIC_NET_REGRESSION,F22,-0.0
120,300,0,CONTEXT_PLUS_SHOCK,CONTINUATION,ELASTIC_NET_REGRESSION,F23,-0.005723000331807546
120,300,0,CONTEXT_PLUS_SHOCK,CONTINUATION,ELASTIC_NET_REGRESSION,F24,-0.039627107031806455
120,300,0,CONTEXT_PLUS_SHOCK,CONTINUATION,ELASTIC_NET_REGRESSION,F25,-0.0
120,300,0,CONTEXT_PLUS_SHOCK,CONTINUATION,ELASTIC_NET_REGRESSION,F26,0.0
120,300,0,CONTEXT_PLUS_SHOCK,CONTINUATION,ELASTIC_NET_REGRESSION,F27,-0.0
120,300,0,CONTEXT_PLUS_SHOCK,CONTINUATION,ELASTIC_NET_REGRESSION,F28,-0.07877004960060513
120,300,0,CONTEXT_PLUS_SHOCK,CONTINUATION,ELASTIC_NET_REGRESSION,F29,-0.0
120,300,0,CONTEXT_PLUS_SHOCK,CONTINUATION,ELASTIC_NET_REGRESSION,F30,-0.20363550583700257
120,300,0,CONTEXT_PLUS_SHOCK,CONTINUATION,ELASTIC_NET_REGRESSION,F31,0.0
120,300,0,CONTEXT_PLUS_SHOCK,CONTINUATION,ELASTIC_NET_REGRESSION,F32,0.0
120,300,0,CONTEXT_PLUS_SHOCK,CONTINUATION,ELASTIC_NET_REGRESSION,F33,0.08461524953767749
120,300,0,CONTEXT_PLUS_SHOCK,CONTINUATION,ELASTIC_NET_REGRESSION,F34,0.07248769471083431
120,300,0,CONTEXT_PLUS_SHOCK,CONTINUATION,ELASTIC_NET_REGRESSION,F35,-0.012410621584700363
120,300,0,CONTEXT_PLUS_SHOCK,CONTINUATION,ELASTIC_NET_REGRESSION,F36,0.10784378195116437
120,300,0,CONTEXT_PLUS_SHOCK,CONTINUATION,ELASTIC_NET_LOGISTIC,F01,0.0
120,300,0,CONTEXT_PLUS_SHOCK,CONTINUATION,ELASTIC_NET_LOGISTIC,F02,0.0
120,300,0,CONTEXT_PLUS_SHOCK,CONTINUATION,ELASTIC_NET_LOGISTIC,F03,0.0
120,300,0,CONTEXT_PLUS_SHOCK,CONTINUATION,ELASTIC_NET_LOGISTIC,F04,0.0
120,300,0,CONTEXT_PLUS_SHOCK,CONTINUATION,ELASTIC_NET_LOGISTIC,F05,0.0
120,300,0,CONTEXT_PLUS_SHOCK,CONTINUATION,ELASTIC_NET_LOGISTIC,F06,0.0
120,300,0,CONTEXT_PLUS_SHOCK,CONTINUATION,ELASTIC_NET_LOGISTIC,F07,0.0
120,300,0,CONTEXT_PLUS_SHOCK,CONTINUATION,ELASTIC_NET_LOGISTIC,F08,0.0
120,300,0,CONTEXT_PLUS_SHOCK,CONTINUATION,ELASTIC_NET_LOGISTIC,F09,0.0
120,300,0,CONTEXT_PLUS_SHOCK,CONTINUATION,ELASTIC_NET_LOGISTIC,F10,0.0
120,300,0,CONTEXT_PLUS_SHOCK,CONTINUATION,ELASTIC_NET_LOGISTIC,F11,0.0
120,300,0,CONTEXT_PLUS_SHOCK,CONTINUATION,ELASTIC_NET_LOGISTIC,F12,0.0
120,300,0,CONTEXT_PLUS_SHOCK,CONTINUATION,ELASTIC_NET_LOGISTIC,F13,0.0
120,300,0,CONTEXT_PLUS_SHOCK,CONTINUATION,ELASTIC_NET_LOGISTIC,F14,0.0
120,300,0,CONTEXT_PLUS_SHOCK,CONTINUATION,ELASTIC_NET_LOGISTIC,F15,0.0
120,300,0,CONTEXT_PLUS_SHOCK,CONTINUATION,ELASTIC_NET_LOGISTIC,F16,0.0
120,300,0,CONTEXT_PLUS_SHOCK,CONTINUATION,ELASTIC_NET_LOGISTIC,F17,0.07333399613955081
120,300,0,CONTEXT_PLUS_SHOCK,CONTINUATION,ELASTIC_NET_LOGISTIC,F18,0.0
120,300,0,CONTEXT_PLUS_SHOCK,CONTINUATION,ELASTIC_NET_LOGISTIC,F19,0.0
120,300,0,CONTEXT_PLUS_SHOCK,CONTINUATION,ELASTIC_NET_LOGISTIC,F20,0.0
120,300,0,CONTEXT_PLUS_SHOCK,CONTINUATION,ELASTIC_NET_LOGISTIC,F21,0.0
120,300,0,CONTEXT_PLUS_SHOCK,CONTINUATION,ELASTIC_NET_LOGISTIC,F22,0.0
120,300,0,CONTEXT_PLUS_SHOCK,CONTINUATION,ELASTIC_NET_LOGISTIC,F23,0.0
120,300,0,CONTEXT_PLUS_SHOCK,CONTINUATION,ELASTIC_NET_LOGISTIC,F24,0.0
120,300,0,CONTEXT_PLUS_SHOCK,CONTINUATION,ELASTIC_NET_LOGISTIC,F25,0.0
120,300,0,CONTEXT_PLUS_SHOCK,CONTINUATION,ELASTIC_NET_LOGISTIC,F26,-0.01656477614837279
120,300,0,CONTEXT_PLUS_SHOCK,CONTINUATION,ELASTIC_NET_LOGISTIC,F27,-0.1651409760656293
120,300,0,CONTEXT_PLUS_SHOCK,CONTINUATION,ELASTIC_NET_LOGISTIC,F28,0.0
120,300,0,CONTEXT_PLUS_SHOCK,CONTINUATION,ELASTIC_NET_LOGISTIC,F29,0.0
120,300,0,CONTEXT_PLUS_SHOCK,CONTINUATION,ELASTIC_NET_LOGISTIC,F30,0.0
120,300,0,CONTEXT_PLUS_SHOCK,CONTINUATION,ELASTIC_NET_LOGISTIC,F31,0.0
120,300,0,CONTEXT_PLUS_SHOCK,CONTINUATION,ELASTIC_NET_LOGISTIC,F32,0.0
120,300,0,CONTEXT_PLUS_SHOCK,CONTINUATION,ELASTIC_NET_LOGISTIC,F33,0.0
120,300,0,CONTEXT_PLUS_SHOCK,CONTINUATION,ELASTIC_NET_LOGISTIC,F34,0.0
120,300,0,CONTEXT_PLUS_SHOCK,CONTINUATION,ELASTIC_NET_LOGISTIC,F35,0.0
120,300,0,CONTEXT_PLUS_SHOCK,CONTINUATION,ELASTIC_NET_LOGISTIC,F36,0.0
120,300,0,CONTEXT_PLUS_SHOCK,REVERSAL,ELASTIC_NET_REGRESSION,F01,0.0
120,300,0,CONTEXT_PLUS_SHOCK,REVERSAL,ELASTIC_NET_REGRESSION,F02,0.15889328346322054
120,300,0,CONTEXT_PLUS_SHOCK,REVERSAL,ELASTIC_NET_REGRESSION,F03,-0.0
120,300,0,CONTEXT_PLUS_SHOCK,REVERSAL,ELASTIC_NET_REGRESSION,F04,0.0
120,300,0,CONTEXT_PLUS_SHOCK,REVERSAL,ELASTIC_NET_REGRESSION,F05,0.06509048147549093
120,300,0,CONTEXT_PLUS_SHOCK,REVERSAL,ELASTIC_NET_REGRESSION,F06,-0.0
120,300,0,CONTEXT_PLUS_SHOCK,REVERSAL,ELASTIC_NET_REGRESSION,F07,0.1215701130678328
120,300,0,CONTEXT_PLUS_SHOCK,REVERSAL,ELASTIC_NET_REGRESSION,F08,0.0782656068662674
120,300,0,CONTEXT_PLUS_SHOCK,REVERSAL,ELASTIC_NET_REGRESSION,F09,0.09194425659461813
120,300,0,CONTEXT_PLUS_SHOCK,REVERSAL,ELASTIC_NET_REGRESSION,F10,-0.0
120,300,0,CONTEXT_PLUS_SHOCK,REVERSAL,ELASTIC_NET_REGRESSION,F11,-0.049973232649690676
120,300,0,CONTEXT_PLUS_SHOCK,REVERSAL,ELASTIC_NET_REGRESSION,F12,-0.0
120,300,0,CONTEXT_PLUS_SHOCK,REVERSAL,ELASTIC_NET_REGRESSION,F13,0.4075390460847682
120,300,0,CONTEXT_PLUS_SHOCK,REVERSAL,ELASTIC_NET_REGRESSION,F14,0.062040070173829884
120,300,0,CONTEXT_PLUS_SHOCK,REVERSAL,ELASTIC_NET_REGRESSION,F15,-0.17255481171020434
120,300,0,CONTEXT_PLUS_SHOCK,REVERSAL,ELASTIC_NET_REGRESSION,F16,-0.0
120,300,0,CONTEXT_PLUS_SHOCK,REVERSAL,ELASTIC_NET_REGRESSION,F17,-0.16585252640599135
120,300,0,CONTEXT_PLUS_SHOCK,REVERSAL,ELASTIC_NET_REGRESSION,F18,-0.0
120,300,0,CONTEXT_PLUS_SHOCK,REVERSAL,ELASTIC_NET_REGRESSION,F19,0.0
120,300,0,CONTEXT_PLUS_SHOCK,REVERSAL,ELASTIC_NET_REGRESSION,F20,-0.11246685390711558
120,300,0,CONTEXT_PLUS_SHOCK,REVERSAL,ELASTIC_NET_REGRESSION,F21,-0.0
120,300,0,CONTEXT_PLUS_SHOCK,REVERSAL,ELASTIC_NET_REGRESSION,F22,0.0
120,300,0,CONTEXT_PLUS_SHOCK,REVERSAL,ELASTIC_NET_REGRESSION,F23,0.030341353353950076
120,300,0,CONTEXT_PLUS_SHOCK,REVERSAL,ELASTIC_NET_REGRESSION,F24,0.03726005480554819
120,300,0,CONTEXT_PLUS_SHOCK,REVERSAL,ELASTIC_NET_REGRESSION,F25,0.0
120,300,0,CONTEXT_PLUS_SHOCK,REVERSAL,ELASTIC_NET_REGRESSION,F26,-0.0
120,300,0,CONTEXT_PLUS_SHOCK,REVERSAL,ELASTIC_NET_REGRESSION,F27,0.0
120,300,0,CONTEXT_PLUS_SHOCK,REVERSAL,ELASTIC_NET_REGRESSION,F28,0.07914704550847922
120,300,0,CONTEXT_PLUS_SHOCK,REVERSAL,ELASTIC_NET_REGRESSION,F29,0.0
120,300,0,CONTEXT_PLUS_SHOCK,REVERSAL,ELASTIC_NET_REGRESSION,F30,0.20600779191131857
120,300,0,CONTEXT_PLUS_SHOCK,REVERSAL,ELASTIC_NET_REGRESSION,F31,-0.027525423685368654
120,300,0,CONTEXT_PLUS_SHOCK,REVERSAL,ELASTIC_NET_REGRESSION,F32,0.0
120,300,0,CONTEXT_PLUS_SHOCK,REVERSAL,ELASTIC_NET_REGRESSION,F33,-0.06783381333401796
120,300,0,CONTEXT_PLUS_SHOCK,REVERSAL,ELASTIC_NET_REGRESSION,F34,-0.07818933898017046
120,300,0,CONTEXT_PLUS_SHOCK,REVERSAL,ELASTIC_NET_REGRESSION,F35,0.023200996357237616
120,300,0,CONTEXT_PLUS_SHOCK,REVERSAL,ELASTIC_NET_REGRESSION,F36,-0.09563981638539983
120,300,0,CONTEXT_PLUS_SHOCK,REVERSAL,ELASTIC_NET_LOGISTIC,F01,0.0
120,300,0,CONTEXT_PLUS_SHOCK,REVERSAL,ELASTIC_NET_LOGISTIC,F02,0.0
120,300,0,CONTEXT_PLUS_SHOCK,REVERSAL,ELASTIC_NET_LOGISTIC,F03,0.0
120,300,0,CONTEXT_PLUS_SHOCK,REVERSAL,ELASTIC_NET_LOGISTIC,F04,0.0
120,300,0,CONTEXT_PLUS_SHOCK,REVERSAL,ELASTIC_NET_LOGISTIC,F05,0.0
120,300,0,CONTEXT_PLUS_SHOCK,REVERSAL,ELASTIC_NET_LOGISTIC,F06,0.0
120,300,0,CONTEXT_PLUS_SHOCK,REVERSAL,ELASTIC_NET_LOGISTIC,F07,0.0
120,300,0,CONTEXT_PLUS_SHOCK,REVERSAL,ELASTIC_NET_LOGISTIC,F08,0.0
120,300,0,CONTEXT_PLUS_SHOCK,REVERSAL,ELASTIC_NET_LOGISTIC,F09,0.0
120,300,0,CONTEXT_PLUS_SHOCK,REVERSAL,ELASTIC_NET_LOGISTIC,F10,0.0
120,300,0,CONTEXT_PLUS_SHOCK,REVERSAL,ELASTIC_NET_LOGISTIC,F11,0.0
120,300,0,CONTEXT_PLUS_SHOCK,REVERSAL,ELASTIC_NET_LOGISTIC,F12,0.0
120,300,0,CONTEXT_PLUS_SHOCK,REVERSAL,ELASTIC_NET_LOGISTIC,F13,0.19429201133873528
120,300,0,CONTEXT_PLUS_SHOCK,REVERSAL,ELASTIC_NET_LOGISTIC,F14,0.0
120,300,0,CONTEXT_PLUS_SHOCK,REVERSAL,ELASTIC_NET_LOGISTIC,F15,0.0
120,300,0,CONTEXT_PLUS_SHOCK,REVERSAL,ELASTIC_NET_LOGISTIC,F16,0.0
120,300,0,CONTEXT_PLUS_SHOCK,REVERSAL,ELASTIC_NET_LOGISTIC,F17,0.0
120,300,0,CONTEXT_PLUS_SHOCK,REVERSAL,ELASTIC_NET_LOGISTIC,F18,0.0
120,300,0,CONTEXT_PLUS_SHOCK,REVERSAL,ELASTIC_NET_LOGISTIC,F19,0.0
120,300,0,CONTEXT_PLUS_SHOCK,REVERSAL,ELASTIC_NET_LOGISTIC,F20,0.0
120,300,0,CONTEXT_PLUS_SHOCK,REVERSAL,ELASTIC_NET_LOGISTIC,F21,0.0
120,300,0,CONTEXT_PLUS_SHOCK,REVERSAL,ELASTIC_NET_LOGISTIC,F22,0.0
120,300,0,CONTEXT_PLUS_SHOCK,REVERSAL,ELASTIC_NET_LOGISTIC,F23,0.0
120,300,0,CONTEXT_PLUS_SHOCK,REVERSAL,ELASTIC_NET_LOGISTIC,F24,0.0
120,300,0,CONTEXT_PLUS_SHOCK,REVERSAL,ELASTIC_NET_LOGISTIC,F25,0.0
120,300,0,CONTEXT_PLUS_SHOCK,REVERSAL,ELASTIC_NET_LOGISTIC,F26,0.0
120,300,0,CONTEXT_PLUS_SHOCK,REVERSAL,ELASTIC_NET_LOGISTIC,F27,0.0
120,300,0,CONTEXT_PLUS_SHOCK,REVERSAL,ELASTIC_NET_LOGISTIC,F28,0.2899079111468064
120,300,0,CONTEXT_PLUS_SHOCK,REVERSAL,ELASTIC_NET_LOGISTIC,F29,0.0
120,300,0,CONTEXT_PLUS_SHOCK,REVERSAL,ELASTIC_NET_LOGISTIC,F30,0.0
120,300,0,CONTEXT_PLUS_SHOCK,REVERSAL,ELASTIC_NET_LOGISTIC,F31,0.0
120,300,0,CONTEXT_PLUS_SHOCK,REVERSAL,ELASTIC_NET_LOGISTIC,F32,0.0
120,300,0,CONTEXT_PLUS_SHOCK,REVERSAL,ELASTIC_NET_LOGISTIC,F33,0.0
120,300,0,CONTEXT_PLUS_SHOCK,REVERSAL,ELASTIC_NET_LOGISTIC,F34,0.0
120,300,0,CONTEXT_PLUS_SHOCK,REVERSAL,ELASTIC_NET_LOGISTIC,F35,0.0
120,300,0,CONTEXT_PLUS_SHOCK,REVERSAL,ELASTIC_NET_LOGISTIC,F36,0.0
120,300,1,CONTEXT_ONLY,CONTINUATION,ELASTIC_NET_REGRESSION,F01,-0.5867588072320343
120,300,1,CONTEXT_ONLY,CONTINUATION,ELASTIC_NET_REGRESSION,F02,-0.0
120,300,1,CONTEXT_ONLY,CONTINUATION,ELASTIC_NET_REGRESSION,F03,0.0
120,300,1,CONTEXT_ONLY,CONTINUATION,ELASTIC_NET_REGRESSION,F04,0.0
120,300,1,CONTEXT_ONLY,CONTINUATION,ELASTIC_NET_REGRESSION,F05,0.06423667662711112
120,300,1,CONTEXT_ONLY,CONTINUATION,ELASTIC_NET_REGRESSION,F06,-0.0
120,300,1,CONTEXT_ONLY,CONTINUATION,ELASTIC_NET_REGRESSION,F07,-0.0063925295435415695
120,300,1,CONTEXT_ONLY,CONTINUATION,ELASTIC_NET_REGRESSION,F08,-0.0
120,300,1,CONTEXT_ONLY,CONTINUATION,ELASTIC_NET_REGRESSION,F09,-0.05075757144422151
120,300,1,CONTEXT_ONLY,CONTINUATION,ELASTIC_NET_REGRESSION,F10,-0.0
120,300,1,CONTEXT_ONLY,CONTINUATION,ELASTIC_NET_REGRESSION,F11,0.615758905900488
120,300,1,CONTEXT_ONLY,CONTINUATION,ELASTIC_NET_REGRESSION,F12,0.14470239144704838
120,300,1,CONTEXT_ONLY,CONTINUATION,ELASTIC_NET_REGRESSION,F13,-0.24468896206727997
120,300,1,CONTEXT_ONLY,CONTINUATION,ELASTIC_NET_REGRESSION,F14,-0.031237045961083135
120,300,1,CONTEXT_ONLY,CONTINUATION,ELASTIC_NET_REGRESSION,F15,0.0
120,300,1,CONTEXT_ONLY,CONTINUATION,ELASTIC_NET_REGRESSION,F16,-0.0
120,300,1,CONTEXT_ONLY,CONTINUATION,ELASTIC_NET_REGRESSION,F17,0.0
120,300,1,CONTEXT_ONLY,CONTINUATION,ELASTIC_NET_REGRESSION,F18,0.0
120,300,1,CONTEXT_ONLY,CONTINUATION,ELASTIC_NET_REGRESSION,F19,0.0
120,300,1,CONTEXT_ONLY,CONTINUATION,ELASTIC_NET_REGRESSION,F20,0.0
120,300,1,CONTEXT_ONLY,CONTINUATION,ELASTIC_NET_REGRESSION,F21,-0.0
120,300,1,CONTEXT_ONLY,CONTINUATION,ELASTIC_NET_REGRESSION,F22,0.014487393929853376
120,300,1,CONTEXT_ONLY,CONTINUATION,ELASTIC_NET_REGRESSION,F23,-0.1210069277994208
120,300,1,CONTEXT_ONLY,CONTINUATION,ELASTIC_NET_REGRESSION,F24,-0.06612114874517538
120,300,1,CONTEXT_ONLY,CONTINUATION,ELASTIC_NET_REGRESSION,F25,-0.00011387714644652373
120,300,1,CONTEXT_ONLY,CONTINUATION,ELASTIC_NET_REGRESSION,F26,0.0
120,300,1,CONTEXT_ONLY,CONTINUATION,ELASTIC_NET_REGRESSION,F27,-0.0
120,300,1,CONTEXT_ONLY,CONTINUATION,ELASTIC_NET_REGRESSION,F28,-0.04503520323799988
120,300,1,CONTEXT_ONLY,CONTINUATION,ELASTIC_NET_REGRESSION,F29,0.03423093802526939
120,300,1,CONTEXT_ONLY,CONTINUATION,ELASTIC_NET_REGRESSION,F36,0.025485130329061793
120,300,1,CONTEXT_ONLY,CONTINUATION,ELASTIC_NET_LOGISTIC,F01,-0.3884794559455115
120,300,1,CONTEXT_ONLY,CONTINUATION,ELASTIC_NET_LOGISTIC,F02,-0.3857832570881511
120,300,1,CONTEXT_ONLY,CONTINUATION,ELASTIC_NET_LOGISTIC,F03,0.019887900498076847
120,300,1,CONTEXT_ONLY,CONTINUATION,ELASTIC_NET_LOGISTIC,F04,0.0
120,300,1,CONTEXT_ONLY,CONTINUATION,ELASTIC_NET_LOGISTIC,F05,0.49110356919778986
120,300,1,CONTEXT_ONLY,CONTINUATION,ELASTIC_NET_LOGISTIC,F06,0.0
120,300,1,CONTEXT_ONLY,CONTINUATION,ELASTIC_NET_LOGISTIC,F07,0.05722553921731372
120,300,1,CONTEXT_ONLY,CONTINUATION,ELASTIC_NET_LOGISTIC,F08,-0.04194310268299911
120,300,1,CONTEXT_ONLY,CONTINUATION,ELASTIC_NET_LOGISTIC,F09,0.03304825299681492
120,300,1,CONTEXT_ONLY,CONTINUATION,ELASTIC_NET_LOGISTIC,F10,0.0390997709326444
120,300,1,CONTEXT_ONLY,CONTINUATION,ELASTIC_NET_LOGISTIC,F11,0.4124175198661919
120,300,1,CONTEXT_ONLY,CONTINUATION,ELASTIC_NET_LOGISTIC,F12,0.13787135862061725
120,300,1,CONTEXT_ONLY,CONTINUATION,ELASTIC_NET_LOGISTIC,F13,-0.15075050386480157
120,300,1,CONTEXT_ONLY,CONTINUATION,ELASTIC_NET_LOGISTIC,F14,-0.13123769397462193
120,300,1,CONTEXT_ONLY,CONTINUATION,ELASTIC_NET_LOGISTIC,F15,-0.03910604481270914
120,300,1,CONTEXT_ONLY,CONTINUATION,ELASTIC_NET_LOGISTIC,F16,0.1493901039200279
120,300,1,CONTEXT_ONLY,CONTINUATION,ELASTIC_NET_LOGISTIC,F17,0.0
120,300,1,CONTEXT_ONLY,CONTINUATION,ELASTIC_NET_LOGISTIC,F18,0.0
120,300,1,CONTEXT_ONLY,CONTINUATION,ELASTIC_NET_LOGISTIC,F19,0.0678293628323934
120,300,1,CONTEXT_ONLY,CONTINUATION,ELASTIC_NET_LOGISTIC,F20,0.0
120,300,1,CONTEXT_ONLY,CONTINUATION,ELASTIC_NET_LOGISTIC,F21,0.0
120,300,1,CONTEXT_ONLY,CONTINUATION,ELASTIC_NET_LOGISTIC,F22,0.0020361517931317564
120,300,1,CONTEXT_ONLY,CONTINUATION,ELASTIC_NET_LOGISTIC,F23,-0.06714416160048318
120,300,1,CONTEXT_ONLY,CONTINUATION,ELASTIC_NET_LOGISTIC,F24,-0.1377302899652015
120,300,1,CONTEXT_ONLY,CONTINUATION,ELASTIC_NET_LOGISTIC,F25,0.0
120,300,1,CONTEXT_ONLY,CONTINUATION,ELASTIC_NET_LOGISTIC,F26,-0.23202315792901346
120,300,1,CONTEXT_ONLY,CONTINUATION,ELASTIC_NET_LOGISTIC,F27,-0.2265528191146794
120,300,1,CONTEXT_ONLY,CONTINUATION,ELASTIC_NET_LOGISTIC,F28,0.0
120,300,1,CONTEXT_ONLY,CONTINUATION,ELASTIC_NET_LOGISTIC,F29,0.10731437816690272
120,300,1,CONTEXT_ONLY,CONTINUATION,ELASTIC_NET_LOGISTIC,F36,0.14946427178196886
120,300,1,CONTEXT_ONLY,REVERSAL,ELASTIC_NET_REGRESSION,F01,0.5938722303712849
120,300,1,CONTEXT_ONLY,REVERSAL,ELASTIC_NET_REGRESSION,F02,0.0
120,300,1,CONTEXT_ONLY,REVERSAL,ELASTIC_NET_REGRESSION,F03,-0.0
120,300,1,CONTEXT_ONLY,REVERSAL,ELASTIC_NET_REGRESSION,F04,-0.0
120,300,1,CONTEXT_ONLY,REVERSAL,ELASTIC_NET_REGRESSION,F05,-0.06254869771854094
120,300,1,CONTEXT_ONLY,REVERSAL,ELASTIC_NET_REGRESSION,F06,0.0
120,300,1,CONTEXT_ONLY,REVERSAL,ELASTIC_NET_REGRESSION,F07,0.011834975030063125
120,300,1,CONTEXT_ONLY,REVERSAL,ELASTIC_NET_REGRESSION,F08,0.0
120,300,1,CONTEXT_ONLY,REVERSAL,ELASTIC_NET_REGRESSION,F09,0.05131692162428227
120,300,1,CONTEXT_ONLY,REVERSAL,ELASTIC_NET_REGRESSION,F10,0.0
120,300,1,CONTEXT_ONLY,REVERSAL,ELASTIC_NET_REGRESSION,F11,-0.6149432185751711
120,300,1,CONTEXT_ONLY,REVERSAL,ELASTIC_NET_REGRESSION,F12,-0.15328207626899523
120,300,1,CONTEXT_ONLY,REVERSAL,ELASTIC_NET_REGRESSION,F13,0.2424142890819432
120,300,1,CONTEXT_ONLY,REVERSAL,ELASTIC_NET_REGRESSION,F14,0.028309302437115012
120,300,1,CONTEXT_ONLY,REVERSAL,ELASTIC_NET_REGRESSION,F15,-0.0
120,300,1,CONTEXT_ONLY,REVERSAL,ELASTIC_NET_REGRESSION,F16,0.0
120,300,1,CONTEXT_ONLY,REVERSAL,ELASTIC_NET_REGRESSION,F17,-0.0
120,300,1,CONTEXT_ONLY,REVERSAL,ELASTIC_NET_REGRESSION,F18,-0.04386529247784073
120,300,1,CONTEXT_ONLY,REVERSAL,ELASTIC_NET_REGRESSION,F19,-0.0
120,300,1,CONTEXT_ONLY,REVERSAL,ELASTIC_NET_REGRESSION,F20,-0.0
120,300,1,CONTEXT_ONLY,REVERSAL,ELASTIC_NET_REGRESSION,F21,0.0
120,300,1,CONTEXT_ONLY,REVERSAL,ELASTIC_NET_REGRESSION,F22,-0.003582920583058505
120,300,1,CONTEXT_ONLY,REVERSAL,ELASTIC_NET_REGRESSION,F23,0.12357290817747343
120,300,1,CONTEXT_ONLY,REVERSAL,ELASTIC_NET_REGRESSION,F24,0.06368061549232251
120,300,1,CONTEXT_ONLY,REVERSAL,ELASTIC_NET_REGRESSION,F25,0.06686497894125172
120,300,1,CONTEXT_ONLY,REVERSAL,ELASTIC_NET_REGRESSION,F26,-0.0
120,300,1,CONTEXT_ONLY,REVERSAL,ELASTIC_NET_REGRESSION,F27,0.0
120,300,1,CONTEXT_ONLY,REVERSAL,ELASTIC_NET_REGRESSION,F28,0.044211179132041895
120,300,1,CONTEXT_ONLY,REVERSAL,ELASTIC_NET_REGRESSION,F29,-0.03569264912845059
120,300,1,CONTEXT_ONLY,REVERSAL,ELASTIC_NET_REGRESSION,F36,-0.017900523583456632
120,300,1,CONTEXT_ONLY,REVERSAL,ELASTIC_NET_LOGISTIC,F01,0.013010207508404375
120,300,1,CONTEXT_ONLY,REVERSAL,ELASTIC_NET_LOGISTIC,F02,0.08504513965908535
120,300,1,CONTEXT_ONLY,REVERSAL,ELASTIC_NET_LOGISTIC,F03,0.0
120,300,1,CONTEXT_ONLY,REVERSAL,ELASTIC_NET_LOGISTIC,F04,0.0799079866113084
120,300,1,CONTEXT_ONLY,REVERSAL,ELASTIC_NET_LOGISTIC,F05,-0.15879709601762618
120,300,1,CONTEXT_ONLY,REVERSAL,ELASTIC_NET_LOGISTIC,F06,-0.14630246363337787
120,300,1,CONTEXT_ONLY,REVERSAL,ELASTIC_NET_LOGISTIC,F07,0.0979157333385925
120,300,1,CONTEXT_ONLY,REVERSAL,ELASTIC_NET_LOGISTIC,F08,-0.14458271278794485
120,300,1,CONTEXT_ONLY,REVERSAL,ELASTIC_NET_LOGISTIC,F09,0.11955232126051232
120,300,1,CONTEXT_ONLY,REVERSAL,ELASTIC_NET_LOGISTIC,F10,0.03957922454890177
120,300,1,CONTEXT_ONLY,REVERSAL,ELASTIC_NET_LOGISTIC,F11,0.0
120,300,1,CONTEXT_ONLY,REVERSAL,ELASTIC_NET_LOGISTIC,F12,-0.18232572499920852
120,300,1,CONTEXT_ONLY,REVERSAL,ELASTIC_NET_LOGISTIC,F13,0.23360370496908928
120,300,1,CONTEXT_ONLY,REVERSAL,ELASTIC_NET_LOGISTIC,F14,0.05959313892854922
120,300,1,CONTEXT_ONLY,REVERSAL,ELASTIC_NET_LOGISTIC,F15,0.0
120,300,1,CONTEXT_ONLY,REVERSAL,ELASTIC_NET_LOGISTIC,F16,0.0012956779147958238
120,300,1,CONTEXT_ONLY,REVERSAL,ELASTIC_NET_LOGISTIC,F17,-0.019120324107502612
120,300,1,CONTEXT_ONLY,REVERSAL,ELASTIC_NET_LOGISTIC,F18,-0.17946482352018697
120,300,1,CONTEXT_ONLY,REVERSAL,ELASTIC_NET_LOGISTIC,F19,-0.11764963010261834
120,300,1,CONTEXT_ONLY,REVERSAL,ELASTIC_NET_LOGISTIC,F20,-0.1613069731897782
120,300,1,CONTEXT_ONLY,REVERSAL,ELASTIC_NET_LOGISTIC,F21,-0.06843362020672837
120,300,1,CONTEXT_ONLY,REVERSAL,ELASTIC_NET_LOGISTIC,F22,0.0876718323108791
120,300,1,CONTEXT_ONLY,REVERSAL,ELASTIC_NET_LOGISTIC,F23,0.1470038447957617
120,300,1,CONTEXT_ONLY,REVERSAL,ELASTIC_NET_LOGISTIC,F24,-0.02672872649517914
120,300,1,CONTEXT_ONLY,REVERSAL,ELASTIC_NET_LOGISTIC,F25,0.0
120,300,1,CONTEXT_ONLY,REVERSAL,ELASTIC_NET_LOGISTIC,F26,-0.38275443240648777
120,300,1,CONTEXT_ONLY,REVERSAL,ELASTIC_NET_LOGISTIC,F27,0.04304408654709523
120,300,1,CONTEXT_ONLY,REVERSAL,ELASTIC_NET_LOGISTIC,F28,0.4484044775811943
120,300,1,CONTEXT_ONLY,REVERSAL,ELASTIC_NET_LOGISTIC,F29,0.0
120,300,1,CONTEXT_ONLY,REVERSAL,ELASTIC_NET_LOGISTIC,F36,-0.058233252618264425
120,300,1,CONTEXT_PLUS_SHOCK,CONTINUATION,ELASTIC_NET_REGRESSION,F01,-0.5211696572824138
120,300,1,CONTEXT_PLUS_SHOCK,CONTINUATION,ELASTIC_NET_REGRESSION,F02,-0.0
120,300,1,CONTEXT_PLUS_SHOCK,CONTINUATION,ELASTIC_NET_REGRESSION,F03,0.0
120,300,1,CONTEXT_PLUS_SHOCK,CONTINUATION,ELASTIC_NET_REGRESSION,F04,0.0
120,300,1,CONTEXT_PLUS_SHOCK,CONTINUATION,ELASTIC_NET_REGRESSION,F05,0.10784752802518688
120,300,1,CONTEXT_PLUS_SHOCK,CONTINUATION,ELASTIC_NET_REGRESSION,F06,0.0
120,300,1,CONTEXT_PLUS_SHOCK,CONTINUATION,ELASTIC_NET_REGRESSION,F07,-0.03295401911275279
120,300,1,CONTEXT_PLUS_SHOCK,CONTINUATION,ELASTIC_NET_REGRESSION,F08,-0.0
120,300,1,CONTEXT_PLUS_SHOCK,CONTINUATION,ELASTIC_NET_REGRESSION,F09,-0.06402377496549412
120,300,1,CONTEXT_PLUS_SHOCK,CONTINUATION,ELASTIC_NET_REGRESSION,F10,0.0
120,300,1,CONTEXT_PLUS_SHOCK,CONTINUATION,ELASTIC_NET_REGRESSION,F11,0.5663009761666128
120,300,1,CONTEXT_PLUS_SHOCK,CONTINUATION,ELASTIC_NET_REGRESSION,F12,0.09361611372637907
120,300,1,CONTEXT_PLUS_SHOCK,CONTINUATION,ELASTIC_NET_REGRESSION,F13,-0.2501778042100685
120,300,1,CONTEXT_PLUS_SHOCK,CONTINUATION,ELASTIC_NET_REGRESSION,F14,-0.08384180095824648
120,300,1,CONTEXT_PLUS_SHOCK,CONTINUATION,ELASTIC_NET_REGRESSION,F15,0.0
120,300,1,CONTEXT_PLUS_SHOCK,CONTINUATION,ELASTIC_NET_REGRESSION,F16,-0.0
120,300,1,CONTEXT_PLUS_SHOCK,CONTINUATION,ELASTIC_NET_REGRESSION,F17,0.0
120,300,1,CONTEXT_PLUS_SHOCK,CONTINUATION,ELASTIC_NET_REGRESSION,F18,0.0
120,300,1,CONTEXT_PLUS_SHOCK,CONTINUATION,ELASTIC_NET_REGRESSION,F19,0.23037877762535408
120,300,1,CONTEXT_PLUS_SHOCK,CONTINUATION,ELASTIC_NET_REGRESSION,F20,0.0
120,300,1,CONTEXT_PLUS_SHOCK,CONTINUATION,ELASTIC_NET_REGRESSION,F21,-0.0
120,300,1,CONTEXT_PLUS_SHOCK,CONTINUATION,ELASTIC_NET_REGRESSION,F22,0.0022674853956826863
120,300,1,CONTEXT_PLUS_SHOCK,CONTINUATION,ELASTIC_NET_REGRESSION,F23,-0.02806867570097997
120,300,1,CONTEXT_PLUS_SHOCK,CONTINUATION,ELASTIC_NET_REGRESSION,F24,-0.028941313175823862
120,300,1,CONTEXT_PLUS_SHOCK,CONTINUATION,ELASTIC_NET_REGRESSION,F25,-0.0
120,300,1,CONTEXT_PLUS_SHOCK,CONTINUATION,ELASTIC_NET_REGRESSION,F26,0.0
120,300,1,CONTEXT_PLUS_SHOCK,CONTINUATION,ELASTIC_NET_REGRESSION,F27,0.0
120,300,1,CONTEXT_PLUS_SHOCK,CONTINUATION,ELASTIC_NET_REGRESSION,F28,-0.0
120,300,1,CONTEXT_PLUS_SHOCK,CONTINUATION,ELASTIC_NET_REGRESSION,F29,0.0
120,300,1,CONTEXT_PLUS_SHOCK,CONTINUATION,ELASTIC_NET_REGRESSION,F30,0.0
120,300,1,CONTEXT_PLUS_SHOCK,CONTINUATION,ELASTIC_NET_REGRESSION,F31,-0.0
120,300,1,CONTEXT_PLUS_SHOCK,CONTINUATION,ELASTIC_NET_REGRESSION,F32,0.0
120,300,1,CONTEXT_PLUS_SHOCK,CONTINUATION,ELASTIC_NET_REGRESSION,F33,-0.5572791884932596
120,300,1,CONTEXT_PLUS_SHOCK,CONTINUATION,ELASTIC_NET_REGRESSION,F34,0.2336633708514285
120,300,1,CONTEXT_PLUS_SHOCK,CONTINUATION,ELASTIC_NET_REGRESSION,F35,-0.1341800038746836
120,300,1,CONTEXT_PLUS_SHOCK,CONTINUATION,ELASTIC_NET_REGRESSION,F36,0.0
120,300,1,CONTEXT_PLUS_SHOCK,CONTINUATION,ELASTIC_NET_LOGISTIC,F01,-0.4282234333321673
120,300,1,CONTEXT_PLUS_SHOCK,CONTINUATION,ELASTIC_NET_LOGISTIC,F02,-0.44680062614108934
120,300,1,CONTEXT_PLUS_SHOCK,CONTINUATION,ELASTIC_NET_LOGISTIC,F03,0.04752841293191386
120,300,1,CONTEXT_PLUS_SHOCK,CONTINUATION,ELASTIC_NET_LOGISTIC,F04,0.0
120,300,1,CONTEXT_PLUS_SHOCK,CONTINUATION,ELASTIC_NET_LOGISTIC,F05,0.5034254564679241
120,300,1,CONTEXT_PLUS_SHOCK,CONTINUATION,ELASTIC_NET_LOGISTIC,F06,-7.164186295163104e-05
120,300,1,CONTEXT_PLUS_SHOCK,CONTINUATION,ELASTIC_NET_LOGISTIC,F07,0.027141624639148595
120,300,1,CONTEXT_PLUS_SHOCK,CONTINUATION,ELASTIC_NET_LOGISTIC,F08,-0.06632755765473766
120,300,1,CONTEXT_PLUS_SHOCK,CONTINUATION,ELASTIC_NET_LOGISTIC,F09,0.022065210751791242
120,300,1,CONTEXT_PLUS_SHOCK,CONTINUATION,ELASTIC_NET_LOGISTIC,F10,0.04272951537031818
120,300,1,CONTEXT_PLUS_SHOCK,CONTINUATION,ELASTIC_NET_LOGISTIC,F11,0.4041332895460802
120,300,1,CONTEXT_PLUS_SHOCK,CONTINUATION,ELASTIC_NET_LOGISTIC,F12,0.19098793191751523
120,300,1,CONTEXT_PLUS_SHOCK,CONTINUATION,ELASTIC_NET_LOGISTIC,F13,-0.2288222172293236
120,300,1,CONTEXT_PLUS_SHOCK,CONTINUATION,ELASTIC_NET_LOGISTIC,F14,-0.13031343741616255
120,300,1,CONTEXT_PLUS_SHOCK,CONTINUATION,ELASTIC_NET_LOGISTIC,F15,-0.045782691930843875
120,300,1,CONTEXT_PLUS_SHOCK,CONTINUATION,ELASTIC_NET_LOGISTIC,F16,0.07456486450722047
120,300,1,CONTEXT_PLUS_SHOCK,CONTINUATION,ELASTIC_NET_LOGISTIC,F17,0.0
120,300,1,CONTEXT_PLUS_SHOCK,CONTINUATION,ELASTIC_NET_LOGISTIC,F18,0.0
120,300,1,CONTEXT_PLUS_SHOCK,CONTINUATION,ELASTIC_NET_LOGISTIC,F19,0.0
120,300,1,CONTEXT_PLUS_SHOCK,CONTINUATION,ELASTIC_NET_LOGISTIC,F20,0.0
120,300,1,CONTEXT_PLUS_SHOCK,CONTINUATION,ELASTIC_NET_LOGISTIC,F21,0.0
120,300,1,CONTEXT_PLUS_SHOCK,CONTINUATION,ELASTIC_NET_LOGISTIC,F22,0.0
120,300,1,CONTEXT_PLUS_SHOCK,CONTINUATION,ELASTIC_NET_LOGISTIC,F23,-0.3495330002349905
120,300,1,CONTEXT_PLUS_SHOCK,CONTINUATION,ELASTIC_NET_LOGISTIC,F24,-0.15986430359189652
120,300,1,CONTEXT_PLUS_SHOCK,CONTINUATION,ELASTIC_NET_LOGISTIC,F25,0.0
120,300,1,CONTEXT_PLUS_SHOCK,CONTINUATION,ELASTIC_NET_LOGISTIC,F26,-0.22569614534186386
120,300,1,CONTEXT_PLUS_SHOCK,CONTINUATION,ELASTIC_NET_LOGISTIC,F27,-0.24107814147009465
120,300,1,CONTEXT_PLUS_SHOCK,CONTINUATION,ELASTIC_NET_LOGISTIC,F28,-0.03603453958253783
120,300,1,CONTEXT_PLUS_SHOCK,CONTINUATION,ELASTIC_NET_LOGISTIC,F29,0.12165277071348837
120,300,1,CONTEXT_PLUS_SHOCK,CONTINUATION,ELASTIC_NET_LOGISTIC,F30,-0.07140609318880854
120,300,1,CONTEXT_PLUS_SHOCK,CONTINUATION,ELASTIC_NET_LOGISTIC,F31,0.23704229487412445
120,300,1,CONTEXT_PLUS_SHOCK,CONTINUATION,ELASTIC_NET_LOGISTIC,F32,0.0
120,300,1,CONTEXT_PLUS_SHOCK,CONTINUATION,ELASTIC_NET_LOGISTIC,F33,0.2591385286683681
120,300,1,CONTEXT_PLUS_SHOCK,CONTINUATION,ELASTIC_NET_LOGISTIC,F34,0.2388246519861929
120,300,1,CONTEXT_PLUS_SHOCK,CONTINUATION,ELASTIC_NET_LOGISTIC,F35,-0.07912535668481983
120,300,1,CONTEXT_PLUS_SHOCK,CONTINUATION,ELASTIC_NET_LOGISTIC,F36,0.19035037909353789
120,300,1,CONTEXT_PLUS_SHOCK,REVERSAL,ELASTIC_NET_REGRESSION,F01,0.5255823507192233
120,300,1,CONTEXT_PLUS_SHOCK,REVERSAL,ELASTIC_NET_REGRESSION,F02,0.0
120,300,1,CONTEXT_PLUS_SHOCK,REVERSAL,ELASTIC_NET_REGRESSION,F03,-0.0
120,300,1,CONTEXT_PLUS_SHOCK,REVERSAL,ELASTIC_NET_REGRESSION,F04,-0.0
120,300,1,CONTEXT_PLUS_SHOCK,REVERSAL,ELASTIC_NET_REGRESSION,F05,-0.11026021289089888
120,300,1,CONTEXT_PLUS_SHOCK,REVERSAL,ELASTIC_NET_REGRESSION,F06,-0.0
120,300,1,CONTEXT_PLUS_SHOCK,REVERSAL,ELASTIC_NET_REGRESSION,F07,0.038157659607725436
120,300,1,CONTEXT_PLUS_SHOCK,REVERSAL,ELASTIC_NET_REGRESSION,F08,0.0
120,300,1,CONTEXT_PLUS_SHOCK,REVERSAL,ELASTIC_NET_REGRESSION,F09,0.06384317704335477
120,300,1,CONTEXT_PLUS_SHOCK,REVERSAL,ELASTIC_NET_REGRESSION,F10,0.0
120,300,1,CONTEXT_PLUS_SHOCK,REVERSAL,ELASTIC_NET_REGRESSION,F11,-0.5638004079840527
120,300,1,CONTEXT_PLUS_SHOCK,REVERSAL,ELASTIC_NET_REGRESSION,F12,-0.10080207133009025
120,300,1,CONTEXT_PLUS_SHOCK,REVERSAL,ELASTIC_NET_REGRESSION,F13,0.2459033025581801
120,300,1,CONTEXT_PLUS_SHOCK,REVERSAL,ELASTIC_NET_REGRESSION,F14,0.08267108549466919
120,300,1,CONTEXT_PLUS_SHOCK,REVERSAL,ELASTIC_NET_REGRESSION,F15,-0.0
120,300,1,CONTEXT_PLUS_SHOCK,REVERSAL,ELASTIC_NET_REGRESSION,F16,0.0
120,300,1,CONTEXT_PLUS_SHOCK,REVERSAL,ELASTIC_NET_REGRESSION,F17,-0.0
120,300,1,CONTEXT_PLUS_SHOCK,REVERSAL,ELASTIC_NET_REGRESSION,F18,-0.0
120,300,1,CONTEXT_PLUS_SHOCK,REVERSAL,ELASTIC_NET_REGRESSION,F19,-0.23459170271268243
120,300,1,CONTEXT_PLUS_SHOCK,REVERSAL,ELASTIC_NET_REGRESSION,F20,-0.0
120,300,1,CONTEXT_PLUS_SHOCK,REVERSAL,ELASTIC_NET_REGRESSION,F21,0.0
120,300,1,CONTEXT_PLUS_SHOCK,REVERSAL,ELASTIC_NET_REGRESSION,F22,-0.0
120,300,1,CONTEXT_PLUS_SHOCK,REVERSAL,ELASTIC_NET_REGRESSION,F23,0.031832203514754055
120,300,1,CONTEXT_PLUS_SHOCK,REVERSAL,ELASTIC_NET_REGRESSION,F24,0.028187198265392406
120,300,1,CONTEXT_PLUS_SHOCK,REVERSAL,ELASTIC_NET_REGRESSION,F25,0.013080270756942843
120,300,1,CONTEXT_PLUS_SHOCK,REVERSAL,ELASTIC_NET_REGRESSION,F26,-0.0
120,300,1,CONTEXT_PLUS_SHOCK,REVERSAL,ELASTIC_NET_REGRESSION,F27,-0.0
120,300,1,CONTEXT_PLUS_SHOCK,REVERSAL,ELASTIC_NET_REGRESSION,F28,0.0
120,300,1,CONTEXT_PLUS_SHOCK,REVERSAL,ELASTIC_NET_REGRESSION,F29,-0.0
120,300,1,CONTEXT_PLUS_SHOCK,REVERSAL,ELASTIC_NET_REGRESSION,F30,-0.0
120,300,1,CONTEXT_PLUS_SHOCK,REVERSAL,ELASTIC_NET_REGRESSION,F31,0.0
120,300,1,CONTEXT_PLUS_SHOCK,REVERSAL,ELASTIC_NET_REGRESSION,F32,0.0
120,300,1,CONTEXT_PLUS_SHOCK,REVERSAL,ELASTIC_NET_REGRESSION,F33,0.578703660232846
120,300,1,CONTEXT_PLUS_SHOCK,REVERSAL,ELASTIC_NET_REGRESSION,F34,-0.23322644641395548
120,300,1,CONTEXT_PLUS_SHOCK,REVERSAL,ELASTIC_NET_REGRESSION,F35,0.1452172601285466
120,300,1,CONTEXT_PLUS_SHOCK,REVERSAL,ELASTIC_NET_REGRESSION,F36,-0.0
120,300,1,CONTEXT_PLUS_SHOCK,REVERSAL,ELASTIC_NET_LOGISTIC,F01,0.0
120,300,1,CONTEXT_PLUS_SHOCK,REVERSAL,ELASTIC_NET_LOGISTIC,F02,0.0
120,300,1,CONTEXT_PLUS_SHOCK,REVERSAL,ELASTIC_NET_LOGISTIC,F03,0.0
120,300,1,CONTEXT_PLUS_SHOCK,REVERSAL,ELASTIC_NET_LOGISTIC,F04,0.0
120,300,1,CONTEXT_PLUS_SHOCK,REVERSAL,ELASTIC_NET_LOGISTIC,F05,-0.07160425237086086
120,300,1,CONTEXT_PLUS_SHOCK,REVERSAL,ELASTIC_NET_LOGISTIC,F06,-0.027595355562537904
120,300,1,CONTEXT_PLUS_SHOCK,REVERSAL,ELASTIC_NET_LOGISTIC,F07,0.024791128159903354
120,300,1,CONTEXT_PLUS_SHOCK,REVERSAL,ELASTIC_NET_LOGISTIC,F08,-0.04035119151455113
120,300,1,CONTEXT_PLUS_SHOCK,REVERSAL,ELASTIC_NET_LOGISTIC,F09,0.05418739797090197
120,300,1,CONTEXT_PLUS_SHOCK,REVERSAL,ELASTIC_NET_LOGISTIC,F10,0.0
120,300,1,CONTEXT_PLUS_SHOCK,REVERSAL,ELASTIC_NET_LOGISTIC,F11,0.0
120,300,1,CONTEXT_PLUS_SHOCK,REVERSAL,ELASTIC_NET_LOGISTIC,F12,-0.05870588724223411
120,300,1,CONTEXT_PLUS_SHOCK,REVERSAL,ELASTIC_NET_LOGISTIC,F13,0.16129310147662063
120,300,1,CONTEXT_PLUS_SHOCK,REVERSAL,ELASTIC_NET_LOGISTIC,F14,0.0
120,300,1,CONTEXT_PLUS_SHOCK,REVERSAL,ELASTIC_NET_LOGISTIC,F15,0.0
120,300,1,CONTEXT_PLUS_SHOCK,REVERSAL,ELASTIC_NET_LOGISTIC,F16,0.0
120,300,1,CONTEXT_PLUS_SHOCK,REVERSAL,ELASTIC_NET_LOGISTIC,F17,0.0
120,300,1,CONTEXT_PLUS_SHOCK,REVERSAL,ELASTIC_NET_LOGISTIC,F18,-0.016329363416328742
120,300,1,CONTEXT_PLUS_SHOCK,REVERSAL,ELASTIC_NET_LOGISTIC,F19,-0.008471354572205849
120,300,1,CONTEXT_PLUS_SHOCK,REVERSAL,ELASTIC_NET_LOGISTIC,F20,-0.08046754268526762
120,300,1,CONTEXT_PLUS_SHOCK,REVERSAL,ELASTIC_NET_LOGISTIC,F21,-0.03763101863824539
120,300,1,CONTEXT_PLUS_SHOCK,REVERSAL,ELASTIC_NET_LOGISTIC,F22,0.0
120,300,1,CONTEXT_PLUS_SHOCK,REVERSAL,ELASTIC_NET_LOGISTIC,F23,0.09236496664457633
120,300,1,CONTEXT_PLUS_SHOCK,REVERSAL,ELASTIC_NET_LOGISTIC,F24,0.0
120,300,1,CONTEXT_PLUS_SHOCK,REVERSAL,ELASTIC_NET_LOGISTIC,F25,0.0
120,300,1,CONTEXT_PLUS_SHOCK,REVERSAL,ELASTIC_NET_LOGISTIC,F26,-0.18907451548933482
120,300,1,CONTEXT_PLUS_SHOCK,REVERSAL,ELASTIC_NET_LOGISTIC,F27,0.0
120,300,1,CONTEXT_PLUS_SHOCK,REVERSAL,ELASTIC_NET_LOGISTIC,F28,0.3559210885457966
120,300,1,CONTEXT_PLUS_SHOCK,REVERSAL,ELASTIC_NET_LOGISTIC,F29,0.0
120,300,1,CONTEXT_PLUS_SHOCK,REVERSAL,ELASTIC_NET_LOGISTIC,F30,0.0
120,300,1,CONTEXT_PLUS_SHOCK,REVERSAL,ELASTIC_NET_LOGISTIC,F31,0.0
120,300,1,CONTEXT_PLUS_SHOCK,REVERSAL,ELASTIC_NET_LOGISTIC,F32,0.0
120,300,1,CONTEXT_PLUS_SHOCK,REVERSAL,ELASTIC_NET_LOGISTIC,F33,0.0
120,300,1,CONTEXT_PLUS_SHOCK,REVERSAL,ELASTIC_NET_LOGISTIC,F34,-0.014613027791539735
120,300,1,CONTEXT_PLUS_SHOCK,REVERSAL,ELASTIC_NET_LOGISTIC,F35,0.0
120,300,1,CONTEXT_PLUS_SHOCK,REVERSAL,ELASTIC_NET_LOGISTIC,F36,0.0
120,300,2,CONTEXT_ONLY,CONTINUATION,ELASTIC_NET_REGRESSION,F01,-0.4585784815671874
120,300,2,CONTEXT_ONLY,CONTINUATION,ELASTIC_NET_REGRESSION,F02,-0.0
120,300,2,CONTEXT_ONLY,CONTINUATION,ELASTIC_NET_REGRESSION,F03,0.0
120,300,2,CONTEXT_ONLY,CONTINUATION,ELASTIC_NET_REGRESSION,F04,0.0
120,300,2,CONTEXT_ONLY,CONTINUATION,ELASTIC_NET_REGRESSION,F05,0.04455980231807348
120,300,2,CONTEXT_ONLY,CONTINUATION,ELASTIC_NET_REGRESSION,F06,0.0
120,300,2,CONTEXT_ONLY,CONTINUATION,ELASTIC_NET_REGRESSION,F07,0.0
120,300,2,CONTEXT_ONLY,CONTINUATION,ELASTIC_NET_REGRESSION,F08,-0.05183392205790664
120,300,2,CONTEXT_ONLY,CONTINUATION,ELASTIC_NET_REGRESSION,F09,-0.15317286858132387
120,300,2,CONTEXT_ONLY,CONTINUATION,ELASTIC_NET_REGRESSION,F10,-0.0
120,300,2,CONTEXT_ONLY,CONTINUATION,ELASTIC_NET_REGRESSION,F11,0.36395989801750117
120,300,2,CONTEXT_ONLY,CONTINUATION,ELASTIC_NET_REGRESSION,F12,0.1720635583638893
120,300,2,CONTEXT_ONLY,CONTINUATION,ELASTIC_NET_REGRESSION,F13,-0.2779154541433156
120,300,2,CONTEXT_ONLY,CONTINUATION,ELASTIC_NET_REGRESSION,F14,-0.06203718003891641
120,300,2,CONTEXT_ONLY,CONTINUATION,ELASTIC_NET_REGRESSION,F15,0.0
120,300,2,CONTEXT_ONLY,CONTINUATION,ELASTIC_NET_REGRESSION,F16,0.0
120,300,2,CONTEXT_ONLY,CONTINUATION,ELASTIC_NET_REGRESSION,F17,0.0
120,300,2,CONTEXT_ONLY,CONTINUATION,ELASTIC_NET_REGRESSION,F18,0.015969515055489814
120,300,2,CONTEXT_ONLY,CONTINUATION,ELASTIC_NET_REGRESSION,F19,0.0
120,300,2,CONTEXT_ONLY,CONTINUATION,ELASTIC_NET_REGRESSION,F20,0.10523277126644752
120,300,2,CONTEXT_ONLY,CONTINUATION,ELASTIC_NET_REGRESSION,F21,0.0
120,300,2,CONTEXT_ONLY,CONTINUATION,ELASTIC_NET_REGRESSION,F22,0.08343715954305432
120,300,2,CONTEXT_ONLY,CONTINUATION,ELASTIC_NET_REGRESSION,F23,-0.06639567867335366
120,300,2,CONTEXT_ONLY,CONTINUATION,ELASTIC_NET_REGRESSION,F24,-0.028976657784586288
120,300,2,CONTEXT_ONLY,CONTINUATION,ELASTIC_NET_REGRESSION,F25,-0.0
120,300,2,CONTEXT_ONLY,CONTINUATION,ELASTIC_NET_REGRESSION,F26,0.0
120,300,2,CONTEXT_ONLY,CONTINUATION,ELASTIC_NET_REGRESSION,F27,-0.0
120,300,2,CONTEXT_ONLY,CONTINUATION,ELASTIC_NET_REGRESSION,F28,0.0
120,300,2,CONTEXT_ONLY,CONTINUATION,ELASTIC_NET_REGRESSION,F29,0.010137514211023345
120,300,2,CONTEXT_ONLY,CONTINUATION,ELASTIC_NET_REGRESSION,F36,-0.0
120,300,2,CONTEXT_ONLY,CONTINUATION,ELASTIC_NET_LOGISTIC,F01,-0.2897571873681442
120,300,2,CONTEXT_ONLY,CONTINUATION,ELASTIC_NET_LOGISTIC,F02,-0.16232699312717838
120,300,2,CONTEXT_ONLY,CONTINUATION,ELASTIC_NET_LOGISTIC,F03,0.0
120,300,2,CONTEXT_ONLY,CONTINUATION,ELASTIC_NET_LOGISTIC,F04,0.0
120,300,2,CONTEXT_ONLY,CONTINUATION,ELASTIC_NET_LOGISTIC,F05,0.2976937593395306
120,300,2,CONTEXT_ONLY,CONTINUATION,ELASTIC_NET_LOGISTIC,F06,0.0
120,300,2,CONTEXT_ONLY,CONTINUATION,ELASTIC_NET_LOGISTIC,F07,0.027576549674048458
120,300,2,CONTEXT_ONLY,CONTINUATION,ELASTIC_NET_LOGISTIC,F08,-0.12028058261507062
120,300,2,CONTEXT_ONLY,CONTINUATION,ELASTIC_NET_LOGISTIC,F09,0.0060044509476022976
120,300,2,CONTEXT_ONLY,CONTINUATION,ELASTIC_NET_LOGISTIC,F10,0.055586092784552066
120,300,2,CONTEXT_ONLY,CONTINUATION,ELASTIC_NET_LOGISTIC,F11,0.212203808291324
120,300,2,CONTEXT_ONLY,CONTINUATION,ELASTIC_NET_LOGISTIC,F12,0.1610355749828206
120,300,2,CONTEXT_ONLY,CONTINUATION,ELASTIC_NET_LOGISTIC,F13,-0.22784993191218259
120,300,2,CONTEXT_ONLY,CONTINUATION,ELASTIC_NET_LOGISTIC,F14,-0.0513787827073842
120,300,2,CONTEXT_ONLY,CONTINUATION,ELASTIC_NET_LOGISTIC,F15,-0.10616858112747675
120,300,2,CONTEXT_ONLY,CONTINUATION,ELASTIC_NET_LOGISTIC,F16,0.0
120,300,2,CONTEXT_ONLY,CONTINUATION,ELASTIC_NET_LOGISTIC,F17,0.0
120,300,2,CONTEXT_ONLY,CONTINUATION,ELASTIC_NET_LOGISTIC,F18,0.0035074820413803108
120,300,2,CONTEXT_ONLY,CONTINUATION,ELASTIC_NET_LOGISTIC,F19,0.03887112304357269
120,300,2,CONTEXT_ONLY,CONTINUATION,ELASTIC_NET_LOGISTIC,F20,0.07181050285809516
120,300,2,CONTEXT_ONLY,CONTINUATION,ELASTIC_NET_LOGISTIC,F21,0.01514205833821805
120,300,2,CONTEXT_ONLY,CONTINUATION,ELASTIC_NET_LOGISTIC,F22,0.0654170925741545
120,300,2,CONTEXT_ONLY,CONTINUATION,ELASTIC_NET_LOGISTIC,F23,-0.03184429236050011
120,300,2,CONTEXT_ONLY,CONTINUATION,ELASTIC_NET_LOGISTIC,F24,-0.0895562325862688
120,300,2,CONTEXT_ONLY,CONTINUATION,ELASTIC_NET_LOGISTIC,F25,0.057041641683629
120,300,2,CONTEXT_ONLY,CONTINUATION,ELASTIC_NET_LOGISTIC,F26,-0.22390393796467253
120,300,2,CONTEXT_ONLY,CONTINUATION,ELASTIC_NET_LOGISTIC,F27,-0.003140115631305206
120,300,2,CONTEXT_ONLY,CONTINUATION,ELASTIC_NET_LOGISTIC,F28,0.185682020083572
120,300,2,CONTEXT_ONLY,CONTINUATION,ELASTIC_NET_LOGISTIC,F29,0.11375640844059673
120,300,2,CONTEXT_ONLY,CONTINUATION,ELASTIC_NET_LOGISTIC,F36,0.022635127252757133
120,300,2,CONTEXT_ONLY,REVERSAL,ELASTIC_NET_REGRESSION,F01,0.4601097886089092
120,300,2,CONTEXT_ONLY,REVERSAL,ELASTIC_NET_REGRESSION,F02,0.0
120,300,2,CONTEXT_ONLY,REVERSAL,ELASTIC_NET_REGRESSION,F03,-0.0
120,300,2,CONTEXT_ONLY,REVERSAL,ELASTIC_NET_REGRESSION,F04,-0.0
120,300,2,CONTEXT_ONLY,REVERSAL,ELASTIC_NET_REGRESSION,F05,-0.0475047218222012
120,300,2,CONTEXT_ONLY,REVERSAL,ELASTIC_NET_REGRESSION,F06,-0.0
120,300,2,CONTEXT_ONLY,REVERSAL,ELASTIC_NET_REGRESSION,F07,-0.0
120,300,2,CONTEXT_ONLY,REVERSAL,ELASTIC_NET_REGRESSION,F08,0.04624799657354333
120,300,2,CONTEXT_ONLY,REVERSAL,ELASTIC_NET_REGRESSION,F09,0.15703134568145702
120,300,2,CONTEXT_ONLY,REVERSAL,ELASTIC_NET_REGRESSION,F10,0.0
120,300,2,CONTEXT_ONLY,REVERSAL,ELASTIC_NET_REGRESSION,F11,-0.3693931638217126
120,300,2,CONTEXT_ONLY,REVERSAL,ELASTIC_NET_REGRESSION,F12,-0.17237613287689418
120,300,2,CONTEXT_ONLY,REVERSAL,ELASTIC_NET_REGRESSION,F13,0.2793872556460203
120,300,2,CONTEXT_ONLY,REVERSAL,ELASTIC_NET_REGRESSION,F14,0.06286739903450343
120,300,2,CONTEXT_ONLY,REVERSAL,ELASTIC_NET_REGRESSION,F15,-0.0
120,300,2,CONTEXT_ONLY,REVERSAL,ELASTIC_NET_REGRESSION,F16,-0.0
120,300,2,CONTEXT_ONLY,REVERSAL,ELASTIC_NET_REGRESSION,F17,-0.0
120,300,2,CONTEXT_ONLY,REVERSAL,ELASTIC_NET_REGRESSION,F18,-0.008442048323646282
120,300,2,CONTEXT_ONLY,REVERSAL,ELASTIC_NET_REGRESSION,F19,-0.0
120,300,2,CONTEXT_ONLY,REVERSAL,ELASTIC_NET_REGRESSION,F20,-0.09849696246877045
120,300,2,CONTEXT_ONLY,REVERSAL,ELASTIC_NET_REGRESSION,F21,-0.0
120,300,2,CONTEXT_ONLY,REVERSAL,ELASTIC_NET_REGRESSION,F22,-0.07663551528976971
120,300,2,CONTEXT_ONLY,REVERSAL,ELASTIC_NET_REGRESSION,F23,0.07078929075465365
120,300,2,CONTEXT_ONLY,REVERSAL,ELASTIC_NET_REGRESSION,F24,0.026381406746333044
120,300,2,CONTEXT_ONLY,REVERSAL,ELASTIC_NET_REGRESSION,F25,0.0
120,300,2,CONTEXT_ONLY,REVERSAL,ELASTIC_NET_REGRESSION,F26,-0.0
120,300,2,CONTEXT_ONLY,REVERSAL,ELASTIC_NET_REGRESSION,F27,0.0
120,300,2,CONTEXT_ONLY,REVERSAL,ELASTIC_NET_REGRESSION,F28,-0.0
120,300,2,CONTEXT_ONLY,REVERSAL,ELASTIC_NET_REGRESSION,F29,-0.006088619953708296
120,300,2,CONTEXT_ONLY,REVERSAL,ELASTIC_NET_REGRESSION,F36,0.0
120,300,2,CONTEXT_ONLY,REVERSAL,ELASTIC_NET_LOGISTIC,F01,0.0
120,300,2,CONTEXT_ONLY,REVERSAL,ELASTIC_NET_LOGISTIC,F02,0.0
120,300,2,CONTEXT_ONLY,REVERSAL,ELASTIC_NET_LOGISTIC,F03,0.0
120,300,2,CONTEXT_ONLY,REVERSAL,ELASTIC_NET_LOGISTIC,F04,0.0
120,300,2,CONTEXT_ONLY,REVERSAL,ELASTIC_NET_LOGISTIC,F05,-0.046718550895796955
120,300,2,CONTEXT_ONLY,REVERSAL,ELASTIC_NET_LOGISTIC,F06,0.0
120,300,2,CONTEXT_ONLY,REVERSAL,ELASTIC_NET_LOGISTIC,F07,0.04886484509785645
120,300,2,CONTEXT_ONLY,REVERSAL,ELASTIC_NET_LOGISTIC,F08,0.0
120,300,2,CONTEXT_ONLY,REVERSAL,ELASTIC_NET_LOGISTIC,F09,0.11679198143040376
120,300,2,CONTEXT_ONLY,REVERSAL,ELASTIC_NET_LOGISTIC,F10,0.0
120,300,2,CONTEXT_ONLY,REVERSAL,ELASTIC_NET_LOGISTIC,F11,0.0
120,300,2,CONTEXT_ONLY,REVERSAL,ELASTIC_NET_LOGISTIC,F12,-0.050431676511704666
120,300,2,CONTEXT_ONLY,REVERSAL,ELASTIC_NET_LOGISTIC,F13,0.12899035144188167
120,300,2,CONTEXT_ONLY,REVERSAL,ELASTIC_NET_LOGISTIC,F14,0.0
120,300,2,CONTEXT_ONLY,REVERSAL,ELASTIC_NET_LOGISTIC,F15,0.0
120,300,2,CONTEXT_ONLY,REVERSAL,ELASTIC_NET_LOGISTIC,F16,0.0
120,300,2,CONTEXT_ONLY,REVERSAL,ELASTIC_NET_LOGISTIC,F17,0.0
120,300,2,CONTEXT_ONLY,REVERSAL,ELASTIC_NET_LOGISTIC,F18,-0.057984736244357814
120,300,2,CONTEXT_ONLY,REVERSAL,ELASTIC_NET_LOGISTIC,F19,-0.04771641923502543
120,300,2,CONTEXT_ONLY,REVERSAL,ELASTIC_NET_LOGISTIC,F20,-0.07671187762379339
120,300,2,CONTEXT_ONLY,REVERSAL,ELASTIC_NET_LOGISTIC,F21,0.0
120,300,2,CONTEXT_ONLY,REVERSAL,ELASTIC_NET_LOGISTIC,F22,0.0
120,300,2,CONTEXT_ONLY,REVERSAL,ELASTIC_NET_LOGISTIC,F23,0.1875174958256218
120,300,2,CONTEXT_ONLY,REVERSAL,ELASTIC_NET_LOGISTIC,F24,0.0
120,300,2,CONTEXT_ONLY,REVERSAL,ELASTIC_NET_LOGISTIC,F25,0.0
120,300,2,CONTEXT_ONLY,REVERSAL,ELASTIC_NET_LOGISTIC,F26,-0.37907066066121414
120,300,2,CONTEXT_ONLY,REVERSAL,ELASTIC_NET_LOGISTIC,F27,0.0
120,300,2,CONTEXT_ONLY,REVERSAL,ELASTIC_NET_LOGISTIC,F28,0.20639362913485187
120,300,2,CONTEXT_ONLY,REVERSAL,ELASTIC_NET_LOGISTIC,F29,0.0
120,300,2,CONTEXT_ONLY,REVERSAL,ELASTIC_NET_LOGISTIC,F36,0.0
120,300,2,CONTEXT_PLUS_SHOCK,CONTINUATION,ELASTIC_NET_REGRESSION,F01,-0.45461839123597
120,300,2,CONTEXT_PLUS_SHOCK,CONTINUATION,ELASTIC_NET_REGRESSION,F02,-0.0
120,300,2,CONTEXT_PLUS_SHOCK,CONTINUATION,ELASTIC_NET_REGRESSION,F03,-0.0
120,300,2,CONTEXT_PLUS_SHOCK,CONTINUATION,ELASTIC_NET_REGRESSION,F04,0.0
120,300,2,CONTEXT_PLUS_SHOCK,CONTINUATION,ELASTIC_NET_REGRESSION,F05,0.06164071523872902
120,300,2,CONTEXT_PLUS_SHOCK,CONTINUATION,ELASTIC_NET_REGRESSION,F06,0.0
120,300,2,CONTEXT_PLUS_SHOCK,CONTINUATION,ELASTIC_NET_REGRESSION,F07,0.0
120,300,2,CONTEXT_PLUS_SHOCK,CONTINUATION,ELASTIC_NET_REGRESSION,F08,-0.07682740119825965
120,300,2,CONTEXT_PLUS_SHOCK,CONTINUATION,ELASTIC_NET_REGRESSION,F09,-0.14515407985863393
120,300,2,CONTEXT_PLUS_SHOCK,CONTINUATION,ELASTIC_NET_REGRESSION,F10,-0.0
120,300,2,CONTEXT_PLUS_SHOCK,CONTINUATION,ELASTIC_NET_REGRESSION,F11,0.34992223167825337
120,300,2,CONTEXT_PLUS_SHOCK,CONTINUATION,ELASTIC_NET_REGRESSION,F12,0.1653852633871088
120,300,2,CONTEXT_PLUS_SHOCK,CONTINUATION,ELASTIC_NET_REGRESSION,F13,-0.29297683584997264
120,300,2,CONTEXT_PLUS_SHOCK,CONTINUATION,ELASTIC_NET_REGRESSION,F14,-0.08090742514586692
120,300,2,CONTEXT_PLUS_SHOCK,CONTINUATION,ELASTIC_NET_REGRESSION,F15,0.0
120,300,2,CONTEXT_PLUS_SHOCK,CONTINUATION,ELASTIC_NET_REGRESSION,F16,0.0
120,300,2,CONTEXT_PLUS_SHOCK,CONTINUATION,ELASTIC_NET_REGRESSION,F17,0.0
120,300,2,CONTEXT_PLUS_SHOCK,CONTINUATION,ELASTIC_NET_REGRESSION,F18,0.016453025217715564
120,300,2,CONTEXT_PLUS_SHOCK,CONTINUATION,ELASTIC_NET_REGRESSION,F19,0.0
120,300,2,CONTEXT_PLUS_SHOCK,CONTINUATION,ELASTIC_NET_REGRESSION,F20,0.16749013756618275
120,300,2,CONTEXT_PLUS_SHOCK,CONTINUATION,ELASTIC_NET_REGRESSION,F21,0.0
120,300,2,CONTEXT_PLUS_SHOCK,CONTINUATION,ELASTIC_NET_REGRESSION,F22,0.13226099035801517
120,300,2,CONTEXT_PLUS_SHOCK,CONTINUATION,ELASTIC_NET_REGRESSION,F23,-0.06728488971796305
120,300,2,CONTEXT_PLUS_SHOCK,CONTINUATION,ELASTIC_NET_REGRESSION,F24,-0.023328937264862838
120,300,2,CONTEXT_PLUS_SHOCK,CONTINUATION,ELASTIC_NET_REGRESSION,F25,-0.0
120,300,2,CONTEXT_PLUS_SHOCK,CONTINUATION,ELASTIC_NET_REGRESSION,F26,0.0
120,300,2,CONTEXT_PLUS_SHOCK,CONTINUATION,ELASTIC_NET_REGRESSION,F27,-0.0
120,300,2,CONTEXT_PLUS_SHOCK,CONTINUATION,ELASTIC_NET_REGRESSION,F28,0.0
120,300,2,CONTEXT_PLUS_SHOCK,CONTINUATION,ELASTIC_NET_REGRESSION,F29,0.0
120,300,2,CONTEXT_PLUS_SHOCK,CONTINUATION,ELASTIC_NET_REGRESSION,F30,0.0
120,300,2,CONTEXT_PLUS_SHOCK,CONTINUATION,ELASTIC_NET_REGRESSION,F31,-0.0
120,300,2,CONTEXT_PLUS_SHOCK,CONTINUATION,ELASTIC_NET_REGRESSION,F32,0.0
120,300,2,CONTEXT_PLUS_SHOCK,CONTINUATION,ELASTIC_NET_REGRESSION,F33,-0.17016084771007214
120,300,2,CONTEXT_PLUS_SHOCK,CONTINUATION,ELASTIC_NET_REGRESSION,F34,0.13821194279224905
120,300,2,CONTEXT_PLUS_SHOCK,CONTINUATION,ELASTIC_NET_REGRESSION,F35,-0.13774864674952036
120,300,2,CONTEXT_PLUS_SHOCK,CONTINUATION,ELASTIC_NET_REGRESSION,F36,-0.0
120,300,2,CONTEXT_PLUS_SHOCK,CONTINUATION,ELASTIC_NET_LOGISTIC,F01,-0.2995019128560021
120,300,2,CONTEXT_PLUS_SHOCK,CONTINUATION,ELASTIC_NET_LOGISTIC,F02,-0.16852526556222566
120,300,2,CONTEXT_PLUS_SHOCK,CONTINUATION,ELASTIC_NET_LOGISTIC,F03,0.0
120,300,2,CONTEXT_PLUS_SHOCK,CONTINUATION,ELASTIC_NET_LOGISTIC,F04,0.0
120,300,2,CONTEXT_PLUS_SHOCK,CONTINUATION,ELASTIC_NET_LOGISTIC,F05,0.3051377304436442
120,300,2,CONTEXT_PLUS_SHOCK,CONTINUATION,ELASTIC_NET_LOGISTIC,F06,0.0
120,300,2,CONTEXT_PLUS_SHOCK,CONTINUATION,ELASTIC_NET_LOGISTIC,F07,0.017319206427997638
120,300,2,CONTEXT_PLUS_SHOCK,CONTINUATION,ELASTIC_NET_LOGISTIC,F08,-0.14164403475775228
120,300,2,CONTEXT_PLUS_SHOCK,CONTINUATION,ELASTIC_NET_LOGISTIC,F09,0.0
120,300,2,CONTEXT_PLUS_SHOCK,CONTINUATION,ELASTIC_NET_LOGISTIC,F10,0.045010911051416753
120,300,2,CONTEXT_PLUS_SHOCK,CONTINUATION,ELASTIC_NET_LOGISTIC,F11,0.21332967472442316
120,300,2,CONTEXT_PLUS_SHOCK,CONTINUATION,ELASTIC_NET_LOGISTIC,F12,0.17688394117131528
120,300,2,CONTEXT_PLUS_SHOCK,CONTINUATION,ELASTIC_NET_LOGISTIC,F13,-0.2715036855478654
120,300,2,CONTEXT_PLUS_SHOCK,CONTINUATION,ELASTIC_NET_LOGISTIC,F14,-0.04918251314772179
120,300,2,CONTEXT_PLUS_SHOCK,CONTINUATION,ELASTIC_NET_LOGISTIC,F15,-0.11328469855406162
120,300,2,CONTEXT_PLUS_SHOCK,CONTINUATION,ELASTIC_NET_LOGISTIC,F16,0.0
120,300,2,CONTEXT_PLUS_SHOCK,CONTINUATION,ELASTIC_NET_LOGISTIC,F17,0.0
120,300,2,CONTEXT_PLUS_SHOCK,CONTINUATION,ELASTIC_NET_LOGISTIC,F18,0.018578055864858906
120,300,2,CONTEXT_PLUS_SHOCK,CONTINUATION,ELASTIC_NET_LOGISTIC,F19,0.020507458991988137
120,300,2,CONTEXT_PLUS_SHOCK,CONTINUATION,ELASTIC_NET_LOGISTIC,F20,0.04647220904308921
120,300,2,CONTEXT_PLUS_SHOCK,CONTINUATION,ELASTIC_NET_LOGISTIC,F21,0.017532052604181562
120,300,2,CONTEXT_PLUS_SHOCK,CONTINUATION,ELASTIC_NET_LOGISTIC,F22,0.049576299250728144
120,300,2,CONTEXT_PLUS_SHOCK,CONTINUATION,ELASTIC_NET_LOGISTIC,F23,-0.07790552426037847
120,300,2,CONTEXT_PLUS_SHOCK,CONTINUATION,ELASTIC_NET_LOGISTIC,F24,-0.09909551487608333
120,300,2,CONTEXT_PLUS_SHOCK,CONTINUATION,ELASTIC_NET_LOGISTIC,F25,0.04316470505647196
120,300,2,CONTEXT_PLUS_SHOCK,CONTINUATION,ELASTIC_NET_LOGISTIC,F26,-0.21020159393810042
120,300,2,CONTEXT_PLUS_SHOCK,CONTINUATION,ELASTIC_NET_LOGISTIC,F27,-0.013420404227233338
120,300,2,CONTEXT_PLUS_SHOCK,CONTINUATION,ELASTIC_NET_LOGISTIC,F28,0.13755937087001366
120,300,2,CONTEXT_PLUS_SHOCK,CONTINUATION,ELASTIC_NET_LOGISTIC,F29,0.11894120636974113
120,300,2,CONTEXT_PLUS_SHOCK,CONTINUATION,ELASTIC_NET_LOGISTIC,F30,-0.077442331826189
120,300,2,CONTEXT_PLUS_SHOCK,CONTINUATION,ELASTIC_NET_LOGISTIC,F31,0.06916676814106902
120,300,2,CONTEXT_PLUS_SHOCK,CONTINUATION,ELASTIC_NET_LOGISTIC,F32,0.0
120,300,2,CONTEXT_PLUS_SHOCK,CONTINUATION,ELASTIC_NET_LOGISTIC,F33,0.1548819760587208
120,300,2,CONTEXT_PLUS_SHOCK,CONTINUATION,ELASTIC_NET_LOGISTIC,F34,0.15529166635780925
120,300,2,CONTEXT_PLUS_SHOCK,CONTINUATION,ELASTIC_NET_LOGISTIC,F35,0.0
120,300,2,CONTEXT_PLUS_SHOCK,CONTINUATION,ELASTIC_NET_LOGISTIC,F36,0.03929687177194687
120,300,2,CONTEXT_PLUS_SHOCK,REVERSAL,ELASTIC_NET_REGRESSION,F01,0.4549695975102546
120,300,2,CONTEXT_PLUS_SHOCK,REVERSAL,ELASTIC_NET_REGRESSION,F02,0.0
120,300,2,CONTEXT_PLUS_SHOCK,REVERSAL,ELASTIC_NET_REGRESSION,F03,-0.0
120,300,2,CONTEXT_PLUS_SHOCK,REVERSAL,ELASTIC_NET_REGRESSION,F04,-0.0
120,300,2,CONTEXT_PLUS_SHOCK,REVERSAL,ELASTIC_NET_REGRESSION,F05,-0.06541921843498558
120,300,2,CONTEXT_PLUS_SHOCK,REVERSAL,ELASTIC_NET_REGRESSION,F06,-0.0
120,300,2,CONTEXT_PLUS_SHOCK,REVERSAL,ELASTIC_NET_REGRESSION,F07,-0.0
120,300,2,CONTEXT_PLUS_SHOCK,REVERSAL,ELASTIC_NET_REGRESSION,F08,0.07106507309986618
120,300,2,CONTEXT_PLUS_SHOCK,REVERSAL,ELASTIC_NET_REGRESSION,F09,0.14719273276948203
120,300,2,CONTEXT_PLUS_SHOCK,REVERSAL,ELASTIC_NET_REGRESSION,F10,0.0
120,300,2,CONTEXT_PLUS_SHOCK,REVERSAL,ELASTIC_NET_REGRESSION,F11,-0.35480937408056173
120,300,2,CONTEXT_PLUS_SHOCK,REVERSAL,ELASTIC_NET_REGRESSION,F12,-0.16439912896911457
120,300,2,CONTEXT_PLUS_SHOCK,REVERSAL,ELASTIC_NET_REGRESSION,F13,0.2927089569934182
120,300,2,CONTEXT_PLUS_SHOCK,REVERSAL,ELASTIC_NET_REGRESSION,F14,0.08199212902094884
120,300,2,CONTEXT_PLUS_SHOCK,REVERSAL,ELASTIC_NET_REGRESSION,F15,-0.0
120,300,2,CONTEXT_PLUS_SHOCK,REVERSAL,ELASTIC_NET_REGRESSION,F16,-0.0
120,300,2,CONTEXT_PLUS_SHOCK,REVERSAL,ELASTIC_NET_REGRESSION,F17,-0.0
120,300,2,CONTEXT_PLUS_SHOCK,REVERSAL,ELASTIC_NET_REGRESSION,F18,-0.010318707157332022
120,300,2,CONTEXT_PLUS_SHOCK,REVERSAL,ELASTIC_NET_REGRESSION,F19,-0.0
120,300,2,CONTEXT_PLUS_SHOCK,REVERSAL,ELASTIC_NET_REGRESSION,F20,-0.16795045849045945
120,300,2,CONTEXT_PLUS_SHOCK,REVERSAL,ELASTIC_NET_REGRESSION,F21,-0.0
120,300,2,CONTEXT_PLUS_SHOCK,REVERSAL,ELASTIC_NET_REGRESSION,F22,-0.1303406192818847
120,300,2,CONTEXT_PLUS_SHOCK,REVERSAL,ELASTIC_NET_REGRESSION,F23,0.07189095914016036
120,300,2,CONTEXT_PLUS_SHOCK,REVERSAL,ELASTIC_NET_REGRESSION,F24,0.021390436869578856
120,300,2,CONTEXT_PLUS_SHOCK,REVERSAL,ELASTIC_NET_REGRESSION,F25,0.0
120,300,2,CONTEXT_PLUS_SHOCK,REVERSAL,ELASTIC_NET_REGRESSION,F26,-0.0
120,300,2,CONTEXT_PLUS_SHOCK,REVERSAL,ELASTIC_NET_REGRESSION,F27,0.0
120,300,2,CONTEXT_PLUS_SHOCK,REVERSAL,ELASTIC_NET_REGRESSION,F28,-0.0
120,300,2,CONTEXT_PLUS_SHOCK,REVERSAL,ELASTIC_NET_REGRESSION,F29,-0.0
120,300,2,CONTEXT_PLUS_SHOCK,REVERSAL,ELASTIC_NET_REGRESSION,F30,-0.0
120,300,2,CONTEXT_PLUS_SHOCK,REVERSAL,ELASTIC_NET_REGRESSION,F31,0.0
120,300,2,CONTEXT_PLUS_SHOCK,REVERSAL,ELASTIC_NET_REGRESSION,F32,0.0
120,300,2,CONTEXT_PLUS_SHOCK,REVERSAL,ELASTIC_NET_REGRESSION,F33,0.1881069181225683
120,300,2,CONTEXT_PLUS_SHOCK,REVERSAL,ELASTIC_NET_REGRESSION,F34,-0.13322826292741938
120,300,2,CONTEXT_PLUS_SHOCK,REVERSAL,ELASTIC_NET_REGRESSION,F35,0.15078422211174894
120,300,2,CONTEXT_PLUS_SHOCK,REVERSAL,ELASTIC_NET_REGRESSION,F36,0.0
120,300,2,CONTEXT_PLUS_SHOCK,REVERSAL,ELASTIC_NET_LOGISTIC,F01,0.0
120,300,2,CONTEXT_PLUS_SHOCK,REVERSAL,ELASTIC_NET_LOGISTIC,F02,0.0
120,300,2,CONTEXT_PLUS_SHOCK,REVERSAL,ELASTIC_NET_LOGISTIC,F03,0.0
120,300,2,CONTEXT_PLUS_SHOCK,REVERSAL,ELASTIC_NET_LOGISTIC,F04,0.0
120,300,2,CONTEXT_PLUS_SHOCK,REVERSAL,ELASTIC_NET_LOGISTIC,F05,-0.047399178878483494
120,300,2,CONTEXT_PLUS_SHOCK,REVERSAL,ELASTIC_NET_LOGISTIC,F06,0.0
120,300,2,CONTEXT_PLUS_SHOCK,REVERSAL,ELASTIC_NET_LOGISTIC,F07,0.049762893697574945
120,300,2,CONTEXT_PLUS_SHOCK,REVERSAL,ELASTIC_NET_LOGISTIC,F08,0.0
120,300,2,CONTEXT_PLUS_SHOCK,REVERSAL,ELASTIC_NET_LOGISTIC,F09,0.11904198249419723
120,300,2,CONTEXT_PLUS_SHOCK,REVERSAL,ELASTIC_NET_LOGISTIC,F10,0.0
120,300,2,CONTEXT_PLUS_SHOCK,REVERSAL,ELASTIC_NET_LOGISTIC,F11,0.0
120,300,2,CONTEXT_PLUS_SHOCK,REVERSAL,ELASTIC_NET_LOGISTIC,F12,-0.052405788131062996
120,300,2,CONTEXT_PLUS_SHOCK,REVERSAL,ELASTIC_NET_LOGISTIC,F13,0.13016217822485618
120,300,2,CONTEXT_PLUS_SHOCK,REVERSAL,ELASTIC_NET_LOGISTIC,F14,0.0
120,300,2,CONTEXT_PLUS_SHOCK,REVERSAL,ELASTIC_NET_LOGISTIC,F15,0.0
120,300,2,CONTEXT_PLUS_SHOCK,REVERSAL,ELASTIC_NET_LOGISTIC,F16,0.0
120,300,2,CONTEXT_PLUS_SHOCK,REVERSAL,ELASTIC_NET_LOGISTIC,F17,0.0
120,300,2,CONTEXT_PLUS_SHOCK,REVERSAL,ELASTIC_NET_LOGISTIC,F18,-0.04857295882733014
120,300,2,CONTEXT_PLUS_SHOCK,REVERSAL,ELASTIC_NET_LOGISTIC,F19,-0.046639312339597484
120,300,2,CONTEXT_PLUS_SHOCK,REVERSAL,ELASTIC_NET_LOGISTIC,F20,-0.06562822326632113
120,300,2,CONTEXT_PLUS_SHOCK,REVERSAL,ELASTIC_NET_LOGISTIC,F21,0.0
120,300,2,CONTEXT_PLUS_SHOCK,REVERSAL,ELASTIC_NET_LOGISTIC,F22,0.0
120,300,2,CONTEXT_PLUS_SHOCK,REVERSAL,ELASTIC_NET_LOGISTIC,F23,0.20137771074614955
120,300,2,CONTEXT_PLUS_SHOCK,REVERSAL,ELASTIC_NET_LOGISTIC,F24,0.0
120,300,2,CONTEXT_PLUS_SHOCK,REVERSAL,ELASTIC_NET_LOGISTIC,F25,0.0
120,300,2,CONTEXT_PLUS_SHOCK,REVERSAL,ELASTIC_NET_LOGISTIC,F26,-0.3762691901089889
120,300,2,CONTEXT_PLUS_SHOCK,REVERSAL,ELASTIC_NET_LOGISTIC,F27,0.0
120,300,2,CONTEXT_PLUS_SHOCK,REVERSAL,ELASTIC_NET_LOGISTIC,F28,0.2064455531621043
120,300,2,CONTEXT_PLUS_SHOCK,REVERSAL,ELASTIC_NET_LOGISTIC,F29,0.0
120,300,2,CONTEXT_PLUS_SHOCK,REVERSAL,ELASTIC_NET_LOGISTIC,F30,-0.07722811344819905
120,300,2,CONTEXT_PLUS_SHOCK,REVERSAL,ELASTIC_NET_LOGISTIC,F31,0.0
120,300,2,CONTEXT_PLUS_SHOCK,REVERSAL,ELASTIC_NET_LOGISTIC,F32,0.0
120,300,2,CONTEXT_PLUS_SHOCK,REVERSAL,ELASTIC_NET_LOGISTIC,F33,0.0
120,300,2,CONTEXT_PLUS_SHOCK,REVERSAL,ELASTIC_NET_LOGISTIC,F34,0.0
120,300,2,CONTEXT_PLUS_SHOCK,REVERSAL,ELASTIC_NET_LOGISTIC,F35,0.0
120,300,2,CONTEXT_PLUS_SHOCK,REVERSAL,ELASTIC_NET_LOGISTIC,F36,0.0
120,300,3,CONTEXT_ONLY,CONTINUATION,ELASTIC_NET_REGRESSION,F01,-0.15483138393764986
120,300,3,CONTEXT_ONLY,CONTINUATION,ELASTIC_NET_REGRESSION,F02,-0.0
120,300,3,CONTEXT_ONLY,CONTINUATION,ELASTIC_NET_REGRESSION,F03,-0.0
120,300,3,CONTEXT_ONLY,CONTINUATION,ELASTIC_NET_REGRESSION,F04,0.0
120,300,3,CONTEXT_ONLY,CONTINUATION,ELASTIC_NET_REGRESSION,F05,0.045166352971752644
120,300,3,CONTEXT_ONLY,CONTINUATION,ELASTIC_NET_REGRESSION,F06,0.0
120,300,3,CONTEXT_ONLY,CONTINUATION,ELASTIC_NET_REGRESSION,F07,0.0
120,300,3,CONTEXT_ONLY,CONTINUATION,ELASTIC_NET_REGRESSION,F08,-0.05761771076023277
120,300,3,CONTEXT_ONLY,CONTINUATION,ELASTIC_NET_REGRESSION,F09,-0.04800518221649762
120,300,3,CONTEXT_ONLY,CONTINUATION,ELASTIC_NET_REGRESSION,F10,-0.0
120,300,3,CONTEXT_ONLY,CONTINUATION,ELASTIC_NET_REGRESSION,F11,0.21022551777657256
120,300,3,CONTEXT_ONLY,CONTINUATION,ELASTIC_NET_REGRESSION,F12,0.02805187538806536
120,300,3,CONTEXT_ONLY,CONTINUATION,ELASTIC_NET_REGRESSION,F13,-0.23425650520446548
120,300,3,CONTEXT_ONLY,CONTINUATION,ELASTIC_NET_REGRESSION,F14,-0.057139390198731446
120,300,3,CONTEXT_ONLY,CONTINUATION,ELASTIC_NET_REGRESSION,F15,0.0
120,300,3,CONTEXT_ONLY,CONTINUATION,ELASTIC_NET_REGRESSION,F16,0.0
120,300,3,CONTEXT_ONLY,CONTINUATION,ELASTIC_NET_REGRESSION,F17,0.0
120,300,3,CONTEXT_ONLY,CONTINUATION,ELASTIC_NET_REGRESSION,F18,0.025213597493870605
120,300,3,CONTEXT_ONLY,CONTINUATION,ELASTIC_NET_REGRESSION,F19,0.0
120,300,3,CONTEXT_ONLY,CONTINUATION,ELASTIC_NET_REGRESSION,F20,0.15112516064358203
120,300,3,CONTEXT_ONLY,CONTINUATION,ELASTIC_NET_REGRESSION,F21,0.0
120,300,3,CONTEXT_ONLY,CONTINUATION,ELASTIC_NET_REGRESSION,F22,0.021678005357632608
120,300,3,CONTEXT_ONLY,CONTINUATION,ELASTIC_NET_REGRESSION,F23,-0.06369610623816897
120,300,3,CONTEXT_ONLY,CONTINUATION,ELASTIC_NET_REGRESSION,F24,-0.0
120,300,3,CONTEXT_ONLY,CONTINUATION,ELASTIC_NET_REGRESSION,F25,-0.0
120,300,3,CONTEXT_ONLY,CONTINUATION,ELASTIC_NET_REGRESSION,F26,0.0
120,300,3,CONTEXT_ONLY,CONTINUATION,ELASTIC_NET_REGRESSION,F27,0.0
120,300,3,CONTEXT_ONLY,CONTINUATION,ELASTIC_NET_REGRESSION,F28,0.0
120,300,3,CONTEXT_ONLY,CONTINUATION,ELASTIC_NET_REGRESSION,F29,0.0
120,300,3,CONTEXT_ONLY,CONTINUATION,ELASTIC_NET_REGRESSION,F36,0.0
120,300,3,CONTEXT_ONLY,CONTINUATION,ELASTIC_NET_LOGISTIC,F01,0.0
120,300,3,CONTEXT_ONLY,CONTINUATION,ELASTIC_NET_LOGISTIC,F02,0.0
120,300,3,CONTEXT_ONLY,CONTINUATION,ELASTIC_NET_LOGISTIC,F03,0.0
120,300,3,CONTEXT_ONLY,CONTINUATION,ELASTIC_NET_LOGISTIC,F04,0.0
120,300,3,CONTEXT_ONLY,CONTINUATION,ELASTIC_NET_LOGISTIC,F05,0.08108074234401615
120,300,3,CONTEXT_ONLY,CONTINUATION,ELASTIC_NET_LOGISTIC,F06,0.0
120,300,3,CONTEXT_ONLY,CONTINUATION,ELASTIC_NET_LOGISTIC,F07,0.0
120,300,3,CONTEXT_ONLY,CONTINUATION,ELASTIC_NET_LOGISTIC,F08,-0.03532410131798737
120,300,3,CONTEXT_ONLY,CONTINUATION,ELASTIC_NET_LOGISTIC,F09,0.0
120,300,3,CONTEXT_ONLY,CONTINUATION,ELASTIC_NET_LOGISTIC,F10,0.0
120,300,3,CONTEXT_ONLY,CONTINUATION,ELASTIC_NET_LOGISTIC,F11,0.01677678325381646
120,300,3,CONTEXT_ONLY,CONTINUATION,ELASTIC_NET_LOGISTIC,F12,0.0
120,300,3,CONTEXT_ONLY,CONTINUATION,ELASTIC_NET_LOGISTIC,F13,-0.075972244627997
120,300,3,CONTEXT_ONLY,CONTINUATION,ELASTIC_NET_LOGISTIC,F14,0.0
120,300,3,CONTEXT_ONLY,CONTINUATION,ELASTIC_NET_LOGISTIC,F15,0.0
120,300,3,CONTEXT_ONLY,CONTINUATION,ELASTIC_NET_LOGISTIC,F16,0.0
120,300,3,CONTEXT_ONLY,CONTINUATION,ELASTIC_NET_LOGISTIC,F17,0.0
120,300,3,CONTEXT_ONLY,CONTINUATION,ELASTIC_NET_LOGISTIC,F18,0.03682859150783343
120,300,3,CONTEXT_ONLY,CONTINUATION,ELASTIC_NET_LOGISTIC,F19,0.06505449779952091
120,300,3,CONTEXT_ONLY,CONTINUATION,ELASTIC_NET_LOGISTIC,F20,0.02813633711973129
120,300,3,CONTEXT_ONLY,CONTINUATION,ELASTIC_NET_LOGISTIC,F21,0.0
120,300,3,CONTEXT_ONLY,CONTINUATION,ELASTIC_NET_LOGISTIC,F22,0.0
120,300,3,CONTEXT_ONLY,CONTINUATION,ELASTIC_NET_LOGISTIC,F23,0.0
120,300,3,CONTEXT_ONLY,CONTINUATION,ELASTIC_NET_LOGISTIC,F24,0.0
120,300,3,CONTEXT_ONLY,CONTINUATION,ELASTIC_NET_LOGISTIC,F25,0.07481003459180093
120,300,3,CONTEXT_ONLY,CONTINUATION,ELASTIC_NET_LOGISTIC,F26,-0.14620265280816477
120,300,3,CONTEXT_ONLY,CONTINUATION,ELASTIC_NET_LOGISTIC,F27,0.0
120,300,3,CONTEXT_ONLY,CONTINUATION,ELASTIC_NET_LOGISTIC,F28,0.19013735543399543
120,300,3,CONTEXT_ONLY,CONTINUATION,ELASTIC_NET_LOGISTIC,F29,0.023748951354776785
120,300,3,CONTEXT_ONLY,CONTINUATION,ELASTIC_NET_LOGISTIC,F36,0.0
120,300,3,CONTEXT_ONLY,REVERSAL,ELASTIC_NET_REGRESSION,F01,0.15534120429233525
120,300,3,CONTEXT_ONLY,REVERSAL,ELASTIC_NET_REGRESSION,F02,0.0
120,300,3,CONTEXT_ONLY,REVERSAL,ELASTIC_NET_REGRESSION,F03,-0.0
120,300,3,CONTEXT_ONLY,REVERSAL,ELASTIC_NET_REGRESSION,F04,-0.0
120,300,3,CONTEXT_ONLY,REVERSAL,ELASTIC_NET_REGRESSION,F05,-0.04583246939910191
120,300,3,CONTEXT_ONLY,REVERSAL,ELASTIC_NET_REGRESSION,F06,-0.0
120,300,3,CONTEXT_ONLY,REVERSAL,ELASTIC_NET_REGRESSION,F07,0.0
120,300,3,CONTEXT_ONLY,REVERSAL,ELASTIC_NET_REGRESSION,F08,0.05166864834739917
120,300,3,CONTEXT_ONLY,REVERSAL,ELASTIC_NET_REGRESSION,F09,0.05359118181912284
120,300,3,CONTEXT_ONLY,REVERSAL,ELASTIC_NET_REGRESSION,F10,0.0
120,300,3,CONTEXT_ONLY,REVERSAL,ELASTIC_NET_REGRESSION,F11,-0.21451094748967628
120,300,3,CONTEXT_ONLY,REVERSAL,ELASTIC_NET_REGRESSION,F12,-0.026629880543458145
120,300,3,CONTEXT_ONLY,REVERSAL,ELASTIC_NET_REGRESSION,F13,0.23126603632849418
120,300,3,CONTEXT_ONLY,REVERSAL,ELASTIC_NET_REGRESSION,F14,0.06066743720238986
120,300,3,CONTEXT_ONLY,REVERSAL,ELASTIC_NET_REGRESSION,F15,-0.0
120,300,3,CONTEXT_ONLY,REVERSAL,ELASTIC_NET_REGRESSION,F16,-0.0
120,300,3,CONTEXT_ONLY,REVERSAL,ELASTIC_NET_REGRESSION,F17,-0.0
120,300,3,CONTEXT_ONLY,REVERSAL,ELASTIC_NET_REGRESSION,F18,-0.016220585562454738
120,300,3,CONTEXT_ONLY,REVERSAL,ELASTIC_NET_REGRESSION,F19,-0.0
120,300,3,CONTEXT_ONLY,REVERSAL,ELASTIC_NET_REGRESSION,F20,-0.14637047451275556
120,300,3,CONTEXT_ONLY,REVERSAL,ELASTIC_NET_REGRESSION,F21,-0.0
120,300,3,CONTEXT_ONLY,REVERSAL,ELASTIC_NET_REGRESSION,F22,-0.017111719423572293
120,300,3,CONTEXT_ONLY,REVERSAL,ELASTIC_NET_REGRESSION,F23,0.06970372247101608
120,300,3,CONTEXT_ONLY,REVERSAL,ELASTIC_NET_REGRESSION,F24,0.0
120,300,3,CONTEXT_ONLY,REVERSAL,ELASTIC_NET_REGRESSION,F25,0.0
120,300,3,CONTEXT_ONLY,REVERSAL,ELASTIC_NET_REGRESSION,F26,-0.0
120,300,3,CONTEXT_ONLY,REVERSAL,ELASTIC_NET_REGRESSION,F27,-0.0
120,300,3,CONTEXT_ONLY,REVERSAL,ELASTIC_NET_REGRESSION,F28,-0.0
120,300,3,CONTEXT_ONLY,REVERSAL,ELASTIC_NET_REGRESSION,F29,-0.0
120,300,3,CONTEXT_ONLY,REVERSAL,ELASTIC_NET_REGRESSION,F36,0.0
120,300,3,CONTEXT_ONLY,REVERSAL,ELASTIC_NET_LOGISTIC,F01,0.0
120,300,3,CONTEXT_ONLY,REVERSAL,ELASTIC_NET_LOGISTIC,F02,0.0
120,300,3,CONTEXT_ONLY,REVERSAL,ELASTIC_NET_LOGISTIC,F03,0.04645456424400272
120,300,3,CONTEXT_ONLY,REVERSAL,ELASTIC_NET_LOGISTIC,F04,0.14321465730582467
120,300,3,CONTEXT_ONLY,REVERSAL,ELASTIC_NET_LOGISTIC,F05,-0.24268878979720176
120,300,3,CONTEXT_ONLY,REVERSAL,ELASTIC_NET_LOGISTIC,F06,-0.27843455486290875
120,300,3,CONTEXT_ONLY,REVERSAL,ELASTIC_NET_LOGISTIC,F07,0.04043527789429882
120,300,3,CONTEXT_ONLY,REVERSAL,ELASTIC_NET_LOGISTIC,F08,-0.06011715101703115
120,300,3,CONTEXT_ONLY,REVERSAL,ELASTIC_NET_LOGISTIC,F09,0.10609444847451756
120,300,3,CONTEXT_ONLY,REVERSAL,ELASTIC_NET_LOGISTIC,F10,0.1028529280017941
120,300,3,CONTEXT_ONLY,REVERSAL,ELASTIC_NET_LOGISTIC,F11,0.0023009709953770194
120,300,3,CONTEXT_ONLY,REVERSAL,ELASTIC_NET_LOGISTIC,F12,-0.2277287810238
120,300,3,CONTEXT_ONLY,REVERSAL,ELASTIC_NET_LOGISTIC,F13,0.22897503507018444
120,300,3,CONTEXT_ONLY,REVERSAL,ELASTIC_NET_LOGISTIC,F14,0.10778439747786984
120,300,3,CONTEXT_ONLY,REVERSAL,ELASTIC_NET_LOGISTIC,F15,0.23960009214000902
120,300,3,CONTEXT_ONLY,REVERSAL,ELASTIC_NET_LOGISTIC,F16,0.21938257799739258
120,300,3,CONTEXT_ONLY,REVERSAL,ELASTIC_NET_LOGISTIC,F17,0.0
120,300,3,CONTEXT_ONLY,REVERSAL,ELASTIC_NET_LOGISTIC,F18,-0.5574610499882258
120,300,3,CONTEXT_ONLY,REVERSAL,ELASTIC_NET_LOGISTIC,F19,-0.23996987784198387
120,300,3,CONTEXT_ONLY,REVERSAL,ELASTIC_NET_LOGISTIC,F20,-0.22142308799320404
120,300,3,CONTEXT_ONLY,REVERSAL,ELASTIC_NET_LOGISTIC,F21,0.0
120,300,3,CONTEXT_ONLY,REVERSAL,ELASTIC_NET_LOGISTIC,F22,0.0747917408415036
120,300,3,CONTEXT_ONLY,REVERSAL,ELASTIC_NET_LOGISTIC,F23,0.197845791369919
120,300,3,CONTEXT_ONLY,REVERSAL,ELASTIC_NET_LOGISTIC,F24,0.0
120,300,3,CONTEXT_ONLY,REVERSAL,ELASTIC_NET_LOGISTIC,F25,0.061222669873946034
120,300,3,CONTEXT_ONLY,REVERSAL,ELASTIC_NET_LOGISTIC,F26,-1.1964498267482266
120,300,3,CONTEXT_ONLY,REVERSAL,ELASTIC_NET_LOGISTIC,F27,0.49579395029319223
120,300,3,CONTEXT_ONLY,REVERSAL,ELASTIC_NET_LOGISTIC,F28,0.1841357574356937
120,300,3,CONTEXT_ONLY,REVERSAL,ELASTIC_NET_LOGISTIC,F29,-0.007267299763323824
120,300,3,CONTEXT_ONLY,REVERSAL,ELASTIC_NET_LOGISTIC,F36,-0.11365549832223837
120,300,3,CONTEXT_PLUS_SHOCK,CONTINUATION,ELASTIC_NET_REGRESSION,F01,-0.1543002832518029
120,300,3,CONTEXT_PLUS_SHOCK,CONTINUATION,ELASTIC_NET_REGRESSION,F02,-0.0
120,300,3,CONTEXT_PLUS_SHOCK,CONTINUATION,ELASTIC_NET_REGRESSION,F03,-0.0
120,300,3,CONTEXT_PLUS_SHOCK,CONTINUATION,ELASTIC_NET_REGRESSION,F04,0.0
120,300,3,CONTEXT_PLUS_SHOCK,CONTINUATION,ELASTIC_NET_REGRESSION,F05,0.05176417440025759
120,300,3,CONTEXT_PLUS_SHOCK,CONTINUATION,ELASTIC_NET_REGRESSION,F06,0.0
120,300,3,CONTEXT_PLUS_SHOCK,CONTINUATION,ELASTIC_NET_REGRESSION,F07,0.0
120,300,3,CONTEXT_PLUS_SHOCK,CONTINUATION,ELASTIC_NET_REGRESSION,F08,-0.0751016944185793
120,300,3,CONTEXT_PLUS_SHOCK,CONTINUATION,ELASTIC_NET_REGRESSION,F09,-0.03888024400345199
120,300,3,CONTEXT_PLUS_SHOCK,CONTINUATION,ELASTIC_NET_REGRESSION,F10,-0.0
120,300,3,CONTEXT_PLUS_SHOCK,CONTINUATION,ELASTIC_NET_REGRESSION,F11,0.2079481960809957
120,300,3,CONTEXT_PLUS_SHOCK,CONTINUATION,ELASTIC_NET_REGRESSION,F12,0.01713563291886931
120,300,3,CONTEXT_PLUS_SHOCK,CONTINUATION,ELASTIC_NET_REGRESSION,F13,-0.24410089659623904
120,300,3,CONTEXT_PLUS_SHOCK,CONTINUATION,ELASTIC_NET_REGRESSION,F14,-0.062043501600411326
120,300,3,CONTEXT_PLUS_SHOCK,CONTINUATION,ELASTIC_NET_REGRESSION,F15,0.0
120,300,3,CONTEXT_PLUS_SHOCK,CONTINUATION,ELASTIC_NET_REGRESSION,F16,0.0
120,300,3,CONTEXT_PLUS_SHOCK,CONTINUATION,ELASTIC_NET_REGRESSION,F17,0.0
120,300,3,CONTEXT_PLUS_SHOCK,CONTINUATION,ELASTIC_NET_REGRESSION,F18,0.023607443070797048
120,300,3,CONTEXT_PLUS_SHOCK,CONTINUATION,ELASTIC_NET_REGRESSION,F19,0.0
120,300,3,CONTEXT_PLUS_SHOCK,CONTINUATION,ELASTIC_NET_REGRESSION,F20,0.19561135214812958
120,300,3,CONTEXT_PLUS_SHOCK,CONTINUATION,ELASTIC_NET_REGRESSION,F21,0.0
120,300,3,CONTEXT_PLUS_SHOCK,CONTINUATION,ELASTIC_NET_REGRESSION,F22,0.05650063489306068
120,300,3,CONTEXT_PLUS_SHOCK,CONTINUATION,ELASTIC_NET_REGRESSION,F23,-0.06465110389334651
120,300,3,CONTEXT_PLUS_SHOCK,CONTINUATION,ELASTIC_NET_REGRESSION,F24,-0.0
120,300,3,CONTEXT_PLUS_SHOCK,CONTINUATION,ELASTIC_NET_REGRESSION,F25,-0.0
120,300,3,CONTEXT_PLUS_SHOCK,CONTINUATION,ELASTIC_NET_REGRESSION,F26,0.0
120,300,3,CONTEXT_PLUS_SHOCK,CONTINUATION,ELASTIC_NET_REGRESSION,F27,0.0
120,300,3,CONTEXT_PLUS_SHOCK,CONTINUATION,ELASTIC_NET_REGRESSION,F28,0.0
120,300,3,CONTEXT_PLUS_SHOCK,CONTINUATION,ELASTIC_NET_REGRESSION,F29,0.0
120,300,3,CONTEXT_PLUS_SHOCK,CONTINUATION,ELASTIC_NET_REGRESSION,F30,-0.0
120,300,3,CONTEXT_PLUS_SHOCK,CONTINUATION,ELASTIC_NET_REGRESSION,F31,-0.0
120,300,3,CONTEXT_PLUS_SHOCK,CONTINUATION,ELASTIC_NET_REGRESSION,F32,0.0
120,300,3,CONTEXT_PLUS_SHOCK,CONTINUATION,ELASTIC_NET_REGRESSION,F33,-0.12046005787528734
120,300,3,CONTEXT_PLUS_SHOCK,CONTINUATION,ELASTIC_NET_REGRESSION,F34,0.08034312810231771
120,300,3,CONTEXT_PLUS_SHOCK,CONTINUATION,ELASTIC_NET_REGRESSION,F35,-0.1919303478411756
120,300,3,CONTEXT_PLUS_SHOCK,CONTINUATION,ELASTIC_NET_REGRESSION,F36,0.0
120,300,3,CONTEXT_PLUS_SHOCK,CONTINUATION,ELASTIC_NET_LOGISTIC,F01,0.0
120,300,3,CONTEXT_PLUS_SHOCK,CONTINUATION,ELASTIC_NET_LOGISTIC,F02,0.0
120,300,3,CONTEXT_PLUS_SHOCK,CONTINUATION,ELASTIC_NET_LOGISTIC,F03,0.0
120,300,3,CONTEXT_PLUS_SHOCK,CONTINUATION,ELASTIC_NET_LOGISTIC,F04,0.0
120,300,3,CONTEXT_PLUS_SHOCK,CONTINUATION,ELASTIC_NET_LOGISTIC,F05,0.08044819318832838
120,300,3,CONTEXT_PLUS_SHOCK,CONTINUATION,ELASTIC_NET_LOGISTIC,F06,0.0
120,300,3,CONTEXT_PLUS_SHOCK,CONTINUATION,ELASTIC_NET_LOGISTIC,F07,0.0
120,300,3,CONTEXT_PLUS_SHOCK,CONTINUATION,ELASTIC_NET_LOGISTIC,F08,-0.038431470573735575
120,300,3,CONTEXT_PLUS_SHOCK,CONTINUATION,ELASTIC_NET_LOGISTIC,F09,0.0
120,300,3,CONTEXT_PLUS_SHOCK,CONTINUATION,ELASTIC_NET_LOGISTIC,F10,0.0
120,300,3,CONTEXT_PLUS_SHOCK,CONTINUATION,ELASTIC_NET_LOGISTIC,F11,0.01795252138044685
120,300,3,CONTEXT_PLUS_SHOCK,CONTINUATION,ELASTIC_NET_LOGISTIC,F12,0.0
120,300,3,CONTEXT_PLUS_SHOCK,CONTINUATION,ELASTIC_NET_LOGISTIC,F13,-0.08205648509354171
120,300,3,CONTEXT_PLUS_SHOCK,CONTINUATION,ELASTIC_NET_LOGISTIC,F14,0.0
120,300,3,CONTEXT_PLUS_SHOCK,CONTINUATION,ELASTIC_NET_LOGISTIC,F15,0.0
120,300,3,CONTEXT_PLUS_SHOCK,CONTINUATION,ELASTIC_NET_LOGISTIC,F16,0.0
120,300,3,CONTEXT_PLUS_SHOCK,CONTINUATION,ELASTIC_NET_LOGISTIC,F17,0.0
120,300,3,CONTEXT_PLUS_SHOCK,CONTINUATION,ELASTIC_NET_LOGISTIC,F18,0.06515435886288834
120,300,3,CONTEXT_PLUS_SHOCK,CONTINUATION,ELASTIC_NET_LOGISTIC,F19,0.04725778360381642
120,300,3,CONTEXT_PLUS_SHOCK,CONTINUATION,ELASTIC_NET_LOGISTIC,F20,0.00995174460146834
120,300,3,CONTEXT_PLUS_SHOCK,CONTINUATION,ELASTIC_NET_LOGISTIC,F21,0.0
120,300,3,CONTEXT_PLUS_SHOCK,CONTINUATION,ELASTIC_NET_LOGISTIC,F22,0.0
120,300,3,CONTEXT_PLUS_SHOCK,CONTINUATION,ELASTIC_NET_LOGISTIC,F23,0.0
120,300,3,CONTEXT_PLUS_SHOCK,CONTINUATION,ELASTIC_NET_LOGISTIC,F24,0.0
120,300,3,CONTEXT_PLUS_SHOCK,CONTINUATION,ELASTIC_NET_LOGISTIC,F25,0.051091875729599154
120,300,3,CONTEXT_PLUS_SHOCK,CONTINUATION,ELASTIC_NET_LOGISTIC,F26,-0.1575173007658081
120,300,3,CONTEXT_PLUS_SHOCK,CONTINUATION,ELASTIC_NET_LOGISTIC,F27,0.0
120,300,3,CONTEXT_PLUS_SHOCK,CONTINUATION,ELASTIC_NET_LOGISTIC,F28,0.1614616055587212
120,300,3,CONTEXT_PLUS_SHOCK,CONTINUATION,ELASTIC_NET_LOGISTIC,F29,0.027847770212987278
120,300,3,CONTEXT_PLUS_SHOCK,CONTINUATION,ELASTIC_NET_LOGISTIC,F30,-0.010764955316290965
120,300,3,CONTEXT_PLUS_SHOCK,CONTINUATION,ELASTIC_NET_LOGISTIC,F31,0.0
120,300,3,CONTEXT_PLUS_SHOCK,CONTINUATION,ELASTIC_NET_LOGISTIC,F32,0.0
120,300,3,CONTEXT_PLUS_SHOCK,CONTINUATION,ELASTIC_NET_LOGISTIC,F33,0.07462791244033401
120,300,3,CONTEXT_PLUS_SHOCK,CONTINUATION,ELASTIC_NET_LOGISTIC,F34,0.014756121128958109
120,300,3,CONTEXT_PLUS_SHOCK,CONTINUATION,ELASTIC_NET_LOGISTIC,F35,0.0
120,300,3,CONTEXT_PLUS_SHOCK,CONTINUATION,ELASTIC_NET_LOGISTIC,F36,0.0
120,300,3,CONTEXT_PLUS_SHOCK,REVERSAL,ELASTIC_NET_REGRESSION,F01,0.1539396363950234
120,300,3,CONTEXT_PLUS_SHOCK,REVERSAL,ELASTIC_NET_REGRESSION,F02,0.0
120,300,3,CONTEXT_PLUS_SHOCK,REVERSAL,ELASTIC_NET_REGRESSION,F03,0.0
120,300,3,CONTEXT_PLUS_SHOCK,REVERSAL,ELASTIC_NET_REGRESSION,F04,-0.0
120,300,3,CONTEXT_PLUS_SHOCK,REVERSAL,ELASTIC_NET_REGRESSION,F05,-0.05279593966721054
120,300,3,CONTEXT_PLUS_SHOCK,REVERSAL,ELASTIC_NET_REGRESSION,F06,-0.0
120,300,3,CONTEXT_PLUS_SHOCK,REVERSAL,ELASTIC_NET_REGRESSION,F07,0.0
120,300,3,CONTEXT_PLUS_SHOCK,REVERSAL,ELASTIC_NET_REGRESSION,F08,0.06857471482983103
120,300,3,CONTEXT_PLUS_SHOCK,REVERSAL,ELASTIC_NET_REGRESSION,F09,0.04371266252512843
120,300,3,CONTEXT_PLUS_SHOCK,REVERSAL,ELASTIC_NET_REGRESSION,F10,0.0
120,300,3,CONTEXT_PLUS_SHOCK,REVERSAL,ELASTIC_NET_REGRESSION,F11,-0.2122702762706866
120,300,3,CONTEXT_PLUS_SHOCK,REVERSAL,ELASTIC_NET_REGRESSION,F12,-0.014481655199314974
120,300,3,CONTEXT_PLUS_SHOCK,REVERSAL,ELASTIC_NET_REGRESSION,F13,0.23983467822467255
120,300,3,CONTEXT_PLUS_SHOCK,REVERSAL,ELASTIC_NET_REGRESSION,F14,0.0657792250175208
120,300,3,CONTEXT_PLUS_SHOCK,REVERSAL,ELASTIC_NET_REGRESSION,F15,-0.0
120,300,3,CONTEXT_PLUS_SHOCK,REVERSAL,ELASTIC_NET_REGRESSION,F16,-0.0
120,300,3,CONTEXT_PLUS_SHOCK,REVERSAL,ELASTIC_NET_REGRESSION,F17,-0.0
120,300,3,CONTEXT_PLUS_SHOCK,REVERSAL,ELASTIC_NET_REGRESSION,F18,-0.01570338135560874
120,300,3,CONTEXT_PLUS_SHOCK,REVERSAL,ELASTIC_NET_REGRESSION,F19,-0.0
120,300,3,CONTEXT_PLUS_SHOCK,REVERSAL,ELASTIC_NET_REGRESSION,F20,-0.19808952233489116
120,300,3,CONTEXT_PLUS_SHOCK,REVERSAL,ELASTIC_NET_REGRESSION,F21,-0.0
120,300,3,CONTEXT_PLUS_SHOCK,REVERSAL,ELASTIC_NET_REGRESSION,F22,-0.054519112182342996
120,300,3,CONTEXT_PLUS_SHOCK,REVERSAL,ELASTIC_NET_REGRESSION,F23,0.06883563285204158
120,300,3,CONTEXT_PLUS_SHOCK,REVERSAL,ELASTIC_NET_REGRESSION,F24,0.0
120,300,3,CONTEXT_PLUS_SHOCK,REVERSAL,ELASTIC_NET_REGRESSION,F25,0.0
120,300,3,CONTEXT_PLUS_SHOCK,REVERSAL,ELASTIC_NET_REGRESSION,F26,-0.0
120,300,3,CONTEXT_PLUS_SHOCK,REVERSAL,ELASTIC_NET_REGRESSION,F27,-0.0
120,300,3,CONTEXT_PLUS_SHOCK,REVERSAL,ELASTIC_NET_REGRESSION,F28,-0.0
120,300,3,CONTEXT_PLUS_SHOCK,REVERSAL,ELASTIC_NET_REGRESSION,F29,-0.0
120,300,3,CONTEXT_PLUS_SHOCK,REVERSAL,ELASTIC_NET_REGRESSION,F30,0.0
120,300,3,CONTEXT_PLUS_SHOCK,REVERSAL,ELASTIC_NET_REGRESSION,F31,0.0
120,300,3,CONTEXT_PLUS_SHOCK,REVERSAL,ELASTIC_NET_REGRESSION,F32,0.0
120,300,3,CONTEXT_PLUS_SHOCK,REVERSAL,ELASTIC_NET_REGRESSION,F33,0.1363994342576386
120,300,3,CONTEXT_PLUS_SHOCK,REVERSAL,ELASTIC_NET_REGRESSION,F34,-0.07479323356288375
120,300,3,CONTEXT_PLUS_SHOCK,REVERSAL,ELASTIC_NET_REGRESSION,F35,0.19844391133602235
120,300,3,CONTEXT_PLUS_SHOCK,REVERSAL,ELASTIC_NET_REGRESSION,F36,0.0
120,300,3,CONTEXT_PLUS_SHOCK,REVERSAL,ELASTIC_NET_LOGISTIC,F01,0.0
120,300,3,CONTEXT_PLUS_SHOCK,REVERSAL,ELASTIC_NET_LOGISTIC,F02,0.0
120,300,3,CONTEXT_PLUS_SHOCK,REVERSAL,ELASTIC_NET_LOGISTIC,F03,0.058675584207544845
120,300,3,CONTEXT_PLUS_SHOCK,REVERSAL,ELASTIC_NET_LOGISTIC,F04,0.15138765357035242
120,300,3,CONTEXT_PLUS_SHOCK,REVERSAL,ELASTIC_NET_LOGISTIC,F05,-0.26188117381690657
120,300,3,CONTEXT_PLUS_SHOCK,REVERSAL,ELASTIC_NET_LOGISTIC,F06,-0.3012473457835434
120,300,3,CONTEXT_PLUS_SHOCK,REVERSAL,ELASTIC_NET_LOGISTIC,F07,0.03813764322038211
120,300,3,CONTEXT_PLUS_SHOCK,REVERSAL,ELASTIC_NET_LOGISTIC,F08,-0.04003673296038501
120,300,3,CONTEXT_PLUS_SHOCK,REVERSAL,ELASTIC_NET_LOGISTIC,F09,0.1023117398896041
120,300,3,CONTEXT_PLUS_SHOCK,REVERSAL,ELASTIC_NET_LOGISTIC,F10,0.08364937044953348
120,300,3,CONTEXT_PLUS_SHOCK,REVERSAL,ELASTIC_NET_LOGISTIC,F11,0.009222496078060917
120,300,3,CONTEXT_PLUS_SHOCK,REVERSAL,ELASTIC_NET_LOGISTIC,F12,-0.24015773017814515
120,300,3,CONTEXT_PLUS_SHOCK,REVERSAL,ELASTIC_NET_LOGISTIC,F13,0.25201337118497136
120,300,3,CONTEXT_PLUS_SHOCK,REVERSAL,ELASTIC_NET_LOGISTIC,F14,0.11095778671991269
120,300,3,CONTEXT_PLUS_SHOCK,REVERSAL,ELASTIC_NET_LOGISTIC,F15,0.2628223406870738
120,300,3,CONTEXT_PLUS_SHOCK,REVERSAL,ELASTIC_NET_LOGISTIC,F16,0.20677192488269963
120,300,3,CONTEXT_PLUS_SHOCK,REVERSAL,ELASTIC_NET_LOGISTIC,F17,0.0
120,300,3,CONTEXT_PLUS_SHOCK,REVERSAL,ELASTIC_NET_LOGISTIC,F18,-0.5345997645533335
120,300,3,CONTEXT_PLUS_SHOCK,REVERSAL,ELASTIC_NET_LOGISTIC,F19,-0.2622684125152297
120,300,3,CONTEXT_PLUS_SHOCK,REVERSAL,ELASTIC_NET_LOGISTIC,F20,-0.2095366988161439
120,300,3,CONTEXT_PLUS_SHOCK,REVERSAL,ELASTIC_NET_LOGISTIC,F21,-1.247060352469051e-06
120,300,3,CONTEXT_PLUS_SHOCK,REVERSAL,ELASTIC_NET_LOGISTIC,F22,0.08033982958735475
120,300,3,CONTEXT_PLUS_SHOCK,REVERSAL,ELASTIC_NET_LOGISTIC,F23,0.2131691605814759
120,300,3,CONTEXT_PLUS_SHOCK,REVERSAL,ELASTIC_NET_LOGISTIC,F24,-0.0006029344714803834
120,300,3,CONTEXT_PLUS_SHOCK,REVERSAL,ELASTIC_NET_LOGISTIC,F25,0.06491323225904336
120,300,3,CONTEXT_PLUS_SHOCK,REVERSAL,ELASTIC_NET_LOGISTIC,F26,-1.1911229717934197
120,300,3,CONTEXT_PLUS_SHOCK,REVERSAL,ELASTIC_NET_LOGISTIC,F27,0.47588367921293456
120,300,3,CONTEXT_PLUS_SHOCK,REVERSAL,ELASTIC_NET_LOGISTIC,F28,0.16673968193157532
120,300,3,CONTEXT_PLUS_SHOCK,REVERSAL,ELASTIC_NET_LOGISTIC,F29,-0.0019446777343361088
120,300,3,CONTEXT_PLUS_SHOCK,REVERSAL,ELASTIC_NET_LOGISTIC,F30,-0.054541304700164
120,300,3,CONTEXT_PLUS_SHOCK,REVERSAL,ELASTIC_NET_LOGISTIC,F31,0.0
120,300,3,CONTEXT_PLUS_SHOCK,REVERSAL,ELASTIC_NET_LOGISTIC,F32,0.0
120,300,3,CONTEXT_PLUS_SHOCK,REVERSAL,ELASTIC_NET_LOGISTIC,F33,0.03263191488888669
120,300,3,CONTEXT_PLUS_SHOCK,REVERSAL,ELASTIC_NET_LOGISTIC,F34,-0.1016331334194056
120,300,3,CONTEXT_PLUS_SHOCK,REVERSAL,ELASTIC_NET_LOGISTIC,F35,0.09822513132964063
120,300,3,CONTEXT_PLUS_SHOCK,REVERSAL,ELASTIC_NET_LOGISTIC,F36,-0.11881420213349476
120,300,4,CONTEXT_ONLY,CONTINUATION,ELASTIC_NET_REGRESSION,F01,-0.019091993083458422
120,300,4,CONTEXT_ONLY,CONTINUATION,ELASTIC_NET_REGRESSION,F02,-0.0
120,300,4,CONTEXT_ONLY,CONTINUATION,ELASTIC_NET_REGRESSION,F03,-0.0
120,300,4,CONTEXT_ONLY,CONTINUATION,ELASTIC_NET_REGRESSION,F04,0.0
120,300,4,CONTEXT_ONLY,CONTINUATION,ELASTIC_NET_REGRESSION,F05,0.0634158686018026
120,300,4,CONTEXT_ONLY,CONTINUATION,ELASTIC_NET_REGRESSION,F06,0.0
120,300,4,CONTEXT_ONLY,CONTINUATION,ELASTIC_NET_REGRESSION,F07,-0.0
120,300,4,CONTEXT_ONLY,CONTINUATION,ELASTIC_NET_REGRESSION,F08,-0.06958124409153543
120,300,4,CONTEXT_ONLY,CONTINUATION,ELASTIC_NET_REGRESSION,F09,-0.05744072784580408
120,300,4,CONTEXT_ONLY,CONTINUATION,ELASTIC_NET_REGRESSION,F10,-0.0
120,300,4,CONTEXT_ONLY,CONTINUATION,ELASTIC_NET_REGRESSION,F11,0.14618514361765392
120,300,4,CONTEXT_ONLY,CONTINUATION,ELASTIC_NET_REGRESSION,F12,0.0
120,300,4,CONTEXT_ONLY,CONTINUATION,ELASTIC_NET_REGRESSION,F13,-0.21222133472740826
120,300,4,CONTEXT_ONLY,CONTINUATION,ELASTIC_NET_REGRESSION,F14,-0.025506817541091062
120,300,4,CONTEXT_ONLY,CONTINUATION,ELASTIC_NET_REGRESSION,F15,0.0
120,300,4,CONTEXT_ONLY,CONTINUATION,ELASTIC_NET_REGRESSION,F16,0.0
120,300,4,CONTEXT_ONLY,CONTINUATION,ELASTIC_NET_REGRESSION,F17,0.0
120,300,4,CONTEXT_ONLY,CONTINUATION,ELASTIC_NET_REGRESSION,F18,0.0
120,300,4,CONTEXT_ONLY,CONTINUATION,ELASTIC_NET_REGRESSION,F19,0.0
120,300,4,CONTEXT_ONLY,CONTINUATION,ELASTIC_NET_REGRESSION,F20,0.1326792690378884
120,300,4,CONTEXT_ONLY,CONTINUATION,ELASTIC_NET_REGRESSION,F21,0.0
120,300,4,CONTEXT_ONLY,CONTINUATION,ELASTIC_NET_REGRESSION,F22,0.0
120,300,4,CONTEXT_ONLY,CONTINUATION,ELASTIC_NET_REGRESSION,F23,-0.028080540659883097
120,300,4,CONTEXT_ONLY,CONTINUATION,ELASTIC_NET_REGRESSION,F24,-0.0
120,300,4,CONTEXT_ONLY,CONTINUATION,ELASTIC_NET_REGRESSION,F25,-0.0
120,300,4,CONTEXT_ONLY,CONTINUATION,ELASTIC_NET_REGRESSION,F26,0.0
120,300,4,CONTEXT_ONLY,CONTINUATION,ELASTIC_NET_REGRESSION,F27,0.0
120,300,4,CONTEXT_ONLY,CONTINUATION,ELASTIC_NET_REGRESSION,F28,0.0
120,300,4,CONTEXT_ONLY,CONTINUATION,ELASTIC_NET_REGRESSION,F29,0.02889543475342405
120,300,4,CONTEXT_ONLY,CONTINUATION,ELASTIC_NET_REGRESSION,F36,-0.0
120,300,4,CONTEXT_ONLY,CONTINUATION,ELASTIC_NET_LOGISTIC,F01,0.0
120,300,4,CONTEXT_ONLY,CONTINUATION,ELASTIC_NET_LOGISTIC,F02,0.0
120,300,4,CONTEXT_ONLY,CONTINUATION,ELASTIC_NET_LOGISTIC,F03,-0.02434458601778106
120,300,4,CONTEXT_ONLY,CONTINUATION,ELASTIC_NET_LOGISTIC,F04,0.0
120,300,4,CONTEXT_ONLY,CONTINUATION,ELASTIC_NET_LOGISTIC,F05,0.20822839703880353
120,300,4,CONTEXT_ONLY,CONTINUATION,ELASTIC_NET_LOGISTIC,F06,0.0
120,300,4,CONTEXT_ONLY,CONTINUATION,ELASTIC_NET_LOGISTIC,F07,0.0
120,300,4,CONTEXT_ONLY,CONTINUATION,ELASTIC_NET_LOGISTIC,F08,-0.056154965272988876
120,300,4,CONTEXT_ONLY,CONTINUATION,ELASTIC_NET_LOGISTIC,F09,0.0
120,300,4,CONTEXT_ONLY,CONTINUATION,ELASTIC_NET_LOGISTIC,F10,0.0
120,300,4,CONTEXT_ONLY,CONTINUATION,ELASTIC_NET_LOGISTIC,F11,0.06790861143189209
120,300,4,CONTEXT_ONLY,CONTINUATION,ELASTIC_NET_LOGISTIC,F12,0.0
120,300,4,CONTEXT_ONLY,CONTINUATION,ELASTIC_NET_LOGISTIC,F13,-0.08974832808066624
120,300,4,CONTEXT_ONLY,CONTINUATION,ELASTIC_NET_LOGISTIC,F14,-0.014898701488777382
120,300,4,CONTEXT_ONLY,CONTINUATION,ELASTIC_NET_LOGISTIC,F15,-0.07368755443946758
120,300,4,CONTEXT_ONLY,CONTINUATION,ELASTIC_NET_LOGISTIC,F16,0.0
120,300,4,CONTEXT_ONLY,CONTINUATION,ELASTIC_NET_LOGISTIC,F17,0.0
120,300,4,CONTEXT_ONLY,CONTINUATION,ELASTIC_NET_LOGISTIC,F18,0.015589799147577701
120,300,4,CONTEXT_ONLY,CONTINUATION,ELASTIC_NET_LOGISTIC,F19,0.040870257183759626
120,300,4,CONTEXT_ONLY,CONTINUATION,ELASTIC_NET_LOGISTIC,F20,0.12364226466896162
120,300,4,CONTEXT_ONLY,CONTINUATION,ELASTIC_NET_LOGISTIC,F21,0.008527581758840561
120,300,4,CONTEXT_ONLY,CONTINUATION,ELASTIC_NET_LOGISTIC,F22,0.0
120,300,4,CONTEXT_ONLY,CONTINUATION,ELASTIC_NET_LOGISTIC,F23,-0.05970205394159422
120,300,4,CONTEXT_ONLY,CONTINUATION,ELASTIC_NET_LOGISTIC,F24,-0.07722020021728794
120,300,4,CONTEXT_ONLY,CONTINUATION,ELASTIC_NET_LOGISTIC,F25,0.0718616149866378
120,300,4,CONTEXT_ONLY,CONTINUATION,ELASTIC_NET_LOGISTIC,F26,-0.25621385717448364
120,300,4,CONTEXT_ONLY,CONTINUATION,ELASTIC_NET_LOGISTIC,F27,0.0
120,300,4,CONTEXT_ONLY,CONTINUATION,ELASTIC_NET_LOGISTIC,F28,0.13699385504120967
120,300,4,CONTEXT_ONLY,CONTINUATION,ELASTIC_NET_LOGISTIC,F29,0.09939224675653688
120,300,4,CONTEXT_ONLY,CONTINUATION,ELASTIC_NET_LOGISTIC,F36,0.0
120,300,4,CONTEXT_ONLY,REVERSAL,ELASTIC_NET_REGRESSION,F01,0.02329433952009994
120,300,4,CONTEXT_ONLY,REVERSAL,ELASTIC_NET_REGRESSION,F02,0.0
120,300,4,CONTEXT_ONLY,REVERSAL,ELASTIC_NET_REGRESSION,F03,0.0
120,300,4,CONTEXT_ONLY,REVERSAL,ELASTIC_NET_REGRESSION,F04,-0.0
120,300,4,CONTEXT_ONLY,REVERSAL,ELASTIC_NET_REGRESSION,F05,-0.06364257557046987
120,300,4,CONTEXT_ONLY,REVERSAL,ELASTIC_NET_REGRESSION,F06,-0.0
120,300,4,CONTEXT_ONLY,REVERSAL,ELASTIC_NET_REGRESSION,F07,0.0
120,300,4,CONTEXT_ONLY,REVERSAL,ELASTIC_NET_REGRESSION,F08,0.06336886049439458
120,300,4,CONTEXT_ONLY,REVERSAL,ELASTIC_NET_REGRESSION,F09,0.061780487482535354
120,300,4,CONTEXT_ONLY,REVERSAL,ELASTIC_NET_REGRESSION,F10,0.0
120,300,4,CONTEXT_ONLY,REVERSAL,ELASTIC_NET_REGRESSION,F11,-0.15068831646726574
120,300,4,CONTEXT_ONLY,REVERSAL,ELASTIC_NET_REGRESSION,F12,-0.0
120,300,4,CONTEXT_ONLY,REVERSAL,ELASTIC_NET_REGRESSION,F13,0.2077789876015731
120,300,4,CONTEXT_ONLY,REVERSAL,ELASTIC_NET_REGRESSION,F14,0.03089015617326144
120,300,4,CONTEXT_ONLY,REVERSAL,ELASTIC_NET_REGRESSION,F15,-0.0
120,300,4,CONTEXT_ONLY,REVERSAL,ELASTIC_NET_REGRESSION,F16,-0.0
120,300,4,CONTEXT_ONLY,REVERSAL,ELASTIC_NET_REGRESSION,F17,-0.0
120,300,4,CONTEXT_ONLY,REVERSAL,ELASTIC_NET_REGRESSION,F18,-0.0
120,300,4,CONTEXT_ONLY,REVERSAL,ELASTIC_NET_REGRESSION,F19,-0.0
120,300,4,CONTEXT_ONLY,REVERSAL,ELASTIC_NET_REGRESSION,F20,-0.1284214418219052
120,300,4,CONTEXT_ONLY,REVERSAL,ELASTIC_NET_REGRESSION,F21,-0.0
120,300,4,CONTEXT_ONLY,REVERSAL,ELASTIC_NET_REGRESSION,F22,-0.0
120,300,4,CONTEXT_ONLY,REVERSAL,ELASTIC_NET_REGRESSION,F23,0.03596430290561369
120,300,4,CONTEXT_ONLY,REVERSAL,ELASTIC_NET_REGRESSION,F24,0.0
120,300,4,CONTEXT_ONLY,REVERSAL,ELASTIC_NET_REGRESSION,F25,0.0
120,300,4,CONTEXT_ONLY,REVERSAL,ELASTIC_NET_REGRESSION,F26,-0.0
120,300,4,CONTEXT_ONLY,REVERSAL,ELASTIC_NET_REGRESSION,F27,-0.0
120,300,4,CONTEXT_ONLY,REVERSAL,ELASTIC_NET_REGRESSION,F28,-0.0
120,300,4,CONTEXT_ONLY,REVERSAL,ELASTIC_NET_REGRESSION,F29,-0.02501343167305102
120,300,4,CONTEXT_ONLY,REVERSAL,ELASTIC_NET_REGRESSION,F36,0.0
120,300,4,CONTEXT_ONLY,REVERSAL,ELASTIC_NET_LOGISTIC,F01,0.0
120,300,4,CONTEXT_ONLY,REVERSAL,ELASTIC_NET_LOGISTIC,F02,0.0
120,300,4,CONTEXT_ONLY,REVERSAL,ELASTIC_NET_LOGISTIC,F03,0.0
120,300,4,CONTEXT_ONLY,REVERSAL,ELASTIC_NET_LOGISTIC,F04,0.0
120,300,4,CONTEXT_ONLY,REVERSAL,ELASTIC_NET_LOGISTIC,F05,-0.10793196506591894
120,300,4,CONTEXT_ONLY,REVERSAL,ELASTIC_NET_LOGISTIC,F06,0.0
120,300,4,CONTEXT_ONLY,REVERSAL,ELASTIC_NET_LOGISTIC,F07,0.018052607695196517
120,300,4,CONTEXT_ONLY,REVERSAL,ELASTIC_NET_LOGISTIC,F08,0.0
120,300,4,CONTEXT_ONLY,REVERSAL,ELASTIC_NET_LOGISTIC,F09,0.04507010288832433
120,300,4,CONTEXT_ONLY,REVERSAL,ELASTIC_NET_LOGISTIC,F10,0.0
120,300,4,CONTEXT_ONLY,REVERSAL,ELASTIC_NET_LOGISTIC,F11,0.0
120,300,4,CONTEXT_ONLY,REVERSAL,ELASTIC_NET_LOGISTIC,F12,-0.08330108835107687
120,300,4,CONTEXT_ONLY,REVERSAL,ELASTIC_NET_LOGISTIC,F13,0.0845319378424722
120,300,4,CONTEXT_ONLY,REVERSAL,ELASTIC_NET_LOGISTIC,F14,0.017252505293132343
120,300,4,CONTEXT_ONLY,REVERSAL,ELASTIC_NET_LOGISTIC,F15,0.0
120,300,4,CONTEXT_ONLY,REVERSAL,ELASTIC_NET_LOGISTIC,F16,0.0
120,300,4,CONTEXT_ONLY,REVERSAL,ELASTIC_NET_LOGISTIC,F17,0.0
120,300,4,CONTEXT_ONLY,REVERSAL,ELASTIC_NET_LOGISTIC,F18,-0.013993914998609297
120,300,4,CONTEXT_ONLY,REVERSAL,ELASTIC_NET_LOGISTIC,F19,0.0
120,300,4,CONTEXT_ONLY,REVERSAL,ELASTIC_NET_LOGISTIC,F20,0.0
120,300,4,CONTEXT_ONLY,REVERSAL,ELASTIC_NET_LOGISTIC,F21,0.0
120,300,4,CONTEXT_ONLY,REVERSAL,ELASTIC_NET_LOGISTIC,F22,0.0
120,300,4,CONTEXT_ONLY,REVERSAL,ELASTIC_NET_LOGISTIC,F23,0.06236387295988688
120,300,4,CONTEXT_ONLY,REVERSAL,ELASTIC_NET_LOGISTIC,F24,0.0
120,300,4,CONTEXT_ONLY,REVERSAL,ELASTIC_NET_LOGISTIC,F25,0.0
120,300,4,CONTEXT_ONLY,REVERSAL,ELASTIC_NET_LOGISTIC,F26,-0.4301489507181339
120,300,4,CONTEXT_ONLY,REVERSAL,ELASTIC_NET_LOGISTIC,F27,0.0
120,300,4,CONTEXT_ONLY,REVERSAL,ELASTIC_NET_LOGISTIC,F28,0.1117727278547836
120,300,4,CONTEXT_ONLY,REVERSAL,ELASTIC_NET_LOGISTIC,F29,0.0
120,300,4,CONTEXT_ONLY,REVERSAL,ELASTIC_NET_LOGISTIC,F36,0.0
120,300,4,CONTEXT_PLUS_SHOCK,CONTINUATION,ELASTIC_NET_REGRESSION,F01,-0.01943746537670594
120,300,4,CONTEXT_PLUS_SHOCK,CONTINUATION,ELASTIC_NET_REGRESSION,F02,-0.0
120,300,4,CONTEXT_PLUS_SHOCK,CONTINUATION,ELASTIC_NET_REGRESSION,F03,-0.0
120,300,4,CONTEXT_PLUS_SHOCK,CONTINUATION,ELASTIC_NET_REGRESSION,F04,-0.0
120,300,4,CONTEXT_PLUS_SHOCK,CONTINUATION,ELASTIC_NET_REGRESSION,F05,0.06871050660404338
120,300,4,CONTEXT_PLUS_SHOCK,CONTINUATION,ELASTIC_NET_REGRESSION,F06,0.0
120,300,4,CONTEXT_PLUS_SHOCK,CONTINUATION,ELASTIC_NET_REGRESSION,F07,-0.0
120,300,4,CONTEXT_PLUS_SHOCK,CONTINUATION,ELASTIC_NET_REGRESSION,F08,-0.0841692873988676
120,300,4,CONTEXT_PLUS_SHOCK,CONTINUATION,ELASTIC_NET_REGRESSION,F09,-0.04701169126083129
120,300,4,CONTEXT_PLUS_SHOCK,CONTINUATION,ELASTIC_NET_REGRESSION,F10,-0.0
120,300,4,CONTEXT_PLUS_SHOCK,CONTINUATION,ELASTIC_NET_REGRESSION,F11,0.14240986464461786
120,300,4,CONTEXT_PLUS_SHOCK,CONTINUATION,ELASTIC_NET_REGRESSION,F12,0.0
120,300,4,CONTEXT_PLUS_SHOCK,CONTINUATION,ELASTIC_NET_REGRESSION,F13,-0.22223096013718133
120,300,4,CONTEXT_PLUS_SHOCK,CONTINUATION,ELASTIC_NET_REGRESSION,F14,-0.026792882248466106
120,300,4,CONTEXT_PLUS_SHOCK,CONTINUATION,ELASTIC_NET_REGRESSION,F15,0.0
120,300,4,CONTEXT_PLUS_SHOCK,CONTINUATION,ELASTIC_NET_REGRESSION,F16,0.0
120,300,4,CONTEXT_PLUS_SHOCK,CONTINUATION,ELASTIC_NET_REGRESSION,F17,0.0
120,300,4,CONTEXT_PLUS_SHOCK,CONTINUATION,ELASTIC_NET_REGRESSION,F18,0.0
120,300,4,CONTEXT_PLUS_SHOCK,CONTINUATION,ELASTIC_NET_REGRESSION,F19,0.0
120,300,4,CONTEXT_PLUS_SHOCK,CONTINUATION,ELASTIC_NET_REGRESSION,F20,0.16390935194413842
120,300,4,CONTEXT_PLUS_SHOCK,CONTINUATION,ELASTIC_NET_REGRESSION,F21,0.0
120,300,4,CONTEXT_PLUS_SHOCK,CONTINUATION,ELASTIC_NET_REGRESSION,F22,0.0
120,300,4,CONTEXT_PLUS_SHOCK,CONTINUATION,ELASTIC_NET_REGRESSION,F23,-0.02576872247273614
120,300,4,CONTEXT_PLUS_SHOCK,CONTINUATION,ELASTIC_NET_REGRESSION,F24,-0.0
120,300,4,CONTEXT_PLUS_SHOCK,CONTINUATION,ELASTIC_NET_REGRESSION,F25,-0.0
120,300,4,CONTEXT_PLUS_SHOCK,CONTINUATION,ELASTIC_NET_REGRESSION,F26,0.0
120,300,4,CONTEXT_PLUS_SHOCK,CONTINUATION,ELASTIC_NET_REGRESSION,F27,0.0
120,300,4,CONTEXT_PLUS_SHOCK,CONTINUATION,ELASTIC_NET_REGRESSION,F28,0.0
120,300,4,CONTEXT_PLUS_SHOCK,CONTINUATION,ELASTIC_NET_REGRESSION,F29,0.014490632097386574
120,300,4,CONTEXT_PLUS_SHOCK,CONTINUATION,ELASTIC_NET_REGRESSION,F30,-0.0
120,300,4,CONTEXT_PLUS_SHOCK,CONTINUATION,ELASTIC_NET_REGRESSION,F31,-0.0
120,300,4,CONTEXT_PLUS_SHOCK,CONTINUATION,ELASTIC_NET_REGRESSION,F32,0.0
120,300,4,CONTEXT_PLUS_SHOCK,CONTINUATION,ELASTIC_NET_REGRESSION,F33,-0.0760504514274363
120,300,4,CONTEXT_PLUS_SHOCK,CONTINUATION,ELASTIC_NET_REGRESSION,F34,0.06083485763676365
120,300,4,CONTEXT_PLUS_SHOCK,CONTINUATION,ELASTIC_NET_REGRESSION,F35,-0.14886664508816566
120,300,4,CONTEXT_PLUS_SHOCK,CONTINUATION,ELASTIC_NET_REGRESSION,F36,-0.0
120,300,4,CONTEXT_PLUS_SHOCK,CONTINUATION,ELASTIC_NET_LOGISTIC,F01,-0.010995675944756509
120,300,4,CONTEXT_PLUS_SHOCK,CONTINUATION,ELASTIC_NET_LOGISTIC,F02,0.0
120,300,4,CONTEXT_PLUS_SHOCK,CONTINUATION,ELASTIC_NET_LOGISTIC,F03,-0.01241474455621315
120,300,4,CONTEXT_PLUS_SHOCK,CONTINUATION,ELASTIC_NET_LOGISTIC,F04,0.0
120,300,4,CONTEXT_PLUS_SHOCK,CONTINUATION,ELASTIC_NET_LOGISTIC,F05,0.20905344354208058
120,300,4,CONTEXT_PLUS_SHOCK,CONTINUATION,ELASTIC_NET_LOGISTIC,F06,0.0
120,300,4,CONTEXT_PLUS_SHOCK,CONTINUATION,ELASTIC_NET_LOGISTIC,F07,0.0
120,300,4,CONTEXT_PLUS_SHOCK,CONTINUATION,ELASTIC_NET_LOGISTIC,F08,-0.06987056859778137
120,300,4,CONTEXT_PLUS_SHOCK,CONTINUATION,ELASTIC_NET_LOGISTIC,F09,0.0
120,300,4,CONTEXT_PLUS_SHOCK,CONTINUATION,ELASTIC_NET_LOGISTIC,F10,0.0
120,300,4,CONTEXT_PLUS_SHOCK,CONTINUATION,ELASTIC_NET_LOGISTIC,F11,0.06394088505325692
120,300,4,CONTEXT_PLUS_SHOCK,CONTINUATION,ELASTIC_NET_LOGISTIC,F12,0.0
120,300,4,CONTEXT_PLUS_SHOCK,CONTINUATION,ELASTIC_NET_LOGISTIC,F13,-0.11058714821807328
120,300,4,CONTEXT_PLUS_SHOCK,CONTINUATION,ELASTIC_NET_LOGISTIC,F14,-0.010399999393900024
120,300,4,CONTEXT_PLUS_SHOCK,CONTINUATION,ELASTIC_NET_LOGISTIC,F15,-0.08010154548783419
120,300,4,CONTEXT_PLUS_SHOCK,CONTINUATION,ELASTIC_NET_LOGISTIC,F16,0.0
120,300,4,CONTEXT_PLUS_SHOCK,CONTINUATION,ELASTIC_NET_LOGISTIC,F17,0.0
120,300,4,CONTEXT_PLUS_SHOCK,CONTINUATION,ELASTIC_NET_LOGISTIC,F18,0.033484448097130005
120,300,4,CONTEXT_PLUS_SHOCK,CONTINUATION,ELASTIC_NET_LOGISTIC,F19,0.013377946664087325
120,300,4,CONTEXT_PLUS_SHOCK,CONTINUATION,ELASTIC_NET_LOGISTIC,F20,0.06705845668960093
120,300,4,CONTEXT_PLUS_SHOCK,CONTINUATION,ELASTIC_NET_LOGISTIC,F21,0.02465083110351581
120,300,4,CONTEXT_PLUS_SHOCK,CONTINUATION,ELASTIC_NET_LOGISTIC,F22,0.0
120,300,4,CONTEXT_PLUS_SHOCK,CONTINUATION,ELASTIC_NET_LOGISTIC,F23,-0.07614734342494998
120,300,4,CONTEXT_PLUS_SHOCK,CONTINUATION,ELASTIC_NET_LOGISTIC,F24,-0.08285466842932615
120,300,4,CONTEXT_PLUS_SHOCK,CONTINUATION,ELASTIC_NET_LOGISTIC,F25,0.0561902751311263
120,300,4,CONTEXT_PLUS_SHOCK,CONTINUATION,ELASTIC_NET_LOGISTIC,F26,-0.27309089098015693
120,300,4,CONTEXT_PLUS_SHOCK,CONTINUATION,ELASTIC_NET_LOGISTIC,F27,0.0
120,300,4,CONTEXT_PLUS_SHOCK,CONTINUATION,ELASTIC_NET_LOGISTIC,F28,0.08681605904356839
120,300,4,CONTEXT_PLUS_SHOCK,CONTINUATION,ELASTIC_NET_LOGISTIC,F29,0.10422292473373655
120,300,4,CONTEXT_PLUS_SHOCK,CONTINUATION,ELASTIC_NET_LOGISTIC,F30,-0.027961622290742432
120,300,4,CONTEXT_PLUS_SHOCK,CONTINUATION,ELASTIC_NET_LOGISTIC,F31,0.0
120,300,4,CONTEXT_PLUS_SHOCK,CONTINUATION,ELASTIC_NET_LOGISTIC,F32,0.0
120,300,4,CONTEXT_PLUS_SHOCK,CONTINUATION,ELASTIC_NET_LOGISTIC,F33,0.15335770822387115
120,300,4,CONTEXT_PLUS_SHOCK,CONTINUATION,ELASTIC_NET_LOGISTIC,F34,0.07402612925589094
120,300,4,CONTEXT_PLUS_SHOCK,CONTINUATION,ELASTIC_NET_LOGISTIC,F35,-0.026620770231795272
120,300,4,CONTEXT_PLUS_SHOCK,CONTINUATION,ELASTIC_NET_LOGISTIC,F36,0.0
120,300,4,CONTEXT_PLUS_SHOCK,REVERSAL,ELASTIC_NET_REGRESSION,F01,0.02299912031421603
120,300,4,CONTEXT_PLUS_SHOCK,REVERSAL,ELASTIC_NET_REGRESSION,F02,0.0
120,300,4,CONTEXT_PLUS_SHOCK,REVERSAL,ELASTIC_NET_REGRESSION,F03,0.0
120,300,4,CONTEXT_PLUS_SHOCK,REVERSAL,ELASTIC_NET_REGRESSION,F04,-0.0
120,300,4,CONTEXT_PLUS_SHOCK,REVERSAL,ELASTIC_NET_REGRESSION,F05,-0.06924190924743286
120,300,4,CONTEXT_PLUS_SHOCK,REVERSAL,ELASTIC_NET_REGRESSION,F06,-0.0
120,300,4,CONTEXT_PLUS_SHOCK,REVERSAL,ELASTIC_NET_REGRESSION,F07,0.0
120,300,4,CONTEXT_PLUS_SHOCK,REVERSAL,ELASTIC_NET_REGRESSION,F08,0.07721075369347853
120,300,4,CONTEXT_PLUS_SHOCK,REVERSAL,ELASTIC_NET_REGRESSION,F09,0.05062282593617509
120,300,4,CONTEXT_PLUS_SHOCK,REVERSAL,ELASTIC_NET_REGRESSION,F10,0.0
120,300,4,CONTEXT_PLUS_SHOCK,REVERSAL,ELASTIC_NET_REGRESSION,F11,-0.14686535786681545
120,300,4,CONTEXT_PLUS_SHOCK,REVERSAL,ELASTIC_NET_REGRESSION,F12,-0.0
120,300,4,CONTEXT_PLUS_SHOCK,REVERSAL,ELASTIC_NET_REGRESSION,F13,0.21631430562122128
120,300,4,CONTEXT_PLUS_SHOCK,REVERSAL,ELASTIC_NET_REGRESSION,F14,0.031992827367578275
120,300,4,CONTEXT_PLUS_SHOCK,REVERSAL,ELASTIC_NET_REGRESSION,F15,-0.0
120,300,4,CONTEXT_PLUS_SHOCK,REVERSAL,ELASTIC_NET_REGRESSION,F16,-0.0
120,300,4,CONTEXT_PLUS_SHOCK,REVERSAL,ELASTIC_NET_REGRESSION,F17,-0.0
120,300,4,CONTEXT_PLUS_SHOCK,REVERSAL,ELASTIC_NET_REGRESSION,F18,-0.0
120,300,4,CONTEXT_PLUS_SHOCK,REVERSAL,ELASTIC_NET_REGRESSION,F19,-0.0
120,300,4,CONTEXT_PLUS_SHOCK,REVERSAL,ELASTIC_NET_REGRESSION,F20,-0.168246117708351
120,300,4,CONTEXT_PLUS_SHOCK,REVERSAL,ELASTIC_NET_REGRESSION,F21,-0.0
120,300,4,CONTEXT_PLUS_SHOCK,REVERSAL,ELASTIC_NET_REGRESSION,F22,-0.0
120,300,4,CONTEXT_PLUS_SHOCK,REVERSAL,ELASTIC_NET_REGRESSION,F23,0.031517984879000746
120,300,4,CONTEXT_PLUS_SHOCK,REVERSAL,ELASTIC_NET_REGRESSION,F24,0.0
120,300,4,CONTEXT_PLUS_SHOCK,REVERSAL,ELASTIC_NET_REGRESSION,F25,0.0
120,300,4,CONTEXT_PLUS_SHOCK,REVERSAL,ELASTIC_NET_REGRESSION,F26,-0.0
120,300,4,CONTEXT_PLUS_SHOCK,REVERSAL,ELASTIC_NET_REGRESSION,F27,-0.0
120,300,4,CONTEXT_PLUS_SHOCK,REVERSAL,ELASTIC_NET_REGRESSION,F28,-0.0
120,300,4,CONTEXT_PLUS_SHOCK,REVERSAL,ELASTIC_NET_REGRESSION,F29,-0.009572270924485954
120,300,4,CONTEXT_PLUS_SHOCK,REVERSAL,ELASTIC_NET_REGRESSION,F30,0.0
120,300,4,CONTEXT_PLUS_SHOCK,REVERSAL,ELASTIC_NET_REGRESSION,F31,0.0
120,300,4,CONTEXT_PLUS_SHOCK,REVERSAL,ELASTIC_NET_REGRESSION,F32,0.0
120,300,4,CONTEXT_PLUS_SHOCK,REVERSAL,ELASTIC_NET_REGRESSION,F33,0.09289119481317439
120,300,4,CONTEXT_PLUS_SHOCK,REVERSAL,ELASTIC_NET_REGRESSION,F34,-0.05287117497819782
120,300,4,CONTEXT_PLUS_SHOCK,REVERSAL,ELASTIC_NET_REGRESSION,F35,0.15459469232931325
120,300,4,CONTEXT_PLUS_SHOCK,REVERSAL,ELASTIC_NET_REGRESSION,F36,0.0
120,300,4,CONTEXT_PLUS_SHOCK,REVERSAL,ELASTIC_NET_LOGISTIC,F01,0.0
120,300,4,CONTEXT_PLUS_SHOCK,REVERSAL,ELASTIC_NET_LOGISTIC,F02,0.0
120,300,4,CONTEXT_PLUS_SHOCK,REVERSAL,ELASTIC_NET_LOGISTIC,F03,0.0
120,300,4,CONTEXT_PLUS_SHOCK,REVERSAL,ELASTIC_NET_LOGISTIC,F04,0.0
120,300,4,CONTEXT_PLUS_SHOCK,REVERSAL,ELASTIC_NET_LOGISTIC,F05,-0.10857661347187737
120,300,4,CONTEXT_PLUS_SHOCK,REVERSAL,ELASTIC_NET_LOGISTIC,F06,0.0
120,300,4,CONTEXT_PLUS_SHOCK,REVERSAL,ELASTIC_NET_LOGISTIC,F07,0.01683342986312287
120,300,4,CONTEXT_PLUS_SHOCK,REVERSAL,ELASTIC_NET_LOGISTIC,F08,0.0
120,300,4,CONTEXT_PLUS_SHOCK,REVERSAL,ELASTIC_NET_LOGISTIC,F09,0.04382243432416485
120,300,4,CONTEXT_PLUS_SHOCK,REVERSAL,ELASTIC_NET_LOGISTIC,F10,0.0
120,300,4,CONTEXT_PLUS_SHOCK,REVERSAL,ELASTIC_NET_LOGISTIC,F11,0.0
120,300,4,CONTEXT_PLUS_SHOCK,REVERSAL,ELASTIC_NET_LOGISTIC,F12,-0.08231035502862082
120,300,4,CONTEXT_PLUS_SHOCK,REVERSAL,ELASTIC_NET_LOGISTIC,F13,0.08546255963449595
120,300,4,CONTEXT_PLUS_SHOCK,REVERSAL,ELASTIC_NET_LOGISTIC,F14,0.016385671503777198
120,300,4,CONTEXT_PLUS_SHOCK,REVERSAL,ELASTIC_NET_LOGISTIC,F15,0.0
120,300,4,CONTEXT_PLUS_SHOCK,REVERSAL,ELASTIC_NET_LOGISTIC,F16,0.0
120,300,4,CONTEXT_PLUS_SHOCK,REVERSAL,ELASTIC_NET_LOGISTIC,F17,0.0
120,300,4,CONTEXT_PLUS_SHOCK,REVERSAL,ELASTIC_NET_LOGISTIC,F18,-0.014442926662679672
120,300,4,CONTEXT_PLUS_SHOCK,REVERSAL,ELASTIC_NET_LOGISTIC,F19,0.0
120,300,4,CONTEXT_PLUS_SHOCK,REVERSAL,ELASTIC_NET_LOGISTIC,F20,0.0
120,300,4,CONTEXT_PLUS_SHOCK,REVERSAL,ELASTIC_NET_LOGISTIC,F21,0.0
120,300,4,CONTEXT_PLUS_SHOCK,REVERSAL,ELASTIC_NET_LOGISTIC,F22,0.0
120,300,4,CONTEXT_PLUS_SHOCK,REVERSAL,ELASTIC_NET_LOGISTIC,F23,0.06407559729677183
120,300,4,CONTEXT_PLUS_SHOCK,REVERSAL,ELASTIC_NET_LOGISTIC,F24,0.0
120,300,4,CONTEXT_PLUS_SHOCK,REVERSAL,ELASTIC_NET_LOGISTIC,F25,0.0
120,300,4,CONTEXT_PLUS_SHOCK,REVERSAL,ELASTIC_NET_LOGISTIC,F26,-0.43034262637985154
120,300,4,CONTEXT_PLUS_SHOCK,REVERSAL,ELASTIC_NET_LOGISTIC,F27,0.0
120,300,4,CONTEXT_PLUS_SHOCK,REVERSAL,ELASTIC_NET_LOGISTIC,F28,0.11053786367049347
120,300,4,CONTEXT_PLUS_SHOCK,REVERSAL,ELASTIC_NET_LOGISTIC,F29,0.0
120,300,4,CONTEXT_PLUS_SHOCK,REVERSAL,ELASTIC_NET_LOGISTIC,F30,0.0
120,300,4,CONTEXT_PLUS_SHOCK,REVERSAL,ELASTIC_NET_LOGISTIC,F31,0.0
120,300,4,CONTEXT_PLUS_SHOCK,REVERSAL,ELASTIC_NET_LOGISTIC,F32,0.0
120,300,4,CONTEXT_PLUS_SHOCK,REVERSAL,ELASTIC_NET_LOGISTIC,F33,0.0
120,300,4,CONTEXT_PLUS_SHOCK,REVERSAL,ELASTIC_NET_LOGISTIC,F34,0.0
120,300,4,CONTEXT_PLUS_SHOCK,REVERSAL,ELASTIC_NET_LOGISTIC,F35,0.023086904947587056
120,300,4,CONTEXT_PLUS_SHOCK,REVERSAL,ELASTIC_NET_LOGISTIC,F36,0.0
120,600,0,CONTEXT_ONLY,CONTINUATION,ELASTIC_NET_REGRESSION,F01,0.1625217733568875
120,600,0,CONTEXT_ONLY,CONTINUATION,ELASTIC_NET_REGRESSION,F02,0.11157918583802762
120,600,0,CONTEXT_ONLY,CONTINUATION,ELASTIC_NET_REGRESSION,F03,0.0
120,600,0,CONTEXT_ONLY,CONTINUATION,ELASTIC_NET_REGRESSION,F04,0.0
120,600,0,CONTEXT_ONLY,CONTINUATION,ELASTIC_NET_REGRESSION,F05,0.047905117476914456
120,600,0,CONTEXT_ONLY,CONTINUATION,ELASTIC_NET_REGRESSION,F06,0.5592237017321379
120,600,0,CONTEXT_ONLY,CONTINUATION,ELASTIC_NET_REGRESSION,F07,-0.2516725860400153
120,600,0,CONTEXT_ONLY,CONTINUATION,ELASTIC_NET_REGRESSION,F08,0.06061051362437351
120,600,0,CONTEXT_ONLY,CONTINUATION,ELASTIC_NET_REGRESSION,F09,0.30314284672887537
120,600,0,CONTEXT_ONLY,CONTINUATION,ELASTIC_NET_REGRESSION,F10,0.27576772704094393
120,600,0,CONTEXT_ONLY,CONTINUATION,ELASTIC_NET_REGRESSION,F11,0.0
120,600,0,CONTEXT_ONLY,CONTINUATION,ELASTIC_NET_REGRESSION,F12,-0.5565774482378545
120,600,0,CONTEXT_ONLY,CONTINUATION,ELASTIC_NET_REGRESSION,F13,-0.0
120,600,0,CONTEXT_ONLY,CONTINUATION,ELASTIC_NET_REGRESSION,F14,-0.1109589878911938
120,600,0,CONTEXT_ONLY,CONTINUATION,ELASTIC_NET_REGRESSION,F15,-0.06111467858372889
120,600,0,CONTEXT_ONLY,CONTINUATION,ELASTIC_NET_REGRESSION,F16,0.0
120,600,0,CONTEXT_ONLY,CONTINUATION,ELASTIC_NET_REGRESSION,F17,0.0
120,600,0,CONTEXT_ONLY,CONTINUATION,ELASTIC_NET_REGRESSION,F18,0.0
120,600,0,CONTEXT_ONLY,CONTINUATION,ELASTIC_NET_REGRESSION,F19,-0.48121421374467777
120,600,0,CONTEXT_ONLY,CONTINUATION,ELASTIC_NET_REGRESSION,F20,0.7498353397692851
120,600,0,CONTEXT_ONLY,CONTINUATION,ELASTIC_NET_REGRESSION,F21,0.0
120,600,0,CONTEXT_ONLY,CONTINUATION,ELASTIC_NET_REGRESSION,F22,-0.0
120,600,0,CONTEXT_ONLY,CONTINUATION,ELASTIC_NET_REGRESSION,F23,-0.0
120,600,0,CONTEXT_ONLY,CONTINUATION,ELASTIC_NET_REGRESSION,F24,-0.004812267146637803
120,600,0,CONTEXT_ONLY,CONTINUATION,ELASTIC_NET_REGRESSION,F25,-0.0
120,600,0,CONTEXT_ONLY,CONTINUATION,ELASTIC_NET_REGRESSION,F26,-0.0
120,600,0,CONTEXT_ONLY,CONTINUATION,ELASTIC_NET_REGRESSION,F27,0.21402773981642292
120,600,0,CONTEXT_ONLY,CONTINUATION,ELASTIC_NET_REGRESSION,F28,-0.24896048603658402
120,600,0,CONTEXT_ONLY,CONTINUATION,ELASTIC_NET_REGRESSION,F29,-0.0
120,600,0,CONTEXT_ONLY,CONTINUATION,ELASTIC_NET_REGRESSION,F36,-0.0
120,600,0,CONTEXT_ONLY,CONTINUATION,ELASTIC_NET_LOGISTIC,F01,0.0
120,600,0,CONTEXT_ONLY,CONTINUATION,ELASTIC_NET_LOGISTIC,F02,0.0
120,600,0,CONTEXT_ONLY,CONTINUATION,ELASTIC_NET_LOGISTIC,F03,0.0
120,600,0,CONTEXT_ONLY,CONTINUATION,ELASTIC_NET_LOGISTIC,F04,0.0
120,600,0,CONTEXT_ONLY,CONTINUATION,ELASTIC_NET_LOGISTIC,F05,0.0
120,600,0,CONTEXT_ONLY,CONTINUATION,ELASTIC_NET_LOGISTIC,F06,0.0
120,600,0,CONTEXT_ONLY,CONTINUATION,ELASTIC_NET_LOGISTIC,F07,-0.06960965929715648
120,600,0,CONTEXT_ONLY,CONTINUATION,ELASTIC_NET_LOGISTIC,F08,0.0
120,600,0,CONTEXT_ONLY,CONTINUATION,ELASTIC_NET_LOGISTIC,F09,0.0
120,600,0,CONTEXT_ONLY,CONTINUATION,ELASTIC_NET_LOGISTIC,F10,0.0
120,600,0,CONTEXT_ONLY,CONTINUATION,ELASTIC_NET_LOGISTIC,F11,0.0
120,600,0,CONTEXT_ONLY,CONTINUATION,ELASTIC_NET_LOGISTIC,F12,0.0
120,600,0,CONTEXT_ONLY,CONTINUATION,ELASTIC_NET_LOGISTIC,F13,0.0
120,600,0,CONTEXT_ONLY,CONTINUATION,ELASTIC_NET_LOGISTIC,F14,0.0
120,600,0,CONTEXT_ONLY,CONTINUATION,ELASTIC_NET_LOGISTIC,F15,0.0
120,600,0,CONTEXT_ONLY,CONTINUATION,ELASTIC_NET_LOGISTIC,F16,0.0
120,600,0,CONTEXT_ONLY,CONTINUATION,ELASTIC_NET_LOGISTIC,F17,0.0
120,600,0,CONTEXT_ONLY,CONTINUATION,ELASTIC_NET_LOGISTIC,F18,0.0
120,600,0,CONTEXT_ONLY,CONTINUATION,ELASTIC_NET_LOGISTIC,F19,0.0
120,600,0,CONTEXT_ONLY,CONTINUATION,ELASTIC_NET_LOGISTIC,F20,0.0
120,600,0,CONTEXT_ONLY,CONTINUATION,ELASTIC_NET_LOGISTIC,F21,0.0
120,600,0,CONTEXT_ONLY,CONTINUATION,ELASTIC_NET_LOGISTIC,F22,0.0
120,600,0,CONTEXT_ONLY,CONTINUATION,ELASTIC_NET_LOGISTIC,F23,0.0
120,600,0,CONTEXT_ONLY,CONTINUATION,ELASTIC_NET_LOGISTIC,F24,0.0
120,600,0,CONTEXT_ONLY,CONTINUATION,ELASTIC_NET_LOGISTIC,F25,0.0
120,600,0,CONTEXT_ONLY,CONTINUATION,ELASTIC_NET_LOGISTIC,F26,-0.06859205040333319
120,600,0,CONTEXT_ONLY,CONTINUATION,ELASTIC_NET_LOGISTIC,F27,0.0
120,600,0,CONTEXT_ONLY,CONTINUATION,ELASTIC_NET_LOGISTIC,F28,0.0
120,600,0,CONTEXT_ONLY,CONTINUATION,ELASTIC_NET_LOGISTIC,F29,0.0
120,600,0,CONTEXT_ONLY,CONTINUATION,ELASTIC_NET_LOGISTIC,F36,0.0
120,600,0,CONTEXT_ONLY,REVERSAL,ELASTIC_NET_REGRESSION,F01,-0.12240960210502755
120,600,0,CONTEXT_ONLY,REVERSAL,ELASTIC_NET_REGRESSION,F02,-0.10738990478424822
120,600,0,CONTEXT_ONLY,REVERSAL,ELASTIC_NET_REGRESSION,F03,-0.0
120,600,0,CONTEXT_ONLY,REVERSAL,ELASTIC_NET_REGRESSION,F04,-0.0
120,600,0,CONTEXT_ONLY,REVERSAL,ELASTIC_NET_REGRESSION,F05,-0.032110821663263366
120,600,0,CONTEXT_ONLY,REVERSAL,ELASTIC_NET_REGRESSION,F06,-0.5477896101182658
120,600,0,CONTEXT_ONLY,REVERSAL,ELASTIC_NET_REGRESSION,F07,0.26019045937304475
120,600,0,CONTEXT_ONLY,REVERSAL,ELASTIC_NET_REGRESSION,F08,-0.06438628709478288
120,600,0,CONTEXT_ONLY,REVERSAL,ELASTIC_NET_REGRESSION,F09,-0.29528942404148456
120,600,0,CONTEXT_ONLY,REVERSAL,ELASTIC_NET_REGRESSION,F10,-0.2756669478136564
120,600,0,CONTEXT_ONLY,REVERSAL,ELASTIC_NET_REGRESSION,F11,-0.0
120,600,0,CONTEXT_ONLY,REVERSAL,ELASTIC_NET_REGRESSION,F12,0.51990001116882
120,600,0,CONTEXT_ONLY,REVERSAL,ELASTIC_NET_REGRESSION,F13,0.0
120,600,0,CONTEXT_ONLY,REVERSAL,ELASTIC_NET_REGRESSION,F14,0.09767187468584829
120,600,0,CONTEXT_ONLY,REVERSAL,ELASTIC_NET_REGRESSION,F15,0.03693346728036295
120,600,0,CONTEXT_ONLY,REVERSAL,ELASTIC_NET_REGRESSION,F16,-0.0
120,600,0,CONTEXT_ONLY,REVERSAL,ELASTIC_NET_REGRESSION,F17,-0.0
120,600,0,CONTEXT_ONLY,REVERSAL,ELASTIC_NET_REGRESSION,F18,-0.0
120,600,0,CONTEXT_ONLY,REVERSAL,ELASTIC_NET_REGRESSION,F19,0.49698410039682517
120,600,0,CONTEXT_ONLY,REVERSAL,ELASTIC_NET_REGRESSION,F20,-0.7674414256196591
120,600,0,CONTEXT_ONLY,REVERSAL,ELASTIC_NET_REGRESSION,F21,-0.0
120,600,0,CONTEXT_ONLY,REVERSAL,ELASTIC_NET_REGRESSION,F22,0.0
120,600,0,CONTEXT_ONLY,REVERSAL,ELASTIC_NET_REGRESSION,F23,0.0
120,600,0,CONTEXT_ONLY,REVERSAL,ELASTIC_NET_REGRESSION,F24,0.005610019672401309
120,600,0,CONTEXT_ONLY,REVERSAL,ELASTIC_NET_REGRESSION,F25,0.0
120,600,0,CONTEXT_ONLY,REVERSAL,ELASTIC_NET_REGRESSION,F26,0.0
120,600,0,CONTEXT_ONLY,REVERSAL,ELASTIC_NET_REGRESSION,F27,-0.19883491751642285
120,600,0,CONTEXT_ONLY,REVERSAL,ELASTIC_NET_REGRESSION,F28,0.2674193801780878
120,600,0,CONTEXT_ONLY,REVERSAL,ELASTIC_NET_REGRESSION,F29,0.0
120,600,0,CONTEXT_ONLY,REVERSAL,ELASTIC_NET_REGRESSION,F36,0.004730107362617027
120,600,0,CONTEXT_ONLY,REVERSAL,ELASTIC_NET_LOGISTIC,F01,0.0
120,600,0,CONTEXT_ONLY,REVERSAL,ELASTIC_NET_LOGISTIC,F02,0.0
120,600,0,CONTEXT_ONLY,REVERSAL,ELASTIC_NET_LOGISTIC,F03,0.03363602540610454
120,600,0,CONTEXT_ONLY,REVERSAL,ELASTIC_NET_LOGISTIC,F04,0.00046100813275408084
120,600,0,CONTEXT_ONLY,REVERSAL,ELASTIC_NET_LOGISTIC,F05,-0.1623774840945873
120,600,0,CONTEXT_ONLY,REVERSAL,ELASTIC_NET_LOGISTIC,F06,-0.17937260654498566
120,600,0,CONTEXT_ONLY,REVERSAL,ELASTIC_NET_LOGISTIC,F07,0.24675966428609167
120,600,0,CONTEXT_ONLY,REVERSAL,ELASTIC_NET_LOGISTIC,F08,-0.08966574112221992
120,600,0,CONTEXT_ONLY,REVERSAL,ELASTIC_NET_LOGISTIC,F09,-0.08977531699039856
120,600,0,CONTEXT_ONLY,REVERSAL,ELASTIC_NET_LOGISTIC,F10,-0.06073912719211606
120,600,0,CONTEXT_ONLY,REVERSAL,ELASTIC_NET_LOGISTIC,F11,0.0
120,600,0,CONTEXT_ONLY,REVERSAL,ELASTIC_NET_LOGISTIC,F12,0.11407046484182111
120,600,0,CONTEXT_ONLY,REVERSAL,ELASTIC_NET_LOGISTIC,F13,0.0
120,600,0,CONTEXT_ONLY,REVERSAL,ELASTIC_NET_LOGISTIC,F14,-0.015541953389809874
120,600,0,CONTEXT_ONLY,REVERSAL,ELASTIC_NET_LOGISTIC,F15,0.03908962070369571
120,600,0,CONTEXT_ONLY,REVERSAL,ELASTIC_NET_LOGISTIC,F16,0.0
120,600,0,CONTEXT_ONLY,REVERSAL,ELASTIC_NET_LOGISTIC,F17,-0.012615696663084744
120,600,0,CONTEXT_ONLY,REVERSAL,ELASTIC_NET_LOGISTIC,F18,0.0
120,600,0,CONTEXT_ONLY,REVERSAL,ELASTIC_NET_LOGISTIC,F19,0.045609893591226906
120,600,0,CONTEXT_ONLY,REVERSAL,ELASTIC_NET_LOGISTIC,F20,0.0
120,600,0,CONTEXT_ONLY,REVERSAL,ELASTIC_NET_LOGISTIC,F21,0.0
120,600,0,CONTEXT_ONLY,REVERSAL,ELASTIC_NET_LOGISTIC,F22,0.03091599294008102
120,600,0,CONTEXT_ONLY,REVERSAL,ELASTIC_NET_LOGISTIC,F23,0.0471333572746812
120,600,0,CONTEXT_ONLY,REVERSAL,ELASTIC_NET_LOGISTIC,F24,0.0
120,600,0,CONTEXT_ONLY,REVERSAL,ELASTIC_NET_LOGISTIC,F25,0.06318591944562535
120,600,0,CONTEXT_ONLY,REVERSAL,ELASTIC_NET_LOGISTIC,F26,-0.15534349305227452
120,600,0,CONTEXT_ONLY,REVERSAL,ELASTIC_NET_LOGISTIC,F27,-0.3343658891627378
120,600,0,CONTEXT_ONLY,REVERSAL,ELASTIC_NET_LOGISTIC,F28,0.0
120,600,0,CONTEXT_ONLY,REVERSAL,ELASTIC_NET_LOGISTIC,F29,0.05559584753495572
120,600,0,CONTEXT_ONLY,REVERSAL,ELASTIC_NET_LOGISTIC,F36,0.050908497603356744
120,600,0,CONTEXT_PLUS_SHOCK,CONTINUATION,ELASTIC_NET_REGRESSION,F01,0.09399156671358305
120,600,0,CONTEXT_PLUS_SHOCK,CONTINUATION,ELASTIC_NET_REGRESSION,F02,0.16024469924180587
120,600,0,CONTEXT_PLUS_SHOCK,CONTINUATION,ELASTIC_NET_REGRESSION,F03,0.0
120,600,0,CONTEXT_PLUS_SHOCK,CONTINUATION,ELASTIC_NET_REGRESSION,F04,0.0
120,600,0,CONTEXT_PLUS_SHOCK,CONTINUATION,ELASTIC_NET_REGRESSION,F05,0.08360577396494948
120,600,0,CONTEXT_PLUS_SHOCK,CONTINUATION,ELASTIC_NET_REGRESSION,F06,0.6076200089403605
120,600,0,CONTEXT_PLUS_SHOCK,CONTINUATION,ELASTIC_NET_REGRESSION,F07,-0.2092868965298373
120,600,0,CONTEXT_PLUS_SHOCK,CONTINUATION,ELASTIC_NET_REGRESSION,F08,0.07140336763626602
120,600,0,CONTEXT_PLUS_SHOCK,CONTINUATION,ELASTIC_NET_REGRESSION,F09,0.28974530188320885
120,600,0,CONTEXT_PLUS_SHOCK,CONTINUATION,ELASTIC_NET_REGRESSION,F10,0.27390886382088264
120,600,0,CONTEXT_PLUS_SHOCK,CONTINUATION,ELASTIC_NET_REGRESSION,F11,0.0
120,600,0,CONTEXT_PLUS_SHOCK,CONTINUATION,ELASTIC_NET_REGRESSION,F12,-0.5053212486016193
120,600,0,CONTEXT_PLUS_SHOCK,CONTINUATION,ELASTIC_NET_REGRESSION,F13,-0.0
120,600,0,CONTEXT_PLUS_SHOCK,CONTINUATION,ELASTIC_NET_REGRESSION,F14,-0.1270578073843156
120,600,0,CONTEXT_PLUS_SHOCK,CONTINUATION,ELASTIC_NET_REGRESSION,F15,-0.1108755094999663
120,600,0,CONTEXT_PLUS_SHOCK,CONTINUATION,ELASTIC_NET_REGRESSION,F16,0.0
120,600,0,CONTEXT_PLUS_SHOCK,CONTINUATION,ELASTIC_NET_REGRESSION,F17,0.0
120,600,0,CONTEXT_PLUS_SHOCK,CONTINUATION,ELASTIC_NET_REGRESSION,F18,0.0
120,600,0,CONTEXT_PLUS_SHOCK,CONTINUATION,ELASTIC_NET_REGRESSION,F19,-0.44269804139442975
120,600,0,CONTEXT_PLUS_SHOCK,CONTINUATION,ELASTIC_NET_REGRESSION,F20,0.7237949265336353
120,600,0,CONTEXT_PLUS_SHOCK,CONTINUATION,ELASTIC_NET_REGRESSION,F21,0.0
120,600,0,CONTEXT_PLUS_SHOCK,CONTINUATION,ELASTIC_NET_REGRESSION,F22,-0.0
120,600,0,CONTEXT_PLUS_SHOCK,CONTINUATION,ELASTIC_NET_REGRESSION,F23,-0.5702382356396641
120,600,0,CONTEXT_PLUS_SHOCK,CONTINUATION,ELASTIC_NET_REGRESSION,F24,-0.02857710467866073
120,600,0,CONTEXT_PLUS_SHOCK,CONTINUATION,ELASTIC_NET_REGRESSION,F25,-0.0
120,600,0,CONTEXT_PLUS_SHOCK,CONTINUATION,ELASTIC_NET_REGRESSION,F26,-0.0
120,600,0,CONTEXT_PLUS_SHOCK,CONTINUATION,ELASTIC_NET_REGRESSION,F27,0.3784505110392118
120,600,0,CONTEXT_PLUS_SHOCK,CONTINUATION,ELASTIC_NET_REGRESSION,F28,-0.26188032056478006
120,600,0,CONTEXT_PLUS_SHOCK,CONTINUATION,ELASTIC_NET_REGRESSION,F29,-0.0
120,600,0,CONTEXT_PLUS_SHOCK,CONTINUATION,ELASTIC_NET_REGRESSION,F30,-0.0
120,600,0,CONTEXT_PLUS_SHOCK,CONTINUATION,ELASTIC_NET_REGRESSION,F31,0.6755799734583887
120,600,0,CONTEXT_PLUS_SHOCK,CONTINUATION,ELASTIC_NET_REGRESSION,F32,0.0
120,600,0,CONTEXT_PLUS_SHOCK,CONTINUATION,ELASTIC_NET_REGRESSION,F33,0.0
120,600,0,CONTEXT_PLUS_SHOCK,CONTINUATION,ELASTIC_NET_REGRESSION,F34,-0.012135709219473465
120,600,0,CONTEXT_PLUS_SHOCK,CONTINUATION,ELASTIC_NET_REGRESSION,F35,-0.09810989427603434
120,600,0,CONTEXT_PLUS_SHOCK,CONTINUATION,ELASTIC_NET_REGRESSION,F36,-0.0
120,600,0,CONTEXT_PLUS_SHOCK,CONTINUATION,ELASTIC_NET_LOGISTIC,F01,0.0
120,600,0,CONTEXT_PLUS_SHOCK,CONTINUATION,ELASTIC_NET_LOGISTIC,F02,0.0
120,600,0,CONTEXT_PLUS_SHOCK,CONTINUATION,ELASTIC_NET_LOGISTIC,F03,0.0
120,600,0,CONTEXT_PLUS_SHOCK,CONTINUATION,ELASTIC_NET_LOGISTIC,F04,0.0
120,600,0,CONTEXT_PLUS_SHOCK,CONTINUATION,ELASTIC_NET_LOGISTIC,F05,0.0
120,600,0,CONTEXT_PLUS_SHOCK,CONTINUATION,ELASTIC_NET_LOGISTIC,F06,0.0
120,600,0,CONTEXT_PLUS_SHOCK,CONTINUATION,ELASTIC_NET_LOGISTIC,F07,-0.06960942777994132
120,600,0,CONTEXT_PLUS_SHOCK,CONTINUATION,ELASTIC_NET_LOGISTIC,F08,0.0
120,600,0,CONTEXT_PLUS_SHOCK,CONTINUATION,ELASTIC_NET_LOGISTIC,F09,0.0
120,600,0,CONTEXT_PLUS_SHOCK,CONTINUATION,ELASTIC_NET_LOGISTIC,F10,0.0
120,600,0,CONTEXT_PLUS_SHOCK,CONTINUATION,ELASTIC_NET_LOGISTIC,F11,0.0
120,600,0,CONTEXT_PLUS_SHOCK,CONTINUATION,ELASTIC_NET_LOGISTIC,F12,0.0
120,600,0,CONTEXT_PLUS_SHOCK,CONTINUATION,ELASTIC_NET_LOGISTIC,F13,0.0
120,600,0,CONTEXT_PLUS_SHOCK,CONTINUATION,ELASTIC_NET_LOGISTIC,F14,0.0
120,600,0,CONTEXT_PLUS_SHOCK,CONTINUATION,ELASTIC_NET_LOGISTIC,F15,0.0
120,600,0,CONTEXT_PLUS_SHOCK,CONTINUATION,ELASTIC_NET_LOGISTIC,F16,0.0
120,600,0,CONTEXT_PLUS_SHOCK,CONTINUATION,ELASTIC_NET_LOGISTIC,F17,0.0
120,600,0,CONTEXT_PLUS_SHOCK,CONTINUATION,ELASTIC_NET_LOGISTIC,F18,0.0
120,600,0,CONTEXT_PLUS_SHOCK,CONTINUATION,ELASTIC_NET_LOGISTIC,F19,0.0
120,600,0,CONTEXT_PLUS_SHOCK,CONTINUATION,ELASTIC_NET_LOGISTIC,F20,0.0
120,600,0,CONTEXT_PLUS_SHOCK,CONTINUATION,ELASTIC_NET_LOGISTIC,F21,0.0
120,600,0,CONTEXT_PLUS_SHOCK,CONTINUATION,ELASTIC_NET_LOGISTIC,F22,0.0
120,600,0,CONTEXT_PLUS_SHOCK,CONTINUATION,ELASTIC_NET_LOGISTIC,F23,0.0
120,600,0,CONTEXT_PLUS_SHOCK,CONTINUATION,ELASTIC_NET_LOGISTIC,F24,0.0
120,600,0,CONTEXT_PLUS_SHOCK,CONTINUATION,ELASTIC_NET_LOGISTIC,F25,0.0
120,600,0,CONTEXT_PLUS_SHOCK,CONTINUATION,ELASTIC_NET_LOGISTIC,F26,-0.06857487598486355
120,600,0,CONTEXT_PLUS_SHOCK,CONTINUATION,ELASTIC_NET_LOGISTIC,F27,0.0
120,600,0,CONTEXT_PLUS_SHOCK,CONTINUATION,ELASTIC_NET_LOGISTIC,F28,0.0
120,600,0,CONTEXT_PLUS_SHOCK,CONTINUATION,ELASTIC_NET_LOGISTIC,F29,0.0
120,600,0,CONTEXT_PLUS_SHOCK,CONTINUATION,ELASTIC_NET_LOGISTIC,F30,0.0
120,600,0,CONTEXT_PLUS_SHOCK,CONTINUATION,ELASTIC_NET_LOGISTIC,F31,0.0
120,600,0,CONTEXT_PLUS_SHOCK,CONTINUATION,ELASTIC_NET_LOGISTIC,F32,0.0
120,600,0,CONTEXT_PLUS_SHOCK,CONTINUATION,ELASTIC_NET_LOGISTIC,F33,0.0
120,600,0,CONTEXT_PLUS_SHOCK,CONTINUATION,ELASTIC_NET_LOGISTIC,F34,0.0
120,600,0,CONTEXT_PLUS_SHOCK,CONTINUATION,ELASTIC_NET_LOGISTIC,F35,0.0
120,600,0,CONTEXT_PLUS_SHOCK,CONTINUATION,ELASTIC_NET_LOGISTIC,F36,0.0
120,600,0,CONTEXT_PLUS_SHOCK,REVERSAL,ELASTIC_NET_REGRESSION,F01,-0.051391007397110465
120,600,0,CONTEXT_PLUS_SHOCK,REVERSAL,ELASTIC_NET_REGRESSION,F02,-0.15505394974931636
120,600,0,CONTEXT_PLUS_SHOCK,REVERSAL,ELASTIC_NET_REGRESSION,F03,-0.0
120,600,0,CONTEXT_PLUS_SHOCK,REVERSAL,ELASTIC_NET_REGRESSION,F04,-0.0
120,600,0,CONTEXT_PLUS_SHOCK,REVERSAL,ELASTIC_NET_REGRESSION,F05,-0.06784636699018778
120,600,0,CONTEXT_PLUS_SHOCK,REVERSAL,ELASTIC_NET_REGRESSION,F06,-0.5957531836454006
120,600,0,CONTEXT_PLUS_SHOCK,REVERSAL,ELASTIC_NET_REGRESSION,F07,0.21990093508814362
120,600,0,CONTEXT_PLUS_SHOCK,REVERSAL,ELASTIC_NET_REGRESSION,F08,-0.07399331501412107
120,600,0,CONTEXT_PLUS_SHOCK,REVERSAL,ELASTIC_NET_REGRESSION,F09,-0.2820866379946386
120,600,0,CONTEXT_PLUS_SHOCK,REVERSAL,ELASTIC_NET_REGRESSION,F10,-0.27485620872171945
120,600,0,CONTEXT_PLUS_SHOCK,REVERSAL,ELASTIC_NET_REGRESSION,F11,-0.0
120,600,0,CONTEXT_PLUS_SHOCK,REVERSAL,ELASTIC_NET_REGRESSION,F12,0.4683195547860251
120,600,0,CONTEXT_PLUS_SHOCK,REVERSAL,ELASTIC_NET_REGRESSION,F13,0.0
120,600,0,CONTEXT_PLUS_SHOCK,REVERSAL,ELASTIC_NET_REGRESSION,F14,0.11618715839589457
120,600,0,CONTEXT_PLUS_SHOCK,REVERSAL,ELASTIC_NET_REGRESSION,F15,0.08535556828713035
120,600,0,CONTEXT_PLUS_SHOCK,REVERSAL,ELASTIC_NET_REGRESSION,F16,-0.0
120,600,0,CONTEXT_PLUS_SHOCK,REVERSAL,ELASTIC_NET_REGRESSION,F17,-0.0
120,600,0,CONTEXT_PLUS_SHOCK,REVERSAL,ELASTIC_NET_REGRESSION,F18,-0.0
120,600,0,CONTEXT_PLUS_SHOCK,REVERSAL,ELASTIC_NET_REGRESSION,F19,0.45905986169674945
120,600,0,CONTEXT_PLUS_SHOCK,REVERSAL,ELASTIC_NET_REGRESSION,F20,-0.7411041425418632
120,600,0,CONTEXT_PLUS_SHOCK,REVERSAL,ELASTIC_NET_REGRESSION,F21,-0.0
120,600,0,CONTEXT_PLUS_SHOCK,REVERSAL,ELASTIC_NET_REGRESSION,F22,0.0
120,600,0,CONTEXT_PLUS_SHOCK,REVERSAL,ELASTIC_NET_REGRESSION,F23,0.5669617685572962
120,600,0,CONTEXT_PLUS_SHOCK,REVERSAL,ELASTIC_NET_REGRESSION,F24,0.029509637857223693
120,600,0,CONTEXT_PLUS_SHOCK,REVERSAL,ELASTIC_NET_REGRESSION,F25,0.0
120,600,0,CONTEXT_PLUS_SHOCK,REVERSAL,ELASTIC_NET_REGRESSION,F26,0.0
120,600,0,CONTEXT_PLUS_SHOCK,REVERSAL,ELASTIC_NET_REGRESSION,F27,-0.3619144364784483
120,600,0,CONTEXT_PLUS_SHOCK,REVERSAL,ELASTIC_NET_REGRESSION,F28,0.2810458629524321
120,600,0,CONTEXT_PLUS_SHOCK,REVERSAL,ELASTIC_NET_REGRESSION,F29,0.0
120,600,0,CONTEXT_PLUS_SHOCK,REVERSAL,ELASTIC_NET_REGRESSION,F30,0.0
120,600,0,CONTEXT_PLUS_SHOCK,REVERSAL,ELASTIC_NET_REGRESSION,F31,-0.6711862841156155
120,600,0,CONTEXT_PLUS_SHOCK,REVERSAL,ELASTIC_NET_REGRESSION,F32,0.0
120,600,0,CONTEXT_PLUS_SHOCK,REVERSAL,ELASTIC_NET_REGRESSION,F33,-0.0
120,600,0,CONTEXT_PLUS_SHOCK,REVERSAL,ELASTIC_NET_REGRESSION,F34,0.0
120,600,0,CONTEXT_PLUS_SHOCK,REVERSAL,ELASTIC_NET_REGRESSION,F35,0.10097419601195719
120,600,0,CONTEXT_PLUS_SHOCK,REVERSAL,ELASTIC_NET_REGRESSION,F36,0.0
120,600,0,CONTEXT_PLUS_SHOCK,REVERSAL,ELASTIC_NET_LOGISTIC,F01,0.0
120,600,0,CONTEXT_PLUS_SHOCK,REVERSAL,ELASTIC_NET_LOGISTIC,F02,0.0
120,600,0,CONTEXT_PLUS_SHOCK,REVERSAL,ELASTIC_NET_LOGISTIC,F03,0.0
120,600,0,CONTEXT_PLUS_SHOCK,REVERSAL,ELASTIC_NET_LOGISTIC,F04,0.0
120,600,0,CONTEXT_PLUS_SHOCK,REVERSAL,ELASTIC_NET_LOGISTIC,F05,-0.025034470837472296
120,600,0,CONTEXT_PLUS_SHOCK,REVERSAL,ELASTIC_NET_LOGISTIC,F06,-0.07748718334325548
120,600,0,CONTEXT_PLUS_SHOCK,REVERSAL,ELASTIC_NET_LOGISTIC,F07,0.11562092764813059
120,600,0,CONTEXT_PLUS_SHOCK,REVERSAL,ELASTIC_NET_LOGISTIC,F08,-0.04958178763507101
120,600,0,CONTEXT_PLUS_SHOCK,REVERSAL,ELASTIC_NET_LOGISTIC,F09,-0.012446246578188783
120,600,0,CONTEXT_PLUS_SHOCK,REVERSAL,ELASTIC_NET_LOGISTIC,F10,0.0
120,600,0,CONTEXT_PLUS_SHOCK,REVERSAL,ELASTIC_NET_LOGISTIC,F11,0.0
120,600,0,CONTEXT_PLUS_SHOCK,REVERSAL,ELASTIC_NET_LOGISTIC,F12,0.007792801680544837
120,600,0,CONTEXT_PLUS_SHOCK,REVERSAL,ELASTIC_NET_LOGISTIC,F13,0.0
120,600,0,CONTEXT_PLUS_SHOCK,REVERSAL,ELASTIC_NET_LOGISTIC,F14,0.0
120,600,0,CONTEXT_PLUS_SHOCK,REVERSAL,ELASTIC_NET_LOGISTIC,F15,0.0
120,600,0,CONTEXT_PLUS_SHOCK,REVERSAL,ELASTIC_NET_LOGISTIC,F16,0.0
120,600,0,CONTEXT_PLUS_SHOCK,REVERSAL,ELASTIC_NET_LOGISTIC,F17,0.0
120,600,0,CONTEXT_PLUS_SHOCK,REVERSAL,ELASTIC_NET_LOGISTIC,F18,0.0
120,600,0,CONTEXT_PLUS_SHOCK,REVERSAL,ELASTIC_NET_LOGISTIC,F19,0.0
120,600,0,CONTEXT_PLUS_SHOCK,REVERSAL,ELASTIC_NET_LOGISTIC,F20,0.0
120,600,0,CONTEXT_PLUS_SHOCK,REVERSAL,ELASTIC_NET_LOGISTIC,F21,0.0
120,600,0,CONTEXT_PLUS_SHOCK,REVERSAL,ELASTIC_NET_LOGISTIC,F22,0.0
120,600,0,CONTEXT_PLUS_SHOCK,REVERSAL,ELASTIC_NET_LOGISTIC,F23,0.0
120,600,0,CONTEXT_PLUS_SHOCK,REVERSAL,ELASTIC_NET_LOGISTIC,F24,0.0
120,600,0,CONTEXT_PLUS_SHOCK,REVERSAL,ELASTIC_NET_LOGISTIC,F25,0.0
120,600,0,CONTEXT_PLUS_SHOCK,REVERSAL,ELASTIC_NET_LOGISTIC,F26,-0.08665424486670097
120,600,0,CONTEXT_PLUS_SHOCK,REVERSAL,ELASTIC_NET_LOGISTIC,F27,-0.2872174246567427
120,600,0,CONTEXT_PLUS_SHOCK,REVERSAL,ELASTIC_NET_LOGISTIC,F28,0.0
120,600,0,CONTEXT_PLUS_SHOCK,REVERSAL,ELASTIC_NET_LOGISTIC,F29,0.0
120,600,0,CONTEXT_PLUS_SHOCK,REVERSAL,ELASTIC_NET_LOGISTIC,F30,0.0
120,600,0,CONTEXT_PLUS_SHOCK,REVERSAL,ELASTIC_NET_LOGISTIC,F31,0.0
120,600,0,CONTEXT_PLUS_SHOCK,REVERSAL,ELASTIC_NET_LOGISTIC,F32,0.0
120,600,0,CONTEXT_PLUS_SHOCK,REVERSAL,ELASTIC_NET_LOGISTIC,F33,0.0
120,600,0,CONTEXT_PLUS_SHOCK,REVERSAL,ELASTIC_NET_LOGISTIC,F34,0.0
120,600,0,CONTEXT_PLUS_SHOCK,REVERSAL,ELASTIC_NET_LOGISTIC,F35,0.0
120,600,0,CONTEXT_PLUS_SHOCK,REVERSAL,ELASTIC_NET_LOGISTIC,F36,0.0
120,600,1,CONTEXT_ONLY,CONTINUATION,ELASTIC_NET_REGRESSION,F01,-0.43958479122325744
120,600,1,CONTEXT_ONLY,CONTINUATION,ELASTIC_NET_REGRESSION,F02,0.0
120,600,1,CONTEXT_ONLY,CONTINUATION,ELASTIC_NET_REGRESSION,F03,0.0
120,600,1,CONTEXT_ONLY,CONTINUATION,ELASTIC_NET_REGRESSION,F04,0.4533096038820314
120,600,1,CONTEXT_ONLY,CONTINUATION,ELASTIC_NET_REGRESSION,F05,0.2852583375383698
120,600,1,CONTEXT_ONLY,CONTINUATION,ELASTIC_NET_REGRESSION,F06,0.28764414132305394
120,600,1,CONTEXT_ONLY,CONTINUATION,ELASTIC_NET_REGRESSION,F07,-0.20061056698928612
120,600,1,CONTEXT_ONLY,CONTINUATION,ELASTIC_NET_REGRESSION,F08,0.17861879311538476
120,600,1,CONTEXT_ONLY,CONTINUATION,ELASTIC_NET_REGRESSION,F09,0.34681290569878914
120,600,1,CONTEXT_ONLY,CONTINUATION,ELASTIC_NET_REGRESSION,F10,0.1670814953419803
120,600,1,CONTEXT_ONLY,CONTINUATION,ELASTIC_NET_REGRESSION,F11,0.1719900496827901
120,600,1,CONTEXT_ONLY,CONTINUATION,ELASTIC_NET_REGRESSION,F12,-0.22200729585056392
120,600,1,CONTEXT_ONLY,CONTINUATION,ELASTIC_NET_REGRESSION,F13,0.1838901434021119
120,600,1,CONTEXT_ONLY,CONTINUATION,ELASTIC_NET_REGRESSION,F14,0.0
120,600,1,CONTEXT_ONLY,CONTINUATION,ELASTIC_NET_REGRESSION,F15,-0.3576766796181789
120,600,1,CONTEXT_ONLY,CONTINUATION,ELASTIC_NET_REGRESSION,F16,-0.0
120,600,1,CONTEXT_ONLY,CONTINUATION,ELASTIC_NET_REGRESSION,F17,0.0
120,600,1,CONTEXT_ONLY,CONTINUATION,ELASTIC_NET_REGRESSION,F18,0.18021078188472833
120,600,1,CONTEXT_ONLY,CONTINUATION,ELASTIC_NET_REGRESSION,F19,-0.017612579742995224
120,600,1,CONTEXT_ONLY,CONTINUATION,ELASTIC_NET_REGRESSION,F20,0.5720827935340748
120,600,1,CONTEXT_ONLY,CONTINUATION,ELASTIC_NET_REGRESSION,F21,-0.07135907229293106
120,600,1,CONTEXT_ONLY,CONTINUATION,ELASTIC_NET_REGRESSION,F22,-0.0
120,600,1,CONTEXT_ONLY,CONTINUATION,ELASTIC_NET_REGRESSION,F23,0.12236763351325461
120,600,1,CONTEXT_ONLY,CONTINUATION,ELASTIC_NET_REGRESSION,F24,-0.11615526648509412
120,600,1,CONTEXT_ONLY,CONTINUATION,ELASTIC_NET_REGRESSION,F25,-0.07201381245552851
120,600,1,CONTEXT_ONLY,CONTINUATION,ELASTIC_NET_REGRESSION,F26,-0.11540848150773748
120,600,1,CONTEXT_ONLY,CONTINUATION,ELASTIC_NET_REGRESSION,F27,-0.0
120,600,1,CONTEXT_ONLY,CONTINUATION,ELASTIC_NET_REGRESSION,F28,-0.5899512701109311
120,600,1,CONTEXT_ONLY,CONTINUATION,ELASTIC_NET_REGRESSION,F29,0.3847792696767196
120,600,1,CONTEXT_ONLY,CONTINUATION,ELASTIC_NET_REGRESSION,F36,0.0
120,600,1,CONTEXT_ONLY,CONTINUATION,ELASTIC_NET_LOGISTIC,F01,0.0
120,600,1,CONTEXT_ONLY,CONTINUATION,ELASTIC_NET_LOGISTIC,F02,0.0
120,600,1,CONTEXT_ONLY,CONTINUATION,ELASTIC_NET_LOGISTIC,F03,0.0
120,600,1,CONTEXT_ONLY,CONTINUATION,ELASTIC_NET_LOGISTIC,F04,0.0
120,600,1,CONTEXT_ONLY,CONTINUATION,ELASTIC_NET_LOGISTIC,F05,0.0
120,600,1,CONTEXT_ONLY,CONTINUATION,ELASTIC_NET_LOGISTIC,F06,0.0
120,600,1,CONTEXT_ONLY,CONTINUATION,ELASTIC_NET_LOGISTIC,F07,-0.027476479215098208
120,600,1,CONTEXT_ONLY,CONTINUATION,ELASTIC_NET_LOGISTIC,F08,0.0
120,600,1,CONTEXT_ONLY,CONTINUATION,ELASTIC_NET_LOGISTIC,F09,0.03519382450355062
120,600,1,CONTEXT_ONLY,CONTINUATION,ELASTIC_NET_LOGISTIC,F10,0.0
120,600,1,CONTEXT_ONLY,CONTINUATION,ELASTIC_NET_LOGISTIC,F11,0.0
120,600,1,CONTEXT_ONLY,CONTINUATION,ELASTIC_NET_LOGISTIC,F12,0.0
120,600,1,CONTEXT_ONLY,CONTINUATION,ELASTIC_NET_LOGISTIC,F13,0.0
120,600,1,CONTEXT_ONLY,CONTINUATION,ELASTIC_NET_LOGISTIC,F14,0.06442784204232507
120,600,1,CONTEXT_ONLY,CONTINUATION,ELASTIC_NET_LOGISTIC,F15,0.0
120,600,1,CONTEXT_ONLY,CONTINUATION,ELASTIC_NET_LOGISTIC,F16,0.0
120,600,1,CONTEXT_ONLY,CONTINUATION,ELASTIC_NET_LOGISTIC,F17,0.0
120,600,1,CONTEXT_ONLY,CONTINUATION,ELASTIC_NET_LOGISTIC,F18,0.014376613379992837
120,600,1,CONTEXT_ONLY,CONTINUATION,ELASTIC_NET_LOGISTIC,F19,0.023573467688210076
120,600,1,CONTEXT_ONLY,CONTINUATION,ELASTIC_NET_LOGISTIC,F20,0.012516866983846662
120,600,1,CONTEXT_ONLY,CONTINUATION,ELASTIC_NET_LOGISTIC,F21,0.0
120,600,1,CONTEXT_ONLY,CONTINUATION,ELASTIC_NET_LOGISTIC,F22,0.0
120,600,1,CONTEXT_ONLY,CONTINUATION,ELASTIC_NET_LOGISTIC,F23,0.0
120,600,1,CONTEXT_ONLY,CONTINUATION,ELASTIC_NET_LOGISTIC,F24,0.0
120,600,1,CONTEXT_ONLY,CONTINUATION,ELASTIC_NET_LOGISTIC,F25,0.0
120,600,1,CONTEXT_ONLY,CONTINUATION,ELASTIC_NET_LOGISTIC,F26,-0.19275964683465951
120,600,1,CONTEXT_ONLY,CONTINUATION,ELASTIC_NET_LOGISTIC,F27,0.0
120,600,1,CONTEXT_ONLY,CONTINUATION,ELASTIC_NET_LOGISTIC,F28,0.0
120,600,1,CONTEXT_ONLY,CONTINUATION,ELASTIC_NET_LOGISTIC,F29,0.0
120,600,1,CONTEXT_ONLY,CONTINUATION,ELASTIC_NET_LOGISTIC,F36,0.0
120,600,1,CONTEXT_ONLY,REVERSAL,ELASTIC_NET_REGRESSION,F01,0.4624250808668359
120,600,1,CONTEXT_ONLY,REVERSAL,ELASTIC_NET_REGRESSION,F02,-0.0
120,600,1,CONTEXT_ONLY,REVERSAL,ELASTIC_NET_REGRESSION,F03,-0.0
120,600,1,CONTEXT_ONLY,REVERSAL,ELASTIC_NET_REGRESSION,F04,-0.4484557129681319
120,600,1,CONTEXT_ONLY,REVERSAL,ELASTIC_NET_REGRESSION,F05,-0.29009698999000927
120,600,1,CONTEXT_ONLY,REVERSAL,ELASTIC_NET_REGRESSION,F06,-0.2729749293036969
120,600,1,CONTEXT_ONLY,REVERSAL,ELASTIC_NET_REGRESSION,F07,0.20740737440474513
120,600,1,CONTEXT_ONLY,REVERSAL,ELASTIC_NET_REGRESSION,F08,-0.18454533272722856
120,600,1,CONTEXT_ONLY,REVERSAL,ELASTIC_NET_REGRESSION,F09,-0.343672753415011
120,600,1,CONTEXT_ONLY,REVERSAL,ELASTIC_NET_REGRESSION,F10,-0.1652510494253407
120,600,1,CONTEXT_ONLY,REVERSAL,ELASTIC_NET_REGRESSION,F11,-0.17000246869135718
120,600,1,CONTEXT_ONLY,REVERSAL,ELASTIC_NET_REGRESSION,F12,0.1986667926702747
120,600,1,CONTEXT_ONLY,REVERSAL,ELASTIC_NET_REGRESSION,F13,-0.1850958092746105
120,600,1,CONTEXT_ONLY,REVERSAL,ELASTIC_NET_REGRESSION,F14,-0.0
120,600,1,CONTEXT_ONLY,REVERSAL,ELASTIC_NET_REGRESSION,F15,0.3394384192070985
120,600,1,CONTEXT_ONLY,REVERSAL,ELASTIC_NET_REGRESSION,F16,0.0
120,600,1,CONTEXT_ONLY,REVERSAL,ELASTIC_NET_REGRESSION,F17,-0.0
120,600,1,CONTEXT_ONLY,REVERSAL,ELASTIC_NET_REGRESSION,F18,-0.22214797187205076
120,600,1,CONTEXT_ONLY,REVERSAL,ELASTIC_NET_REGRESSION,F19,0.023196581875965273
120,600,1,CONTEXT_ONLY,REVERSAL,ELASTIC_NET_REGRESSION,F20,-0.558630897735499
120,600,1,CONTEXT_ONLY,REVERSAL,ELASTIC_NET_REGRESSION,F21,0.0587940060568139
120,600,1,CONTEXT_ONLY,REVERSAL,ELASTIC_NET_REGRESSION,F22,0.0
120,600,1,CONTEXT_ONLY,REVERSAL,ELASTIC_NET_REGRESSION,F23,-0.11932665643688047
120,600,1,CONTEXT_ONLY,REVERSAL,ELASTIC_NET_REGRESSION,F24,0.11257212160621759
120,600,1,CONTEXT_ONLY,REVERSAL,ELASTIC_NET_REGRESSION,F25,0.12681226799737896
120,600,1,CONTEXT_ONLY,REVERSAL,ELASTIC_NET_REGRESSION,F26,0.132458440806229
120,600,1,CONTEXT_ONLY,REVERSAL,ELASTIC_NET_REGRESSION,F27,0.0
120,600,1,CONTEXT_ONLY,REVERSAL,ELASTIC_NET_REGRESSION,F28,0.5965942066974583
120,600,1,CONTEXT_ONLY,REVERSAL,ELASTIC_NET_REGRESSION,F29,-0.37859526308657837
120,600,1,CONTEXT_ONLY,REVERSAL,ELASTIC_NET_REGRESSION,F36,-0.0
120,600,1,CONTEXT_ONLY,REVERSAL,ELASTIC_NET_LOGISTIC,F01,0.10114427676194655
120,600,1,CONTEXT_ONLY,REVERSAL,ELASTIC_NET_LOGISTIC,F02,0.0
120,600,1,CONTEXT_ONLY,REVERSAL,ELASTIC_NET_LOGISTIC,F03,0.0
120,600,1,CONTEXT_ONLY,REVERSAL,ELASTIC_NET_LOGISTIC,F04,0.0
120,600,1,CONTEXT_ONLY,REVERSAL,ELASTIC_NET_LOGISTIC,F05,-0.061973557842834495
120,600,1,CONTEXT_ONLY,REVERSAL,ELASTIC_NET_LOGISTIC,F06,-0.014367389258002298
120,600,1,CONTEXT_ONLY,REVERSAL,ELASTIC_NET_LOGISTIC,F07,0.11244637215402183
120,600,1,CONTEXT_ONLY,REVERSAL,ELASTIC_NET_LOGISTIC,F08,-0.1471183363177412
120,600,1,CONTEXT_ONLY,REVERSAL,ELASTIC_NET_LOGISTIC,F09,-0.055669974756699075
120,600,1,CONTEXT_ONLY,REVERSAL,ELASTIC_NET_LOGISTIC,F10,0.0
120,600,1,CONTEXT_ONLY,REVERSAL,ELASTIC_NET_LOGISTIC,F11,0.0
120,600,1,CONTEXT_ONLY,REVERSAL,ELASTIC_NET_LOGISTIC,F12,0.0
120,600,1,CONTEXT_ONLY,REVERSAL,ELASTIC_NET_LOGISTIC,F13,0.0
120,600,1,CONTEXT_ONLY,REVERSAL,ELASTIC_NET_LOGISTIC,F14,0.0
120,600,1,CONTEXT_ONLY,REVERSAL,ELASTIC_NET_LOGISTIC,F15,0.0
120,600,1,CONTEXT_ONLY,REVERSAL,ELASTIC_NET_LOGISTIC,F16,0.0
120,600,1,CONTEXT_ONLY,REVERSAL,ELASTIC_NET_LOGISTIC,F17,0.0
120,600,1,CONTEXT_ONLY,REVERSAL,ELASTIC_NET_LOGISTIC,F18,0.0
120,600,1,CONTEXT_ONLY,REVERSAL,ELASTIC_NET_LOGISTIC,F19,-0.0018662780029957257
120,600,1,CONTEXT_ONLY,REVERSAL,ELASTIC_NET_LOGISTIC,F20,0.0
120,600,1,CONTEXT_ONLY,REVERSAL,ELASTIC_NET_LOGISTIC,F21,0.0
120,600,1,CONTEXT_ONLY,REVERSAL,ELASTIC_NET_LOGISTIC,F22,-0.009670492722803384
120,600,1,CONTEXT_ONLY,REVERSAL,ELASTIC_NET_LOGISTIC,F23,0.0
120,600,1,CONTEXT_ONLY,REVERSAL,ELASTIC_NET_LOGISTIC,F24,0.0
120,600,1,CONTEXT_ONLY,REVERSAL,ELASTIC_NET_LOGISTIC,F25,0.0
120,600,1,CONTEXT_ONLY,REVERSAL,ELASTIC_NET_LOGISTIC,F26,-0.12945727432161702
120,600,1,CONTEXT_ONLY,REVERSAL,ELASTIC_NET_LOGISTIC,F27,-0.16209198420549564
120,600,1,CONTEXT_ONLY,REVERSAL,ELASTIC_NET_LOGISTIC,F28,0.013019869017927068
120,600,1,CONTEXT_ONLY,REVERSAL,ELASTIC_NET_LOGISTIC,F29,0.0
120,600,1,CONTEXT_ONLY,REVERSAL,ELASTIC_NET_LOGISTIC,F36,0.0
120,600,1,CONTEXT_PLUS_SHOCK,CONTINUATION,ELASTIC_NET_REGRESSION,F01,-0.2407812337355304
120,600,1,CONTEXT_PLUS_SHOCK,CONTINUATION,ELASTIC_NET_REGRESSION,F02,0.0
120,600,1,CONTEXT_PLUS_SHOCK,CONTINUATION,ELASTIC_NET_REGRESSION,F03,-0.0
120,600,1,CONTEXT_PLUS_SHOCK,CONTINUATION,ELASTIC_NET_REGRESSION,F04,0.26338897523388766
120,600,1,CONTEXT_PLUS_SHOCK,CONTINUATION,ELASTIC_NET_REGRESSION,F05,0.29689791000666904
120,600,1,CONTEXT_PLUS_SHOCK,CONTINUATION,ELASTIC_NET_REGRESSION,F06,0.2936232448193715
120,600,1,CONTEXT_PLUS_SHOCK,CONTINUATION,ELASTIC_NET_REGRESSION,F07,-0.19795833003935376
120,600,1,CONTEXT_PLUS_SHOCK,CONTINUATION,ELASTIC_NET_REGRESSION,F08,0.1264116249408775
120,600,1,CONTEXT_PLUS_SHOCK,CONTINUATION,ELASTIC_NET_REGRESSION,F09,0.31201889756785617
120,600,1,CONTEXT_PLUS_SHOCK,CONTINUATION,ELASTIC_NET_REGRESSION,F10,0.18310037314267108
120,600,1,CONTEXT_PLUS_SHOCK,CONTINUATION,ELASTIC_NET_REGRESSION,F11,0.004752691181568909
120,600,1,CONTEXT_PLUS_SHOCK,CONTINUATION,ELASTIC_NET_REGRESSION,F12,-0.11171225743120308
120,600,1,CONTEXT_PLUS_SHOCK,CONTINUATION,ELASTIC_NET_REGRESSION,F13,0.1380868134852164
120,600,1,CONTEXT_PLUS_SHOCK,CONTINUATION,ELASTIC_NET_REGRESSION,F14,0.0
120,600,1,CONTEXT_PLUS_SHOCK,CONTINUATION,ELASTIC_NET_REGRESSION,F15,-0.29118228294220394
120,600,1,CONTEXT_PLUS_SHOCK,CONTINUATION,ELASTIC_NET_REGRESSION,F16,-0.0
120,600,1,CONTEXT_PLUS_SHOCK,CONTINUATION,ELASTIC_NET_REGRESSION,F17,0.0
120,600,1,CONTEXT_PLUS_SHOCK,CONTINUATION,ELASTIC_NET_REGRESSION,F18,0.019168699736716605
120,600,1,CONTEXT_PLUS_SHOCK,CONTINUATION,ELASTIC_NET_REGRESSION,F19,0.0
120,600,1,CONTEXT_PLUS_SHOCK,CONTINUATION,ELASTIC_NET_REGRESSION,F20,0.6917965456366028
120,600,1,CONTEXT_PLUS_SHOCK,CONTINUATION,ELASTIC_NET_REGRESSION,F21,-0.07625704306815803
120,600,1,CONTEXT_PLUS_SHOCK,CONTINUATION,ELASTIC_NET_REGRESSION,F22,0.0
120,600,1,CONTEXT_PLUS_SHOCK,CONTINUATION,ELASTIC_NET_REGRESSION,F23,0.0
120,600,1,CONTEXT_PLUS_SHOCK,CONTINUATION,ELASTIC_NET_REGRESSION,F24,-0.08969922648273519
120,600,1,CONTEXT_PLUS_SHOCK,CONTINUATION,ELASTIC_NET_REGRESSION,F25,0.0
120,600,1,CONTEXT_PLUS_SHOCK,CONTINUATION,ELASTIC_NET_REGRESSION,F26,-0.0
120,600,1,CONTEXT_PLUS_SHOCK,CONTINUATION,ELASTIC_NET_REGRESSION,F27,0.0
120,600,1,CONTEXT_PLUS_SHOCK,CONTINUATION,ELASTIC_NET_REGRESSION,F28,-0.35521511813652407
120,600,1,CONTEXT_PLUS_SHOCK,CONTINUATION,ELASTIC_NET_REGRESSION,F29,0.310631838149557
120,600,1,CONTEXT_PLUS_SHOCK,CONTINUATION,ELASTIC_NET_REGRESSION,F30,-0.0
120,600,1,CONTEXT_PLUS_SHOCK,CONTINUATION,ELASTIC_NET_REGRESSION,F31,0.2548071551910447
120,600,1,CONTEXT_PLUS_SHOCK,CONTINUATION,ELASTIC_NET_REGRESSION,F32,0.0
120,600,1,CONTEXT_PLUS_SHOCK,CONTINUATION,ELASTIC_NET_REGRESSION,F33,-0.5905529022050322
120,600,1,CONTEXT_PLUS_SHOCK,CONTINUATION,ELASTIC_NET_REGRESSION,F34,0.1644380585232766
120,600,1,CONTEXT_PLUS_SHOCK,CONTINUATION,ELASTIC_NET_REGRESSION,F35,-0.17748846411218502
120,600,1,CONTEXT_PLUS_SHOCK,CONTINUATION,ELASTIC_NET_REGRESSION,F36,-0.0
120,600,1,CONTEXT_PLUS_SHOCK,CONTINUATION,ELASTIC_NET_LOGISTIC,F01,0.0
120,600,1,CONTEXT_PLUS_SHOCK,CONTINUATION,ELASTIC_NET_LOGISTIC,F02,0.0
120,600,1,CONTEXT_PLUS_SHOCK,CONTINUATION,ELASTIC_NET_LOGISTIC,F03,0.0
120,600,1,CONTEXT_PLUS_SHOCK,CONTINUATION,ELASTIC_NET_LOGISTIC,F04,0.0
120,600,1,CONTEXT_PLUS_SHOCK,CONTINUATION,ELASTIC_NET_LOGISTIC,F05,0.0
120,600,1,CONTEXT_PLUS_SHOCK,CONTINUATION,ELASTIC_NET_LOGISTIC,F06,0.0
120,600,1,CONTEXT_PLUS_SHOCK,CONTINUATION,ELASTIC_NET_LOGISTIC,F07,-0.027291144711341708
120,600,1,CONTEXT_PLUS_SHOCK,CONTINUATION,ELASTIC_NET_LOGISTIC,F08,0.0
120,600,1,CONTEXT_PLUS_SHOCK,CONTINUATION,ELASTIC_NET_LOGISTIC,F09,0.03486684581138796
120,600,1,CONTEXT_PLUS_SHOCK,CONTINUATION,ELASTIC_NET_LOGISTIC,F10,0.0
120,600,1,CONTEXT_PLUS_SHOCK,CONTINUATION,ELASTIC_NET_LOGISTIC,F11,0.0
120,600,1,CONTEXT_PLUS_SHOCK,CONTINUATION,ELASTIC_NET_LOGISTIC,F12,0.0
120,600,1,CONTEXT_PLUS_SHOCK,CONTINUATION,ELASTIC_NET_LOGISTIC,F13,0.0
120,600,1,CONTEXT_PLUS_SHOCK,CONTINUATION,ELASTIC_NET_LOGISTIC,F14,0.06425083141650771
120,600,1,CONTEXT_PLUS_SHOCK,CONTINUATION,ELASTIC_NET_LOGISTIC,F15,0.0
120,600,1,CONTEXT_PLUS_SHOCK,CONTINUATION,ELASTIC_NET_LOGISTIC,F16,0.0
120,600,1,CONTEXT_PLUS_SHOCK,CONTINUATION,ELASTIC_NET_LOGISTIC,F17,0.0
120,600,1,CONTEXT_PLUS_SHOCK,CONTINUATION,ELASTIC_NET_LOGISTIC,F18,0.014698404619589486
120,600,1,CONTEXT_PLUS_SHOCK,CONTINUATION,ELASTIC_NET_LOGISTIC,F19,0.02360707610904667
120,600,1,CONTEXT_PLUS_SHOCK,CONTINUATION,ELASTIC_NET_LOGISTIC,F20,0.011879355714901443
120,600,1,CONTEXT_PLUS_SHOCK,CONTINUATION,ELASTIC_NET_LOGISTIC,F21,0.0
120,600,1,CONTEXT_PLUS_SHOCK,CONTINUATION,ELASTIC_NET_LOGISTIC,F22,0.0
120,600,1,CONTEXT_PLUS_SHOCK,CONTINUATION,ELASTIC_NET_LOGISTIC,F23,0.0
120,600,1,CONTEXT_PLUS_SHOCK,CONTINUATION,ELASTIC_NET_LOGISTIC,F24,0.0
120,600,1,CONTEXT_PLUS_SHOCK,CONTINUATION,ELASTIC_NET_LOGISTIC,F25,0.0
120,600,1,CONTEXT_PLUS_SHOCK,CONTINUATION,ELASTIC_NET_LOGISTIC,F26,-0.1917820624686084
120,600,1,CONTEXT_PLUS_SHOCK,CONTINUATION,ELASTIC_NET_LOGISTIC,F27,0.0
120,600,1,CONTEXT_PLUS_SHOCK,CONTINUATION,ELASTIC_NET_LOGISTIC,F28,0.0
120,600,1,CONTEXT_PLUS_SHOCK,CONTINUATION,ELASTIC_NET_LOGISTIC,F29,0.0
120,600,1,CONTEXT_PLUS_SHOCK,CONTINUATION,ELASTIC_NET_LOGISTIC,F30,0.0
120,600,1,CONTEXT_PLUS_SHOCK,CONTINUATION,ELASTIC_NET_LOGISTIC,F31,0.0035067254325449795
120,600,1,CONTEXT_PLUS_SHOCK,CONTINUATION,ELASTIC_NET_LOGISTIC,F32,0.0
120,600,1,CONTEXT_PLUS_SHOCK,CONTINUATION,ELASTIC_NET_LOGISTIC,F33,0.0
120,600,1,CONTEXT_PLUS_SHOCK,CONTINUATION,ELASTIC_NET_LOGISTIC,F34,0.0
120,600,1,CONTEXT_PLUS_SHOCK,CONTINUATION,ELASTIC_NET_LOGISTIC,F35,0.0
120,600,1,CONTEXT_PLUS_SHOCK,CONTINUATION,ELASTIC_NET_LOGISTIC,F36,0.0
120,600,1,CONTEXT_PLUS_SHOCK,REVERSAL,ELASTIC_NET_REGRESSION,F01,0.27234790485663596
120,600,1,CONTEXT_PLUS_SHOCK,REVERSAL,ELASTIC_NET_REGRESSION,F02,-0.0
120,600,1,CONTEXT_PLUS_SHOCK,REVERSAL,ELASTIC_NET_REGRESSION,F03,0.0
120,600,1,CONTEXT_PLUS_SHOCK,REVERSAL,ELASTIC_NET_REGRESSION,F04,-0.26587548299039226
120,600,1,CONTEXT_PLUS_SHOCK,REVERSAL,ELASTIC_NET_REGRESSION,F05,-0.29810598486597034
120,600,1,CONTEXT_PLUS_SHOCK,REVERSAL,ELASTIC_NET_REGRESSION,F06,-0.27434293135008936
120,600,1,CONTEXT_PLUS_SHOCK,REVERSAL,ELASTIC_NET_REGRESSION,F07,0.20957512512548399
120,600,1,CONTEXT_PLUS_SHOCK,REVERSAL,ELASTIC_NET_REGRESSION,F08,-0.13470288799480473
120,600,1,CONTEXT_PLUS_SHOCK,REVERSAL,ELASTIC_NET_REGRESSION,F09,-0.30925421099378464
120,600,1,CONTEXT_PLUS_SHOCK,REVERSAL,ELASTIC_NET_REGRESSION,F10,-0.1807920696999723
120,600,1,CONTEXT_PLUS_SHOCK,REVERSAL,ELASTIC_NET_REGRESSION,F11,-0.0029242877390639665
120,600,1,CONTEXT_PLUS_SHOCK,REVERSAL,ELASTIC_NET_REGRESSION,F12,0.08385442208623146
120,600,1,CONTEXT_PLUS_SHOCK,REVERSAL,ELASTIC_NET_REGRESSION,F13,-0.14082117223766463
120,600,1,CONTEXT_PLUS_SHOCK,REVERSAL,ELASTIC_NET_REGRESSION,F14,0.0
120,600,1,CONTEXT_PLUS_SHOCK,REVERSAL,ELASTIC_NET_REGRESSION,F15,0.26443273682270924
120,600,1,CONTEXT_PLUS_SHOCK,REVERSAL,ELASTIC_NET_REGRESSION,F16,0.0
120,600,1,CONTEXT_PLUS_SHOCK,REVERSAL,ELASTIC_NET_REGRESSION,F17,-0.0
120,600,1,CONTEXT_PLUS_SHOCK,REVERSAL,ELASTIC_NET_REGRESSION,F18,-0.015317453028398514
120,600,1,CONTEXT_PLUS_SHOCK,REVERSAL,ELASTIC_NET_REGRESSION,F19,-0.0
120,600,1,CONTEXT_PLUS_SHOCK,REVERSAL,ELASTIC_NET_REGRESSION,F20,-0.6745960134554896
120,600,1,CONTEXT_PLUS_SHOCK,REVERSAL,ELASTIC_NET_REGRESSION,F21,0.05447385592275218
120,600,1,CONTEXT_PLUS_SHOCK,REVERSAL,ELASTIC_NET_REGRESSION,F22,-0.0
120,600,1,CONTEXT_PLUS_SHOCK,REVERSAL,ELASTIC_NET_REGRESSION,F23,-0.0
120,600,1,CONTEXT_PLUS_SHOCK,REVERSAL,ELASTIC_NET_REGRESSION,F24,0.08974321658347789
120,600,1,CONTEXT_PLUS_SHOCK,REVERSAL,ELASTIC_NET_REGRESSION,F25,-0.0
120,600,1,CONTEXT_PLUS_SHOCK,REVERSAL,ELASTIC_NET_REGRESSION,F26,0.0
120,600,1,CONTEXT_PLUS_SHOCK,REVERSAL,ELASTIC_NET_REGRESSION,F27,-0.0
120,600,1,CONTEXT_PLUS_SHOCK,REVERSAL,ELASTIC_NET_REGRESSION,F28,0.35024737039289977
120,600,1,CONTEXT_PLUS_SHOCK,REVERSAL,ELASTIC_NET_REGRESSION,F29,-0.3036855655083479
120,600,1,CONTEXT_PLUS_SHOCK,REVERSAL,ELASTIC_NET_REGRESSION,F30,0.0
120,600,1,CONTEXT_PLUS_SHOCK,REVERSAL,ELASTIC_NET_REGRESSION,F31,-0.254824392528474
120,600,1,CONTEXT_PLUS_SHOCK,REVERSAL,ELASTIC_NET_REGRESSION,F32,0.0
120,600,1,CONTEXT_PLUS_SHOCK,REVERSAL,ELASTIC_NET_REGRESSION,F33,0.6077139409237058
120,600,1,CONTEXT_PLUS_SHOCK,REVERSAL,ELASTIC_NET_REGRESSION,F34,-0.16892693956511304
120,600,1,CONTEXT_PLUS_SHOCK,REVERSAL,ELASTIC_NET_REGRESSION,F35,0.1773843160223475
120,600,1,CONTEXT_PLUS_SHOCK,REVERSAL,ELASTIC_NET_REGRESSION,F36,0.0
120,600,1,CONTEXT_PLUS_SHOCK,REVERSAL,ELASTIC_NET_LOGISTIC,F01,0.1012196392902063
120,600,1,CONTEXT_PLUS_SHOCK,REVERSAL,ELASTIC_NET_LOGISTIC,F02,0.0
120,600,1,CONTEXT_PLUS_SHOCK,REVERSAL,ELASTIC_NET_LOGISTIC,F03,0.0
120,600,1,CONTEXT_PLUS_SHOCK,REVERSAL,ELASTIC_NET_LOGISTIC,F04,0.0
120,600,1,CONTEXT_PLUS_SHOCK,REVERSAL,ELASTIC_NET_LOGISTIC,F05,-0.062062677213820215
120,600,1,CONTEXT_PLUS_SHOCK,REVERSAL,ELASTIC_NET_LOGISTIC,F06,-0.01433012170211676
120,600,1,CONTEXT_PLUS_SHOCK,REVERSAL,ELASTIC_NET_LOGISTIC,F07,0.1124209740385077
120,600,1,CONTEXT_PLUS_SHOCK,REVERSAL,ELASTIC_NET_LOGISTIC,F08,-0.14709809613264602
120,600,1,CONTEXT_PLUS_SHOCK,REVERSAL,ELASTIC_NET_LOGISTIC,F09,-0.05567042201368164
120,600,1,CONTEXT_PLUS_SHOCK,REVERSAL,ELASTIC_NET_LOGISTIC,F10,0.0
120,600,1,CONTEXT_PLUS_SHOCK,REVERSAL,ELASTIC_NET_LOGISTIC,F11,0.0
120,600,1,CONTEXT_PLUS_SHOCK,REVERSAL,ELASTIC_NET_LOGISTIC,F12,0.0
120,600,1,CONTEXT_PLUS_SHOCK,REVERSAL,ELASTIC_NET_LOGISTIC,F13,0.0
120,600,1,CONTEXT_PLUS_SHOCK,REVERSAL,ELASTIC_NET_LOGISTIC,F14,0.0
120,600,1,CONTEXT_PLUS_SHOCK,REVERSAL,ELASTIC_NET_LOGISTIC,F15,0.0
120,600,1,CONTEXT_PLUS_SHOCK,REVERSAL,ELASTIC_NET_LOGISTIC,F16,0.0
120,600,1,CONTEXT_PLUS_SHOCK,REVERSAL,ELASTIC_NET_LOGISTIC,F17,0.0
120,600,1,CONTEXT_PLUS_SHOCK,REVERSAL,ELASTIC_NET_LOGISTIC,F18,0.0
120,600,1,CONTEXT_PLUS_SHOCK,REVERSAL,ELASTIC_NET_LOGISTIC,F19,-0.0022186177046599432
120,600,1,CONTEXT_PLUS_SHOCK,REVERSAL,ELASTIC_NET_LOGISTIC,F20,0.0
120,600,1,CONTEXT_PLUS_SHOCK,REVERSAL,ELASTIC_NET_LOGISTIC,F21,0.0
120,600,1,CONTEXT_PLUS_SHOCK,REVERSAL,ELASTIC_NET_LOGISTIC,F22,-0.009310444087102406
120,600,1,CONTEXT_PLUS_SHOCK,REVERSAL,ELASTIC_NET_LOGISTIC,F23,0.0
120,600,1,CONTEXT_PLUS_SHOCK,REVERSAL,ELASTIC_NET_LOGISTIC,F24,0.0
120,600,1,CONTEXT_PLUS_SHOCK,REVERSAL,ELASTIC_NET_LOGISTIC,F25,0.0
120,600,1,CONTEXT_PLUS_SHOCK,REVERSAL,ELASTIC_NET_LOGISTIC,F26,-0.12957536806682157
120,600,1,CONTEXT_PLUS_SHOCK,REVERSAL,ELASTIC_NET_LOGISTIC,F27,-0.1619249501561794
120,600,1,CONTEXT_PLUS_SHOCK,REVERSAL,ELASTIC_NET_LOGISTIC,F28,0.01306427039380698
120,600,1,CONTEXT_PLUS_SHOCK,REVERSAL,ELASTIC_NET_LOGISTIC,F29,0.0
120,600,1,CONTEXT_PLUS_SHOCK,REVERSAL,ELASTIC_NET_LOGISTIC,F30,0.0
120,600,1,CONTEXT_PLUS_SHOCK,REVERSAL,ELASTIC_NET_LOGISTIC,F31,0.0
120,600,1,CONTEXT_PLUS_SHOCK,REVERSAL,ELASTIC_NET_LOGISTIC,F32,0.0
120,600,1,CONTEXT_PLUS_SHOCK,REVERSAL,ELASTIC_NET_LOGISTIC,F33,0.0
120,600,1,CONTEXT_PLUS_SHOCK,REVERSAL,ELASTIC_NET_LOGISTIC,F34,0.0
120,600,1,CONTEXT_PLUS_SHOCK,REVERSAL,ELASTIC_NET_LOGISTIC,F35,0.0007603501137794221
120,600,1,CONTEXT_PLUS_SHOCK,REVERSAL,ELASTIC_NET_LOGISTIC,F36,0.0
120,600,2,CONTEXT_ONLY,CONTINUATION,ELASTIC_NET_REGRESSION,F01,-0.0
120,600,2,CONTEXT_ONLY,CONTINUATION,ELASTIC_NET_REGRESSION,F02,-0.0
120,600,2,CONTEXT_ONLY,CONTINUATION,ELASTIC_NET_REGRESSION,F03,-0.0
120,600,2,CONTEXT_ONLY,CONTINUATION,ELASTIC_NET_REGRESSION,F04,0.0
120,600,2,CONTEXT_ONLY,CONTINUATION,ELASTIC_NET_REGRESSION,F05,0.20422525576642458
120,600,2,CONTEXT_ONLY,CONTINUATION,ELASTIC_NET_REGRESSION,F06,0.07914951048645308
120,600,2,CONTEXT_ONLY,CONTINUATION,ELASTIC_NET_REGRESSION,F07,-0.045743423979979714
120,600,2,CONTEXT_ONLY,CONTINUATION,ELASTIC_NET_REGRESSION,F08,-0.0
120,600,2,CONTEXT_ONLY,CONTINUATION,ELASTIC_NET_REGRESSION,F09,0.2721947557401976
120,600,2,CONTEXT_ONLY,CONTINUATION,ELASTIC_NET_REGRESSION,F10,0.11560953543670892
120,600,2,CONTEXT_ONLY,CONTINUATION,ELASTIC_NET_REGRESSION,F11,0.17532705874412544
120,600,2,CONTEXT_ONLY,CONTINUATION,ELASTIC_NET_REGRESSION,F12,-0.0
120,600,2,CONTEXT_ONLY,CONTINUATION,ELASTIC_NET_REGRESSION,F13,-0.0
120,600,2,CONTEXT_ONLY,CONTINUATION,ELASTIC_NET_REGRESSION,F14,0.04417831758197978
120,600,2,CONTEXT_ONLY,CONTINUATION,ELASTIC_NET_REGRESSION,F15,-0.16507418295910062
120,600,2,CONTEXT_ONLY,CONTINUATION,ELASTIC_NET_REGRESSION,F16,-0.037795808971731584
120,600,2,CONTEXT_ONLY,CONTINUATION,ELASTIC_NET_REGRESSION,F17,-0.0
120,600,2,CONTEXT_ONLY,CONTINUATION,ELASTIC_NET_REGRESSION,F18,-0.0
120,600,2,CONTEXT_ONLY,CONTINUATION,ELASTIC_NET_REGRESSION,F19,-0.06528776818488359
120,600,2,CONTEXT_ONLY,CONTINUATION,ELASTIC_NET_REGRESSION,F20,0.6468346213091009
120,600,2,CONTEXT_ONLY,CONTINUATION,ELASTIC_NET_REGRESSION,F21,0.11794256827092177
120,600,2,CONTEXT_ONLY,CONTINUATION,ELASTIC_NET_REGRESSION,F22,-0.0
120,600,2,CONTEXT_ONLY,CONTINUATION,ELASTIC_NET_REGRESSION,F23,-0.0
120,600,2,CONTEXT_ONLY,CONTINUATION,ELASTIC_NET_REGRESSION,F24,-0.15138565309206567
120,600,2,CONTEXT_ONLY,CONTINUATION,ELASTIC_NET_REGRESSION,F25,-0.0
120,600,2,CONTEXT_ONLY,CONTINUATION,ELASTIC_NET_REGRESSION,F26,0.03010145029546401
120,600,2,CONTEXT_ONLY,CONTINUATION,ELASTIC_NET_REGRESSION,F27,0.0
120,600,2,CONTEXT_ONLY,CONTINUATION,ELASTIC_NET_REGRESSION,F28,-0.2044634284101034
120,600,2,CONTEXT_ONLY,CONTINUATION,ELASTIC_NET_REGRESSION,F29,0.3128875043195878
120,600,2,CONTEXT_ONLY,CONTINUATION,ELASTIC_NET_REGRESSION,F36,-0.0
120,600,2,CONTEXT_ONLY,CONTINUATION,ELASTIC_NET_LOGISTIC,F01,0.0
120,600,2,CONTEXT_ONLY,CONTINUATION,ELASTIC_NET_LOGISTIC,F02,0.0
120,600,2,CONTEXT_ONLY,CONTINUATION,ELASTIC_NET_LOGISTIC,F03,0.0
120,600,2,CONTEXT_ONLY,CONTINUATION,ELASTIC_NET_LOGISTIC,F04,0.0
120,600,2,CONTEXT_ONLY,CONTINUATION,ELASTIC_NET_LOGISTIC,F05,0.0
120,600,2,CONTEXT_ONLY,CONTINUATION,ELASTIC_NET_LOGISTIC,F06,0.0
120,600,2,CONTEXT_ONLY,CONTINUATION,ELASTIC_NET_LOGISTIC,F07,0.0
120,600,2,CONTEXT_ONLY,CONTINUATION,ELASTIC_NET_LOGISTIC,F08,0.0
120,600,2,CONTEXT_ONLY,CONTINUATION,ELASTIC_NET_LOGISTIC,F09,0.06189116238073469
120,600,2,CONTEXT_ONLY,CONTINUATION,ELASTIC_NET_LOGISTIC,F10,0.041077062918123686
120,600,2,CONTEXT_ONLY,CONTINUATION,ELASTIC_NET_LOGISTIC,F11,0.0
120,600,2,CONTEXT_ONLY,CONTINUATION,ELASTIC_NET_LOGISTIC,F12,0.0
120,600,2,CONTEXT_ONLY,CONTINUATION,ELASTIC_NET_LOGISTIC,F13,0.0
120,600,2,CONTEXT_ONLY,CONTINUATION,ELASTIC_NET_LOGISTIC,F14,0.09516962118665746
120,600,2,CONTEXT_ONLY,CONTINUATION,ELASTIC_NET_LOGISTIC,F15,0.0
120,600,2,CONTEXT_ONLY,CONTINUATION,ELASTIC_NET_LOGISTIC,F16,0.0
120,600,2,CONTEXT_ONLY,CONTINUATION,ELASTIC_NET_LOGISTIC,F17,0.0
120,600,2,CONTEXT_ONLY,CONTINUATION,ELASTIC_NET_LOGISTIC,F18,0.13394950239071707
120,600,2,CONTEXT_ONLY,CONTINUATION,ELASTIC_NET_LOGISTIC,F19,0.0
120,600,2,CONTEXT_ONLY,CONTINUATION,ELASTIC_NET_LOGISTIC,F20,0.1107354106302413
120,600,2,CONTEXT_ONLY,CONTINUATION,ELASTIC_NET_LOGISTIC,F21,0.06661427049761827
120,600,2,CONTEXT_ONLY,CONTINUATION,ELASTIC_NET_LOGISTIC,F22,0.0
120,600,2,CONTEXT_ONLY,CONTINUATION,ELASTIC_NET_LOGISTIC,F23,0.0
120,600,2,CONTEXT_ONLY,CONTINUATION,ELASTIC_NET_LOGISTIC,F24,-0.01096271994544293
120,600,2,CONTEXT_ONLY,CONTINUATION,ELASTIC_NET_LOGISTIC,F25,0.0
120,600,2,CONTEXT_ONLY,CONTINUATION,ELASTIC_NET_LOGISTIC,F26,-0.049053834192041054
120,600,2,CONTEXT_ONLY,CONTINUATION,ELASTIC_NET_LOGISTIC,F27,0.0
120,600,2,CONTEXT_ONLY,CONTINUATION,ELASTIC_NET_LOGISTIC,F28,0.0
120,600,2,CONTEXT_ONLY,CONTINUATION,ELASTIC_NET_LOGISTIC,F29,0.0
120,600,2,CONTEXT_ONLY,CONTINUATION,ELASTIC_NET_LOGISTIC,F36,0.0
120,600,2,CONTEXT_ONLY,REVERSAL,ELASTIC_NET_REGRESSION,F01,0.0
120,600,2,CONTEXT_ONLY,REVERSAL,ELASTIC_NET_REGRESSION,F02,0.0
120,600,2,CONTEXT_ONLY,REVERSAL,ELASTIC_NET_REGRESSION,F03,0.0
120,600,2,CONTEXT_ONLY,REVERSAL,ELASTIC_NET_REGRESSION,F04,-0.0
120,600,2,CONTEXT_ONLY,REVERSAL,ELASTIC_NET_REGRESSION,F05,-0.20458474376336377
120,600,2,CONTEXT_ONLY,REVERSAL,ELASTIC_NET_REGRESSION,F06,-0.06202325951110593
120,600,2,CONTEXT_ONLY,REVERSAL,ELASTIC_NET_REGRESSION,F07,0.05611875252018775
120,600,2,CONTEXT_ONLY,REVERSAL,ELASTIC_NET_REGRESSION,F08,0.0
120,600,2,CONTEXT_ONLY,REVERSAL,ELASTIC_NET_REGRESSION,F09,-0.2704060335254781
120,600,2,CONTEXT_ONLY,REVERSAL,ELASTIC_NET_REGRESSION,F10,-0.1178550435852986
120,600,2,CONTEXT_ONLY,REVERSAL,ELASTIC_NET_REGRESSION,F11,-0.17146120857940103
120,600,2,CONTEXT_ONLY,REVERSAL,ELASTIC_NET_REGRESSION,F12,0.0
120,600,2,CONTEXT_ONLY,REVERSAL,ELASTIC_NET_REGRESSION,F13,0.0
120,600,2,CONTEXT_ONLY,REVERSAL,ELASTIC_NET_REGRESSION,F14,-0.038797026405557156
120,600,2,CONTEXT_ONLY,REVERSAL,ELASTIC_NET_REGRESSION,F15,0.14341952435784053
120,600,2,CONTEXT_ONLY,REVERSAL,ELASTIC_NET_REGRESSION,F16,0.049087072049228506
120,600,2,CONTEXT_ONLY,REVERSAL,ELASTIC_NET_REGRESSION,F17,0.0
120,600,2,CONTEXT_ONLY,REVERSAL,ELASTIC_NET_REGRESSION,F18,0.0
120,600,2,CONTEXT_ONLY,REVERSAL,ELASTIC_NET_REGRESSION,F19,0.06409985283096185
120,600,2,CONTEXT_ONLY,REVERSAL,ELASTIC_NET_REGRESSION,F20,-0.6253263876527283
120,600,2,CONTEXT_ONLY,REVERSAL,ELASTIC_NET_REGRESSION,F21,-0.12686098222581516
120,600,2,CONTEXT_ONLY,REVERSAL,ELASTIC_NET_REGRESSION,F22,0.0
120,600,2,CONTEXT_ONLY,REVERSAL,ELASTIC_NET_REGRESSION,F23,0.0
120,600,2,CONTEXT_ONLY,REVERSAL,ELASTIC_NET_REGRESSION,F24,0.1458731937050073
120,600,2,CONTEXT_ONLY,REVERSAL,ELASTIC_NET_REGRESSION,F25,0.0
120,600,2,CONTEXT_ONLY,REVERSAL,ELASTIC_NET_REGRESSION,F26,-0.014761789786367377
120,600,2,CONTEXT_ONLY,REVERSAL,ELASTIC_NET_REGRESSION,F27,-0.0
120,600,2,CONTEXT_ONLY,REVERSAL,ELASTIC_NET_REGRESSION,F28,0.2058643950911241
120,600,2,CONTEXT_ONLY,REVERSAL,ELASTIC_NET_REGRESSION,F29,-0.30908377984340346
120,600,2,CONTEXT_ONLY,REVERSAL,ELASTIC_NET_REGRESSION,F36,0.0
120,600,2,CONTEXT_ONLY,REVERSAL,ELASTIC_NET_LOGISTIC,F01,0.0
120,600,2,CONTEXT_ONLY,REVERSAL,ELASTIC_NET_LOGISTIC,F02,0.0
120,600,2,CONTEXT_ONLY,REVERSAL,ELASTIC_NET_LOGISTIC,F03,0.0
120,600,2,CONTEXT_ONLY,REVERSAL,ELASTIC_NET_LOGISTIC,F04,0.0
120,600,2,CONTEXT_ONLY,REVERSAL,ELASTIC_NET_LOGISTIC,F05,0.0
120,600,2,CONTEXT_ONLY,REVERSAL,ELASTIC_NET_LOGISTIC,F06,0.0
120,600,2,CONTEXT_ONLY,REVERSAL,ELASTIC_NET_LOGISTIC,F07,0.06924888734250118
120,600,2,CONTEXT_ONLY,REVERSAL,ELASTIC_NET_LOGISTIC,F08,0.0
120,600,2,CONTEXT_ONLY,REVERSAL,ELASTIC_NET_LOGISTIC,F09,-0.004418385704811532
120,600,2,CONTEXT_ONLY,REVERSAL,ELASTIC_NET_LOGISTIC,F10,0.0
120,600,2,CONTEXT_ONLY,REVERSAL,ELASTIC_NET_LOGISTIC,F11,0.0
120,600,2,CONTEXT_ONLY,REVERSAL,ELASTIC_NET_LOGISTIC,F12,0.0
120,600,2,CONTEXT_ONLY,REVERSAL,ELASTIC_NET_LOGISTIC,F13,0.0
120,600,2,CONTEXT_ONLY,REVERSAL,ELASTIC_NET_LOGISTIC,F14,0.0
120,600,2,CONTEXT_ONLY,REVERSAL,ELASTIC_NET_LOGISTIC,F15,0.0
120,600,2,CONTEXT_ONLY,REVERSAL,ELASTIC_NET_LOGISTIC,F16,0.0
120,600,2,CONTEXT_ONLY,REVERSAL,ELASTIC_NET_LOGISTIC,F17,0.0
120,600,2,CONTEXT_ONLY,REVERSAL,ELASTIC_NET_LOGISTIC,F18,0.0
120,600,2,CONTEXT_ONLY,REVERSAL,ELASTIC_NET_LOGISTIC,F19,0.0
120,600,2,CONTEXT_ONLY,REVERSAL,ELASTIC_NET_LOGISTIC,F20,0.0
120,600,2,CONTEXT_ONLY,REVERSAL,ELASTIC_NET_LOGISTIC,F21,0.0
120,600,2,CONTEXT_ONLY,REVERSAL,ELASTIC_NET_LOGISTIC,F22,0.0
120,600,2,CONTEXT_ONLY,REVERSAL,ELASTIC_NET_LOGISTIC,F23,0.026372759532564745
120,600,2,CONTEXT_ONLY,REVERSAL,ELASTIC_NET_LOGISTIC,F24,0.0
120,600,2,CONTEXT_ONLY,REVERSAL,ELASTIC_NET_LOGISTIC,F25,0.0
120,600,2,CONTEXT_ONLY,REVERSAL,ELASTIC_NET_LOGISTIC,F26,-0.2605027941345468
120,600,2,CONTEXT_ONLY,REVERSAL,ELASTIC_NET_LOGISTIC,F27,0.0
120,600,2,CONTEXT_ONLY,REVERSAL,ELASTIC_NET_LOGISTIC,F28,0.0
120,600,2,CONTEXT_ONLY,REVERSAL,ELASTIC_NET_LOGISTIC,F29,0.0
120,600,2,CONTEXT_ONLY,REVERSAL,ELASTIC_NET_LOGISTIC,F36,0.001289537512239945
120,600,2,CONTEXT_PLUS_SHOCK,CONTINUATION,ELASTIC_NET_REGRESSION,F01,-0.0
120,600,2,CONTEXT_PLUS_SHOCK,CONTINUATION,ELASTIC_NET_REGRESSION,F02,0.0
120,600,2,CONTEXT_PLUS_SHOCK,CONTINUATION,ELASTIC_NET_REGRESSION,F03,0.0
120,600,2,CONTEXT_PLUS_SHOCK,CONTINUATION,ELASTIC_NET_REGRESSION,F04,0.0
120,600,2,CONTEXT_PLUS_SHOCK,CONTINUATION,ELASTIC_NET_REGRESSION,F05,0.23135213450469094
120,600,2,CONTEXT_PLUS_SHOCK,CONTINUATION,ELASTIC_NET_REGRESSION,F06,0.09742947745099798
120,600,2,CONTEXT_PLUS_SHOCK,CONTINUATION,ELASTIC_NET_REGRESSION,F07,-0.05893342572977805
120,600,2,CONTEXT_PLUS_SHOCK,CONTINUATION,ELASTIC_NET_REGRESSION,F08,-0.0
120,600,2,CONTEXT_PLUS_SHOCK,CONTINUATION,ELASTIC_NET_REGRESSION,F09,0.2672091161521611
120,600,2,CONTEXT_PLUS_SHOCK,CONTINUATION,ELASTIC_NET_REGRESSION,F10,0.15475740504582344
120,600,2,CONTEXT_PLUS_SHOCK,CONTINUATION,ELASTIC_NET_REGRESSION,F11,0.13856230269998135
120,600,2,CONTEXT_PLUS_SHOCK,CONTINUATION,ELASTIC_NET_REGRESSION,F12,-0.0
120,600,2,CONTEXT_PLUS_SHOCK,CONTINUATION,ELASTIC_NET_REGRESSION,F13,-0.0
120,600,2,CONTEXT_PLUS_SHOCK,CONTINUATION,ELASTIC_NET_REGRESSION,F14,0.021712919293789035
120,600,2,CONTEXT_PLUS_SHOCK,CONTINUATION,ELASTIC_NET_REGRESSION,F15,-0.183697018937839
120,600,2,CONTEXT_PLUS_SHOCK,CONTINUATION,ELASTIC_NET_REGRESSION,F16,-0.03806963002040682
120,600,2,CONTEXT_PLUS_SHOCK,CONTINUATION,ELASTIC_NET_REGRESSION,F17,-0.0
120,600,2,CONTEXT_PLUS_SHOCK,CONTINUATION,ELASTIC_NET_REGRESSION,F18,-0.0
120,600,2,CONTEXT_PLUS_SHOCK,CONTINUATION,ELASTIC_NET_REGRESSION,F19,-0.0
120,600,2,CONTEXT_PLUS_SHOCK,CONTINUATION,ELASTIC_NET_REGRESSION,F20,0.7211704086609608
120,600,2,CONTEXT_PLUS_SHOCK,CONTINUATION,ELASTIC_NET_REGRESSION,F21,0.08953119374605639
120,600,2,CONTEXT_PLUS_SHOCK,CONTINUATION,ELASTIC_NET_REGRESSION,F22,-0.0
120,600,2,CONTEXT_PLUS_SHOCK,CONTINUATION,ELASTIC_NET_REGRESSION,F23,-0.022569079232137777
120,600,2,CONTEXT_PLUS_SHOCK,CONTINUATION,ELASTIC_NET_REGRESSION,F24,-0.15878606994840858
120,600,2,CONTEXT_PLUS_SHOCK,CONTINUATION,ELASTIC_NET_REGRESSION,F25,-0.0
120,600,2,CONTEXT_PLUS_SHOCK,CONTINUATION,ELASTIC_NET_REGRESSION,F26,0.059294072060839365
120,600,2,CONTEXT_PLUS_SHOCK,CONTINUATION,ELASTIC_NET_REGRESSION,F27,0.0
120,600,2,CONTEXT_PLUS_SHOCK,CONTINUATION,ELASTIC_NET_REGRESSION,F28,-0.1603886686718399
120,600,2,CONTEXT_PLUS_SHOCK,CONTINUATION,ELASTIC_NET_REGRESSION,F29,0.29692059422051326
120,600,2,CONTEXT_PLUS_SHOCK,CONTINUATION,ELASTIC_NET_REGRESSION,F30,0.0
120,600,2,CONTEXT_PLUS_SHOCK,CONTINUATION,ELASTIC_NET_REGRESSION,F31,0.08414037453927528
120,600,2,CONTEXT_PLUS_SHOCK,CONTINUATION,ELASTIC_NET_REGRESSION,F32,0.0
120,600,2,CONTEXT_PLUS_SHOCK,CONTINUATION,ELASTIC_NET_REGRESSION,F33,-0.24974117179951827
120,600,2,CONTEXT_PLUS_SHOCK,CONTINUATION,ELASTIC_NET_REGRESSION,F34,0.09984836611138222
120,600,2,CONTEXT_PLUS_SHOCK,CONTINUATION,ELASTIC_NET_REGRESSION,F35,-0.15858424006541358
120,600,2,CONTEXT_PLUS_SHOCK,CONTINUATION,ELASTIC_NET_REGRESSION,F36,-0.0
120,600,2,CONTEXT_PLUS_SHOCK,CONTINUATION,ELASTIC_NET_LOGISTIC,F01,0.0
120,600,2,CONTEXT_PLUS_SHOCK,CONTINUATION,ELASTIC_NET_LOGISTIC,F02,0.0
120,600,2,CONTEXT_PLUS_SHOCK,CONTINUATION,ELASTIC_NET_LOGISTIC,F03,0.0
120,600,2,CONTEXT_PLUS_SHOCK,CONTINUATION,ELASTIC_NET_LOGISTIC,F04,0.0
120,600,2,CONTEXT_PLUS_SHOCK,CONTINUATION,ELASTIC_NET_LOGISTIC,F05,0.0
120,600,2,CONTEXT_PLUS_SHOCK,CONTINUATION,ELASTIC_NET_LOGISTIC,F06,0.0
120,600,2,CONTEXT_PLUS_SHOCK,CONTINUATION,ELASTIC_NET_LOGISTIC,F07,0.0
120,600,2,CONTEXT_PLUS_SHOCK,CONTINUATION,ELASTIC_NET_LOGISTIC,F08,0.0
120,600,2,CONTEXT_PLUS_SHOCK,CONTINUATION,ELASTIC_NET_LOGISTIC,F09,0.06183698253614691
120,600,2,CONTEXT_PLUS_SHOCK,CONTINUATION,ELASTIC_NET_LOGISTIC,F10,0.04533801108860404
120,600,2,CONTEXT_PLUS_SHOCK,CONTINUATION,ELASTIC_NET_LOGISTIC,F11,0.0
120,600,2,CONTEXT_PLUS_SHOCK,CONTINUATION,ELASTIC_NET_LOGISTIC,F12,0.0
120,600,2,CONTEXT_PLUS_SHOCK,CONTINUATION,ELASTIC_NET_LOGISTIC,F13,0.0
120,600,2,CONTEXT_PLUS_SHOCK,CONTINUATION,ELASTIC_NET_LOGISTIC,F14,0.09715244058896975
120,600,2,CONTEXT_PLUS_SHOCK,CONTINUATION,ELASTIC_NET_LOGISTIC,F15,0.0
120,600,2,CONTEXT_PLUS_SHOCK,CONTINUATION,ELASTIC_NET_LOGISTIC,F16,0.0
120,600,2,CONTEXT_PLUS_SHOCK,CONTINUATION,ELASTIC_NET_LOGISTIC,F17,0.0
120,600,2,CONTEXT_PLUS_SHOCK,CONTINUATION,ELASTIC_NET_LOGISTIC,F18,0.13396364911265612
120,600,2,CONTEXT_PLUS_SHOCK,CONTINUATION,ELASTIC_NET_LOGISTIC,F19,0.0
120,600,2,CONTEXT_PLUS_SHOCK,CONTINUATION,ELASTIC_NET_LOGISTIC,F20,0.10343295397347706
120,600,2,CONTEXT_PLUS_SHOCK,CONTINUATION,ELASTIC_NET_LOGISTIC,F21,0.07419546685973605
120,600,2,CONTEXT_PLUS_SHOCK,CONTINUATION,ELASTIC_NET_LOGISTIC,F22,0.0
120,600,2,CONTEXT_PLUS_SHOCK,CONTINUATION,ELASTIC_NET_LOGISTIC,F23,0.0
120,600,2,CONTEXT_PLUS_SHOCK,CONTINUATION,ELASTIC_NET_LOGISTIC,F24,-0.017187521377983427
120,600,2,CONTEXT_PLUS_SHOCK,CONTINUATION,ELASTIC_NET_LOGISTIC,F25,0.0
120,600,2,CONTEXT_PLUS_SHOCK,CONTINUATION,ELASTIC_NET_LOGISTIC,F26,-0.05231273115753995
120,600,2,CONTEXT_PLUS_SHOCK,CONTINUATION,ELASTIC_NET_LOGISTIC,F27,0.0
120,600,2,CONTEXT_PLUS_SHOCK,CONTINUATION,ELASTIC_NET_LOGISTIC,F28,0.0
120,600,2,CONTEXT_PLUS_SHOCK,CONTINUATION,ELASTIC_NET_LOGISTIC,F29,0.0
120,600,2,CONTEXT_PLUS_SHOCK,CONTINUATION,ELASTIC_NET_LOGISTIC,F30,0.0
120,600,2,CONTEXT_PLUS_SHOCK,CONTINUATION,ELASTIC_NET_LOGISTIC,F31,0.0
120,600,2,CONTEXT_PLUS_SHOCK,CONTINUATION,ELASTIC_NET_LOGISTIC,F32,0.0
120,600,2,CONTEXT_PLUS_SHOCK,CONTINUATION,ELASTIC_NET_LOGISTIC,F33,0.0
120,600,2,CONTEXT_PLUS_SHOCK,CONTINUATION,ELASTIC_NET_LOGISTIC,F34,0.0
120,600,2,CONTEXT_PLUS_SHOCK,CONTINUATION,ELASTIC_NET_LOGISTIC,F35,-0.05156773083072905
120,600,2,CONTEXT_PLUS_SHOCK,CONTINUATION,ELASTIC_NET_LOGISTIC,F36,0.0
120,600,2,CONTEXT_PLUS_SHOCK,REVERSAL,ELASTIC_NET_REGRESSION,F01,0.0
120,600,2,CONTEXT_PLUS_SHOCK,REVERSAL,ELASTIC_NET_REGRESSION,F02,0.0
120,600,2,CONTEXT_PLUS_SHOCK,REVERSAL,ELASTIC_NET_REGRESSION,F03,-0.0
120,600,2,CONTEXT_PLUS_SHOCK,REVERSAL,ELASTIC_NET_REGRESSION,F04,-0.0
120,600,2,CONTEXT_PLUS_SHOCK,REVERSAL,ELASTIC_NET_REGRESSION,F05,-0.2319130642966835
120,600,2,CONTEXT_PLUS_SHOCK,REVERSAL,ELASTIC_NET_REGRESSION,F06,-0.08109335013005761
120,600,2,CONTEXT_PLUS_SHOCK,REVERSAL,ELASTIC_NET_REGRESSION,F07,0.07127134614453365
120,600,2,CONTEXT_PLUS_SHOCK,REVERSAL,ELASTIC_NET_REGRESSION,F08,0.0
120,600,2,CONTEXT_PLUS_SHOCK,REVERSAL,ELASTIC_NET_REGRESSION,F09,-0.26551452389011876
120,600,2,CONTEXT_PLUS_SHOCK,REVERSAL,ELASTIC_NET_REGRESSION,F10,-0.1570787115809051
120,600,2,CONTEXT_PLUS_SHOCK,REVERSAL,ELASTIC_NET_REGRESSION,F11,-0.13402958751078115
120,600,2,CONTEXT_PLUS_SHOCK,REVERSAL,ELASTIC_NET_REGRESSION,F12,0.0
120,600,2,CONTEXT_PLUS_SHOCK,REVERSAL,ELASTIC_NET_REGRESSION,F13,0.0
120,600,2,CONTEXT_PLUS_SHOCK,REVERSAL,ELASTIC_NET_REGRESSION,F14,-0.015227634874690687
120,600,2,CONTEXT_PLUS_SHOCK,REVERSAL,ELASTIC_NET_REGRESSION,F15,0.16064898852581552
120,600,2,CONTEXT_PLUS_SHOCK,REVERSAL,ELASTIC_NET_REGRESSION,F16,0.04996866490315852
120,600,2,CONTEXT_PLUS_SHOCK,REVERSAL,ELASTIC_NET_REGRESSION,F17,0.0
120,600,2,CONTEXT_PLUS_SHOCK,REVERSAL,ELASTIC_NET_REGRESSION,F18,0.0
120,600,2,CONTEXT_PLUS_SHOCK,REVERSAL,ELASTIC_NET_REGRESSION,F19,0.0
120,600,2,CONTEXT_PLUS_SHOCK,REVERSAL,ELASTIC_NET_REGRESSION,F20,-0.7141235173487223
120,600,2,CONTEXT_PLUS_SHOCK,REVERSAL,ELASTIC_NET_REGRESSION,F21,-0.09351137130022368
120,600,2,CONTEXT_PLUS_SHOCK,REVERSAL,ELASTIC_NET_REGRESSION,F22,0.0
120,600,2,CONTEXT_PLUS_SHOCK,REVERSAL,ELASTIC_NET_REGRESSION,F23,0.02843058569269779
120,600,2,CONTEXT_PLUS_SHOCK,REVERSAL,ELASTIC_NET_REGRESSION,F24,0.1528418928402394
120,600,2,CONTEXT_PLUS_SHOCK,REVERSAL,ELASTIC_NET_REGRESSION,F25,0.0
120,600,2,CONTEXT_PLUS_SHOCK,REVERSAL,ELASTIC_NET_REGRESSION,F26,-0.04652038236298132
120,600,2,CONTEXT_PLUS_SHOCK,REVERSAL,ELASTIC_NET_REGRESSION,F27,-0.0
120,600,2,CONTEXT_PLUS_SHOCK,REVERSAL,ELASTIC_NET_REGRESSION,F28,0.15538688302422043
120,600,2,CONTEXT_PLUS_SHOCK,REVERSAL,ELASTIC_NET_REGRESSION,F29,-0.292108601809937
120,600,2,CONTEXT_PLUS_SHOCK,REVERSAL,ELASTIC_NET_REGRESSION,F30,-0.0
120,600,2,CONTEXT_PLUS_SHOCK,REVERSAL,ELASTIC_NET_REGRESSION,F31,-0.08374964575495797
120,600,2,CONTEXT_PLUS_SHOCK,REVERSAL,ELASTIC_NET_REGRESSION,F32,0.0
120,600,2,CONTEXT_PLUS_SHOCK,REVERSAL,ELASTIC_NET_REGRESSION,F33,0.2699949728745665
120,600,2,CONTEXT_PLUS_SHOCK,REVERSAL,ELASTIC_NET_REGRESSION,F34,-0.10259560412716633
120,600,2,CONTEXT_PLUS_SHOCK,REVERSAL,ELASTIC_NET_REGRESSION,F35,0.1597996564787418
120,600,2,CONTEXT_PLUS_SHOCK,REVERSAL,ELASTIC_NET_REGRESSION,F36,0.0
120,600,2,CONTEXT_PLUS_SHOCK,REVERSAL,ELASTIC_NET_LOGISTIC,F01,0.0
120,600,2,CONTEXT_PLUS_SHOCK,REVERSAL,ELASTIC_NET_LOGISTIC,F02,0.0
120,600,2,CONTEXT_PLUS_SHOCK,REVERSAL,ELASTIC_NET_LOGISTIC,F03,0.0
120,600,2,CONTEXT_PLUS_SHOCK,REVERSAL,ELASTIC_NET_LOGISTIC,F04,0.0
120,600,2,CONTEXT_PLUS_SHOCK,REVERSAL,ELASTIC_NET_LOGISTIC,F05,0.0
120,600,2,CONTEXT_PLUS_SHOCK,REVERSAL,ELASTIC_NET_LOGISTIC,F06,0.0
120,600,2,CONTEXT_PLUS_SHOCK,REVERSAL,ELASTIC_NET_LOGISTIC,F07,0.06927144157869729
120,600,2,CONTEXT_PLUS_SHOCK,REVERSAL,ELASTIC_NET_LOGISTIC,F08,0.0
120,600,2,CONTEXT_PLUS_SHOCK,REVERSAL,ELASTIC_NET_LOGISTIC,F09,-0.004405871367099415
120,600,2,CONTEXT_PLUS_SHOCK,REVERSAL,ELASTIC_NET_LOGISTIC,F10,0.0
120,600,2,CONTEXT_PLUS_SHOCK,REVERSAL,ELASTIC_NET_LOGISTIC,F11,0.0
120,600,2,CONTEXT_PLUS_SHOCK,REVERSAL,ELASTIC_NET_LOGISTIC,F12,0.0
120,600,2,CONTEXT_PLUS_SHOCK,REVERSAL,ELASTIC_NET_LOGISTIC,F13,0.0
120,600,2,CONTEXT_PLUS_SHOCK,REVERSAL,ELASTIC_NET_LOGISTIC,F14,0.0
120,600,2,CONTEXT_PLUS_SHOCK,REVERSAL,ELASTIC_NET_LOGISTIC,F15,0.0
120,600,2,CONTEXT_PLUS_SHOCK,REVERSAL,ELASTIC_NET_LOGISTIC,F16,0.0
120,600,2,CONTEXT_PLUS_SHOCK,REVERSAL,ELASTIC_NET_LOGISTIC,F17,0.0
120,600,2,CONTEXT_PLUS_SHOCK,REVERSAL,ELASTIC_NET_LOGISTIC,F18,0.0
120,600,2,CONTEXT_PLUS_SHOCK,REVERSAL,ELASTIC_NET_LOGISTIC,F19,0.0
120,600,2,CONTEXT_PLUS_SHOCK,REVERSAL,ELASTIC_NET_LOGISTIC,F20,0.0
120,600,2,CONTEXT_PLUS_SHOCK,REVERSAL,ELASTIC_NET_LOGISTIC,F21,0.0
120,600,2,CONTEXT_PLUS_SHOCK,REVERSAL,ELASTIC_NET_LOGISTIC,F22,0.0
120,600,2,CONTEXT_PLUS_SHOCK,REVERSAL,ELASTIC_NET_LOGISTIC,F23,0.026374616028523905
120,600,2,CONTEXT_PLUS_SHOCK,REVERSAL,ELASTIC_NET_LOGISTIC,F24,0.0
120,600,2,CONTEXT_PLUS_SHOCK,REVERSAL,ELASTIC_NET_LOGISTIC,F25,0.0
120,600,2,CONTEXT_PLUS_SHOCK,REVERSAL,ELASTIC_NET_LOGISTIC,F26,-0.26068365195863247
120,600,2,CONTEXT_PLUS_SHOCK,REVERSAL,ELASTIC_NET_LOGISTIC,F27,0.0
120,600,2,CONTEXT_PLUS_SHOCK,REVERSAL,ELASTIC_NET_LOGISTIC,F28,0.0
120,600,2,CONTEXT_PLUS_SHOCK,REVERSAL,ELASTIC_NET_LOGISTIC,F29,0.0
120,600,2,CONTEXT_PLUS_SHOCK,REVERSAL,ELASTIC_NET_LOGISTIC,F30,0.0
120,600,2,CONTEXT_PLUS_SHOCK,REVERSAL,ELASTIC_NET_LOGISTIC,F31,0.0
120,600,2,CONTEXT_PLUS_SHOCK,REVERSAL,ELASTIC_NET_LOGISTIC,F32,0.0
120,600,2,CONTEXT_PLUS_SHOCK,REVERSAL,ELASTIC_NET_LOGISTIC,F33,0.0
120,600,2,CONTEXT_PLUS_SHOCK,REVERSAL,ELASTIC_NET_LOGISTIC,F34,0.0
120,600,2,CONTEXT_PLUS_SHOCK,REVERSAL,ELASTIC_NET_LOGISTIC,F35,0.0
120,600,2,CONTEXT_PLUS_SHOCK,REVERSAL,ELASTIC_NET_LOGISTIC,F36,0.001312361571150412
120,600,3,CONTEXT_ONLY,CONTINUATION,ELASTIC_NET_REGRESSION,F01,0.0
120,600,3,CONTEXT_ONLY,CONTINUATION,ELASTIC_NET_REGRESSION,F02,0.0
120,600,3,CONTEXT_ONLY,CONTINUATION,ELASTIC_NET_REGRESSION,F03,0.0
120,600,3,CONTEXT_ONLY,CONTINUATION,ELASTIC_NET_REGRESSION,F04,0.0
120,600,3,CONTEXT_ONLY,CONTINUATION,ELASTIC_NET_REGRESSION,F05,0.1060417181412693
120,600,3,CONTEXT_ONLY,CONTINUATION,ELASTIC_NET_REGRESSION,F06,0.0
120,600,3,CONTEXT_ONLY,CONTINUATION,ELASTIC_NET_REGRESSION,F07,-0.0
120,600,3,CONTEXT_ONLY,CONTINUATION,ELASTIC_NET_REGRESSION,F08,-0.0
120,600,3,CONTEXT_ONLY,CONTINUATION,ELASTIC_NET_REGRESSION,F09,0.15841678801802464
120,600,3,CONTEXT_ONLY,CONTINUATION,ELASTIC_NET_REGRESSION,F10,0.022114420327551114
120,600,3,CONTEXT_ONLY,CONTINUATION,ELASTIC_NET_REGRESSION,F11,0.1499865358843428
120,600,3,CONTEXT_ONLY,CONTINUATION,ELASTIC_NET_REGRESSION,F12,-0.0
120,600,3,CONTEXT_ONLY,CONTINUATION,ELASTIC_NET_REGRESSION,F13,-0.0
120,600,3,CONTEXT_ONLY,CONTINUATION,ELASTIC_NET_REGRESSION,F14,0.0
120,600,3,CONTEXT_ONLY,CONTINUATION,ELASTIC_NET_REGRESSION,F15,-0.0
120,600,3,CONTEXT_ONLY,CONTINUATION,ELASTIC_NET_REGRESSION,F16,-0.0
120,600,3,CONTEXT_ONLY,CONTINUATION,ELASTIC_NET_REGRESSION,F17,-0.0
120,600,3,CONTEXT_ONLY,CONTINUATION,ELASTIC_NET_REGRESSION,F18,0.0
120,600,3,CONTEXT_ONLY,CONTINUATION,ELASTIC_NET_REGRESSION,F19,-0.0
120,600,3,CONTEXT_ONLY,CONTINUATION,ELASTIC_NET_REGRESSION,F20,0.5751975800854537
120,600,3,CONTEXT_ONLY,CONTINUATION,ELASTIC_NET_REGRESSION,F21,0.0
120,600,3,CONTEXT_ONLY,CONTINUATION,ELASTIC_NET_REGRESSION,F22,-0.0
120,600,3,CONTEXT_ONLY,CONTINUATION,ELASTIC_NET_REGRESSION,F23,-0.012975963910919994
120,600,3,CONTEXT_ONLY,CONTINUATION,ELASTIC_NET_REGRESSION,F24,-0.012928359162875448
120,600,3,CONTEXT_ONLY,CONTINUATION,ELASTIC_NET_REGRESSION,F25,0.0
120,600,3,CONTEXT_ONLY,CONTINUATION,ELASTIC_NET_REGRESSION,F26,0.0
120,600,3,CONTEXT_ONLY,CONTINUATION,ELASTIC_NET_REGRESSION,F27,-0.0
120,600,3,CONTEXT_ONLY,CONTINUATION,ELASTIC_NET_REGRESSION,F28,-0.284372662432796
120,600,3,CONTEXT_ONLY,CONTINUATION,ELASTIC_NET_REGRESSION,F29,0.23619713080476834
120,600,3,CONTEXT_ONLY,CONTINUATION,ELASTIC_NET_REGRESSION,F36,-0.008385451059748908
120,600,3,CONTEXT_ONLY,CONTINUATION,ELASTIC_NET_LOGISTIC,F01,0.04037042004610537
120,600,3,CONTEXT_ONLY,CONTINUATION,ELASTIC_NET_LOGISTIC,F02,0.04665489346571178
120,600,3,CONTEXT_ONLY,CONTINUATION,ELASTIC_NET_LOGISTIC,F03,0.0
120,600,3,CONTEXT_ONLY,CONTINUATION,ELASTIC_NET_LOGISTIC,F04,0.0
120,600,3,CONTEXT_ONLY,CONTINUATION,ELASTIC_NET_LOGISTIC,F05,0.03947427591567717
120,600,3,CONTEXT_ONLY,CONTINUATION,ELASTIC_NET_LOGISTIC,F06,-0.048422498347192845
120,600,3,CONTEXT_ONLY,CONTINUATION,ELASTIC_NET_LOGISTIC,F07,0.0
120,600,3,CONTEXT_ONLY,CONTINUATION,ELASTIC_NET_LOGISTIC,F08,0.0
120,600,3,CONTEXT_ONLY,CONTINUATION,ELASTIC_NET_LOGISTIC,F09,0.10314729741693675
120,600,3,CONTEXT_ONLY,CONTINUATION,ELASTIC_NET_LOGISTIC,F10,0.02022016536149567
120,600,3,CONTEXT_ONLY,CONTINUATION,ELASTIC_NET_LOGISTIC,F11,0.0
120,600,3,CONTEXT_ONLY,CONTINUATION,ELASTIC_NET_LOGISTIC,F12,0.0
120,600,3,CONTEXT_ONLY,CONTINUATION,ELASTIC_NET_LOGISTIC,F13,0.0
120,600,3,CONTEXT_ONLY,CONTINUATION,ELASTIC_NET_LOGISTIC,F14,0.09175842412314475
120,600,3,CONTEXT_ONLY,CONTINUATION,ELASTIC_NET_LOGISTIC,F15,0.0
120,600,3,CONTEXT_ONLY,CONTINUATION,ELASTIC_NET_LOGISTIC,F16,0.0
120,600,3,CONTEXT_ONLY,CONTINUATION,ELASTIC_NET_LOGISTIC,F17,0.0
120,600,3,CONTEXT_ONLY,CONTINUATION,ELASTIC_NET_LOGISTIC,F18,0.009449098477485889
120,600,3,CONTEXT_ONLY,CONTINUATION,ELASTIC_NET_LOGISTIC,F19,0.0
120,600,3,CONTEXT_ONLY,CONTINUATION,ELASTIC_NET_LOGISTIC,F20,0.17982299474095048
120,600,3,CONTEXT_ONLY,CONTINUATION,ELASTIC_NET_LOGISTIC,F21,0.09434494514397972
120,600,3,CONTEXT_ONLY,CONTINUATION,ELASTIC_NET_LOGISTIC,F22,0.005191697080549116
120,600,3,CONTEXT_ONLY,CONTINUATION,ELASTIC_NET_LOGISTIC,F23,-0.011619361199600626
120,600,3,CONTEXT_ONLY,CONTINUATION,ELASTIC_NET_LOGISTIC,F24,-0.0805929169974574
120,600,3,CONTEXT_ONLY,CONTINUATION,ELASTIC_NET_LOGISTIC,F25,0.19676938917276915
120,600,3,CONTEXT_ONLY,CONTINUATION,ELASTIC_NET_LOGISTIC,F26,-0.05721931856024247
120,600,3,CONTEXT_ONLY,CONTINUATION,ELASTIC_NET_LOGISTIC,F27,0.0
120,600,3,CONTEXT_ONLY,CONTINUATION,ELASTIC_NET_LOGISTIC,F28,0.0
120,600,3,CONTEXT_ONLY,CONTINUATION,ELASTIC_NET_LOGISTIC,F29,0.09623892574350754
120,600,3,CONTEXT_ONLY,CONTINUATION,ELASTIC_NET_LOGISTIC,F36,0.0
120,600,3,CONTEXT_ONLY,REVERSAL,ELASTIC_NET_REGRESSION,F01,-0.0
120,600,3,CONTEXT_ONLY,REVERSAL,ELASTIC_NET_REGRESSION,F02,-0.0
120,600,3,CONTEXT_ONLY,REVERSAL,ELASTIC_NET_REGRESSION,F03,-0.0
120,600,3,CONTEXT_ONLY,REVERSAL,ELASTIC_NET_REGRESSION,F04,-0.0
120,600,3,CONTEXT_ONLY,REVERSAL,ELASTIC_NET_REGRESSION,F05,-0.10869013516397046
120,600,3,CONTEXT_ONLY,REVERSAL,ELASTIC_NET_REGRESSION,F06,-0.0
120,600,3,CONTEXT_ONLY,REVERSAL,ELASTIC_NET_REGRESSION,F07,0.0002870788197549477
120,600,3,CONTEXT_ONLY,REVERSAL,ELASTIC_NET_REGRESSION,F08,0.0
120,600,3,CONTEXT_ONLY,REVERSAL,ELASTIC_NET_REGRESSION,F09,-0.1548457339807217
120,600,3,CONTEXT_ONLY,REVERSAL,ELASTIC_NET_REGRESSION,F10,-0.021638715584844228
120,600,3,CONTEXT_ONLY,REVERSAL,ELASTIC_NET_REGRESSION,F11,-0.15323949160570532
120,600,3,CONTEXT_ONLY,REVERSAL,ELASTIC_NET_REGRESSION,F12,0.0
120,600,3,CONTEXT_ONLY,REVERSAL,ELASTIC_NET_REGRESSION,F13,0.0
120,600,3,CONTEXT_ONLY,REVERSAL,ELASTIC_NET_REGRESSION,F14,-0.0
120,600,3,CONTEXT_ONLY,REVERSAL,ELASTIC_NET_REGRESSION,F15,0.0
120,600,3,CONTEXT_ONLY,REVERSAL,ELASTIC_NET_REGRESSION,F16,0.0
120,600,3,CONTEXT_ONLY,REVERSAL,ELASTIC_NET_REGRESSION,F17,0.0
120,600,3,CONTEXT_ONLY,REVERSAL,ELASTIC_NET_REGRESSION,F18,-0.0
120,600,3,CONTEXT_ONLY,REVERSAL,ELASTIC_NET_REGRESSION,F19,0.0
120,600,3,CONTEXT_ONLY,REVERSAL,ELASTIC_NET_REGRESSION,F20,-0.5636213128589536
120,600,3,CONTEXT_ONLY,REVERSAL,ELASTIC_NET_REGRESSION,F21,-0.0
120,600,3,CONTEXT_ONLY,REVERSAL,ELASTIC_NET_REGRESSION,F22,0.0
120,600,3,CONTEXT_ONLY,REVERSAL,ELASTIC_NET_REGRESSION,F23,0.019390357801434867
120,600,3,CONTEXT_ONLY,REVERSAL,ELASTIC_NET_REGRESSION,F24,0.0033187638948259726
120,600,3,CONTEXT_ONLY,REVERSAL,ELASTIC_NET_REGRESSION,F25,-0.0
120,600,3,CONTEXT_ONLY,REVERSAL,ELASTIC_NET_REGRESSION,F26,-0.0
120,600,3,CONTEXT_ONLY,REVERSAL,ELASTIC_NET_REGRESSION,F27,0.0
120,600,3,CONTEXT_ONLY,REVERSAL,ELASTIC_NET_REGRESSION,F28,0.28263989925940664
120,600,3,CONTEXT_ONLY,REVERSAL,ELASTIC_NET_REGRESSION,F29,-0.23431041600889196
120,600,3,CONTEXT_ONLY,REVERSAL,ELASTIC_NET_REGRESSION,F36,0.010012478311693267
120,600,3,CONTEXT_ONLY,REVERSAL,ELASTIC_NET_LOGISTIC,F01,0.0
120,600,3,CONTEXT_ONLY,REVERSAL,ELASTIC_NET_LOGISTIC,F02,0.0
120,600,3,CONTEXT_ONLY,REVERSAL,ELASTIC_NET_LOGISTIC,F03,0.0
120,600,3,CONTEXT_ONLY,REVERSAL,ELASTIC_NET_LOGISTIC,F04,0.0
120,600,3,CONTEXT_ONLY,REVERSAL,ELASTIC_NET_LOGISTIC,F05,0.0
120,600,3,CONTEXT_ONLY,REVERSAL,ELASTIC_NET_LOGISTIC,F06,0.0
120,600,3,CONTEXT_ONLY,REVERSAL,ELASTIC_NET_LOGISTIC,F07,0.018283285216384428
120,600,3,CONTEXT_ONLY,REVERSAL,ELASTIC_NET_LOGISTIC,F08,0.0
120,600,3,CONTEXT_ONLY,REVERSAL,ELASTIC_NET_LOGISTIC,F09,0.0
120,600,3,CONTEXT_ONLY,REVERSAL,ELASTIC_NET_LOGISTIC,F10,0.0
120,600,3,CONTEXT_ONLY,REVERSAL,ELASTIC_NET_LOGISTIC,F11,0.0
120,600,3,CONTEXT_ONLY,REVERSAL,ELASTIC_NET_LOGISTIC,F12,0.0
120,600,3,CONTEXT_ONLY,REVERSAL,ELASTIC_NET_LOGISTIC,F13,0.0
120,600,3,CONTEXT_ONLY,REVERSAL,ELASTIC_NET_LOGISTIC,F14,0.0
120,600,3,CONTEXT_ONLY,REVERSAL,ELASTIC_NET_LOGISTIC,F15,0.022766238356034224
120,600,3,CONTEXT_ONLY,REVERSAL,ELASTIC_NET_LOGISTIC,F16,0.0
120,600,3,CONTEXT_ONLY,REVERSAL,ELASTIC_NET_LOGISTIC,F17,0.0
120,600,3,CONTEXT_ONLY,REVERSAL,ELASTIC_NET_LOGISTIC,F18,0.0
120,600,3,CONTEXT_ONLY,REVERSAL,ELASTIC_NET_LOGISTIC,F19,0.0
120,600,3,CONTEXT_ONLY,REVERSAL,ELASTIC_NET_LOGISTIC,F20,-0.013709914171725426
120,600,3,CONTEXT_ONLY,REVERSAL,ELASTIC_NET_LOGISTIC,F21,0.0
120,600,3,CONTEXT_ONLY,REVERSAL,ELASTIC_NET_LOGISTIC,F22,0.0
120,600,3,CONTEXT_ONLY,REVERSAL,ELASTIC_NET_LOGISTIC,F23,0.0608507486403004
120,600,3,CONTEXT_ONLY,REVERSAL,ELASTIC_NET_LOGISTIC,F24,0.0
120,600,3,CONTEXT_ONLY,REVERSAL,ELASTIC_NET_LOGISTIC,F25,0.0
120,600,3,CONTEXT_ONLY,REVERSAL,ELASTIC_NET_LOGISTIC,F26,-0.2827783810179901
120,600,3,CONTEXT_ONLY,REVERSAL,ELASTIC_NET_LOGISTIC,F27,0.0
120,600,3,CONTEXT_ONLY,REVERSAL,ELASTIC_NET_LOGISTIC,F28,0.0
120,600,3,CONTEXT_ONLY,REVERSAL,ELASTIC_NET_LOGISTIC,F29,0.0
120,600,3,CONTEXT_ONLY,REVERSAL,ELASTIC_NET_LOGISTIC,F36,0.013856253734591161
120,600,3,CONTEXT_PLUS_SHOCK,CONTINUATION,ELASTIC_NET_REGRESSION,F01,0.0
120,600,3,CONTEXT_PLUS_SHOCK,CONTINUATION,ELASTIC_NET_REGRESSION,F02,0.0
120,600,3,CONTEXT_PLUS_SHOCK,CONTINUATION,ELASTIC_NET_REGRESSION,F03,0.0
120,600,3,CONTEXT_PLUS_SHOCK,CONTINUATION,ELASTIC_NET_REGRESSION,F04,0.0
120,600,3,CONTEXT_PLUS_SHOCK,CONTINUATION,ELASTIC_NET_REGRESSION,F05,0.12159344252689346
120,600,3,CONTEXT_PLUS_SHOCK,CONTINUATION,ELASTIC_NET_REGRESSION,F06,0.0
120,600,3,CONTEXT_PLUS_SHOCK,CONTINUATION,ELASTIC_NET_REGRESSION,F07,-0.017593907710372936
120,600,3,CONTEXT_PLUS_SHOCK,CONTINUATION,ELASTIC_NET_REGRESSION,F08,-0.0
120,600,3,CONTEXT_PLUS_SHOCK,CONTINUATION,ELASTIC_NET_REGRESSION,F09,0.15035326775464633
120,600,3,CONTEXT_PLUS_SHOCK,CONTINUATION,ELASTIC_NET_REGRESSION,F10,0.06264521969918702
120,600,3,CONTEXT_PLUS_SHOCK,CONTINUATION,ELASTIC_NET_REGRESSION,F11,0.11607875297643706
120,600,3,CONTEXT_PLUS_SHOCK,CONTINUATION,ELASTIC_NET_REGRESSION,F12,-0.0
120,600,3,CONTEXT_PLUS_SHOCK,CONTINUATION,ELASTIC_NET_REGRESSION,F13,-0.0
120,600,3,CONTEXT_PLUS_SHOCK,CONTINUATION,ELASTIC_NET_REGRESSION,F14,0.0
120,600,3,CONTEXT_PLUS_SHOCK,CONTINUATION,ELASTIC_NET_REGRESSION,F15,-0.0
120,600,3,CONTEXT_PLUS_SHOCK,CONTINUATION,ELASTIC_NET_REGRESSION,F16,-0.006156437569426962
120,600,3,CONTEXT_PLUS_SHOCK,CONTINUATION,ELASTIC_NET_REGRESSION,F17,-0.0
120,600,3,CONTEXT_PLUS_SHOCK,CONTINUATION,ELASTIC_NET_REGRESSION,F18,0.0
120,600,3,CONTEXT_PLUS_SHOCK,CONTINUATION,ELASTIC_NET_REGRESSION,F19,-0.0
120,600,3,CONTEXT_PLUS_SHOCK,CONTINUATION,ELASTIC_NET_REGRESSION,F20,0.6947482963171608
120,600,3,CONTEXT_PLUS_SHOCK,CONTINUATION,ELASTIC_NET_REGRESSION,F21,0.0
120,600,3,CONTEXT_PLUS_SHOCK,CONTINUATION,ELASTIC_NET_REGRESSION,F22,-0.0
120,600,3,CONTEXT_PLUS_SHOCK,CONTINUATION,ELASTIC_NET_REGRESSION,F23,-0.04741448335754698
120,600,3,CONTEXT_PLUS_SHOCK,CONTINUATION,ELASTIC_NET_REGRESSION,F24,-0.023215823946583697
120,600,3,CONTEXT_PLUS_SHOCK,CONTINUATION,ELASTIC_NET_REGRESSION,F25,0.0
120,600,3,CONTEXT_PLUS_SHOCK,CONTINUATION,ELASTIC_NET_REGRESSION,F26,0.007396785681984774
120,600,3,CONTEXT_PLUS_SHOCK,CONTINUATION,ELASTIC_NET_REGRESSION,F27,0.0
120,600,3,CONTEXT_PLUS_SHOCK,CONTINUATION,ELASTIC_NET_REGRESSION,F28,-0.2507404588528222
120,600,3,CONTEXT_PLUS_SHOCK,CONTINUATION,ELASTIC_NET_REGRESSION,F29,0.20677116850803698
120,600,3,CONTEXT_PLUS_SHOCK,CONTINUATION,ELASTIC_NET_REGRESSION,F30,-0.03855443272509794
120,600,3,CONTEXT_PLUS_SHOCK,CONTINUATION,ELASTIC_NET_REGRESSION,F31,0.11450273580373801
120,600,3,CONTEXT_PLUS_SHOCK,CONTINUATION,ELASTIC_NET_REGRESSION,F32,0.0
120,600,3,CONTEXT_PLUS_SHOCK,CONTINUATION,ELASTIC_NET_REGRESSION,F33,-0.27347218771635273
120,600,3,CONTEXT_PLUS_SHOCK,CONTINUATION,ELASTIC_NET_REGRESSION,F34,0.031100464547610864
120,600,3,CONTEXT_PLUS_SHOCK,CONTINUATION,ELASTIC_NET_REGRESSION,F35,-0.20512922417470095
120,600,3,CONTEXT_PLUS_SHOCK,CONTINUATION,ELASTIC_NET_REGRESSION,F36,-0.023695071370735926
120,600,3,CONTEXT_PLUS_SHOCK,CONTINUATION,ELASTIC_NET_LOGISTIC,F01,0.038660884429142395
120,600,3,CONTEXT_PLUS_SHOCK,CONTINUATION,ELASTIC_NET_LOGISTIC,F02,0.04313390096101157
120,600,3,CONTEXT_PLUS_SHOCK,CONTINUATION,ELASTIC_NET_LOGISTIC,F03,0.0
120,600,3,CONTEXT_PLUS_SHOCK,CONTINUATION,ELASTIC_NET_LOGISTIC,F04,0.0
120,600,3,CONTEXT_PLUS_SHOCK,CONTINUATION,ELASTIC_NET_LOGISTIC,F05,0.04362280830194579
120,600,3,CONTEXT_PLUS_SHOCK,CONTINUATION,ELASTIC_NET_LOGISTIC,F06,-0.050808103280474866
120,600,3,CONTEXT_PLUS_SHOCK,CONTINUATION,ELASTIC_NET_LOGISTIC,F07,0.0
120,600,3,CONTEXT_PLUS_SHOCK,CONTINUATION,ELASTIC_NET_LOGISTIC,F08,0.0
120,600,3,CONTEXT_PLUS_SHOCK,CONTINUATION,ELASTIC_NET_LOGISTIC,F09,0.09751948712101516
120,600,3,CONTEXT_PLUS_SHOCK,CONTINUATION,ELASTIC_NET_LOGISTIC,F10,0.02638239295645109
120,600,3,CONTEXT_PLUS_SHOCK,CONTINUATION,ELASTIC_NET_LOGISTIC,F11,0.0
120,600,3,CONTEXT_PLUS_SHOCK,CONTINUATION,ELASTIC_NET_LOGISTIC,F12,0.0
120,600,3,CONTEXT_PLUS_SHOCK,CONTINUATION,ELASTIC_NET_LOGISTIC,F13,0.0
120,600,3,CONTEXT_PLUS_SHOCK,CONTINUATION,ELASTIC_NET_LOGISTIC,F14,0.09775241027753478
120,600,3,CONTEXT_PLUS_SHOCK,CONTINUATION,ELASTIC_NET_LOGISTIC,F15,0.0
120,600,3,CONTEXT_PLUS_SHOCK,CONTINUATION,ELASTIC_NET_LOGISTIC,F16,0.0
120,600,3,CONTEXT_PLUS_SHOCK,CONTINUATION,ELASTIC_NET_LOGISTIC,F17,0.0
120,600,3,CONTEXT_PLUS_SHOCK,CONTINUATION,ELASTIC_NET_LOGISTIC,F18,0.007002920229789128
120,600,3,CONTEXT_PLUS_SHOCK,CONTINUATION,ELASTIC_NET_LOGISTIC,F19,0.0
120,600,3,CONTEXT_PLUS_SHOCK,CONTINUATION,ELASTIC_NET_LOGISTIC,F20,0.17017105032736768
120,600,3,CONTEXT_PLUS_SHOCK,CONTINUATION,ELASTIC_NET_LOGISTIC,F21,0.10852237962490646
120,600,3,CONTEXT_PLUS_SHOCK,CONTINUATION,ELASTIC_NET_LOGISTIC,F22,0.006016698373888948
120,600,3,CONTEXT_PLUS_SHOCK,CONTINUATION,ELASTIC_NET_LOGISTIC,F23,-0.02626701797800091
120,600,3,CONTEXT_PLUS_SHOCK,CONTINUATION,ELASTIC_NET_LOGISTIC,F24,-0.09181892272047035
120,600,3,CONTEXT_PLUS_SHOCK,CONTINUATION,ELASTIC_NET_LOGISTIC,F25,0.20003565538809567
120,600,3,CONTEXT_PLUS_SHOCK,CONTINUATION,ELASTIC_NET_LOGISTIC,F26,-0.06170841721144635
120,600,3,CONTEXT_PLUS_SHOCK,CONTINUATION,ELASTIC_NET_LOGISTIC,F27,0.0
120,600,3,CONTEXT_PLUS_SHOCK,CONTINUATION,ELASTIC_NET_LOGISTIC,F28,0.0
120,600,3,CONTEXT_PLUS_SHOCK,CONTINUATION,ELASTIC_NET_LOGISTIC,F29,0.09330622835272143
120,600,3,CONTEXT_PLUS_SHOCK,CONTINUATION,ELASTIC_NET_LOGISTIC,F30,0.0
120,600,3,CONTEXT_PLUS_SHOCK,CONTINUATION,ELASTIC_NET_LOGISTIC,F31,0.0
120,600,3,CONTEXT_PLUS_SHOCK,CONTINUATION,ELASTIC_NET_LOGISTIC,F32,0.0
120,600,3,CONTEXT_PLUS_SHOCK,CONTINUATION,ELASTIC_NET_LOGISTIC,F33,0.0
120,600,3,CONTEXT_PLUS_SHOCK,CONTINUATION,ELASTIC_NET_LOGISTIC,F34,0.0
120,600,3,CONTEXT_PLUS_SHOCK,CONTINUATION,ELASTIC_NET_LOGISTIC,F35,-0.14486001274736712
120,600,3,CONTEXT_PLUS_SHOCK,CONTINUATION,ELASTIC_NET_LOGISTIC,F36,0.0
120,600,3,CONTEXT_PLUS_SHOCK,REVERSAL,ELASTIC_NET_REGRESSION,F01,-0.0
120,600,3,CONTEXT_PLUS_SHOCK,REVERSAL,ELASTIC_NET_REGRESSION,F02,-0.0
120,600,3,CONTEXT_PLUS_SHOCK,REVERSAL,ELASTIC_NET_REGRESSION,F03,-0.0
120,600,3,CONTEXT_PLUS_SHOCK,REVERSAL,ELASTIC_NET_REGRESSION,F04,-0.0
120,600,3,CONTEXT_PLUS_SHOCK,REVERSAL,ELASTIC_NET_REGRESSION,F05,-0.12516640610294302
120,600,3,CONTEXT_PLUS_SHOCK,REVERSAL,ELASTIC_NET_REGRESSION,F06,-0.0
120,600,3,CONTEXT_PLUS_SHOCK,REVERSAL,ELASTIC_NET_REGRESSION,F07,0.021072892687089208
120,600,3,CONTEXT_PLUS_SHOCK,REVERSAL,ELASTIC_NET_REGRESSION,F08,0.0
120,600,3,CONTEXT_PLUS_SHOCK,REVERSAL,ELASTIC_NET_REGRESSION,F09,-0.1465022375617552
120,600,3,CONTEXT_PLUS_SHOCK,REVERSAL,ELASTIC_NET_REGRESSION,F10,-0.0636006003585369
120,600,3,CONTEXT_PLUS_SHOCK,REVERSAL,ELASTIC_NET_REGRESSION,F11,-0.11813726018731037
120,600,3,CONTEXT_PLUS_SHOCK,REVERSAL,ELASTIC_NET_REGRESSION,F12,0.0
120,600,3,CONTEXT_PLUS_SHOCK,REVERSAL,ELASTIC_NET_REGRESSION,F13,0.0
120,600,3,CONTEXT_PLUS_SHOCK,REVERSAL,ELASTIC_NET_REGRESSION,F14,-0.0
120,600,3,CONTEXT_PLUS_SHOCK,REVERSAL,ELASTIC_NET_REGRESSION,F15,0.0
120,600,3,CONTEXT_PLUS_SHOCK,REVERSAL,ELASTIC_NET_REGRESSION,F16,0.014032367290425802
120,600,3,CONTEXT_PLUS_SHOCK,REVERSAL,ELASTIC_NET_REGRESSION,F17,0.0
120,600,3,CONTEXT_PLUS_SHOCK,REVERSAL,ELASTIC_NET_REGRESSION,F18,-0.0
120,600,3,CONTEXT_PLUS_SHOCK,REVERSAL,ELASTIC_NET_REGRESSION,F19,0.0
120,600,3,CONTEXT_PLUS_SHOCK,REVERSAL,ELASTIC_NET_REGRESSION,F20,-0.6892911534894168
120,600,3,CONTEXT_PLUS_SHOCK,REVERSAL,ELASTIC_NET_REGRESSION,F21,-0.0
120,600,3,CONTEXT_PLUS_SHOCK,REVERSAL,ELASTIC_NET_REGRESSION,F22,0.0
120,600,3,CONTEXT_PLUS_SHOCK,REVERSAL,ELASTIC_NET_REGRESSION,F23,0.051231758813466935
120,600,3,CONTEXT_PLUS_SHOCK,REVERSAL,ELASTIC_NET_REGRESSION,F24,0.0137931522592858
120,600,3,CONTEXT_PLUS_SHOCK,REVERSAL,ELASTIC_NET_REGRESSION,F25,-0.0
120,600,3,CONTEXT_PLUS_SHOCK,REVERSAL,ELASTIC_NET_REGRESSION,F26,-0.0
120,600,3,CONTEXT_PLUS_SHOCK,REVERSAL,ELASTIC_NET_REGRESSION,F27,-0.0
120,600,3,CONTEXT_PLUS_SHOCK,REVERSAL,ELASTIC_NET_REGRESSION,F28,0.24674923647870603
120,600,3,CONTEXT_PLUS_SHOCK,REVERSAL,ELASTIC_NET_REGRESSION,F29,-0.2034447225278943
120,600,3,CONTEXT_PLUS_SHOCK,REVERSAL,ELASTIC_NET_REGRESSION,F30,0.04422977236572496
120,600,3,CONTEXT_PLUS_SHOCK,REVERSAL,ELASTIC_NET_REGRESSION,F31,-0.11625162140675441
120,600,3,CONTEXT_PLUS_SHOCK,REVERSAL,ELASTIC_NET_REGRESSION,F32,0.0
120,600,3,CONTEXT_PLUS_SHOCK,REVERSAL,ELASTIC_NET_REGRESSION,F33,0.2899491190734903
120,600,3,CONTEXT_PLUS_SHOCK,REVERSAL,ELASTIC_NET_REGRESSION,F34,-0.033817848234505475
120,600,3,CONTEXT_PLUS_SHOCK,REVERSAL,ELASTIC_NET_REGRESSION,F35,0.20658018123025063
120,600,3,CONTEXT_PLUS_SHOCK,REVERSAL,ELASTIC_NET_REGRESSION,F36,0.026970488657847215
120,600,3,CONTEXT_PLUS_SHOCK,REVERSAL,ELASTIC_NET_LOGISTIC,F01,0.0
120,600,3,CONTEXT_PLUS_SHOCK,REVERSAL,ELASTIC_NET_LOGISTIC,F02,0.0
120,600,3,CONTEXT_PLUS_SHOCK,REVERSAL,ELASTIC_NET_LOGISTIC,F03,0.0
120,600,3,CONTEXT_PLUS_SHOCK,REVERSAL,ELASTIC_NET_LOGISTIC,F04,0.0
120,600,3,CONTEXT_PLUS_SHOCK,REVERSAL,ELASTIC_NET_LOGISTIC,F05,-0.0473279988493315
120,600,3,CONTEXT_PLUS_SHOCK,REVERSAL,ELASTIC_NET_LOGISTIC,F06,0.0
120,600,3,CONTEXT_PLUS_SHOCK,REVERSAL,ELASTIC_NET_LOGISTIC,F07,0.03279434265827272
120,600,3,CONTEXT_PLUS_SHOCK,REVERSAL,ELASTIC_NET_LOGISTIC,F08,0.0
120,600,3,CONTEXT_PLUS_SHOCK,REVERSAL,ELASTIC_NET_LOGISTIC,F09,-0.029355570736589738
120,600,3,CONTEXT_PLUS_SHOCK,REVERSAL,ELASTIC_NET_LOGISTIC,F10,0.0
120,600,3,CONTEXT_PLUS_SHOCK,REVERSAL,ELASTIC_NET_LOGISTIC,F11,0.0
120,600,3,CONTEXT_PLUS_SHOCK,REVERSAL,ELASTIC_NET_LOGISTIC,F12,0.0
120,600,3,CONTEXT_PLUS_SHOCK,REVERSAL,ELASTIC_NET_LOGISTIC,F13,0.0
120,600,3,CONTEXT_PLUS_SHOCK,REVERSAL,ELASTIC_NET_LOGISTIC,F14,0.0
120,600,3,CONTEXT_PLUS_SHOCK,REVERSAL,ELASTIC_NET_LOGISTIC,F15,0.0858817059430843
120,600,3,CONTEXT_PLUS_SHOCK,REVERSAL,ELASTIC_NET_LOGISTIC,F16,0.0
120,600,3,CONTEXT_PLUS_SHOCK,REVERSAL,ELASTIC_NET_LOGISTIC,F17,0.0
120,600,3,CONTEXT_PLUS_SHOCK,REVERSAL,ELASTIC_NET_LOGISTIC,F18,0.0
120,600,3,CONTEXT_PLUS_SHOCK,REVERSAL,ELASTIC_NET_LOGISTIC,F19,0.0
120,600,3,CONTEXT_PLUS_SHOCK,REVERSAL,ELASTIC_NET_LOGISTIC,F20,-0.07387843771117891
120,600,3,CONTEXT_PLUS_SHOCK,REVERSAL,ELASTIC_NET_LOGISTIC,F21,0.0
120,600,3,CONTEXT_PLUS_SHOCK,REVERSAL,ELASTIC_NET_LOGISTIC,F22,-0.03322214202416355
120,600,3,CONTEXT_PLUS_SHOCK,REVERSAL,ELASTIC_NET_LOGISTIC,F23,0.09952929301004991
120,600,3,CONTEXT_PLUS_SHOCK,REVERSAL,ELASTIC_NET_LOGISTIC,F24,0.01682154493102992
120,600,3,CONTEXT_PLUS_SHOCK,REVERSAL,ELASTIC_NET_LOGISTIC,F25,-0.008652414948428827
120,600,3,CONTEXT_PLUS_SHOCK,REVERSAL,ELASTIC_NET_LOGISTIC,F26,-0.3263991932473274
120,600,3,CONTEXT_PLUS_SHOCK,REVERSAL,ELASTIC_NET_LOGISTIC,F27,0.0
120,600,3,CONTEXT_PLUS_SHOCK,REVERSAL,ELASTIC_NET_LOGISTIC,F28,0.0
120,600,3,CONTEXT_PLUS_SHOCK,REVERSAL,ELASTIC_NET_LOGISTIC,F29,0.0
120,600,3,CONTEXT_PLUS_SHOCK,REVERSAL,ELASTIC_NET_LOGISTIC,F30,0.07740132622261886
120,600,3,CONTEXT_PLUS_SHOCK,REVERSAL,ELASTIC_NET_LOGISTIC,F31,0.0
120,600,3,CONTEXT_PLUS_SHOCK,REVERSAL,ELASTIC_NET_LOGISTIC,F32,0.0
120,600,3,CONTEXT_PLUS_SHOCK,REVERSAL,ELASTIC_NET_LOGISTIC,F33,0.0
120,600,3,CONTEXT_PLUS_SHOCK,REVERSAL,ELASTIC_NET_LOGISTIC,F34,0.0
120,600,3,CONTEXT_PLUS_SHOCK,REVERSAL,ELASTIC_NET_LOGISTIC,F35,0.07296855813708905
120,600,3,CONTEXT_PLUS_SHOCK,REVERSAL,ELASTIC_NET_LOGISTIC,F36,0.053303816814470044
120,600,4,CONTEXT_ONLY,CONTINUATION,ELASTIC_NET_REGRESSION,F01,0.0
120,600,4,CONTEXT_ONLY,CONTINUATION,ELASTIC_NET_REGRESSION,F02,0.0
120,600,4,CONTEXT_ONLY,CONTINUATION,ELASTIC_NET_REGRESSION,F03,0.0
120,600,4,CONTEXT_ONLY,CONTINUATION,ELASTIC_NET_REGRESSION,F04,0.0
120,600,4,CONTEXT_ONLY,CONTINUATION,ELASTIC_NET_REGRESSION,F05,0.06283065943168747
120,600,4,CONTEXT_ONLY,CONTINUATION,ELASTIC_NET_REGRESSION,F06,0.0
120,600,4,CONTEXT_ONLY,CONTINUATION,ELASTIC_NET_REGRESSION,F07,-0.0
120,600,4,CONTEXT_ONLY,CONTINUATION,ELASTIC_NET_REGRESSION,F08,-0.0
120,600,4,CONTEXT_ONLY,CONTINUATION,ELASTIC_NET_REGRESSION,F09,0.16756719904855813
120,600,4,CONTEXT_ONLY,CONTINUATION,ELASTIC_NET_REGRESSION,F10,0.0
120,600,4,CONTEXT_ONLY,CONTINUATION,ELASTIC_NET_REGRESSION,F11,0.11548937817764907
120,600,4,CONTEXT_ONLY,CONTINUATION,ELASTIC_NET_REGRESSION,F12,-0.0
120,600,4,CONTEXT_ONLY,CONTINUATION,ELASTIC_NET_REGRESSION,F13,-0.0
120,600,4,CONTEXT_ONLY,CONTINUATION,ELASTIC_NET_REGRESSION,F14,0.0021317966328375346
120,600,4,CONTEXT_ONLY,CONTINUATION,ELASTIC_NET_REGRESSION,F15,-0.0
120,600,4,CONTEXT_ONLY,CONTINUATION,ELASTIC_NET_REGRESSION,F16,-0.0
120,600,4,CONTEXT_ONLY,CONTINUATION,ELASTIC_NET_REGRESSION,F17,-0.0
120,600,4,CONTEXT_ONLY,CONTINUATION,ELASTIC_NET_REGRESSION,F18,0.0
120,600,4,CONTEXT_ONLY,CONTINUATION,ELASTIC_NET_REGRESSION,F19,-0.0
120,600,4,CONTEXT_ONLY,CONTINUATION,ELASTIC_NET_REGRESSION,F20,0.5971355404882688
120,600,4,CONTEXT_ONLY,CONTINUATION,ELASTIC_NET_REGRESSION,F21,0.0
120,600,4,CONTEXT_ONLY,CONTINUATION,ELASTIC_NET_REGRESSION,F22,-0.0
120,600,4,CONTEXT_ONLY,CONTINUATION,ELASTIC_NET_REGRESSION,F23,0.0
120,600,4,CONTEXT_ONLY,CONTINUATION,ELASTIC_NET_REGRESSION,F24,-0.0
120,600,4,CONTEXT_ONLY,CONTINUATION,ELASTIC_NET_REGRESSION,F25,0.025780401597941687
120,600,4,CONTEXT_ONLY,CONTINUATION,ELASTIC_NET_REGRESSION,F26,0.0
120,600,4,CONTEXT_ONLY,CONTINUATION,ELASTIC_NET_REGRESSION,F27,-0.0
120,600,4,CONTEXT_ONLY,CONTINUATION,ELASTIC_NET_REGRESSION,F28,-0.32747573419354936
120,600,4,CONTEXT_ONLY,CONTINUATION,ELASTIC_NET_REGRESSION,F29,0.17042023115863733
120,600,4,CONTEXT_ONLY,CONTINUATION,ELASTIC_NET_REGRESSION,F36,-0.013373344516535865
120,600,4,CONTEXT_ONLY,CONTINUATION,ELASTIC_NET_LOGISTIC,F01,0.015001016102512905
120,600,4,CONTEXT_ONLY,CONTINUATION,ELASTIC_NET_LOGISTIC,F02,0.0
120,600,4,CONTEXT_ONLY,CONTINUATION,ELASTIC_NET_LOGISTIC,F03,0.0
120,600,4,CONTEXT_ONLY,CONTINUATION,ELASTIC_NET_LOGISTIC,F04,0.0
120,600,4,CONTEXT_ONLY,CONTINUATION,ELASTIC_NET_LOGISTIC,F05,0.033065961391388635
120,600,4,CONTEXT_ONLY,CONTINUATION,ELASTIC_NET_LOGISTIC,F06,-0.031378134702041205
120,600,4,CONTEXT_ONLY,CONTINUATION,ELASTIC_NET_LOGISTIC,F07,0.0
120,600,4,CONTEXT_ONLY,CONTINUATION,ELASTIC_NET_LOGISTIC,F08,0.0
120,600,4,CONTEXT_ONLY,CONTINUATION,ELASTIC_NET_LOGISTIC,F09,0.10917764840304128
120,600,4,CONTEXT_ONLY,CONTINUATION,ELASTIC_NET_LOGISTIC,F10,0.0
120,600,4,CONTEXT_ONLY,CONTINUATION,ELASTIC_NET_LOGISTIC,F11,0.0
120,600,4,CONTEXT_ONLY,CONTINUATION,ELASTIC_NET_LOGISTIC,F12,0.0
120,600,4,CONTEXT_ONLY,CONTINUATION,ELASTIC_NET_LOGISTIC,F13,0.0
120,600,4,CONTEXT_ONLY,CONTINUATION,ELASTIC_NET_LOGISTIC,F14,0.06604546774805808
120,600,4,CONTEXT_ONLY,CONTINUATION,ELASTIC_NET_LOGISTIC,F15,0.0
120,600,4,CONTEXT_ONLY,CONTINUATION,ELASTIC_NET_LOGISTIC,F16,0.0
120,600,4,CONTEXT_ONLY,CONTINUATION,ELASTIC_NET_LOGISTIC,F17,0.0
120,600,4,CONTEXT_ONLY,CONTINUATION,ELASTIC_NET_LOGISTIC,F18,0.0
120,600,4,CONTEXT_ONLY,CONTINUATION,ELASTIC_NET_LOGISTIC,F19,0.0
120,600,4,CONTEXT_ONLY,CONTINUATION,ELASTIC_NET_LOGISTIC,F20,0.194710153105807
120,600,4,CONTEXT_ONLY,CONTINUATION,ELASTIC_NET_LOGISTIC,F21,0.025840252021515332
120,600,4,CONTEXT_ONLY,CONTINUATION,ELASTIC_NET_LOGISTIC,F22,0.0
120,600,4,CONTEXT_ONLY,CONTINUATION,ELASTIC_NET_LOGISTIC,F23,0.0
120,600,4,CONTEXT_ONLY,CONTINUATION,ELASTIC_NET_LOGISTIC,F24,0.0
120,600,4,CONTEXT_ONLY,CONTINUATION,ELASTIC_NET_LOGISTIC,F25,0.19751407349177727
120,600,4,CONTEXT_ONLY,CONTINUATION,ELASTIC_NET_LOGISTIC,F26,-0.06791567333550379
120,600,4,CONTEXT_ONLY,CONTINUATION,ELASTIC_NET_LOGISTIC,F27,0.0
120,600,4,CONTEXT_ONLY,CONTINUATION,ELASTIC_NET_LOGISTIC,F28,0.0
120,600,4,CONTEXT_ONLY,CONTINUATION,ELASTIC_NET_LOGISTIC,F29,0.06344524941797271
120,600,4,CONTEXT_ONLY,CONTINUATION,ELASTIC_NET_LOGISTIC,F36,0.0
120,600,4,CONTEXT_ONLY,REVERSAL,ELASTIC_NET_REGRESSION,F01,-0.0
120,600,4,CONTEXT_ONLY,REVERSAL,ELASTIC_NET_REGRESSION,F02,-0.0
120,600,4,CONTEXT_ONLY,REVERSAL,ELASTIC_NET_REGRESSION,F03,-0.0
120,600,4,CONTEXT_ONLY,REVERSAL,ELASTIC_NET_REGRESSION,F04,-0.0
120,600,4,CONTEXT_ONLY,REVERSAL,ELASTIC_NET_REGRESSION,F05,-0.06306529607617416
120,600,4,CONTEXT_ONLY,REVERSAL,ELASTIC_NET_REGRESSION,F06,-0.0
120,600,4,CONTEXT_ONLY,REVERSAL,ELASTIC_NET_REGRESSION,F07,0.0
120,600,4,CONTEXT_ONLY,REVERSAL,ELASTIC_NET_REGRESSION,F08,0.0
120,600,4,CONTEXT_ONLY,REVERSAL,ELASTIC_NET_REGRESSION,F09,-0.16304714439916582
120,600,4,CONTEXT_ONLY,REVERSAL,ELASTIC_NET_REGRESSION,F10,-0.0
120,600,4,CONTEXT_ONLY,REVERSAL,ELASTIC_NET_REGRESSION,F11,-0.11620925780299453
120,600,4,CONTEXT_ONLY,REVERSAL,ELASTIC_NET_REGRESSION,F12,0.0
120,600,4,CONTEXT_ONLY,REVERSAL,ELASTIC_NET_REGRESSION,F13,0.0
120,600,4,CONTEXT_ONLY,REVERSAL,ELASTIC_NET_REGRESSION,F14,-0.0
120,600,4,CONTEXT_ONLY,REVERSAL,ELASTIC_NET_REGRESSION,F15,0.0
120,600,4,CONTEXT_ONLY,REVERSAL,ELASTIC_NET_REGRESSION,F16,0.0
120,600,4,CONTEXT_ONLY,REVERSAL,ELASTIC_NET_REGRESSION,F17,0.0
120,600,4,CONTEXT_ONLY,REVERSAL,ELASTIC_NET_REGRESSION,F18,-0.0
120,600,4,CONTEXT_ONLY,REVERSAL,ELASTIC_NET_REGRESSION,F19,0.0
120,600,4,CONTEXT_ONLY,REVERSAL,ELASTIC_NET_REGRESSION,F20,-0.5854322663119318
120,600,4,CONTEXT_ONLY,REVERSAL,ELASTIC_NET_REGRESSION,F21,-0.0
120,600,4,CONTEXT_ONLY,REVERSAL,ELASTIC_NET_REGRESSION,F22,0.0
120,600,4,CONTEXT_ONLY,REVERSAL,ELASTIC_NET_REGRESSION,F23,-0.0
120,600,4,CONTEXT_ONLY,REVERSAL,ELASTIC_NET_REGRESSION,F24,0.0
120,600,4,CONTEXT_ONLY,REVERSAL,ELASTIC_NET_REGRESSION,F25,-0.011089951267808335
120,600,4,CONTEXT_ONLY,REVERSAL,ELASTIC_NET_REGRESSION,F26,-0.0
120,600,4,CONTEXT_ONLY,REVERSAL,ELASTIC_NET_REGRESSION,F27,0.0
120,600,4,CONTEXT_ONLY,REVERSAL,ELASTIC_NET_REGRESSION,F28,0.3209211721532623
120,600,4,CONTEXT_ONLY,REVERSAL,ELASTIC_NET_REGRESSION,F29,-0.16924914353583595
120,600,4,CONTEXT_ONLY,REVERSAL,ELASTIC_NET_REGRESSION,F36,0.015118951934500498
120,600,4,CONTEXT_ONLY,REVERSAL,ELASTIC_NET_LOGISTIC,F01,0.0
120,600,4,CONTEXT_ONLY,REVERSAL,ELASTIC_NET_LOGISTIC,F02,0.0
120,600,4,CONTEXT_ONLY,REVERSAL,ELASTIC_NET_LOGISTIC,F03,0.0
120,600,4,CONTEXT_ONLY,REVERSAL,ELASTIC_NET_LOGISTIC,F04,0.0
120,600,4,CONTEXT_ONLY,REVERSAL,ELASTIC_NET_LOGISTIC,F05,0.0
120,600,4,CONTEXT_ONLY,REVERSAL,ELASTIC_NET_LOGISTIC,F06,0.0
120,600,4,CONTEXT_ONLY,REVERSAL,ELASTIC_NET_LOGISTIC,F07,0.026621152031139853
120,600,4,CONTEXT_ONLY,REVERSAL,ELASTIC_NET_LOGISTIC,F08,0.0
120,600,4,CONTEXT_ONLY,REVERSAL,ELASTIC_NET_LOGISTIC,F09,-0.011382077315994141
120,600,4,CONTEXT_ONLY,REVERSAL,ELASTIC_NET_LOGISTIC,F10,0.0
120,600,4,CONTEXT_ONLY,REVERSAL,ELASTIC_NET_LOGISTIC,F11,0.0
120,600,4,CONTEXT_ONLY,REVERSAL,ELASTIC_NET_LOGISTIC,F12,0.0
120,600,4,CONTEXT_ONLY,REVERSAL,ELASTIC_NET_LOGISTIC,F13,0.0
120,600,4,CONTEXT_ONLY,REVERSAL,ELASTIC_NET_LOGISTIC,F14,0.0
120,600,4,CONTEXT_ONLY,REVERSAL,ELASTIC_NET_LOGISTIC,F15,0.014653726660908212
120,600,4,CONTEXT_ONLY,REVERSAL,ELASTIC_NET_LOGISTIC,F16,0.0
120,600,4,CONTEXT_ONLY,REVERSAL,ELASTIC_NET_LOGISTIC,F17,0.0
120,600,4,CONTEXT_ONLY,REVERSAL,ELASTIC_NET_LOGISTIC,F18,0.0
120,600,4,CONTEXT_ONLY,REVERSAL,ELASTIC_NET_LOGISTIC,F19,0.0
120,600,4,CONTEXT_ONLY,REVERSAL,ELASTIC_NET_LOGISTIC,F20,-0.03875434466461038
120,600,4,CONTEXT_ONLY,REVERSAL,ELASTIC_NET_LOGISTIC,F21,0.0
120,600,4,CONTEXT_ONLY,REVERSAL,ELASTIC_NET_LOGISTIC,F22,0.0
120,600,4,CONTEXT_ONLY,REVERSAL,ELASTIC_NET_LOGISTIC,F23,0.0
120,600,4,CONTEXT_ONLY,REVERSAL,ELASTIC_NET_LOGISTIC,F24,0.0
120,600,4,CONTEXT_ONLY,REVERSAL,ELASTIC_NET_LOGISTIC,F25,0.0
120,600,4,CONTEXT_ONLY,REVERSAL,ELASTIC_NET_LOGISTIC,F26,-0.30809719583859896
120,600,4,CONTEXT_ONLY,REVERSAL,ELASTIC_NET_LOGISTIC,F27,0.0
120,600,4,CONTEXT_ONLY,REVERSAL,ELASTIC_NET_LOGISTIC,F28,0.0
120,600,4,CONTEXT_ONLY,REVERSAL,ELASTIC_NET_LOGISTIC,F29,0.0
120,600,4,CONTEXT_ONLY,REVERSAL,ELASTIC_NET_LOGISTIC,F36,0.0
120,600,4,CONTEXT_PLUS_SHOCK,CONTINUATION,ELASTIC_NET_REGRESSION,F01,0.0
120,600,4,CONTEXT_PLUS_SHOCK,CONTINUATION,ELASTIC_NET_REGRESSION,F02,0.0
120,600,4,CONTEXT_PLUS_SHOCK,CONTINUATION,ELASTIC_NET_REGRESSION,F03,0.0
120,600,4,CONTEXT_PLUS_SHOCK,CONTINUATION,ELASTIC_NET_REGRESSION,F04,0.0
120,600,4,CONTEXT_PLUS_SHOCK,CONTINUATION,ELASTIC_NET_REGRESSION,F05,0.08084342919729116
120,600,4,CONTEXT_PLUS_SHOCK,CONTINUATION,ELASTIC_NET_REGRESSION,F06,0.0
120,600,4,CONTEXT_PLUS_SHOCK,CONTINUATION,ELASTIC_NET_REGRESSION,F07,-0.0038237196375004285
120,600,4,CONTEXT_PLUS_SHOCK,CONTINUATION,ELASTIC_NET_REGRESSION,F08,-0.0
120,600,4,CONTEXT_PLUS_SHOCK,CONTINUATION,ELASTIC_NET_REGRESSION,F09,0.16847448841601556
120,600,4,CONTEXT_PLUS_SHOCK,CONTINUATION,ELASTIC_NET_REGRESSION,F10,0.0208467053519509
120,600,4,CONTEXT_PLUS_SHOCK,CONTINUATION,ELASTIC_NET_REGRESSION,F11,0.10496881340407117
120,600,4,CONTEXT_PLUS_SHOCK,CONTINUATION,ELASTIC_NET_REGRESSION,F12,-0.0
120,600,4,CONTEXT_PLUS_SHOCK,CONTINUATION,ELASTIC_NET_REGRESSION,F13,0.0
120,600,4,CONTEXT_PLUS_SHOCK,CONTINUATION,ELASTIC_NET_REGRESSION,F14,0.0
120,600,4,CONTEXT_PLUS_SHOCK,CONTINUATION,ELASTIC_NET_REGRESSION,F15,-0.0
120,600,4,CONTEXT_PLUS_SHOCK,CONTINUATION,ELASTIC_NET_REGRESSION,F16,-0.0
120,600,4,CONTEXT_PLUS_SHOCK,CONTINUATION,ELASTIC_NET_REGRESSION,F17,-0.0
120,600,4,CONTEXT_PLUS_SHOCK,CONTINUATION,ELASTIC_NET_REGRESSION,F18,0.0
120,600,4,CONTEXT_PLUS_SHOCK,CONTINUATION,ELASTIC_NET_REGRESSION,F19,-0.0
120,600,4,CONTEXT_PLUS_SHOCK,CONTINUATION,ELASTIC_NET_REGRESSION,F20,0.6719607102538064
120,600,4,CONTEXT_PLUS_SHOCK,CONTINUATION,ELASTIC_NET_REGRESSION,F21,0.0
120,600,4,CONTEXT_PLUS_SHOCK,CONTINUATION,ELASTIC_NET_REGRESSION,F22,-0.0
120,600,4,CONTEXT_PLUS_SHOCK,CONTINUATION,ELASTIC_NET_REGRESSION,F23,-0.0
120,600,4,CONTEXT_PLUS_SHOCK,CONTINUATION,ELASTIC_NET_REGRESSION,F24,-0.0
120,600,4,CONTEXT_PLUS_SHOCK,CONTINUATION,ELASTIC_NET_REGRESSION,F25,0.02143895460162585
120,600,4,CONTEXT_PLUS_SHOCK,CONTINUATION,ELASTIC_NET_REGRESSION,F26,0.0
120,600,4,CONTEXT_PLUS_SHOCK,CONTINUATION,ELASTIC_NET_REGRESSION,F27,0.0
120,600,4,CONTEXT_PLUS_SHOCK,CONTINUATION,ELASTIC_NET_REGRESSION,F28,-0.3068144597449258
120,600,4,CONTEXT_PLUS_SHOCK,CONTINUATION,ELASTIC_NET_REGRESSION,F29,0.147469848760725
120,600,4,CONTEXT_PLUS_SHOCK,CONTINUATION,ELASTIC_NET_REGRESSION,F30,-0.0
120,600,4,CONTEXT_PLUS_SHOCK,CONTINUATION,ELASTIC_NET_REGRESSION,F31,0.14370678797638492
120,600,4,CONTEXT_PLUS_SHOCK,CONTINUATION,ELASTIC_NET_REGRESSION,F32,0.0
120,600,4,CONTEXT_PLUS_SHOCK,CONTINUATION,ELASTIC_NET_REGRESSION,F33,-0.2301225737075332
120,600,4,CONTEXT_PLUS_SHOCK,CONTINUATION,ELASTIC_NET_REGRESSION,F34,0.01512082331596729
120,600,4,CONTEXT_PLUS_SHOCK,CONTINUATION,ELASTIC_NET_REGRESSION,F35,-0.1708145320276254
120,600,4,CONTEXT_PLUS_SHOCK,CONTINUATION,ELASTIC_NET_REGRESSION,F36,-0.02840664347989682
120,600,4,CONTEXT_PLUS_SHOCK,CONTINUATION,ELASTIC_NET_LOGISTIC,F01,0.01063178527305732
120,600,4,CONTEXT_PLUS_SHOCK,CONTINUATION,ELASTIC_NET_LOGISTIC,F02,0.0
120,600,4,CONTEXT_PLUS_SHOCK,CONTINUATION,ELASTIC_NET_LOGISTIC,F03,0.0
120,600,4,CONTEXT_PLUS_SHOCK,CONTINUATION,ELASTIC_NET_LOGISTIC,F04,0.0
120,600,4,CONTEXT_PLUS_SHOCK,CONTINUATION,ELASTIC_NET_LOGISTIC,F05,0.039785137836887384
120,600,4,CONTEXT_PLUS_SHOCK,CONTINUATION,ELASTIC_NET_LOGISTIC,F06,-0.031792528445389136
120,600,4,CONTEXT_PLUS_SHOCK,CONTINUATION,ELASTIC_NET_LOGISTIC,F07,0.0
120,600,4,CONTEXT_PLUS_SHOCK,CONTINUATION,ELASTIC_NET_LOGISTIC,F08,0.0
120,600,4,CONTEXT_PLUS_SHOCK,CONTINUATION,ELASTIC_NET_LOGISTIC,F09,0.11082266001045618
120,600,4,CONTEXT_PLUS_SHOCK,CONTINUATION,ELASTIC_NET_LOGISTIC,F10,0.0
120,600,4,CONTEXT_PLUS_SHOCK,CONTINUATION,ELASTIC_NET_LOGISTIC,F11,0.0
120,600,4,CONTEXT_PLUS_SHOCK,CONTINUATION,ELASTIC_NET_LOGISTIC,F12,0.0
120,600,4,CONTEXT_PLUS_SHOCK,CONTINUATION,ELASTIC_NET_LOGISTIC,F13,0.0
120,600,4,CONTEXT_PLUS_SHOCK,CONTINUATION,ELASTIC_NET_LOGISTIC,F14,0.06713728696019546
120,600,4,CONTEXT_PLUS_SHOCK,CONTINUATION,ELASTIC_NET_LOGISTIC,F15,0.0
120,600,4,CONTEXT_PLUS_SHOCK,CONTINUATION,ELASTIC_NET_LOGISTIC,F16,0.0
120,600,4,CONTEXT_PLUS_SHOCK,CONTINUATION,ELASTIC_NET_LOGISTIC,F17,0.0
120,600,4,CONTEXT_PLUS_SHOCK,CONTINUATION,ELASTIC_NET_LOGISTIC,F18,0.0
120,600,4,CONTEXT_PLUS_SHOCK,CONTINUATION,ELASTIC_NET_LOGISTIC,F19,0.0
120,600,4,CONTEXT_PLUS_SHOCK,CONTINUATION,ELASTIC_NET_LOGISTIC,F20,0.18207849591652137
120,600,4,CONTEXT_PLUS_SHOCK,CONTINUATION,ELASTIC_NET_LOGISTIC,F21,0.03383550174662745
120,600,4,CONTEXT_PLUS_SHOCK,CONTINUATION,ELASTIC_NET_LOGISTIC,F22,0.0
120,600,4,CONTEXT_PLUS_SHOCK,CONTINUATION,ELASTIC_NET_LOGISTIC,F23,0.0
120,600,4,CONTEXT_PLUS_SHOCK,CONTINUATION,ELASTIC_NET_LOGISTIC,F24,0.0
120,600,4,CONTEXT_PLUS_SHOCK,CONTINUATION,ELASTIC_NET_LOGISTIC,F25,0.2020580221900514
120,600,4,CONTEXT_PLUS_SHOCK,CONTINUATION,ELASTIC_NET_LOGISTIC,F26,-0.07205329869725222
120,600,4,CONTEXT_PLUS_SHOCK,CONTINUATION,ELASTIC_NET_LOGISTIC,F27,0.0
120,600,4,CONTEXT_PLUS_SHOCK,CONTINUATION,ELASTIC_NET_LOGISTIC,F28,0.0
120,600,4,CONTEXT_PLUS_SHOCK,CONTINUATION,ELASTIC_NET_LOGISTIC,F29,0.06103996053495553
120,600,4,CONTEXT_PLUS_SHOCK,CONTINUATION,ELASTIC_NET_LOGISTIC,F30,0.0
120,600,4,CONTEXT_PLUS_SHOCK,CONTINUATION,ELASTIC_NET_LOGISTIC,F31,0.0050724839349048
120,600,4,CONTEXT_PLUS_SHOCK,CONTINUATION,ELASTIC_NET_LOGISTIC,F32,0.0
120,600,4,CONTEXT_PLUS_SHOCK,CONTINUATION,ELASTIC_NET_LOGISTIC,F33,0.0
120,600,4,CONTEXT_PLUS_SHOCK,CONTINUATION,ELASTIC_NET_LOGISTIC,F34,0.0
120,600,4,CONTEXT_PLUS_SHOCK,CONTINUATION,ELASTIC_NET_LOGISTIC,F35,-0.09295496737915458
120,600,4,CONTEXT_PLUS_SHOCK,CONTINUATION,ELASTIC_NET_LOGISTIC,F36,0.0
120,600,4,CONTEXT_PLUS_SHOCK,REVERSAL,ELASTIC_NET_REGRESSION,F01,-0.0
120,600,4,CONTEXT_PLUS_SHOCK,REVERSAL,ELASTIC_NET_REGRESSION,F02,-0.0
120,600,4,CONTEXT_PLUS_SHOCK,REVERSAL,ELASTIC_NET_REGRESSION,F03,-0.0
120,600,4,CONTEXT_PLUS_SHOCK,REVERSAL,ELASTIC_NET_REGRESSION,F04,-0.0
120,600,4,CONTEXT_PLUS_SHOCK,REVERSAL,ELASTIC_NET_REGRESSION,F05,-0.08162987536457157
120,600,4,CONTEXT_PLUS_SHOCK,REVERSAL,ELASTIC_NET_REGRESSION,F06,-0.0
120,600,4,CONTEXT_PLUS_SHOCK,REVERSAL,ELASTIC_NET_REGRESSION,F07,0.006075151674640719
120,600,4,CONTEXT_PLUS_SHOCK,REVERSAL,ELASTIC_NET_REGRESSION,F08,0.0
120,600,4,CONTEXT_PLUS_SHOCK,REVERSAL,ELASTIC_NET_REGRESSION,F09,-0.16419372080884617
120,600,4,CONTEXT_PLUS_SHOCK,REVERSAL,ELASTIC_NET_REGRESSION,F10,-0.023715517759968108
120,600,4,CONTEXT_PLUS_SHOCK,REVERSAL,ELASTIC_NET_REGRESSION,F11,-0.10468055847971881
120,600,4,CONTEXT_PLUS_SHOCK,REVERSAL,ELASTIC_NET_REGRESSION,F12,0.0
120,600,4,CONTEXT_PLUS_SHOCK,REVERSAL,ELASTIC_NET_REGRESSION,F13,-0.0
120,600,4,CONTEXT_PLUS_SHOCK,REVERSAL,ELASTIC_NET_REGRESSION,F14,-0.0
120,600,4,CONTEXT_PLUS_SHOCK,REVERSAL,ELASTIC_NET_REGRESSION,F15,0.0
120,600,4,CONTEXT_PLUS_SHOCK,REVERSAL,ELASTIC_NET_REGRESSION,F16,0.0
120,600,4,CONTEXT_PLUS_SHOCK,REVERSAL,ELASTIC_NET_REGRESSION,F17,0.0
120,600,4,CONTEXT_PLUS_SHOCK,REVERSAL,ELASTIC_NET_REGRESSION,F18,-0.0
120,600,4,CONTEXT_PLUS_SHOCK,REVERSAL,ELASTIC_NET_REGRESSION,F19,0.0
120,600,4,CONTEXT_PLUS_SHOCK,REVERSAL,ELASTIC_NET_REGRESSION,F20,-0.6689612007127516
120,600,4,CONTEXT_PLUS_SHOCK,REVERSAL,ELASTIC_NET_REGRESSION,F21,-0.0
120,600,4,CONTEXT_PLUS_SHOCK,REVERSAL,ELASTIC_NET_REGRESSION,F22,0.0
120,600,4,CONTEXT_PLUS_SHOCK,REVERSAL,ELASTIC_NET_REGRESSION,F23,0.0
120,600,4,CONTEXT_PLUS_SHOCK,REVERSAL,ELASTIC_NET_REGRESSION,F24,0.0
120,600,4,CONTEXT_PLUS_SHOCK,REVERSAL,ELASTIC_NET_REGRESSION,F25,-0.005683579687421369
120,600,4,CONTEXT_PLUS_SHOCK,REVERSAL,ELASTIC_NET_REGRESSION,F26,-0.0
120,600,4,CONTEXT_PLUS_SHOCK,REVERSAL,ELASTIC_NET_REGRESSION,F27,-0.0
120,600,4,CONTEXT_PLUS_SHOCK,REVERSAL,ELASTIC_NET_REGRESSION,F28,0.2970753585772314
120,600,4,CONTEXT_PLUS_SHOCK,REVERSAL,ELASTIC_NET_REGRESSION,F29,-0.14531401773582617
120,600,4,CONTEXT_PLUS_SHOCK,REVERSAL,ELASTIC_NET_REGRESSION,F30,0.0
120,600,4,CONTEXT_PLUS_SHOCK,REVERSAL,ELASTIC_NET_REGRESSION,F31,-0.1444371761962389
120,600,4,CONTEXT_PLUS_SHOCK,REVERSAL,ELASTIC_NET_REGRESSION,F32,0.0
120,600,4,CONTEXT_PLUS_SHOCK,REVERSAL,ELASTIC_NET_REGRESSION,F33,0.2496894795372755
120,600,4,CONTEXT_PLUS_SHOCK,REVERSAL,ELASTIC_NET_REGRESSION,F34,-0.015550162891292832
120,600,4,CONTEXT_PLUS_SHOCK,REVERSAL,ELASTIC_NET_REGRESSION,F35,0.17100799959624363
120,600,4,CONTEXT_PLUS_SHOCK,REVERSAL,ELASTIC_NET_REGRESSION,F36,0.031694625102387734
120,600,4,CONTEXT_PLUS_SHOCK,REVERSAL,ELASTIC_NET_LOGISTIC,F01,0.0
120,600,4,CONTEXT_PLUS_SHOCK,REVERSAL,ELASTIC_NET_LOGISTIC,F02,0.0
120,600,4,CONTEXT_PLUS_SHOCK,REVERSAL,ELASTIC_NET_LOGISTIC,F03,0.0
120,600,4,CONTEXT_PLUS_SHOCK,REVERSAL,ELASTIC_NET_LOGISTIC,F04,0.0
120,600,4,CONTEXT_PLUS_SHOCK,REVERSAL,ELASTIC_NET_LOGISTIC,F05,0.0
120,600,4,CONTEXT_PLUS_SHOCK,REVERSAL,ELASTIC_NET_LOGISTIC,F06,0.0
120,600,4,CONTEXT_PLUS_SHOCK,REVERSAL,ELASTIC_NET_LOGISTIC,F07,0.028524282306101295
120,600,4,CONTEXT_PLUS_SHOCK,REVERSAL,ELASTIC_NET_LOGISTIC,F08,0.0
120,600,4,CONTEXT_PLUS_SHOCK,REVERSAL,ELASTIC_NET_LOGISTIC,F09,-0.011782885394176995
120,600,4,CONTEXT_PLUS_SHOCK,REVERSAL,ELASTIC_NET_LOGISTIC,F10,0.0
120,600,4,CONTEXT_PLUS_SHOCK,REVERSAL,ELASTIC_NET_LOGISTIC,F11,0.0
120,600,4,CONTEXT_PLUS_SHOCK,REVERSAL,ELASTIC_NET_LOGISTIC,F12,0.0
120,600,4,CONTEXT_PLUS_SHOCK,REVERSAL,ELASTIC_NET_LOGISTIC,F13,0.0
120,600,4,CONTEXT_PLUS_SHOCK,REVERSAL,ELASTIC_NET_LOGISTIC,F14,0.0
120,600,4,CONTEXT_PLUS_SHOCK,REVERSAL,ELASTIC_NET_LOGISTIC,F15,0.01599486643445615
120,600,4,CONTEXT_PLUS_SHOCK,REVERSAL,ELASTIC_NET_LOGISTIC,F16,0.0
120,600,4,CONTEXT_PLUS_SHOCK,REVERSAL,ELASTIC_NET_LOGISTIC,F17,0.0
120,600,4,CONTEXT_PLUS_SHOCK,REVERSAL,ELASTIC_NET_LOGISTIC,F18,0.0
120,600,4,CONTEXT_PLUS_SHOCK,REVERSAL,ELASTIC_NET_LOGISTIC,F19,0.0
120,600,4,CONTEXT_PLUS_SHOCK,REVERSAL,ELASTIC_NET_LOGISTIC,F20,-0.03403581918969117
120,600,4,CONTEXT_PLUS_SHOCK,REVERSAL,ELASTIC_NET_LOGISTIC,F21,0.0
120,600,4,CONTEXT_PLUS_SHOCK,REVERSAL,ELASTIC_NET_LOGISTIC,F22,0.0
120,600,4,CONTEXT_PLUS_SHOCK,REVERSAL,ELASTIC_NET_LOGISTIC,F23,0.0
120,600,4,CONTEXT_PLUS_SHOCK,REVERSAL,ELASTIC_NET_LOGISTIC,F24,0.0
120,600,4,CONTEXT_PLUS_SHOCK,REVERSAL,ELASTIC_NET_LOGISTIC,F25,0.0
120,600,4,CONTEXT_PLUS_SHOCK,REVERSAL,ELASTIC_NET_LOGISTIC,F26,-0.30185423919667415
120,600,4,CONTEXT_PLUS_SHOCK,REVERSAL,ELASTIC_NET_LOGISTIC,F27,0.0
120,600,4,CONTEXT_PLUS_SHOCK,REVERSAL,ELASTIC_NET_LOGISTIC,F28,0.0
120,600,4,CONTEXT_PLUS_SHOCK,REVERSAL,ELASTIC_NET_LOGISTIC,F29,0.0
120,600,4,CONTEXT_PLUS_SHOCK,REVERSAL,ELASTIC_NET_LOGISTIC,F30,3.9977499961235464e-05
120,600,4,CONTEXT_PLUS_SHOCK,REVERSAL,ELASTIC_NET_LOGISTIC,F31,0.0
120,600,4,CONTEXT_PLUS_SHOCK,REVERSAL,ELASTIC_NET_LOGISTIC,F32,0.0
120,600,4,CONTEXT_PLUS_SHOCK,REVERSAL,ELASTIC_NET_LOGISTIC,F33,0.0
120,600,4,CONTEXT_PLUS_SHOCK,REVERSAL,ELASTIC_NET_LOGISTIC,F34,0.0
120,600,4,CONTEXT_PLUS_SHOCK,REVERSAL,ELASTIC_NET_LOGISTIC,F35,0.06352344331410145
120,600,4,CONTEXT_PLUS_SHOCK,REVERSAL,ELASTIC_NET_LOGISTIC,F36,0.0
120,900,0,CONTEXT_ONLY,CONTINUATION,ELASTIC_NET_REGRESSION,F01,-0.8649709997280729
120,900,0,CONTEXT_ONLY,CONTINUATION,ELASTIC_NET_REGRESSION,F02,0.27144933290669454
120,900,0,CONTEXT_ONLY,CONTINUATION,ELASTIC_NET_REGRESSION,F03,-0.12078861005423978
120,900,0,CONTEXT_ONLY,CONTINUATION,ELASTIC_NET_REGRESSION,F04,0.9079728121150888
120,900,0,CONTEXT_ONLY,CONTINUATION,ELASTIC_NET_REGRESSION,F05,-0.602969884399835
120,900,0,CONTEXT_ONLY,CONTINUATION,ELASTIC_NET_REGRESSION,F06,0.6161923725807805
120,900,0,CONTEXT_ONLY,CONTINUATION,ELASTIC_NET_REGRESSION,F07,0.03223588682170617
120,900,0,CONTEXT_ONLY,CONTINUATION,ELASTIC_NET_REGRESSION,F08,-0.13709633581006128
120,900,0,CONTEXT_ONLY,CONTINUATION,ELASTIC_NET_REGRESSION,F09,0.6284217146278864
120,900,0,CONTEXT_ONLY,CONTINUATION,ELASTIC_NET_REGRESSION,F10,1.2808102659760217
120,900,0,CONTEXT_ONLY,CONTINUATION,ELASTIC_NET_REGRESSION,F11,0.28263172673229425
120,900,0,CONTEXT_ONLY,CONTINUATION,ELASTIC_NET_REGRESSION,F12,-0.8045509091130615
120,900,0,CONTEXT_ONLY,CONTINUATION,ELASTIC_NET_REGRESSION,F13,0.44574261400359233
120,900,0,CONTEXT_ONLY,CONTINUATION,ELASTIC_NET_REGRESSION,F14,-0.17505795425081222
120,900,0,CONTEXT_ONLY,CONTINUATION,ELASTIC_NET_REGRESSION,F15,0.014934060071350931
120,900,0,CONTEXT_ONLY,CONTINUATION,ELASTIC_NET_REGRESSION,F16,0.42988530941308445
120,900,0,CONTEXT_ONLY,CONTINUATION,ELASTIC_NET_REGRESSION,F17,0.0
120,900,0,CONTEXT_ONLY,CONTINUATION,ELASTIC_NET_REGRESSION,F18,-0.11946582631326126
120,900,0,CONTEXT_ONLY,CONTINUATION,ELASTIC_NET_REGRESSION,F19,-1.1988924895512845
120,900,0,CONTEXT_ONLY,CONTINUATION,ELASTIC_NET_REGRESSION,F20,0.995407567277883
120,900,0,CONTEXT_ONLY,CONTINUATION,ELASTIC_NET_REGRESSION,F21,0.015813299551711246
120,900,0,CONTEXT_ONLY,CONTINUATION,ELASTIC_NET_REGRESSION,F22,0.5699377774675768
120,900,0,CONTEXT_ONLY,CONTINUATION,ELASTIC_NET_REGRESSION,F23,0.5687374439697035
120,900,0,CONTEXT_ONLY,CONTINUATION,ELASTIC_NET_REGRESSION,F24,-0.12992719995278718
120,900,0,CONTEXT_ONLY,CONTINUATION,ELASTIC_NET_REGRESSION,F25,-0.07256171347241543
120,900,0,CONTEXT_ONLY,CONTINUATION,ELASTIC_NET_REGRESSION,F26,-0.9966516412670852
120,900,0,CONTEXT_ONLY,CONTINUATION,ELASTIC_NET_REGRESSION,F27,0.41058281378473305
120,900,0,CONTEXT_ONLY,CONTINUATION,ELASTIC_NET_REGRESSION,F28,-1.1348648477167709
120,900,0,CONTEXT_ONLY,CONTINUATION,ELASTIC_NET_REGRESSION,F29,-0.7473342340184052
120,900,0,CONTEXT_ONLY,CONTINUATION,ELASTIC_NET_REGRESSION,F36,-0.20055903265583722
120,900,0,CONTEXT_ONLY,CONTINUATION,ELASTIC_NET_LOGISTIC,F01,-0.14824212162979336
120,900,0,CONTEXT_ONLY,CONTINUATION,ELASTIC_NET_LOGISTIC,F02,0.0
120,900,0,CONTEXT_ONLY,CONTINUATION,ELASTIC_NET_LOGISTIC,F03,-0.05441827326066867
120,900,0,CONTEXT_ONLY,CONTINUATION,ELASTIC_NET_LOGISTIC,F04,0.020340886464504968
120,900,0,CONTEXT_ONLY,CONTINUATION,ELASTIC_NET_LOGISTIC,F05,0.06141987467435454
120,900,0,CONTEXT_ONLY,CONTINUATION,ELASTIC_NET_LOGISTIC,F06,0.0
120,900,0,CONTEXT_ONLY,CONTINUATION,ELASTIC_NET_LOGISTIC,F07,0.03127290667932919
120,900,0,CONTEXT_ONLY,CONTINUATION,ELASTIC_NET_LOGISTIC,F08,0.0
120,900,0,CONTEXT_ONLY,CONTINUATION,ELASTIC_NET_LOGISTIC,F09,0.211978678961503
120,900,0,CONTEXT_ONLY,CONTINUATION,ELASTIC_NET_LOGISTIC,F10,0.09290846101279453
120,900,0,CONTEXT_ONLY,CONTINUATION,ELASTIC_NET_LOGISTIC,F11,0.0
120,900,0,CONTEXT_ONLY,CONTINUATION,ELASTIC_NET_LOGISTIC,F12,-0.062434847160841266
120,900,0,CONTEXT_ONLY,CONTINUATION,ELASTIC_NET_LOGISTIC,F13,0.35169953396574716
120,900,0,CONTEXT_ONLY,CONTINUATION,ELASTIC_NET_LOGISTIC,F14,-0.13824004736814222
120,900,0,CONTEXT_ONLY,CONTINUATION,ELASTIC_NET_LOGISTIC,F15,0.0
120,900,0,CONTEXT_ONLY,CONTINUATION,ELASTIC_NET_LOGISTIC,F16,0.05178784403759645
120,900,0,CONTEXT_ONLY,CONTINUATION,ELASTIC_NET_LOGISTIC,F17,0.07687510044058514
120,900,0,CONTEXT_ONLY,CONTINUATION,ELASTIC_NET_LOGISTIC,F18,0.14711073674164443
120,900,0,CONTEXT_ONLY,CONTINUATION,ELASTIC_NET_LOGISTIC,F19,-0.1600994123596512
120,900,0,CONTEXT_ONLY,CONTINUATION,ELASTIC_NET_LOGISTIC,F20,0.1710213196453037
120,900,0,CONTEXT_ONLY,CONTINUATION,ELASTIC_NET_LOGISTIC,F21,-0.026885483527341377
120,900,0,CONTEXT_ONLY,CONTINUATION,ELASTIC_NET_LOGISTIC,F22,0.0
120,900,0,CONTEXT_ONLY,CONTINUATION,ELASTIC_NET_LOGISTIC,F23,0.13187578942955178
120,900,0,CONTEXT_ONLY,CONTINUATION,ELASTIC_NET_LOGISTIC,F24,-0.01642656629708411
120,900,0,CONTEXT_ONLY,CONTINUATION,ELASTIC_NET_LOGISTIC,F25,0.12323075097461485
120,900,0,CONTEXT_ONLY,CONTINUATION,ELASTIC_NET_LOGISTIC,F26,-0.1080506257935898
120,900,0,CONTEXT_ONLY,CONTINUATION,ELASTIC_NET_LOGISTIC,F27,-0.018893358127298667
120,900,0,CONTEXT_ONLY,CONTINUATION,ELASTIC_NET_LOGISTIC,F28,-0.07059970098884086
120,900,0,CONTEXT_ONLY,CONTINUATION,ELASTIC_NET_LOGISTIC,F29,-0.1361296245663593
120,900,0,CONTEXT_ONLY,CONTINUATION,ELASTIC_NET_LOGISTIC,F36,-0.011624541430895974
120,900,0,CONTEXT_ONLY,REVERSAL,ELASTIC_NET_REGRESSION,F01,0.8768453675751232
120,900,0,CONTEXT_ONLY,REVERSAL,ELASTIC_NET_REGRESSION,F02,-0.2685174838345287
120,900,0,CONTEXT_ONLY,REVERSAL,ELASTIC_NET_REGRESSION,F03,0.11610711171223899
120,900,0,CONTEXT_ONLY,REVERSAL,ELASTIC_NET_REGRESSION,F04,-0.9165232180047951
120,900,0,CONTEXT_ONLY,REVERSAL,ELASTIC_NET_REGRESSION,F05,0.6157633337657165
120,900,0,CONTEXT_ONLY,REVERSAL,ELASTIC_NET_REGRESSION,F06,-0.6119823770231486
120,900,0,CONTEXT_ONLY,REVERSAL,ELASTIC_NET_REGRESSION,F07,-0.04802515302286247
120,900,0,CONTEXT_ONLY,REVERSAL,ELASTIC_NET_REGRESSION,F08,0.14424696873565654
120,900,0,CONTEXT_ONLY,REVERSAL,ELASTIC_NET_REGRESSION,F09,-0.6289056794829981
120,900,0,CONTEXT_ONLY,REVERSAL,ELASTIC_NET_REGRESSION,F10,-1.2887870201878384
120,900,0,CONTEXT_ONLY,REVERSAL,ELASTIC_NET_REGRESSION,F11,-0.26696545254860704
120,900,0,CONTEXT_ONLY,REVERSAL,ELASTIC_NET_REGRESSION,F12,0.775123022245612
120,900,0,CONTEXT_ONLY,REVERSAL,ELASTIC_NET_REGRESSION,F13,-0.4514818783069381
120,900,0,CONTEXT_ONLY,REVERSAL,ELASTIC_NET_REGRESSION,F14,0.16698791713010772
120,900,0,CONTEXT_ONLY,REVERSAL,ELASTIC_NET_REGRESSION,F15,-0.009279746747730295
120,900,0,CONTEXT_ONLY,REVERSAL,ELASTIC_NET_REGRESSION,F16,-0.42980524090492006
120,900,0,CONTEXT_ONLY,REVERSAL,ELASTIC_NET_REGRESSION,F17,-0.0
120,900,0,CONTEXT_ONLY,REVERSAL,ELASTIC_NET_REGRESSION,F18,0.09587981968414391
120,900,0,CONTEXT_ONLY,REVERSAL,ELASTIC_NET_REGRESSION,F19,1.2032093975443237
120,900,0,CONTEXT_ONLY,REVERSAL,ELASTIC_NET_REGRESSION,F20,-0.9873537306373923
120,900,0,CONTEXT_ONLY,REVERSAL,ELASTIC_NET_REGRESSION,F21,-0.013903043550099551
120,900,0,CONTEXT_ONLY,REVERSAL,ELASTIC_NET_REGRESSION,F22,-0.5747797512153031
120,900,0,CONTEXT_ONLY,REVERSAL,ELASTIC_NET_REGRESSION,F23,-0.5626302045175319
120,900,0,CONTEXT_ONLY,REVERSAL,ELASTIC_NET_REGRESSION,F24,0.12461345261073065
120,900,0,CONTEXT_ONLY,REVERSAL,ELASTIC_NET_REGRESSION,F25,0.11725995071961427
120,900,0,CONTEXT_ONLY,REVERSAL,ELASTIC_NET_REGRESSION,F26,1.0181072535616582
120,900,0,CONTEXT_ONLY,REVERSAL,ELASTIC_NET_REGRESSION,F27,-0.41195010783215563
120,900,0,CONTEXT_ONLY,REVERSAL,ELASTIC_NET_REGRESSION,F28,1.1513458270226387
120,900,0,CONTEXT_ONLY,REVERSAL,ELASTIC_NET_REGRESSION,F29,0.7408674000084137
120,900,0,CONTEXT_ONLY,REVERSAL,ELASTIC_NET_REGRESSION,F36,0.20794220905066332
120,900,0,CONTEXT_ONLY,REVERSAL,ELASTIC_NET_LOGISTIC,F01,0.6747040635419477
120,900,0,CONTEXT_ONLY,REVERSAL,ELASTIC_NET_LOGISTIC,F02,-0.1333199953048109
120,900,0,CONTEXT_ONLY,REVERSAL,ELASTIC_NET_LOGISTIC,F03,0.7023271925418406
120,900,0,CONTEXT_ONLY,REVERSAL,ELASTIC_NET_LOGISTIC,F04,-0.41615772120172095
120,900,0,CONTEXT_ONLY,REVERSAL,ELASTIC_NET_LOGISTIC,F05,-0.1891316904033228
120,900,0,CONTEXT_ONLY,REVERSAL,ELASTIC_NET_LOGISTIC,F06,0.05269555151914641
120,900,0,CONTEXT_ONLY,REVERSAL,ELASTIC_NET_LOGISTIC,F07,0.416508986800743
120,900,0,CONTEXT_ONLY,REVERSAL,ELASTIC_NET_LOGISTIC,F08,-0.13128386136706088
120,900,0,CONTEXT_ONLY,REVERSAL,ELASTIC_NET_LOGISTIC,F09,-0.0741297045373944
120,900,0,CONTEXT_ONLY,REVERSAL,ELASTIC_NET_LOGISTIC,F10,-0.26187266753857424
120,900,0,CONTEXT_ONLY,REVERSAL,ELASTIC_NET_LOGISTIC,F11,-0.8060474892565559
120,900,0,CONTEXT_ONLY,REVERSAL,ELASTIC_NET_LOGISTIC,F12,0.23099584469541024
120,900,0,CONTEXT_ONLY,REVERSAL,ELASTIC_NET_LOGISTIC,F13,-0.8214894695804053
120,900,0,CONTEXT_ONLY,REVERSAL,ELASTIC_NET_LOGISTIC,F14,0.31723411815887764
120,900,0,CONTEXT_ONLY,REVERSAL,ELASTIC_NET_LOGISTIC,F15,-0.07483213344285294
120,900,0,CONTEXT_ONLY,REVERSAL,ELASTIC_NET_LOGISTIC,F16,-0.1286784601595703
120,900,0,CONTEXT_ONLY,REVERSAL,ELASTIC_NET_LOGISTIC,F17,-0.11351626871820572
120,900,0,CONTEXT_ONLY,REVERSAL,ELASTIC_NET_LOGISTIC,F18,-0.045731357012010566
120,900,0,CONTEXT_ONLY,REVERSAL,ELASTIC_NET_LOGISTIC,F19,0.5331589656365279
120,900,0,CONTEXT_ONLY,REVERSAL,ELASTIC_NET_LOGISTIC,F20,0.11664279932548123
120,900,0,CONTEXT_ONLY,REVERSAL,ELASTIC_NET_LOGISTIC,F21,-0.8810552874409253
120,900,0,CONTEXT_ONLY,REVERSAL,ELASTIC_NET_LOGISTIC,F22,-0.29855383476201797
120,900,0,CONTEXT_ONLY,REVERSAL,ELASTIC_NET_LOGISTIC,F23,-0.252057440275022
120,900,0,CONTEXT_ONLY,REVERSAL,ELASTIC_NET_LOGISTIC,F24,-0.03274624161003872
120,900,0,CONTEXT_ONLY,REVERSAL,ELASTIC_NET_LOGISTIC,F25,-0.037189250417062884
120,900,0,CONTEXT_ONLY,REVERSAL,ELASTIC_NET_LOGISTIC,F26,2.1296807272061624
120,900,0,CONTEXT_ONLY,REVERSAL,ELASTIC_NET_LOGISTIC,F27,-2.04431429898445
120,900,0,CONTEXT_ONLY,REVERSAL,ELASTIC_NET_LOGISTIC,F28,1.714495829904787
120,900,0,CONTEXT_ONLY,REVERSAL,ELASTIC_NET_LOGISTIC,F29,0.203581224731047
120,900,0,CONTEXT_ONLY,REVERSAL,ELASTIC_NET_LOGISTIC,F36,0.44312684120004275
120,900,0,CONTEXT_PLUS_SHOCK,CONTINUATION,ELASTIC_NET_REGRESSION,F01,-0.5719672501028595
120,900,0,CONTEXT_PLUS_SHOCK,CONTINUATION,ELASTIC_NET_REGRESSION,F02,0.0
120,900,0,CONTEXT_PLUS_SHOCK,CONTINUATION,ELASTIC_NET_REGRESSION,F03,-0.0
120,900,0,CONTEXT_PLUS_SHOCK,CONTINUATION,ELASTIC_NET_REGRESSION,F04,0.7160322007690963
120,900,0,CONTEXT_PLUS_SHOCK,CONTINUATION,ELASTIC_NET_REGRESSION,F05,-0.5252253815082707
120,900,0,CONTEXT_PLUS_SHOCK,CONTINUATION,ELASTIC_NET_REGRESSION,F06,0.5947910200053473
120,900,0,CONTEXT_PLUS_SHOCK,CONTINUATION,ELASTIC_NET_REGRESSION,F07,0.0
120,900,0,CONTEXT_PLUS_SHOCK,CONTINUATION,ELASTIC_NET_REGRESSION,F08,-0.0
120,900,0,CONTEXT_PLUS_SHOCK,CONTINUATION,ELASTIC_NET_REGRESSION,F09,0.5179221376542252
120,900,0,CONTEXT_PLUS_SHOCK,CONTINUATION,ELASTIC_NET_REGRESSION,F10,1.3673199874386726
120,900,0,CONTEXT_PLUS_SHOCK,CONTINUATION,ELASTIC_NET_REGRESSION,F11,0.0
120,900,0,CONTEXT_PLUS_SHOCK,CONTINUATION,ELASTIC_NET_REGRESSION,F12,-0.5421191087550462
120,900,0,CONTEXT_PLUS_SHOCK,CONTINUATION,ELASTIC_NET_REGRESSION,F13,0.36161482564753944
120,900,0,CONTEXT_PLUS_SHOCK,CONTINUATION,ELASTIC_NET_REGRESSION,F14,-0.0
120,900,0,CONTEXT_PLUS_SHOCK,CONTINUATION,ELASTIC_NET_REGRESSION,F15,0.0
120,900,0,CONTEXT_PLUS_SHOCK,CONTINUATION,ELASTIC_NET_REGRESSION,F16,0.0249268545912351
120,900,0,CONTEXT_PLUS_SHOCK,CONTINUATION,ELASTIC_NET_REGRESSION,F17,0.0
120,900,0,CONTEXT_PLUS_SHOCK,CONTINUATION,ELASTIC_NET_REGRESSION,F18,0.0
120,900,0,CONTEXT_PLUS_SHOCK,CONTINUATION,ELASTIC_NET_REGRESSION,F19,-0.8819115878601488
120,900,0,CONTEXT_PLUS_SHOCK,CONTINUATION,ELASTIC_NET_REGRESSION,F20,0.8889079547162038
120,900,0,CONTEXT_PLUS_SHOCK,CONTINUATION,ELASTIC_NET_REGRESSION,F21,0.0
120,900,0,CONTEXT_PLUS_SHOCK,CONTINUATION,ELASTIC_NET_REGRESSION,F22,0.22163703013265923
120,900,0,CONTEXT_PLUS_SHOCK,CONTINUATION,ELASTIC_NET_REGRESSION,F23,-0.0
120,900,0,CONTEXT_PLUS_SHOCK,CONTINUATION,ELASTIC_NET_REGRESSION,F24,-0.13907336220566988
120,900,0,CONTEXT_PLUS_SHOCK,CONTINUATION,ELASTIC_NET_REGRESSION,F25,0.0
120,900,0,CONTEXT_PLUS_SHOCK,CONTINUATION,ELASTIC_NET_REGRESSION,F26,-0.998007389120045
120,900,0,CONTEXT_PLUS_SHOCK,CONTINUATION,ELASTIC_NET_REGRESSION,F27,0.384276243223788
120,900,0,CONTEXT_PLUS_SHOCK,CONTINUATION,ELASTIC_NET_REGRESSION,F28,-1.159751499928371
120,900,0,CONTEXT_PLUS_SHOCK,CONTINUATION,ELASTIC_NET_REGRESSION,F29,-0.6482807100853157
120,900,0,CONTEXT_PLUS_SHOCK,CONTINUATION,ELASTIC_NET_REGRESSION,F30,0.09866959362470688
120,900,0,CONTEXT_PLUS_SHOCK,CONTINUATION,ELASTIC_NET_REGRESSION,F31,0.5971770328893868
120,900,0,CONTEXT_PLUS_SHOCK,CONTINUATION,ELASTIC_NET_REGRESSION,F32,0.0
120,900,0,CONTEXT_PLUS_SHOCK,CONTINUATION,ELASTIC_NET_REGRESSION,F33,0.33687860665343633
120,900,0,CONTEXT_PLUS_SHOCK,CONTINUATION,ELASTIC_NET_REGRESSION,F34,-0.1526957983317629
120,900,0,CONTEXT_PLUS_SHOCK,CONTINUATION,ELASTIC_NET_REGRESSION,F35,-0.5102542529703193
120,900,0,CONTEXT_PLUS_SHOCK,CONTINUATION,ELASTIC_NET_REGRESSION,F36,-0.1518444803887184
120,900,0,CONTEXT_PLUS_SHOCK,CONTINUATION,ELASTIC_NET_LOGISTIC,F01,-0.15110013881537895
120,900,0,CONTEXT_PLUS_SHOCK,CONTINUATION,ELASTIC_NET_LOGISTIC,F02,0.0
120,900,0,CONTEXT_PLUS_SHOCK,CONTINUATION,ELASTIC_NET_LOGISTIC,F03,-0.06858439375513012
120,900,0,CONTEXT_PLUS_SHOCK,CONTINUATION,ELASTIC_NET_LOGISTIC,F04,0.009256301884034202
120,900,0,CONTEXT_PLUS_SHOCK,CONTINUATION,ELASTIC_NET_LOGISTIC,F05,0.05897976049245888
120,900,0,CONTEXT_PLUS_SHOCK,CONTINUATION,ELASTIC_NET_LOGISTIC,F06,0.0
120,900,0,CONTEXT_PLUS_SHOCK,CONTINUATION,ELASTIC_NET_LOGISTIC,F07,0.021758842846616906
120,900,0,CONTEXT_PLUS_SHOCK,CONTINUATION,ELASTIC_NET_LOGISTIC,F08,0.0
120,900,0,CONTEXT_PLUS_SHOCK,CONTINUATION,ELASTIC_NET_LOGISTIC,F09,0.18542767019730835
120,900,0,CONTEXT_PLUS_SHOCK,CONTINUATION,ELASTIC_NET_LOGISTIC,F10,0.11187317552470583
120,900,0,CONTEXT_PLUS_SHOCK,CONTINUATION,ELASTIC_NET_LOGISTIC,F11,0.0
120,900,0,CONTEXT_PLUS_SHOCK,CONTINUATION,ELASTIC_NET_LOGISTIC,F12,-0.048288473767595486
120,900,0,CONTEXT_PLUS_SHOCK,CONTINUATION,ELASTIC_NET_LOGISTIC,F13,0.32518692676271405
120,900,0,CONTEXT_PLUS_SHOCK,CONTINUATION,ELASTIC_NET_LOGISTIC,F14,-0.13612129663879838
120,900,0,CONTEXT_PLUS_SHOCK,CONTINUATION,ELASTIC_NET_LOGISTIC,F15,0.0
120,900,0,CONTEXT_PLUS_SHOCK,CONTINUATION,ELASTIC_NET_LOGISTIC,F16,0.04262657940051082
120,900,0,CONTEXT_PLUS_SHOCK,CONTINUATION,ELASTIC_NET_LOGISTIC,F17,0.0664867341379575
120,900,0,CONTEXT_PLUS_SHOCK,CONTINUATION,ELASTIC_NET_LOGISTIC,F18,0.1341147886129117
120,900,0,CONTEXT_PLUS_SHOCK,CONTINUATION,ELASTIC_NET_LOGISTIC,F19,-0.15336402763685034
120,900,0,CONTEXT_PLUS_SHOCK,CONTINUATION,ELASTIC_NET_LOGISTIC,F20,0.15322979556183583
120,900,0,CONTEXT_PLUS_SHOCK,CONTINUATION,ELASTIC_NET_LOGISTIC,F21,-0.0051291004171207235
120,900,0,CONTEXT_PLUS_SHOCK,CONTINUATION,ELASTIC_NET_LOGISTIC,F22,-0.00028887354522838635
120,900,0,CONTEXT_PLUS_SHOCK,CONTINUATION,ELASTIC_NET_LOGISTIC,F23,0.002432088079322132
120,900,0,CONTEXT_PLUS_SHOCK,CONTINUATION,ELASTIC_NET_LOGISTIC,F24,-0.03700631246344784
120,900,0,CONTEXT_PLUS_SHOCK,CONTINUATION,ELASTIC_NET_LOGISTIC,F25,0.10063500143661477
120,900,0,CONTEXT_PLUS_SHOCK,CONTINUATION,ELASTIC_NET_LOGISTIC,F26,-0.09507092416319522
120,900,0,CONTEXT_PLUS_SHOCK,CONTINUATION,ELASTIC_NET_LOGISTIC,F27,-0.011437423304784632
120,900,0,CONTEXT_PLUS_SHOCK,CONTINUATION,ELASTIC_NET_LOGISTIC,F28,-0.09828801011971199
120,900,0,CONTEXT_PLUS_SHOCK,CONTINUATION,ELASTIC_NET_LOGISTIC,F29,-0.13692472125083893
120,900,0,CONTEXT_PLUS_SHOCK,CONTINUATION,ELASTIC_NET_LOGISTIC,F30,0.100042302227686
120,900,0,CONTEXT_PLUS_SHOCK,CONTINUATION,ELASTIC_NET_LOGISTIC,F31,0.1355047055394634
120,900,0,CONTEXT_PLUS_SHOCK,CONTINUATION,ELASTIC_NET_LOGISTIC,F32,0.0
120,900,0,CONTEXT_PLUS_SHOCK,CONTINUATION,ELASTIC_NET_LOGISTIC,F33,0.10926082860271134
120,900,0,CONTEXT_PLUS_SHOCK,CONTINUATION,ELASTIC_NET_LOGISTIC,F34,0.08443336695729432
120,900,0,CONTEXT_PLUS_SHOCK,CONTINUATION,ELASTIC_NET_LOGISTIC,F35,-0.10950378365148694
120,900,0,CONTEXT_PLUS_SHOCK,CONTINUATION,ELASTIC_NET_LOGISTIC,F36,0.0
120,900,0,CONTEXT_PLUS_SHOCK,REVERSAL,ELASTIC_NET_REGRESSION,F01,0.610588218377869
120,900,0,CONTEXT_PLUS_SHOCK,REVERSAL,ELASTIC_NET_REGRESSION,F02,-0.0
120,900,0,CONTEXT_PLUS_SHOCK,REVERSAL,ELASTIC_NET_REGRESSION,F03,0.0
120,900,0,CONTEXT_PLUS_SHOCK,REVERSAL,ELASTIC_NET_REGRESSION,F04,-0.735856614343315
120,900,0,CONTEXT_PLUS_SHOCK,REVERSAL,ELASTIC_NET_REGRESSION,F05,0.5423384017893645
120,900,0,CONTEXT_PLUS_SHOCK,REVERSAL,ELASTIC_NET_REGRESSION,F06,-0.5867242527031825
120,900,0,CONTEXT_PLUS_SHOCK,REVERSAL,ELASTIC_NET_REGRESSION,F07,-0.0
120,900,0,CONTEXT_PLUS_SHOCK,REVERSAL,ELASTIC_NET_REGRESSION,F08,0.0
120,900,0,CONTEXT_PLUS_SHOCK,REVERSAL,ELASTIC_NET_REGRESSION,F09,-0.5164214377594686
120,900,0,CONTEXT_PLUS_SHOCK,REVERSAL,ELASTIC_NET_REGRESSION,F10,-1.3707355932284035
120,900,0,CONTEXT_PLUS_SHOCK,REVERSAL,ELASTIC_NET_REGRESSION,F11,-0.0
120,900,0,CONTEXT_PLUS_SHOCK,REVERSAL,ELASTIC_NET_REGRESSION,F12,0.5040564121255874
120,900,0,CONTEXT_PLUS_SHOCK,REVERSAL,ELASTIC_NET_REGRESSION,F13,-0.37351190869052725
120,900,0,CONTEXT_PLUS_SHOCK,REVERSAL,ELASTIC_NET_REGRESSION,F14,0.0
120,900,0,CONTEXT_PLUS_SHOCK,REVERSAL,ELASTIC_NET_REGRESSION,F15,-0.0
120,900,0,CONTEXT_PLUS_SHOCK,REVERSAL,ELASTIC_NET_REGRESSION,F16,-0.0037277492879283967
120,900,0,CONTEXT_PLUS_SHOCK,REVERSAL,ELASTIC_NET_REGRESSION,F17,-0.0
120,900,0,CONTEXT_PLUS_SHOCK,REVERSAL,ELASTIC_NET_REGRESSION,F18,-0.0
120,900,0,CONTEXT_PLUS_SHOCK,REVERSAL,ELASTIC_NET_REGRESSION,F19,0.8850285806464319
120,900,0,CONTEXT_PLUS_SHOCK,REVERSAL,ELASTIC_NET_REGRESSION,F20,-0.8782872046347111
120,900,0,CONTEXT_PLUS_SHOCK,REVERSAL,ELASTIC_NET_REGRESSION,F21,-0.0
120,900,0,CONTEXT_PLUS_SHOCK,REVERSAL,ELASTIC_NET_REGRESSION,F22,-0.22715867157414396
120,900,0,CONTEXT_PLUS_SHOCK,REVERSAL,ELASTIC_NET_REGRESSION,F23,0.0
120,900,0,CONTEXT_PLUS_SHOCK,REVERSAL,ELASTIC_NET_REGRESSION,F24,0.12378931657333059
120,900,0,CONTEXT_PLUS_SHOCK,REVERSAL,ELASTIC_NET_REGRESSION,F25,0.0
120,900,0,CONTEXT_PLUS_SHOCK,REVERSAL,ELASTIC_NET_REGRESSION,F26,1.0397031104225303
120,900,0,CONTEXT_PLUS_SHOCK,REVERSAL,ELASTIC_NET_REGRESSION,F27,-0.4043351061386858
120,900,0,CONTEXT_PLUS_SHOCK,REVERSAL,ELASTIC_NET_REGRESSION,F28,1.1799100034298264
120,900,0,CONTEXT_PLUS_SHOCK,REVERSAL,ELASTIC_NET_REGRESSION,F29,0.6419201755379628
120,900,0,CONTEXT_PLUS_SHOCK,REVERSAL,ELASTIC_NET_REGRESSION,F30,-0.0987113764290808
120,900,0,CONTEXT_PLUS_SHOCK,REVERSAL,ELASTIC_NET_REGRESSION,F31,-0.599963169769578
120,900,0,CONTEXT_PLUS_SHOCK,REVERSAL,ELASTIC_NET_REGRESSION,F32,0.0
120,900,0,CONTEXT_PLUS_SHOCK,REVERSAL,ELASTIC_NET_REGRESSION,F33,-0.32556088745695516
120,900,0,CONTEXT_PLUS_SHOCK,REVERSAL,ELASTIC_NET_REGRESSION,F34,0.1575100714411432
120,900,0,CONTEXT_PLUS_SHOCK,REVERSAL,ELASTIC_NET_REGRESSION,F35,0.5131725999591319
120,900,0,CONTEXT_PLUS_SHOCK,REVERSAL,ELASTIC_NET_REGRESSION,F36,0.16270801580263344
120,900,0,CONTEXT_PLUS_SHOCK,REVERSAL,ELASTIC_NET_LOGISTIC,F01,0.04476693771301931
120,900,0,CONTEXT_PLUS_SHOCK,REVERSAL,ELASTIC_NET_LOGISTIC,F02,0.0
120,900,0,CONTEXT_PLUS_SHOCK,REVERSAL,ELASTIC_NET_LOGISTIC,F03,0.062152578719647536
120,900,0,CONTEXT_PLUS_SHOCK,REVERSAL,ELASTIC_NET_LOGISTIC,F04,0.0
120,900,0,CONTEXT_PLUS_SHOCK,REVERSAL,ELASTIC_NET_LOGISTIC,F05,-0.035052217186264945
120,900,0,CONTEXT_PLUS_SHOCK,REVERSAL,ELASTIC_NET_LOGISTIC,F06,-0.009611072058619712
120,900,0,CONTEXT_PLUS_SHOCK,REVERSAL,ELASTIC_NET_LOGISTIC,F07,0.07244959374359701
120,900,0,CONTEXT_PLUS_SHOCK,REVERSAL,ELASTIC_NET_LOGISTIC,F08,0.0
120,900,0,CONTEXT_PLUS_SHOCK,REVERSAL,ELASTIC_NET_LOGISTIC,F09,-0.103589760428786
120,900,0,CONTEXT_PLUS_SHOCK,REVERSAL,ELASTIC_NET_LOGISTIC,F10,-0.1161862655447966
120,900,0,CONTEXT_PLUS_SHOCK,REVERSAL,ELASTIC_NET_LOGISTIC,F11,-0.042529966022775506
120,900,0,CONTEXT_PLUS_SHOCK,REVERSAL,ELASTIC_NET_LOGISTIC,F12,0.12002549259941771
120,900,0,CONTEXT_PLUS_SHOCK,REVERSAL,ELASTIC_NET_LOGISTIC,F13,-0.30864172368431037
120,900,0,CONTEXT_PLUS_SHOCK,REVERSAL,ELASTIC_NET_LOGISTIC,F14,0.17248584579966683
120,900,0,CONTEXT_PLUS_SHOCK,REVERSAL,ELASTIC_NET_LOGISTIC,F15,0.0
120,900,0,CONTEXT_PLUS_SHOCK,REVERSAL,ELASTIC_NET_LOGISTIC,F16,0.0
120,900,0,CONTEXT_PLUS_SHOCK,REVERSAL,ELASTIC_NET_LOGISTIC,F17,-0.00042267998057948195
120,900,0,CONTEXT_PLUS_SHOCK,REVERSAL,ELASTIC_NET_LOGISTIC,F18,-0.005457735107546394
120,900,0,CONTEXT_PLUS_SHOCK,REVERSAL,ELASTIC_NET_LOGISTIC,F19,0.04161223971271044
120,900,0,CONTEXT_PLUS_SHOCK,REVERSAL,ELASTIC_NET_LOGISTIC,F20,0.0
120,900,0,CONTEXT_PLUS_SHOCK,REVERSAL,ELASTIC_NET_LOGISTIC,F21,-0.08695921669005689
120,900,0,CONTEXT_PLUS_SHOCK,REVERSAL,ELASTIC_NET_LOGISTIC,F22,0.0
120,900,0,CONTEXT_PLUS_SHOCK,REVERSAL,ELASTIC_NET_LOGISTIC,F23,-0.04913487457172042
120,900,0,CONTEXT_PLUS_SHOCK,REVERSAL,ELASTIC_NET_LOGISTIC,F24,0.06547226917693609
120,900,0,CONTEXT_PLUS_SHOCK,REVERSAL,ELASTIC_NET_LOGISTIC,F25,0.0
120,900,0,CONTEXT_PLUS_SHOCK,REVERSAL,ELASTIC_NET_LOGISTIC,F26,0.07647731459020135
120,900,0,CONTEXT_PLUS_SHOCK,REVERSAL,ELASTIC_NET_LOGISTIC,F27,-0.11693230532536937
120,900,0,CONTEXT_PLUS_SHOCK,REVERSAL,ELASTIC_NET_LOGISTIC,F28,0.40261613087300463
120,900,0,CONTEXT_PLUS_SHOCK,REVERSAL,ELASTIC_NET_LOGISTIC,F29,0.10080145930271037
120,900,0,CONTEXT_PLUS_SHOCK,REVERSAL,ELASTIC_NET_LOGISTIC,F30,-0.08592899610076311
120,900,0,CONTEXT_PLUS_SHOCK,REVERSAL,ELASTIC_NET_LOGISTIC,F31,0.0
120,900,0,CONTEXT_PLUS_SHOCK,REVERSAL,ELASTIC_NET_LOGISTIC,F32,0.0
120,900,0,CONTEXT_PLUS_SHOCK,REVERSAL,ELASTIC_NET_LOGISTIC,F33,-0.1072857106428349
120,900,0,CONTEXT_PLUS_SHOCK,REVERSAL,ELASTIC_NET_LOGISTIC,F34,-0.04853193318785414
120,900,0,CONTEXT_PLUS_SHOCK,REVERSAL,ELASTIC_NET_LOGISTIC,F35,-0.07888905887112105
120,900,0,CONTEXT_PLUS_SHOCK,REVERSAL,ELASTIC_NET_LOGISTIC,F36,0.20071885598499506
120,900,1,CONTEXT_ONLY,CONTINUATION,ELASTIC_NET_REGRESSION,F01,-1.4099365200226481
120,900,1,CONTEXT_ONLY,CONTINUATION,ELASTIC_NET_REGRESSION,F02,0.0
120,900,1,CONTEXT_ONLY,CONTINUATION,ELASTIC_NET_REGRESSION,F03,-0.0
120,900,1,CONTEXT_ONLY,CONTINUATION,ELASTIC_NET_REGRESSION,F04,0.6821372416770743
120,900,1,CONTEXT_ONLY,CONTINUATION,ELASTIC_NET_REGRESSION,F05,0.0
120,900,1,CONTEXT_ONLY,CONTINUATION,ELASTIC_NET_REGRESSION,F06,0.0
120,900,1,CONTEXT_ONLY,CONTINUATION,ELASTIC_NET_REGRESSION,F07,0.0
120,900,1,CONTEXT_ONLY,CONTINUATION,ELASTIC_NET_REGRESSION,F08,0.0017322014034005333
120,900,1,CONTEXT_ONLY,CONTINUATION,ELASTIC_NET_REGRESSION,F09,0.2855726936244688
120,900,1,CONTEXT_ONLY,CONTINUATION,ELASTIC_NET_REGRESSION,F10,0.7168233290826976
120,900,1,CONTEXT_ONLY,CONTINUATION,ELASTIC_NET_REGRESSION,F11,0.9524458997892925
120,900,1,CONTEXT_ONLY,CONTINUATION,ELASTIC_NET_REGRESSION,F12,-0.09457566561722448
120,900,1,CONTEXT_ONLY,CONTINUATION,ELASTIC_NET_REGRESSION,F13,0.16827329946927252
120,900,1,CONTEXT_ONLY,CONTINUATION,ELASTIC_NET_REGRESSION,F14,-0.004672535141677192
120,900,1,CONTEXT_ONLY,CONTINUATION,ELASTIC_NET_REGRESSION,F15,0.036339993652683936
120,900,1,CONTEXT_ONLY,CONTINUATION,ELASTIC_NET_REGRESSION,F16,-0.041620636929556656
120,900,1,CONTEXT_ONLY,CONTINUATION,ELASTIC_NET_REGRESSION,F17,-0.0
120,900,1,CONTEXT_ONLY,CONTINUATION,ELASTIC_NET_REGRESSION,F18,0.0
120,900,1,CONTEXT_ONLY,CONTINUATION,ELASTIC_NET_REGRESSION,F19,-0.0761419890475356
120,900,1,CONTEXT_ONLY,CONTINUATION,ELASTIC_NET_REGRESSION,F20,-0.14547114052213947
120,900,1,CONTEXT_ONLY,CONTINUATION,ELASTIC_NET_REGRESSION,F21,-0.05080754100463075
120,900,1,CONTEXT_ONLY,CONTINUATION,ELASTIC_NET_REGRESSION,F22,0.0
120,900,1,CONTEXT_ONLY,CONTINUATION,ELASTIC_NET_REGRESSION,F23,0.16788604868462081
120,900,1,CONTEXT_ONLY,CONTINUATION,ELASTIC_NET_REGRESSION,F24,0.0
120,900,1,CONTEXT_ONLY,CONTINUATION,ELASTIC_NET_REGRESSION,F25,-0.0
120,900,1,CONTEXT_ONLY,CONTINUATION,ELASTIC_NET_REGRESSION,F26,-0.0
120,900,1,CONTEXT_ONLY,CONTINUATION,ELASTIC_NET_REGRESSION,F27,-0.0
120,900,1,CONTEXT_ONLY,CONTINUATION,ELASTIC_NET_REGRESSION,F28,-0.45839287175458737
120,900,1,CONTEXT_ONLY,CONTINUATION,ELASTIC_NET_REGRESSION,F29,0.0
120,900,1,CONTEXT_ONLY,CONTINUATION,ELASTIC_NET_REGRESSION,F36,-0.13712886821155923
120,900,1,CONTEXT_ONLY,CONTINUATION,ELASTIC_NET_LOGISTIC,F01,-0.06456998057642864
120,900,1,CONTEXT_ONLY,CONTINUATION,ELASTIC_NET_LOGISTIC,F02,0.0
120,900,1,CONTEXT_ONLY,CONTINUATION,ELASTIC_NET_LOGISTIC,F03,0.0
120,900,1,CONTEXT_ONLY,CONTINUATION,ELASTIC_NET_LOGISTIC,F04,0.0
120,900,1,CONTEXT_ONLY,CONTINUATION,ELASTIC_NET_LOGISTIC,F05,0.0
120,900,1,CONTEXT_ONLY,CONTINUATION,ELASTIC_NET_LOGISTIC,F06,0.0
120,900,1,CONTEXT_ONLY,CONTINUATION,ELASTIC_NET_LOGISTIC,F07,0.0
120,900,1,CONTEXT_ONLY,CONTINUATION,ELASTIC_NET_LOGISTIC,F08,0.0
120,900,1,CONTEXT_ONLY,CONTINUATION,ELASTIC_NET_LOGISTIC,F09,0.0
120,900,1,CONTEXT_ONLY,CONTINUATION,ELASTIC_NET_LOGISTIC,F10,0.05830160286922966
120,900,1,CONTEXT_ONLY,CONTINUATION,ELASTIC_NET_LOGISTIC,F11,0.0
120,900,1,CONTEXT_ONLY,CONTINUATION,ELASTIC_NET_LOGISTIC,F12,0.0
120,900,1,CONTEXT_ONLY,CONTINUATION,ELASTIC_NET_LOGISTIC,F13,0.14974332095243567
120,900,1,CONTEXT_ONLY,CONTINUATION,ELASTIC_NET_LOGISTIC,F14,0.0
120,900,1,CONTEXT_ONLY,CONTINUATION,ELASTIC_NET_LOGISTIC,F15,0.0
120,900,1,CONTEXT_ONLY,CONTINUATION,ELASTIC_NET_LOGISTIC,F16,0.0
120,900,1,CONTEXT_ONLY,CONTINUATION,ELASTIC_NET_LOGISTIC,F17,0.0
120,900,1,CONTEXT_ONLY,CONTINUATION,ELASTIC_NET_LOGISTIC,F18,0.1155262287682047
120,900,1,CONTEXT_ONLY,CONTINUATION,ELASTIC_NET_LOGISTIC,F19,0.0
120,900,1,CONTEXT_ONLY,CONTINUATION,ELASTIC_NET_LOGISTIC,F20,0.0
120,900,1,CONTEXT_ONLY,CONTINUATION,ELASTIC_NET_LOGISTIC,F21,0.0
120,900,1,CONTEXT_ONLY,CONTINUATION,ELASTIC_NET_LOGISTIC,F22,0.0
120,900,1,CONTEXT_ONLY,CONTINUATION,ELASTIC_NET_LOGISTIC,F23,0.0
120,900,1,CONTEXT_ONLY,CONTINUATION,ELASTIC_NET_LOGISTIC,F24,-0.019692719899669617
120,900,1,CONTEXT_ONLY,CONTINUATION,ELASTIC_NET_LOGISTIC,F25,0.0
120,900,1,CONTEXT_ONLY,CONTINUATION,ELASTIC_NET_LOGISTIC,F26,0.0
120,900,1,CONTEXT_ONLY,CONTINUATION,ELASTIC_NET_LOGISTIC,F27,-0.021111133955188557
120,900,1,CONTEXT_ONLY,CONTINUATION,ELASTIC_NET_LOGISTIC,F28,0.0
120,900,1,CONTEXT_ONLY,CONTINUATION,ELASTIC_NET_LOGISTIC,F29,0.0
120,900,1,CONTEXT_ONLY,CONTINUATION,ELASTIC_NET_LOGISTIC,F36,0.0
120,900,1,CONTEXT_ONLY,REVERSAL,ELASTIC_NET_REGRESSION,F01,1.4157201033988482
120,900,1,CONTEXT_ONLY,REVERSAL,ELASTIC_NET_REGRESSION,F02,-0.0
120,900,1,CONTEXT_ONLY,REVERSAL,ELASTIC_NET_REGRESSION,F03,0.0
120,900,1,CONTEXT_ONLY,REVERSAL,ELASTIC_NET_REGRESSION,F04,-0.6833007122904794
120,900,1,CONTEXT_ONLY,REVERSAL,ELASTIC_NET_REGRESSION,F05,-0.0
120,900,1,CONTEXT_ONLY,REVERSAL,ELASTIC_NET_REGRESSION,F06,-0.0
120,900,1,CONTEXT_ONLY,REVERSAL,ELASTIC_NET_REGRESSION,F07,-0.0
120,900,1,CONTEXT_ONLY,REVERSAL,ELASTIC_NET_REGRESSION,F08,-0.0030871998484520388
120,900,1,CONTEXT_ONLY,REVERSAL,ELASTIC_NET_REGRESSION,F09,-0.2895208134122544
120,900,1,CONTEXT_ONLY,REVERSAL,ELASTIC_NET_REGRESSION,F10,-0.7121813537673913
120,900,1,CONTEXT_ONLY,REVERSAL,ELASTIC_NET_REGRESSION,F11,-0.9463337986796373
120,900,1,CONTEXT_ONLY,REVERSAL,ELASTIC_NET_REGRESSION,F12,0.07295021338288862
120,900,1,CONTEXT_ONLY,REVERSAL,ELASTIC_NET_REGRESSION,F13,-0.17801430288724812
120,900,1,CONTEXT_ONLY,REVERSAL,ELASTIC_NET_REGRESSION,F14,0.016089368927888047
120,900,1,CONTEXT_ONLY,REVERSAL,ELASTIC_NET_REGRESSION,F15,-0.022889898918140646
120,900,1,CONTEXT_ONLY,REVERSAL,ELASTIC_NET_REGRESSION,F16,0.06899492889277543
120,900,1,CONTEXT_ONLY,REVERSAL,ELASTIC_NET_REGRESSION,F17,0.0
120,900,1,CONTEXT_ONLY,REVERSAL,ELASTIC_NET_REGRESSION,F18,-0.0
120,900,1,CONTEXT_ONLY,REVERSAL,ELASTIC_NET_REGRESSION,F19,0.07874842953038687
120,900,1,CONTEXT_ONLY,REVERSAL,ELASTIC_NET_REGRESSION,F20,0.163832583926114
120,900,1,CONTEXT_ONLY,REVERSAL,ELASTIC_NET_REGRESSION,F21,0.03821732123064103
120,900,1,CONTEXT_ONLY,REVERSAL,ELASTIC_NET_REGRESSION,F22,-0.0
120,900,1,CONTEXT_ONLY,REVERSAL,ELASTIC_NET_REGRESSION,F23,-0.16162425597902283
120,900,1,CONTEXT_ONLY,REVERSAL,ELASTIC_NET_REGRESSION,F24,-0.0
120,900,1,CONTEXT_ONLY,REVERSAL,ELASTIC_NET_REGRESSION,F25,0.0
120,900,1,CONTEXT_ONLY,REVERSAL,ELASTIC_NET_REGRESSION,F26,0.0
120,900,1,CONTEXT_ONLY,REVERSAL,ELASTIC_NET_REGRESSION,F27,0.0014277299300336488
120,900,1,CONTEXT_ONLY,REVERSAL,ELASTIC_NET_REGRESSION,F28,0.45770015466018976
120,900,1,CONTEXT_ONLY,REVERSAL,ELASTIC_NET_REGRESSION,F29,-0.0
120,900,1,CONTEXT_ONLY,REVERSAL,ELASTIC_NET_REGRESSION,F36,0.14130185509959498
120,900,1,CONTEXT_ONLY,REVERSAL,ELASTIC_NET_LOGISTIC,F01,0.013717242735486381
120,900,1,CONTEXT_ONLY,REVERSAL,ELASTIC_NET_LOGISTIC,F02,0.0
120,900,1,CONTEXT_ONLY,REVERSAL,ELASTIC_NET_LOGISTIC,F03,0.0
120,900,1,CONTEXT_ONLY,REVERSAL,ELASTIC_NET_LOGISTIC,F04,0.0
120,900,1,CONTEXT_ONLY,REVERSAL,ELASTIC_NET_LOGISTIC,F05,0.0
120,900,1,CONTEXT_ONLY,REVERSAL,ELASTIC_NET_LOGISTIC,F06,0.008506659120236945
120,900,1,CONTEXT_ONLY,REVERSAL,ELASTIC_NET_LOGISTIC,F07,0.021288944397626876
120,900,1,CONTEXT_ONLY,REVERSAL,ELASTIC_NET_LOGISTIC,F08,0.0
120,900,1,CONTEXT_ONLY,REVERSAL,ELASTIC_NET_LOGISTIC,F09,0.0
120,900,1,CONTEXT_ONLY,REVERSAL,ELASTIC_NET_LOGISTIC,F10,0.0
120,900,1,CONTEXT_ONLY,REVERSAL,ELASTIC_NET_LOGISTIC,F11,0.0
120,900,1,CONTEXT_ONLY,REVERSAL,ELASTIC_NET_LOGISTIC,F12,0.0
120,900,1,CONTEXT_ONLY,REVERSAL,ELASTIC_NET_LOGISTIC,F13,-0.24554205801976725
120,900,1,CONTEXT_ONLY,REVERSAL,ELASTIC_NET_LOGISTIC,F14,0.016874467263295997
120,900,1,CONTEXT_ONLY,REVERSAL,ELASTIC_NET_LOGISTIC,F15,0.0
120,900,1,CONTEXT_ONLY,REVERSAL,ELASTIC_NET_LOGISTIC,F16,0.0
120,900,1,CONTEXT_ONLY,REVERSAL,ELASTIC_NET_LOGISTIC,F17,0.0
120,900,1,CONTEXT_ONLY,REVERSAL,ELASTIC_NET_LOGISTIC,F18,0.0
120,900,1,CONTEXT_ONLY,REVERSAL,ELASTIC_NET_LOGISTIC,F19,0.0
120,900,1,CONTEXT_ONLY,REVERSAL,ELASTIC_NET_LOGISTIC,F20,0.0
120,900,1,CONTEXT_ONLY,REVERSAL,ELASTIC_NET_LOGISTIC,F21,0.0
120,900,1,CONTEXT_ONLY,REVERSAL,ELASTIC_NET_LOGISTIC,F22,0.0
120,900,1,CONTEXT_ONLY,REVERSAL,ELASTIC_NET_LOGISTIC,F23,0.0
120,900,1,CONTEXT_ONLY,REVERSAL,ELASTIC_NET_LOGISTIC,F24,0.0
120,900,1,CONTEXT_ONLY,REVERSAL,ELASTIC_NET_LOGISTIC,F25,0.0
120,900,1,CONTEXT_ONLY,REVERSAL,ELASTIC_NET_LOGISTIC,F26,0.0
120,900,1,CONTEXT_ONLY,REVERSAL,ELASTIC_NET_LOGISTIC,F27,0.0
120,900,1,CONTEXT_ONLY,REVERSAL,ELASTIC_NET_LOGISTIC,F28,0.2787364903818726
120,900,1,CONTEXT_ONLY,REVERSAL,ELASTIC_NET_LOGISTIC,F29,0.0
120,900,1,CONTEXT_ONLY,REVERSAL,ELASTIC_NET_LOGISTIC,F36,0.1674231769444177
120,900,1,CONTEXT_PLUS_SHOCK,CONTINUATION,ELASTIC_NET_REGRESSION,F01,-1.4015243814983769
120,900,1,CONTEXT_PLUS_SHOCK,CONTINUATION,ELASTIC_NET_REGRESSION,F02,0.0
120,900,1,CONTEXT_PLUS_SHOCK,CONTINUATION,ELASTIC_NET_REGRESSION,F03,-0.0
120,900,1,CONTEXT_PLUS_SHOCK,CONTINUATION,ELASTIC_NET_REGRESSION,F04,0.6761086921795744
120,900,1,CONTEXT_PLUS_SHOCK,CONTINUATION,ELASTIC_NET_REGRESSION,F05,0.0
120,900,1,CONTEXT_PLUS_SHOCK,CONTINUATION,ELASTIC_NET_REGRESSION,F06,0.0
120,900,1,CONTEXT_PLUS_SHOCK,CONTINUATION,ELASTIC_NET_REGRESSION,F07,0.0
120,900,1,CONTEXT_PLUS_SHOCK,CONTINUATION,ELASTIC_NET_REGRESSION,F08,0.0033728763161830822
120,900,1,CONTEXT_PLUS_SHOCK,CONTINUATION,ELASTIC_NET_REGRESSION,F09,0.26781424655449976
120,900,1,CONTEXT_PLUS_SHOCK,CONTINUATION,ELASTIC_NET_REGRESSION,F10,0.7574008902250748
120,900,1,CONTEXT_PLUS_SHOCK,CONTINUATION,ELASTIC_NET_REGRESSION,F11,0.94150733235218
120,900,1,CONTEXT_PLUS_SHOCK,CONTINUATION,ELASTIC_NET_REGRESSION,F12,-0.09646036232322219
120,900,1,CONTEXT_PLUS_SHOCK,CONTINUATION,ELASTIC_NET_REGRESSION,F13,0.14115603246780012
120,900,1,CONTEXT_PLUS_SHOCK,CONTINUATION,ELASTIC_NET_REGRESSION,F14,-0.024896373533585
120,900,1,CONTEXT_PLUS_SHOCK,CONTINUATION,ELASTIC_NET_REGRESSION,F15,0.04900575892478091
120,900,1,CONTEXT_PLUS_SHOCK,CONTINUATION,ELASTIC_NET_REGRESSION,F16,-0.05857806059956884
120,900,1,CONTEXT_PLUS_SHOCK,CONTINUATION,ELASTIC_NET_REGRESSION,F17,-0.0
120,900,1,CONTEXT_PLUS_SHOCK,CONTINUATION,ELASTIC_NET_REGRESSION,F18,-0.0
120,900,1,CONTEXT_PLUS_SHOCK,CONTINUATION,ELASTIC_NET_REGRESSION,F19,-0.0
120,900,1,CONTEXT_PLUS_SHOCK,CONTINUATION,ELASTIC_NET_REGRESSION,F20,-0.05060066397191121
120,900,1,CONTEXT_PLUS_SHOCK,CONTINUATION,ELASTIC_NET_REGRESSION,F21,-0.13671867816948727
120,900,1,CONTEXT_PLUS_SHOCK,CONTINUATION,ELASTIC_NET_REGRESSION,F22,0.0
120,900,1,CONTEXT_PLUS_SHOCK,CONTINUATION,ELASTIC_NET_REGRESSION,F23,0.23903400743765355
120,900,1,CONTEXT_PLUS_SHOCK,CONTINUATION,ELASTIC_NET_REGRESSION,F24,0.002244859569691366
120,900,1,CONTEXT_PLUS_SHOCK,CONTINUATION,ELASTIC_NET_REGRESSION,F25,-0.0
120,900,1,CONTEXT_PLUS_SHOCK,CONTINUATION,ELASTIC_NET_REGRESSION,F26,-0.0
120,900,1,CONTEXT_PLUS_SHOCK,CONTINUATION,ELASTIC_NET_REGRESSION,F27,-0.0
120,900,1,CONTEXT_PLUS_SHOCK,CONTINUATION,ELASTIC_NET_REGRESSION,F28,-0.32458801299957213
120,900,1,CONTEXT_PLUS_SHOCK,CONTINUATION,ELASTIC_NET_REGRESSION,F29,0.0
120,900,1,CONTEXT_PLUS_SHOCK,CONTINUATION,ELASTIC_NET_REGRESSION,F30,0.0
120,900,1,CONTEXT_PLUS_SHOCK,CONTINUATION,ELASTIC_NET_REGRESSION,F31,0.012258571994125797
120,900,1,CONTEXT_PLUS_SHOCK,CONTINUATION,ELASTIC_NET_REGRESSION,F32,0.0
120,900,1,CONTEXT_PLUS_SHOCK,CONTINUATION,ELASTIC_NET_REGRESSION,F33,-0.426840192008652
120,900,1,CONTEXT_PLUS_SHOCK,CONTINUATION,ELASTIC_NET_REGRESSION,F34,0.1301560210342389
120,900,1,CONTEXT_PLUS_SHOCK,CONTINUATION,ELASTIC_NET_REGRESSION,F35,-0.21679709813369916
120,900,1,CONTEXT_PLUS_SHOCK,CONTINUATION,ELASTIC_NET_REGRESSION,F36,-0.1585210276255497
120,900,1,CONTEXT_PLUS_SHOCK,CONTINUATION,ELASTIC_NET_LOGISTIC,F01,-0.06458524192640737
120,900,1,CONTEXT_PLUS_SHOCK,CONTINUATION,ELASTIC_NET_LOGISTIC,F02,0.0
120,900,1,CONTEXT_PLUS_SHOCK,CONTINUATION,ELASTIC_NET_LOGISTIC,F03,0.0
120,900,1,CONTEXT_PLUS_SHOCK,CONTINUATION,ELASTIC_NET_LOGISTIC,F04,0.0
120,900,1,CONTEXT_PLUS_SHOCK,CONTINUATION,ELASTIC_NET_LOGISTIC,F05,0.0
120,900,1,CONTEXT_PLUS_SHOCK,CONTINUATION,ELASTIC_NET_LOGISTIC,F06,0.0
120,900,1,CONTEXT_PLUS_SHOCK,CONTINUATION,ELASTIC_NET_LOGISTIC,F07,0.0
120,900,1,CONTEXT_PLUS_SHOCK,CONTINUATION,ELASTIC_NET_LOGISTIC,F08,0.0
120,900,1,CONTEXT_PLUS_SHOCK,CONTINUATION,ELASTIC_NET_LOGISTIC,F09,0.0
120,900,1,CONTEXT_PLUS_SHOCK,CONTINUATION,ELASTIC_NET_LOGISTIC,F10,0.05830215106497977
120,900,1,CONTEXT_PLUS_SHOCK,CONTINUATION,ELASTIC_NET_LOGISTIC,F11,0.0
120,900,1,CONTEXT_PLUS_SHOCK,CONTINUATION,ELASTIC_NET_LOGISTIC,F12,0.0
120,900,1,CONTEXT_PLUS_SHOCK,CONTINUATION,ELASTIC_NET_LOGISTIC,F13,0.14973708652091117
120,900,1,CONTEXT_PLUS_SHOCK,CONTINUATION,ELASTIC_NET_LOGISTIC,F14,0.0
120,900,1,CONTEXT_PLUS_SHOCK,CONTINUATION,ELASTIC_NET_LOGISTIC,F15,0.0
120,900,1,CONTEXT_PLUS_SHOCK,CONTINUATION,ELASTIC_NET_LOGISTIC,F16,0.0
120,900,1,CONTEXT_PLUS_SHOCK,CONTINUATION,ELASTIC_NET_LOGISTIC,F17,0.0
120,900,1,CONTEXT_PLUS_SHOCK,CONTINUATION,ELASTIC_NET_LOGISTIC,F18,0.11549678061447506
120,900,1,CONTEXT_PLUS_SHOCK,CONTINUATION,ELASTIC_NET_LOGISTIC,F19,0.0
120,900,1,CONTEXT_PLUS_SHOCK,CONTINUATION,ELASTIC_NET_LOGISTIC,F20,0.0
120,900,1,CONTEXT_PLUS_SHOCK,CONTINUATION,ELASTIC_NET_LOGISTIC,F21,0.0
120,900,1,CONTEXT_PLUS_SHOCK,CONTINUATION,ELASTIC_NET_LOGISTIC,F22,0.0
120,900,1,CONTEXT_PLUS_SHOCK,CONTINUATION,ELASTIC_NET_LOGISTIC,F23,0.0
120,900,1,CONTEXT_PLUS_SHOCK,CONTINUATION,ELASTIC_NET_LOGISTIC,F24,-0.0196998153558835
120,900,1,CONTEXT_PLUS_SHOCK,CONTINUATION,ELASTIC_NET_LOGISTIC,F25,0.0
120,900,1,CONTEXT_PLUS_SHOCK,CONTINUATION,ELASTIC_NET_LOGISTIC,F26,0.0
120,900,1,CONTEXT_PLUS_SHOCK,CONTINUATION,ELASTIC_NET_LOGISTIC,F27,-0.021127935287690993
120,900,1,CONTEXT_PLUS_SHOCK,CONTINUATION,ELASTIC_NET_LOGISTIC,F28,0.0
120,900,1,CONTEXT_PLUS_SHOCK,CONTINUATION,ELASTIC_NET_LOGISTIC,F29,0.0
120,900,1,CONTEXT_PLUS_SHOCK,CONTINUATION,ELASTIC_NET_LOGISTIC,F30,0.0
120,900,1,CONTEXT_PLUS_SHOCK,CONTINUATION,ELASTIC_NET_LOGISTIC,F31,0.0
120,900,1,CONTEXT_PLUS_SHOCK,CONTINUATION,ELASTIC_NET_LOGISTIC,F32,0.0
120,900,1,CONTEXT_PLUS_SHOCK,CONTINUATION,ELASTIC_NET_LOGISTIC,F33,0.0
120,900,1,CONTEXT_PLUS_SHOCK,CONTINUATION,ELASTIC_NET_LOGISTIC,F34,0.0
120,900,1,CONTEXT_PLUS_SHOCK,CONTINUATION,ELASTIC_NET_LOGISTIC,F35,0.0
120,900,1,CONTEXT_PLUS_SHOCK,CONTINUATION,ELASTIC_NET_LOGISTIC,F36,0.0
120,900,1,CONTEXT_PLUS_SHOCK,REVERSAL,ELASTIC_NET_REGRESSION,F01,1.4066647741465703
120,900,1,CONTEXT_PLUS_SHOCK,REVERSAL,ELASTIC_NET_REGRESSION,F02,-0.0
120,900,1,CONTEXT_PLUS_SHOCK,REVERSAL,ELASTIC_NET_REGRESSION,F03,0.0
120,900,1,CONTEXT_PLUS_SHOCK,REVERSAL,ELASTIC_NET_REGRESSION,F04,-0.6751736466122246
120,900,1,CONTEXT_PLUS_SHOCK,REVERSAL,ELASTIC_NET_REGRESSION,F05,-0.0
120,900,1,CONTEXT_PLUS_SHOCK,REVERSAL,ELASTIC_NET_REGRESSION,F06,-0.0
120,900,1,CONTEXT_PLUS_SHOCK,REVERSAL,ELASTIC_NET_REGRESSION,F07,-0.0
120,900,1,CONTEXT_PLUS_SHOCK,REVERSAL,ELASTIC_NET_REGRESSION,F08,-0.0047047193863255865
120,900,1,CONTEXT_PLUS_SHOCK,REVERSAL,ELASTIC_NET_REGRESSION,F09,-0.2704093611601036
120,900,1,CONTEXT_PLUS_SHOCK,REVERSAL,ELASTIC_NET_REGRESSION,F10,-0.7557891496941972
120,900,1,CONTEXT_PLUS_SHOCK,REVERSAL,ELASTIC_NET_REGRESSION,F11,-0.9326617070572167
120,900,1,CONTEXT_PLUS_SHOCK,REVERSAL,ELASTIC_NET_REGRESSION,F12,0.07203312336127173
120,900,1,CONTEXT_PLUS_SHOCK,REVERSAL,ELASTIC_NET_REGRESSION,F13,-0.15315742747017697
120,900,1,CONTEXT_PLUS_SHOCK,REVERSAL,ELASTIC_NET_REGRESSION,F14,0.03749739279053156
120,900,1,CONTEXT_PLUS_SHOCK,REVERSAL,ELASTIC_NET_REGRESSION,F15,-0.03571331239985556
120,900,1,CONTEXT_PLUS_SHOCK,REVERSAL,ELASTIC_NET_REGRESSION,F16,0.08814185722313203
120,900,1,CONTEXT_PLUS_SHOCK,REVERSAL,ELASTIC_NET_REGRESSION,F17,0.0
120,900,1,CONTEXT_PLUS_SHOCK,REVERSAL,ELASTIC_NET_REGRESSION,F18,0.0
120,900,1,CONTEXT_PLUS_SHOCK,REVERSAL,ELASTIC_NET_REGRESSION,F19,0.0
120,900,1,CONTEXT_PLUS_SHOCK,REVERSAL,ELASTIC_NET_REGRESSION,F20,0.06445247270304422
120,900,1,CONTEXT_PLUS_SHOCK,REVERSAL,ELASTIC_NET_REGRESSION,F21,0.1322492536383457
120,900,1,CONTEXT_PLUS_SHOCK,REVERSAL,ELASTIC_NET_REGRESSION,F22,-0.0
120,900,1,CONTEXT_PLUS_SHOCK,REVERSAL,ELASTIC_NET_REGRESSION,F23,-0.22088891059549867
120,900,1,CONTEXT_PLUS_SHOCK,REVERSAL,ELASTIC_NET_REGRESSION,F24,-0.006472373478421326
120,900,1,CONTEXT_PLUS_SHOCK,REVERSAL,ELASTIC_NET_REGRESSION,F25,0.0
120,900,1,CONTEXT_PLUS_SHOCK,REVERSAL,ELASTIC_NET_REGRESSION,F26,0.0
120,900,1,CONTEXT_PLUS_SHOCK,REVERSAL,ELASTIC_NET_REGRESSION,F27,0.0
120,900,1,CONTEXT_PLUS_SHOCK,REVERSAL,ELASTIC_NET_REGRESSION,F28,0.31918828554880285
120,900,1,CONTEXT_PLUS_SHOCK,REVERSAL,ELASTIC_NET_REGRESSION,F29,-0.0
120,900,1,CONTEXT_PLUS_SHOCK,REVERSAL,ELASTIC_NET_REGRESSION,F30,-0.0
120,900,1,CONTEXT_PLUS_SHOCK,REVERSAL,ELASTIC_NET_REGRESSION,F31,-0.034216141515676805
120,900,1,CONTEXT_PLUS_SHOCK,REVERSAL,ELASTIC_NET_REGRESSION,F32,0.0
120,900,1,CONTEXT_PLUS_SHOCK,REVERSAL,ELASTIC_NET_REGRESSION,F33,0.44625055122778157
120,900,1,CONTEXT_PLUS_SHOCK,REVERSAL,ELASTIC_NET_REGRESSION,F34,-0.12905586149188975
120,900,1,CONTEXT_PLUS_SHOCK,REVERSAL,ELASTIC_NET_REGRESSION,F35,0.22030209298108355
120,900,1,CONTEXT_PLUS_SHOCK,REVERSAL,ELASTIC_NET_REGRESSION,F36,0.16461105929640832
120,900,1,CONTEXT_PLUS_SHOCK,REVERSAL,ELASTIC_NET_LOGISTIC,F01,0.013830042073545932
120,900,1,CONTEXT_PLUS_SHOCK,REVERSAL,ELASTIC_NET_LOGISTIC,F02,0.0
120,900,1,CONTEXT_PLUS_SHOCK,REVERSAL,ELASTIC_NET_LOGISTIC,F03,0.0
120,900,1,CONTEXT_PLUS_SHOCK,REVERSAL,ELASTIC_NET_LOGISTIC,F04,0.0
120,900,1,CONTEXT_PLUS_SHOCK,REVERSAL,ELASTIC_NET_LOGISTIC,F05,0.0
120,900,1,CONTEXT_PLUS_SHOCK,REVERSAL,ELASTIC_NET_LOGISTIC,F06,0.002605909275933393
120,900,1,CONTEXT_PLUS_SHOCK,REVERSAL,ELASTIC_NET_LOGISTIC,F07,0.023972910774423425
120,900,1,CONTEXT_PLUS_SHOCK,REVERSAL,ELASTIC_NET_LOGISTIC,F08,0.0
120,900,1,CONTEXT_PLUS_SHOCK,REVERSAL,ELASTIC_NET_LOGISTIC,F09,0.0
120,900,1,CONTEXT_PLUS_SHOCK,REVERSAL,ELASTIC_NET_LOGISTIC,F10,0.0
120,900,1,CONTEXT_PLUS_SHOCK,REVERSAL,ELASTIC_NET_LOGISTIC,F11,0.0
120,900,1,CONTEXT_PLUS_SHOCK,REVERSAL,ELASTIC_NET_LOGISTIC,F12,0.0
120,900,1,CONTEXT_PLUS_SHOCK,REVERSAL,ELASTIC_NET_LOGISTIC,F13,-0.24710330847188505
120,900,1,CONTEXT_PLUS_SHOCK,REVERSAL,ELASTIC_NET_LOGISTIC,F14,0.02235403524431073
120,900,1,CONTEXT_PLUS_SHOCK,REVERSAL,ELASTIC_NET_LOGISTIC,F15,0.0
120,900,1,CONTEXT_PLUS_SHOCK,REVERSAL,ELASTIC_NET_LOGISTIC,F16,0.0
120,900,1,CONTEXT_PLUS_SHOCK,REVERSAL,ELASTIC_NET_LOGISTIC,F17,0.0
120,900,1,CONTEXT_PLUS_SHOCK,REVERSAL,ELASTIC_NET_LOGISTIC,F18,0.0
120,900,1,CONTEXT_PLUS_SHOCK,REVERSAL,ELASTIC_NET_LOGISTIC,F19,0.0
120,900,1,CONTEXT_PLUS_SHOCK,REVERSAL,ELASTIC_NET_LOGISTIC,F20,0.0
120,900,1,CONTEXT_PLUS_SHOCK,REVERSAL,ELASTIC_NET_LOGISTIC,F21,0.0
120,900,1,CONTEXT_PLUS_SHOCK,REVERSAL,ELASTIC_NET_LOGISTIC,F22,0.0
120,900,1,CONTEXT_PLUS_SHOCK,REVERSAL,ELASTIC_NET_LOGISTIC,F23,0.0
120,900,1,CONTEXT_PLUS_SHOCK,REVERSAL,ELASTIC_NET_LOGISTIC,F24,0.0
120,900,1,CONTEXT_PLUS_SHOCK,REVERSAL,ELASTIC_NET_LOGISTIC,F25,0.0
120,900,1,CONTEXT_PLUS_SHOCK,REVERSAL,ELASTIC_NET_LOGISTIC,F26,0.0
120,900,1,CONTEXT_PLUS_SHOCK,REVERSAL,ELASTIC_NET_LOGISTIC,F27,0.0
120,900,1,CONTEXT_PLUS_SHOCK,REVERSAL,ELASTIC_NET_LOGISTIC,F28,0.2823961042815046
120,900,1,CONTEXT_PLUS_SHOCK,REVERSAL,ELASTIC_NET_LOGISTIC,F29,0.0
120,900,1,CONTEXT_PLUS_SHOCK,REVERSAL,ELASTIC_NET_LOGISTIC,F30,0.0
120,900,1,CONTEXT_PLUS_SHOCK,REVERSAL,ELASTIC_NET_LOGISTIC,F31,0.0
120,900,1,CONTEXT_PLUS_SHOCK,REVERSAL,ELASTIC_NET_LOGISTIC,F32,0.0
120,900,1,CONTEXT_PLUS_SHOCK,REVERSAL,ELASTIC_NET_LOGISTIC,F33,0.0
120,900,1,CONTEXT_PLUS_SHOCK,REVERSAL,ELASTIC_NET_LOGISTIC,F34,-0.014550567566196397
120,900,1,CONTEXT_PLUS_SHOCK,REVERSAL,ELASTIC_NET_LOGISTIC,F35,-0.10048047760185734
120,900,1,CONTEXT_PLUS_SHOCK,REVERSAL,ELASTIC_NET_LOGISTIC,F36,0.166410127260172
120,900,2,CONTEXT_ONLY,CONTINUATION,ELASTIC_NET_REGRESSION,F01,-0.6897991304973103
120,900,2,CONTEXT_ONLY,CONTINUATION,ELASTIC_NET_REGRESSION,F02,0.0
120,900,2,CONTEXT_ONLY,CONTINUATION,ELASTIC_NET_REGRESSION,F03,-0.0
120,900,2,CONTEXT_ONLY,CONTINUATION,ELASTIC_NET_REGRESSION,F04,0.12340411750950037
120,900,2,CONTEXT_ONLY,CONTINUATION,ELASTIC_NET_REGRESSION,F05,0.1630682869034966
120,900,2,CONTEXT_ONLY,CONTINUATION,ELASTIC_NET_REGRESSION,F06,-0.09142720325408472
120,900,2,CONTEXT_ONLY,CONTINUATION,ELASTIC_NET_REGRESSION,F07,0.0
120,900,2,CONTEXT_ONLY,CONTINUATION,ELASTIC_NET_REGRESSION,F08,-0.02742947327146212
120,900,2,CONTEXT_ONLY,CONTINUATION,ELASTIC_NET_REGRESSION,F09,0.04525897188792073
120,900,2,CONTEXT_ONLY,CONTINUATION,ELASTIC_NET_REGRESSION,F10,0.5905030047784938
120,900,2,CONTEXT_ONLY,CONTINUATION,ELASTIC_NET_REGRESSION,F11,0.812184745529953
120,900,2,CONTEXT_ONLY,CONTINUATION,ELASTIC_NET_REGRESSION,F12,0.0
120,900,2,CONTEXT_ONLY,CONTINUATION,ELASTIC_NET_REGRESSION,F13,-0.0
120,900,2,CONTEXT_ONLY,CONTINUATION,ELASTIC_NET_REGRESSION,F14,-0.0
120,900,2,CONTEXT_ONLY,CONTINUATION,ELASTIC_NET_REGRESSION,F15,0.0
120,900,2,CONTEXT_ONLY,CONTINUATION,ELASTIC_NET_REGRESSION,F16,-0.448817197472182
120,900,2,CONTEXT_ONLY,CONTINUATION,ELASTIC_NET_REGRESSION,F17,-0.0
120,900,2,CONTEXT_ONLY,CONTINUATION,ELASTIC_NET_REGRESSION,F18,0.0
120,900,2,CONTEXT_ONLY,CONTINUATION,ELASTIC_NET_REGRESSION,F19,-0.2130456638036422
120,900,2,CONTEXT_ONLY,CONTINUATION,ELASTIC_NET_REGRESSION,F20,0.02349703131263978
120,900,2,CONTEXT_ONLY,CONTINUATION,ELASTIC_NET_REGRESSION,F21,0.0
120,900,2,CONTEXT_ONLY,CONTINUATION,ELASTIC_NET_REGRESSION,F22,-0.0
120,900,2,CONTEXT_ONLY,CONTINUATION,ELASTIC_NET_REGRESSION,F23,-0.0
120,900,2,CONTEXT_ONLY,CONTINUATION,ELASTIC_NET_REGRESSION,F24,-0.0
120,900,2,CONTEXT_ONLY,CONTINUATION,ELASTIC_NET_REGRESSION,F25,0.0
120,900,2,CONTEXT_ONLY,CONTINUATION,ELASTIC_NET_REGRESSION,F26,0.0
120,900,2,CONTEXT_ONLY,CONTINUATION,ELASTIC_NET_REGRESSION,F27,-0.0
120,900,2,CONTEXT_ONLY,CONTINUATION,ELASTIC_NET_REGRESSION,F28,-0.0
120,900,2,CONTEXT_ONLY,CONTINUATION,ELASTIC_NET_REGRESSION,F29,0.08203456873174475
120,900,2,CONTEXT_ONLY,CONTINUATION,ELASTIC_NET_REGRESSION,F36,-0.18188871455299302
120,900,2,CONTEXT_ONLY,CONTINUATION,ELASTIC_NET_LOGISTIC,F01,-0.09093961407870353
120,900,2,CONTEXT_ONLY,CONTINUATION,ELASTIC_NET_LOGISTIC,F02,0.0
120,900,2,CONTEXT_ONLY,CONTINUATION,ELASTIC_NET_LOGISTIC,F03,0.0
120,900,2,CONTEXT_ONLY,CONTINUATION,ELASTIC_NET_LOGISTIC,F04,0.0
120,900,2,CONTEXT_ONLY,CONTINUATION,ELASTIC_NET_LOGISTIC,F05,0.025010888274264422
120,900,2,CONTEXT_ONLY,CONTINUATION,ELASTIC_NET_LOGISTIC,F06,0.0
120,900,2,CONTEXT_ONLY,CONTINUATION,ELASTIC_NET_LOGISTIC,F07,0.0
120,900,2,CONTEXT_ONLY,CONTINUATION,ELASTIC_NET_LOGISTIC,F08,0.0
120,900,2,CONTEXT_ONLY,CONTINUATION,ELASTIC_NET_LOGISTIC,F09,0.0
120,900,2,CONTEXT_ONLY,CONTINUATION,ELASTIC_NET_LOGISTIC,F10,0.17863744732364803
120,900,2,CONTEXT_ONLY,CONTINUATION,ELASTIC_NET_LOGISTIC,F11,0.0
120,900,2,CONTEXT_ONLY,CONTINUATION,ELASTIC_NET_LOGISTIC,F12,0.0
120,900,2,CONTEXT_ONLY,CONTINUATION,ELASTIC_NET_LOGISTIC,F13,0.01599455015176595
120,900,2,CONTEXT_ONLY,CONTINUATION,ELASTIC_NET_LOGISTIC,F14,0.0
120,900,2,CONTEXT_ONLY,CONTINUATION,ELASTIC_NET_LOGISTIC,F15,0.0
120,900,2,CONTEXT_ONLY,CONTINUATION,ELASTIC_NET_LOGISTIC,F16,0.0
120,900,2,CONTEXT_ONLY,CONTINUATION,ELASTIC_NET_LOGISTIC,F17,0.0
120,900,2,CONTEXT_ONLY,CONTINUATION,ELASTIC_NET_LOGISTIC,F18,0.14396939335781214
120,900,2,CONTEXT_ONLY,CONTINUATION,ELASTIC_NET_LOGISTIC,F19,0.0
120,900,2,CONTEXT_ONLY,CONTINUATION,ELASTIC_NET_LOGISTIC,F20,0.0
120,900,2,CONTEXT_ONLY,CONTINUATION,ELASTIC_NET_LOGISTIC,F21,0.0
120,900,2,CONTEXT_ONLY,CONTINUATION,ELASTIC_NET_LOGISTIC,F22,0.0
120,900,2,CONTEXT_ONLY,CONTINUATION,ELASTIC_NET_LOGISTIC,F23,0.0
120,900,2,CONTEXT_ONLY,CONTINUATION,ELASTIC_NET_LOGISTIC,F24,-0.011942318579178029
120,900,2,CONTEXT_ONLY,CONTINUATION,ELASTIC_NET_LOGISTIC,F25,0.0
120,900,2,CONTEXT_ONLY,CONTINUATION,ELASTIC_NET_LOGISTIC,F26,0.0
120,900,2,CONTEXT_ONLY,CONTINUATION,ELASTIC_NET_LOGISTIC,F27,0.0
120,900,2,CONTEXT_ONLY,CONTINUATION,ELASTIC_NET_LOGISTIC,F28,0.0
120,900,2,CONTEXT_ONLY,CONTINUATION,ELASTIC_NET_LOGISTIC,F29,0.0
120,900,2,CONTEXT_ONLY,CONTINUATION,ELASTIC_NET_LOGISTIC,F36,0.0
120,900,2,CONTEXT_ONLY,REVERSAL,ELASTIC_NET_REGRESSION,F01,0.6907223616615339
120,900,2,CONTEXT_ONLY,REVERSAL,ELASTIC_NET_REGRESSION,F02,-0.0
120,900,2,CONTEXT_ONLY,REVERSAL,ELASTIC_NET_REGRESSION,F03,0.0
120,900,2,CONTEXT_ONLY,REVERSAL,ELASTIC_NET_REGRESSION,F04,-0.13109106767752857
120,900,2,CONTEXT_ONLY,REVERSAL,ELASTIC_NET_REGRESSION,F05,-0.15794287883990724
120,900,2,CONTEXT_ONLY,REVERSAL,ELASTIC_NET_REGRESSION,F06,0.09699502052592832
120,900,2,CONTEXT_ONLY,REVERSAL,ELASTIC_NET_REGRESSION,F07,-0.0
120,900,2,CONTEXT_ONLY,REVERSAL,ELASTIC_NET_REGRESSION,F08,0.029418075752421245
120,900,2,CONTEXT_ONLY,REVERSAL,ELASTIC_NET_REGRESSION,F09,-0.04987379819562845
120,900,2,CONTEXT_ONLY,REVERSAL,ELASTIC_NET_REGRESSION,F10,-0.5921423637789973
120,900,2,CONTEXT_ONLY,REVERSAL,ELASTIC_NET_REGRESSION,F11,-0.8105276650925861
120,900,2,CONTEXT_ONLY,REVERSAL,ELASTIC_NET_REGRESSION,F12,-0.0
120,900,2,CONTEXT_ONLY,REVERSAL,ELASTIC_NET_REGRESSION,F13,0.0
120,900,2,CONTEXT_ONLY,REVERSAL,ELASTIC_NET_REGRESSION,F14,0.0092551548286188
120,900,2,CONTEXT_ONLY,REVERSAL,ELASTIC_NET_REGRESSION,F15,-0.0
120,900,2,CONTEXT_ONLY,REVERSAL,ELASTIC_NET_REGRESSION,F16,0.4616977086783392
120,900,2,CONTEXT_ONLY,REVERSAL,ELASTIC_NET_REGRESSION,F17,0.0
120,900,2,CONTEXT_ONLY,REVERSAL,ELASTIC_NET_REGRESSION,F18,-0.0
120,900,2,CONTEXT_ONLY,REVERSAL,ELASTIC_NET_REGRESSION,F19,0.21236889768176886
120,900,2,CONTEXT_ONLY,REVERSAL,ELASTIC_NET_REGRESSION,F20,-0.014854077433543993
120,900,2,CONTEXT_ONLY,REVERSAL,ELASTIC_NET_REGRESSION,F21,-0.0
120,900,2,CONTEXT_ONLY,REVERSAL,ELASTIC_NET_REGRESSION,F22,0.0015084624488459152
120,900,2,CONTEXT_ONLY,REVERSAL,ELASTIC_NET_REGRESSION,F23,0.0
120,900,2,CONTEXT_ONLY,REVERSAL,ELASTIC_NET_REGRESSION,F24,0.0
120,900,2,CONTEXT_ONLY,REVERSAL,ELASTIC_NET_REGRESSION,F25,-0.0
120,900,2,CONTEXT_ONLY,REVERSAL,ELASTIC_NET_REGRESSION,F26,-0.0
120,900,2,CONTEXT_ONLY,REVERSAL,ELASTIC_NET_REGRESSION,F27,0.0
120,900,2,CONTEXT_ONLY,REVERSAL,ELASTIC_NET_REGRESSION,F28,0.0
120,900,2,CONTEXT_ONLY,REVERSAL,ELASTIC_NET_REGRESSION,F29,-0.0790953171038914
120,900,2,CONTEXT_ONLY,REVERSAL,ELASTIC_NET_REGRESSION,F36,0.18676255767665814
120,900,2,CONTEXT_ONLY,REVERSAL,ELASTIC_NET_LOGISTIC,F01,0.0
120,900,2,CONTEXT_ONLY,REVERSAL,ELASTIC_NET_LOGISTIC,F02,0.0
120,900,2,CONTEXT_ONLY,REVERSAL,ELASTIC_NET_LOGISTIC,F03,0.0
120,900,2,CONTEXT_ONLY,REVERSAL,ELASTIC_NET_LOGISTIC,F04,0.0
120,900,2,CONTEXT_ONLY,REVERSAL,ELASTIC_NET_LOGISTIC,F05,0.0
120,900,2,CONTEXT_ONLY,REVERSAL,ELASTIC_NET_LOGISTIC,F06,0.05660578488848842
120,900,2,CONTEXT_ONLY,REVERSAL,ELASTIC_NET_LOGISTIC,F07,0.0
120,900,2,CONTEXT_ONLY,REVERSAL,ELASTIC_NET_LOGISTIC,F08,0.03755563339116485
120,900,2,CONTEXT_ONLY,REVERSAL,ELASTIC_NET_LOGISTIC,F09,0.0
120,900,2,CONTEXT_ONLY,REVERSAL,ELASTIC_NET_LOGISTIC,F10,0.0
120,900,2,CONTEXT_ONLY,REVERSAL,ELASTIC_NET_LOGISTIC,F11,-0.018257174129982123
120,900,2,CONTEXT_ONLY,REVERSAL,ELASTIC_NET_LOGISTIC,F12,0.0
120,900,2,CONTEXT_ONLY,REVERSAL,ELASTIC_NET_LOGISTIC,F13,-0.02729308581476125
120,900,2,CONTEXT_ONLY,REVERSAL,ELASTIC_NET_LOGISTIC,F14,0.0
120,900,2,CONTEXT_ONLY,REVERSAL,ELASTIC_NET_LOGISTIC,F15,0.0
120,900,2,CONTEXT_ONLY,REVERSAL,ELASTIC_NET_LOGISTIC,F16,0.03573479980671313
120,900,2,CONTEXT_ONLY,REVERSAL,ELASTIC_NET_LOGISTIC,F17,0.0
120,900,2,CONTEXT_ONLY,REVERSAL,ELASTIC_NET_LOGISTIC,F18,0.0
120,900,2,CONTEXT_ONLY,REVERSAL,ELASTIC_NET_LOGISTIC,F19,0.0
120,900,2,CONTEXT_ONLY,REVERSAL,ELASTIC_NET_LOGISTIC,F20,0.0
120,900,2,CONTEXT_ONLY,REVERSAL,ELASTIC_NET_LOGISTIC,F21,0.0
120,900,2,CONTEXT_ONLY,REVERSAL,ELASTIC_NET_LOGISTIC,F22,0.0
120,900,2,CONTEXT_ONLY,REVERSAL,ELASTIC_NET_LOGISTIC,F23,0.029153839203993847
120,900,2,CONTEXT_ONLY,REVERSAL,ELASTIC_NET_LOGISTIC,F24,0.0
120,900,2,CONTEXT_ONLY,REVERSAL,ELASTIC_NET_LOGISTIC,F25,0.0
120,900,2,CONTEXT_ONLY,REVERSAL,ELASTIC_NET_LOGISTIC,F26,-0.09327345568907688
120,900,2,CONTEXT_ONLY,REVERSAL,ELASTIC_NET_LOGISTIC,F27,0.0
120,900,2,CONTEXT_ONLY,REVERSAL,ELASTIC_NET_LOGISTIC,F28,0.06202076722436401
120,900,2,CONTEXT_ONLY,REVERSAL,ELASTIC_NET_LOGISTIC,F29,0.0
120,900,2,CONTEXT_ONLY,REVERSAL,ELASTIC_NET_LOGISTIC,F36,0.0034551440716811288
120,900,2,CONTEXT_PLUS_SHOCK,CONTINUATION,ELASTIC_NET_REGRESSION,F01,-0.6782546313600827
120,900,2,CONTEXT_PLUS_SHOCK,CONTINUATION,ELASTIC_NET_REGRESSION,F02,0.0
120,900,2,CONTEXT_PLUS_SHOCK,CONTINUATION,ELASTIC_NET_REGRESSION,F03,-0.0
120,900,2,CONTEXT_PLUS_SHOCK,CONTINUATION,ELASTIC_NET_REGRESSION,F04,0.11032401540606465
120,900,2,CONTEXT_PLUS_SHOCK,CONTINUATION,ELASTIC_NET_REGRESSION,F05,0.16240725986542373
120,900,2,CONTEXT_PLUS_SHOCK,CONTINUATION,ELASTIC_NET_REGRESSION,F06,-0.11509912889626457
120,900,2,CONTEXT_PLUS_SHOCK,CONTINUATION,ELASTIC_NET_REGRESSION,F07,0.0
120,900,2,CONTEXT_PLUS_SHOCK,CONTINUATION,ELASTIC_NET_REGRESSION,F08,-0.03164269370955155
120,900,2,CONTEXT_PLUS_SHOCK,CONTINUATION,ELASTIC_NET_REGRESSION,F09,0.07064706452466277
120,900,2,CONTEXT_PLUS_SHOCK,CONTINUATION,ELASTIC_NET_REGRESSION,F10,0.6227952232226347
120,900,2,CONTEXT_PLUS_SHOCK,CONTINUATION,ELASTIC_NET_REGRESSION,F11,0.783171581692086
120,900,2,CONTEXT_PLUS_SHOCK,CONTINUATION,ELASTIC_NET_REGRESSION,F12,0.0
120,900,2,CONTEXT_PLUS_SHOCK,CONTINUATION,ELASTIC_NET_REGRESSION,F13,-0.0
120,900,2,CONTEXT_PLUS_SHOCK,CONTINUATION,ELASTIC_NET_REGRESSION,F14,-0.0
120,900,2,CONTEXT_PLUS_SHOCK,CONTINUATION,ELASTIC_NET_REGRESSION,F15,0.0
120,900,2,CONTEXT_PLUS_SHOCK,CONTINUATION,ELASTIC_NET_REGRESSION,F16,-0.45569618204322276
120,900,2,CONTEXT_PLUS_SHOCK,CONTINUATION,ELASTIC_NET_REGRESSION,F17,-0.0
120,900,2,CONTEXT_PLUS_SHOCK,CONTINUATION,ELASTIC_NET_REGRESSION,F18,0.0
120,900,2,CONTEXT_PLUS_SHOCK,CONTINUATION,ELASTIC_NET_REGRESSION,F19,-0.18350748323698632
120,900,2,CONTEXT_PLUS_SHOCK,CONTINUATION,ELASTIC_NET_REGRESSION,F20,0.0
120,900,2,CONTEXT_PLUS_SHOCK,CONTINUATION,ELASTIC_NET_REGRESSION,F21,0.0
120,900,2,CONTEXT_PLUS_SHOCK,CONTINUATION,ELASTIC_NET_REGRESSION,F22,-0.0
120,900,2,CONTEXT_PLUS_SHOCK,CONTINUATION,ELASTIC_NET_REGRESSION,F23,-0.039502543311048126
120,900,2,CONTEXT_PLUS_SHOCK,CONTINUATION,ELASTIC_NET_REGRESSION,F24,-0.0
120,900,2,CONTEXT_PLUS_SHOCK,CONTINUATION,ELASTIC_NET_REGRESSION,F25,0.0
120,900,2,CONTEXT_PLUS_SHOCK,CONTINUATION,ELASTIC_NET_REGRESSION,F26,0.0
120,900,2,CONTEXT_PLUS_SHOCK,CONTINUATION,ELASTIC_NET_REGRESSION,F27,-0.0
120,900,2,CONTEXT_PLUS_SHOCK,CONTINUATION,ELASTIC_NET_REGRESSION,F28,-0.0
120,900,2,CONTEXT_PLUS_SHOCK,CONTINUATION,ELASTIC_NET_REGRESSION,F29,0.08382817995739572
120,900,2,CONTEXT_PLUS_SHOCK,CONTINUATION,ELASTIC_NET_REGRESSION,F30,0.05769186718447963
120,900,2,CONTEXT_PLUS_SHOCK,CONTINUATION,ELASTIC_NET_REGRESSION,F31,0.0
120,900,2,CONTEXT_PLUS_SHOCK,CONTINUATION,ELASTIC_NET_REGRESSION,F32,0.0
120,900,2,CONTEXT_PLUS_SHOCK,CONTINUATION,ELASTIC_NET_REGRESSION,F33,-0.012219165151337648
120,900,2,CONTEXT_PLUS_SHOCK,CONTINUATION,ELASTIC_NET_REGRESSION,F34,0.010515380731709037
120,900,2,CONTEXT_PLUS_SHOCK,CONTINUATION,ELASTIC_NET_REGRESSION,F35,-0.336326837581465
120,900,2,CONTEXT_PLUS_SHOCK,CONTINUATION,ELASTIC_NET_REGRESSION,F36,-0.1616975781757331
120,900,2,CONTEXT_PLUS_SHOCK,CONTINUATION,ELASTIC_NET_LOGISTIC,F01,-0.08945529533670248
120,900,2,CONTEXT_PLUS_SHOCK,CONTINUATION,ELASTIC_NET_LOGISTIC,F02,0.0
120,900,2,CONTEXT_PLUS_SHOCK,CONTINUATION,ELASTIC_NET_LOGISTIC,F03,0.0
120,900,2,CONTEXT_PLUS_SHOCK,CONTINUATION,ELASTIC_NET_LOGISTIC,F04,0.0
120,900,2,CONTEXT_PLUS_SHOCK,CONTINUATION,ELASTIC_NET_LOGISTIC,F05,0.024685431186810887
120,900,2,CONTEXT_PLUS_SHOCK,CONTINUATION,ELASTIC_NET_LOGISTIC,F06,0.0
120,900,2,CONTEXT_PLUS_SHOCK,CONTINUATION,ELASTIC_NET_LOGISTIC,F07,0.0
120,900,2,CONTEXT_PLUS_SHOCK,CONTINUATION,ELASTIC_NET_LOGISTIC,F08,0.0
120,900,2,CONTEXT_PLUS_SHOCK,CONTINUATION,ELASTIC_NET_LOGISTIC,F09,0.0
120,900,2,CONTEXT_PLUS_SHOCK,CONTINUATION,ELASTIC_NET_LOGISTIC,F10,0.18006142111345536
120,900,2,CONTEXT_PLUS_SHOCK,CONTINUATION,ELASTIC_NET_LOGISTIC,F11,0.0
120,900,2,CONTEXT_PLUS_SHOCK,CONTINUATION,ELASTIC_NET_LOGISTIC,F12,0.0
120,900,2,CONTEXT_PLUS_SHOCK,CONTINUATION,ELASTIC_NET_LOGISTIC,F13,0.012506737592040598
120,900,2,CONTEXT_PLUS_SHOCK,CONTINUATION,ELASTIC_NET_LOGISTIC,F14,0.0
120,900,2,CONTEXT_PLUS_SHOCK,CONTINUATION,ELASTIC_NET_LOGISTIC,F15,0.0
120,900,2,CONTEXT_PLUS_SHOCK,CONTINUATION,ELASTIC_NET_LOGISTIC,F16,0.0
120,900,2,CONTEXT_PLUS_SHOCK,CONTINUATION,ELASTIC_NET_LOGISTIC,F17,0.0
120,900,2,CONTEXT_PLUS_SHOCK,CONTINUATION,ELASTIC_NET_LOGISTIC,F18,0.13702463643102095
120,900,2,CONTEXT_PLUS_SHOCK,CONTINUATION,ELASTIC_NET_LOGISTIC,F19,0.0
120,900,2,CONTEXT_PLUS_SHOCK,CONTINUATION,ELASTIC_NET_LOGISTIC,F20,0.0
120,900,2,CONTEXT_PLUS_SHOCK,CONTINUATION,ELASTIC_NET_LOGISTIC,F21,0.0
120,900,2,CONTEXT_PLUS_SHOCK,CONTINUATION,ELASTIC_NET_LOGISTIC,F22,0.0
120,900,2,CONTEXT_PLUS_SHOCK,CONTINUATION,ELASTIC_NET_LOGISTIC,F23,0.0
120,900,2,CONTEXT_PLUS_SHOCK,CONTINUATION,ELASTIC_NET_LOGISTIC,F24,-0.015230039519064261
120,900,2,CONTEXT_PLUS_SHOCK,CONTINUATION,ELASTIC_NET_LOGISTIC,F25,0.0
120,900,2,CONTEXT_PLUS_SHOCK,CONTINUATION,ELASTIC_NET_LOGISTIC,F26,0.0
120,900,2,CONTEXT_PLUS_SHOCK,CONTINUATION,ELASTIC_NET_LOGISTIC,F27,0.0
120,900,2,CONTEXT_PLUS_SHOCK,CONTINUATION,ELASTIC_NET_LOGISTIC,F28,0.0
120,900,2,CONTEXT_PLUS_SHOCK,CONTINUATION,ELASTIC_NET_LOGISTIC,F29,0.0
120,900,2,CONTEXT_PLUS_SHOCK,CONTINUATION,ELASTIC_NET_LOGISTIC,F30,0.04674401864523902
120,900,2,CONTEXT_PLUS_SHOCK,CONTINUATION,ELASTIC_NET_LOGISTIC,F31,0.0
120,900,2,CONTEXT_PLUS_SHOCK,CONTINUATION,ELASTIC_NET_LOGISTIC,F32,0.0
120,900,2,CONTEXT_PLUS_SHOCK,CONTINUATION,ELASTIC_NET_LOGISTIC,F33,0.0
120,900,2,CONTEXT_PLUS_SHOCK,CONTINUATION,ELASTIC_NET_LOGISTIC,F34,0.0
120,900,2,CONTEXT_PLUS_SHOCK,CONTINUATION,ELASTIC_NET_LOGISTIC,F35,-0.004511934908906538
120,900,2,CONTEXT_PLUS_SHOCK,CONTINUATION,ELASTIC_NET_LOGISTIC,F36,0.0
120,900,2,CONTEXT_PLUS_SHOCK,REVERSAL,ELASTIC_NET_REGRESSION,F01,0.6763280219247646
120,900,2,CONTEXT_PLUS_SHOCK,REVERSAL,ELASTIC_NET_REGRESSION,F02,-0.0
120,900,2,CONTEXT_PLUS_SHOCK,REVERSAL,ELASTIC_NET_REGRESSION,F03,0.0
120,900,2,CONTEXT_PLUS_SHOCK,REVERSAL,ELASTIC_NET_REGRESSION,F04,-0.11648481629128428
120,900,2,CONTEXT_PLUS_SHOCK,REVERSAL,ELASTIC_NET_REGRESSION,F05,-0.1576601004313488
120,900,2,CONTEXT_PLUS_SHOCK,REVERSAL,ELASTIC_NET_REGRESSION,F06,0.11993793634398241
120,900,2,CONTEXT_PLUS_SHOCK,REVERSAL,ELASTIC_NET_REGRESSION,F07,-0.0
120,900,2,CONTEXT_PLUS_SHOCK,REVERSAL,ELASTIC_NET_REGRESSION,F08,0.03528146948808146
120,900,2,CONTEXT_PLUS_SHOCK,REVERSAL,ELASTIC_NET_REGRESSION,F09,-0.07578280971919563
120,900,2,CONTEXT_PLUS_SHOCK,REVERSAL,ELASTIC_NET_REGRESSION,F10,-0.6227544697319997
120,900,2,CONTEXT_PLUS_SHOCK,REVERSAL,ELASTIC_NET_REGRESSION,F11,-0.7790702416778599
120,900,2,CONTEXT_PLUS_SHOCK,REVERSAL,ELASTIC_NET_REGRESSION,F12,-0.0
120,900,2,CONTEXT_PLUS_SHOCK,REVERSAL,ELASTIC_NET_REGRESSION,F13,0.0
120,900,2,CONTEXT_PLUS_SHOCK,REVERSAL,ELASTIC_NET_REGRESSION,F14,0.007983807780825022
120,900,2,CONTEXT_PLUS_SHOCK,REVERSAL,ELASTIC_NET_REGRESSION,F15,-0.0
120,900,2,CONTEXT_PLUS_SHOCK,REVERSAL,ELASTIC_NET_REGRESSION,F16,0.4671255868798932
120,900,2,CONTEXT_PLUS_SHOCK,REVERSAL,ELASTIC_NET_REGRESSION,F17,0.0
120,900,2,CONTEXT_PLUS_SHOCK,REVERSAL,ELASTIC_NET_REGRESSION,F18,-0.0
120,900,2,CONTEXT_PLUS_SHOCK,REVERSAL,ELASTIC_NET_REGRESSION,F19,0.17735380560847905
120,900,2,CONTEXT_PLUS_SHOCK,REVERSAL,ELASTIC_NET_REGRESSION,F20,-0.0
120,900,2,CONTEXT_PLUS_SHOCK,REVERSAL,ELASTIC_NET_REGRESSION,F21,-0.0
120,900,2,CONTEXT_PLUS_SHOCK,REVERSAL,ELASTIC_NET_REGRESSION,F22,0.0
120,900,2,CONTEXT_PLUS_SHOCK,REVERSAL,ELASTIC_NET_REGRESSION,F23,0.04583543570479892
120,900,2,CONTEXT_PLUS_SHOCK,REVERSAL,ELASTIC_NET_REGRESSION,F24,0.0
120,900,2,CONTEXT_PLUS_SHOCK,REVERSAL,ELASTIC_NET_REGRESSION,F25,-0.0
120,900,2,CONTEXT_PLUS_SHOCK,REVERSAL,ELASTIC_NET_REGRESSION,F26,-0.0
120,900,2,CONTEXT_PLUS_SHOCK,REVERSAL,ELASTIC_NET_REGRESSION,F27,0.0
120,900,2,CONTEXT_PLUS_SHOCK,REVERSAL,ELASTIC_NET_REGRESSION,F28,0.0
120,900,2,CONTEXT_PLUS_SHOCK,REVERSAL,ELASTIC_NET_REGRESSION,F29,-0.08021331670024269
120,900,2,CONTEXT_PLUS_SHOCK,REVERSAL,ELASTIC_NET_REGRESSION,F30,-0.052301632676936965
120,900,2,CONTEXT_PLUS_SHOCK,REVERSAL,ELASTIC_NET_REGRESSION,F31,-0.0
120,900,2,CONTEXT_PLUS_SHOCK,REVERSAL,ELASTIC_NET_REGRESSION,F32,0.0
120,900,2,CONTEXT_PLUS_SHOCK,REVERSAL,ELASTIC_NET_REGRESSION,F33,0.03228656004704112
120,900,2,CONTEXT_PLUS_SHOCK,REVERSAL,ELASTIC_NET_REGRESSION,F34,-0.010432793985304603
120,900,2,CONTEXT_PLUS_SHOCK,REVERSAL,ELASTIC_NET_REGRESSION,F35,0.3409742214241307
120,900,2,CONTEXT_PLUS_SHOCK,REVERSAL,ELASTIC_NET_REGRESSION,F36,0.1668965082823983
120,900,2,CONTEXT_PLUS_SHOCK,REVERSAL,ELASTIC_NET_LOGISTIC,F01,0.0
120,900,2,CONTEXT_PLUS_SHOCK,REVERSAL,ELASTIC_NET_LOGISTIC,F02,0.0
120,900,2,CONTEXT_PLUS_SHOCK,REVERSAL,ELASTIC_NET_LOGISTIC,F03,0.0
120,900,2,CONTEXT_PLUS_SHOCK,REVERSAL,ELASTIC_NET_LOGISTIC,F04,0.0
120,900,2,CONTEXT_PLUS_SHOCK,REVERSAL,ELASTIC_NET_LOGISTIC,F05,0.0
120,900,2,CONTEXT_PLUS_SHOCK,REVERSAL,ELASTIC_NET_LOGISTIC,F06,0.05371861032690393
120,900,2,CONTEXT_PLUS_SHOCK,REVERSAL,ELASTIC_NET_LOGISTIC,F07,0.0
120,900,2,CONTEXT_PLUS_SHOCK,REVERSAL,ELASTIC_NET_LOGISTIC,F08,0.038308215177344486
120,900,2,CONTEXT_PLUS_SHOCK,REVERSAL,ELASTIC_NET_LOGISTIC,F09,0.0
120,900,2,CONTEXT_PLUS_SHOCK,REVERSAL,ELASTIC_NET_LOGISTIC,F10,0.0
120,900,2,CONTEXT_PLUS_SHOCK,REVERSAL,ELASTIC_NET_LOGISTIC,F11,-0.01872836755550004
120,900,2,CONTEXT_PLUS_SHOCK,REVERSAL,ELASTIC_NET_LOGISTIC,F12,0.0
120,900,2,CONTEXT_PLUS_SHOCK,REVERSAL,ELASTIC_NET_LOGISTIC,F13,-0.026131136034064622
120,900,2,CONTEXT_PLUS_SHOCK,REVERSAL,ELASTIC_NET_LOGISTIC,F14,0.0
120,900,2,CONTEXT_PLUS_SHOCK,REVERSAL,ELASTIC_NET_LOGISTIC,F15,0.0
120,900,2,CONTEXT_PLUS_SHOCK,REVERSAL,ELASTIC_NET_LOGISTIC,F16,0.034463789710454704
120,900,2,CONTEXT_PLUS_SHOCK,REVERSAL,ELASTIC_NET_LOGISTIC,F17,0.0
120,900,2,CONTEXT_PLUS_SHOCK,REVERSAL,ELASTIC_NET_LOGISTIC,F18,0.0
120,900,2,CONTEXT_PLUS_SHOCK,REVERSAL,ELASTIC_NET_LOGISTIC,F19,0.0
120,900,2,CONTEXT_PLUS_SHOCK,REVERSAL,ELASTIC_NET_LOGISTIC,F20,0.0
120,900,2,CONTEXT_PLUS_SHOCK,REVERSAL,ELASTIC_NET_LOGISTIC,F21,0.0
120,900,2,CONTEXT_PLUS_SHOCK,REVERSAL,ELASTIC_NET_LOGISTIC,F22,0.0
120,900,2,CONTEXT_PLUS_SHOCK,REVERSAL,ELASTIC_NET_LOGISTIC,F23,0.025366834144929774
120,900,2,CONTEXT_PLUS_SHOCK,REVERSAL,ELASTIC_NET_LOGISTIC,F24,0.0
120,900,2,CONTEXT_PLUS_SHOCK,REVERSAL,ELASTIC_NET_LOGISTIC,F25,0.0
120,900,2,CONTEXT_PLUS_SHOCK,REVERSAL,ELASTIC_NET_LOGISTIC,F26,-0.09342848396212015
120,900,2,CONTEXT_PLUS_SHOCK,REVERSAL,ELASTIC_NET_LOGISTIC,F27,0.0
120,900,2,CONTEXT_PLUS_SHOCK,REVERSAL,ELASTIC_NET_LOGISTIC,F28,0.06343009301697268
120,900,2,CONTEXT_PLUS_SHOCK,REVERSAL,ELASTIC_NET_LOGISTIC,F29,0.0
120,900,2,CONTEXT_PLUS_SHOCK,REVERSAL,ELASTIC_NET_LOGISTIC,F30,0.0
120,900,2,CONTEXT_PLUS_SHOCK,REVERSAL,ELASTIC_NET_LOGISTIC,F31,0.0
120,900,2,CONTEXT_PLUS_SHOCK,REVERSAL,ELASTIC_NET_LOGISTIC,F32,0.0
120,900,2,CONTEXT_PLUS_SHOCK,REVERSAL,ELASTIC_NET_LOGISTIC,F33,0.0
120,900,2,CONTEXT_PLUS_SHOCK,REVERSAL,ELASTIC_NET_LOGISTIC,F34,0.0
120,900,2,CONTEXT_PLUS_SHOCK,REVERSAL,ELASTIC_NET_LOGISTIC,F35,-0.026218820165048316
120,900,2,CONTEXT_PLUS_SHOCK,REVERSAL,ELASTIC_NET_LOGISTIC,F36,0.004567381854205803
120,900,3,CONTEXT_ONLY,CONTINUATION,ELASTIC_NET_REGRESSION,F01,-0.5327472880694223
120,900,3,CONTEXT_ONLY,CONTINUATION,ELASTIC_NET_REGRESSION,F02,0.2022234951631554
120,900,3,CONTEXT_ONLY,CONTINUATION,ELASTIC_NET_REGRESSION,F03,-0.35272768783200087
120,900,3,CONTEXT_ONLY,CONTINUATION,ELASTIC_NET_REGRESSION,F04,0.4465179624503625
120,900,3,CONTEXT_ONLY,CONTINUATION,ELASTIC_NET_REGRESSION,F05,0.1748060999949154
120,900,3,CONTEXT_ONLY,CONTINUATION,ELASTIC_NET_REGRESSION,F06,-0.3967439873932336
120,900,3,CONTEXT_ONLY,CONTINUATION,ELASTIC_NET_REGRESSION,F07,0.09733540463925629
120,900,3,CONTEXT_ONLY,CONTINUATION,ELASTIC_NET_REGRESSION,F08,-0.1596988309845747
120,900,3,CONTEXT_ONLY,CONTINUATION,ELASTIC_NET_REGRESSION,F09,0.022582159688243796
120,900,3,CONTEXT_ONLY,CONTINUATION,ELASTIC_NET_REGRESSION,F10,0.3061535439817873
120,900,3,CONTEXT_ONLY,CONTINUATION,ELASTIC_NET_REGRESSION,F11,0.5188212288906333
120,900,3,CONTEXT_ONLY,CONTINUATION,ELASTIC_NET_REGRESSION,F12,-0.0
120,900,3,CONTEXT_ONLY,CONTINUATION,ELASTIC_NET_REGRESSION,F13,0.0008431517927946167
120,900,3,CONTEXT_ONLY,CONTINUATION,ELASTIC_NET_REGRESSION,F14,-0.16053689692875683
120,900,3,CONTEXT_ONLY,CONTINUATION,ELASTIC_NET_REGRESSION,F15,0.19160989480690577
120,900,3,CONTEXT_ONLY,CONTINUATION,ELASTIC_NET_REGRESSION,F16,-0.6590952399098754
120,900,3,CONTEXT_ONLY,CONTINUATION,ELASTIC_NET_REGRESSION,F17,-0.3380148001064412
120,900,3,CONTEXT_ONLY,CONTINUATION,ELASTIC_NET_REGRESSION,F18,0.0
120,900,3,CONTEXT_ONLY,CONTINUATION,ELASTIC_NET_REGRESSION,F19,-0.21334152405706602
120,900,3,CONTEXT_ONLY,CONTINUATION,ELASTIC_NET_REGRESSION,F20,0.39010821072994384
120,900,3,CONTEXT_ONLY,CONTINUATION,ELASTIC_NET_REGRESSION,F21,0.03940472253538749
120,900,3,CONTEXT_ONLY,CONTINUATION,ELASTIC_NET_REGRESSION,F22,-0.07269021314505977
120,900,3,CONTEXT_ONLY,CONTINUATION,ELASTIC_NET_REGRESSION,F23,-0.1756820953066915
120,900,3,CONTEXT_ONLY,CONTINUATION,ELASTIC_NET_REGRESSION,F24,-0.010450064284250448
120,900,3,CONTEXT_ONLY,CONTINUATION,ELASTIC_NET_REGRESSION,F25,0.7989159466799199
120,900,3,CONTEXT_ONLY,CONTINUATION,ELASTIC_NET_REGRESSION,F26,0.1434026144857536
120,900,3,CONTEXT_ONLY,CONTINUATION,ELASTIC_NET_REGRESSION,F27,0.0
120,900,3,CONTEXT_ONLY,CONTINUATION,ELASTIC_NET_REGRESSION,F28,-0.12025621887089102
120,900,3,CONTEXT_ONLY,CONTINUATION,ELASTIC_NET_REGRESSION,F29,0.08439734632087711
120,900,3,CONTEXT_ONLY,CONTINUATION,ELASTIC_NET_REGRESSION,F36,-0.3419293206632687
120,900,3,CONTEXT_ONLY,CONTINUATION,ELASTIC_NET_LOGISTIC,F01,-0.04604447172248402
120,900,3,CONTEXT_ONLY,CONTINUATION,ELASTIC_NET_LOGISTIC,F02,0.0
120,900,3,CONTEXT_ONLY,CONTINUATION,ELASTIC_NET_LOGISTIC,F03,0.0
120,900,3,CONTEXT_ONLY,CONTINUATION,ELASTIC_NET_LOGISTIC,F04,0.0
120,900,3,CONTEXT_ONLY,CONTINUATION,ELASTIC_NET_LOGISTIC,F05,0.04665975144912016
120,900,3,CONTEXT_ONLY,CONTINUATION,ELASTIC_NET_LOGISTIC,F06,0.0
120,900,3,CONTEXT_ONLY,CONTINUATION,ELASTIC_NET_LOGISTIC,F07,0.003880479555908274
120,900,3,CONTEXT_ONLY,CONTINUATION,ELASTIC_NET_LOGISTIC,F08,-0.072644779331065
120,900,3,CONTEXT_ONLY,CONTINUATION,ELASTIC_NET_LOGISTIC,F09,0.0
120,900,3,CONTEXT_ONLY,CONTINUATION,ELASTIC_NET_LOGISTIC,F10,0.1109044544633415
120,900,3,CONTEXT_ONLY,CONTINUATION,ELASTIC_NET_LOGISTIC,F11,0.0
120,900,3,CONTEXT_ONLY,CONTINUATION,ELASTIC_NET_LOGISTIC,F12,0.0
120,900,3,CONTEXT_ONLY,CONTINUATION,ELASTIC_NET_LOGISTIC,F13,0.010639850661658514
120,900,3,CONTEXT_ONLY,CONTINUATION,ELASTIC_NET_LOGISTIC,F14,0.0
120,900,3,CONTEXT_ONLY,CONTINUATION,ELASTIC_NET_LOGISTIC,F15,0.0
120,900,3,CONTEXT_ONLY,CONTINUATION,ELASTIC_NET_LOGISTIC,F16,0.0
120,900,3,CONTEXT_ONLY,CONTINUATION,ELASTIC_NET_LOGISTIC,F17,0.0
120,900,3,CONTEXT_ONLY,CONTINUATION,ELASTIC_NET_LOGISTIC,F18,0.0
120,900,3,CONTEXT_ONLY,CONTINUATION,ELASTIC_NET_LOGISTIC,F19,0.0
120,900,3,CONTEXT_ONLY,CONTINUATION,ELASTIC_NET_LOGISTIC,F20,0.0
120,900,3,CONTEXT_ONLY,CONTINUATION,ELASTIC_NET_LOGISTIC,F21,0.0
120,900,3,CONTEXT_ONLY,CONTINUATION,ELASTIC_NET_LOGISTIC,F22,0.0
120,900,3,CONTEXT_ONLY,CONTINUATION,ELASTIC_NET_LOGISTIC,F23,0.0
120,900,3,CONTEXT_ONLY,CONTINUATION,ELASTIC_NET_LOGISTIC,F24,0.0
120,900,3,CONTEXT_ONLY,CONTINUATION,ELASTIC_NET_LOGISTIC,F25,0.20064034069098396
120,900,3,CONTEXT_ONLY,CONTINUATION,ELASTIC_NET_LOGISTIC,F26,0.0
120,900,3,CONTEXT_ONLY,CONTINUATION,ELASTIC_NET_LOGISTIC,F27,0.0
120,900,3,CONTEXT_ONLY,CONTINUATION,ELASTIC_NET_LOGISTIC,F28,0.0
120,900,3,CONTEXT_ONLY,CONTINUATION,ELASTIC_NET_LOGISTIC,F29,-0.01291536400646333
120,900,3,CONTEXT_ONLY,CONTINUATION,ELASTIC_NET_LOGISTIC,F36,0.0
120,900,3,CONTEXT_ONLY,REVERSAL,ELASTIC_NET_REGRESSION,F01,0.5309889170063531
120,900,3,CONTEXT_ONLY,REVERSAL,ELASTIC_NET_REGRESSION,F02,-0.20435234950435308
120,900,3,CONTEXT_ONLY,REVERSAL,ELASTIC_NET_REGRESSION,F03,0.3522158212023297
120,900,3,CONTEXT_ONLY,REVERSAL,ELASTIC_NET_REGRESSION,F04,-0.4479457049805337
120,900,3,CONTEXT_ONLY,REVERSAL,ELASTIC_NET_REGRESSION,F05,-0.17323368195475608
120,900,3,CONTEXT_ONLY,REVERSAL,ELASTIC_NET_REGRESSION,F06,0.40053281771737326
120,900,3,CONTEXT_ONLY,REVERSAL,ELASTIC_NET_REGRESSION,F07,-0.1010162125435816
120,900,3,CONTEXT_ONLY,REVERSAL,ELASTIC_NET_REGRESSION,F08,0.16220991979783705
120,900,3,CONTEXT_ONLY,REVERSAL,ELASTIC_NET_REGRESSION,F09,-0.025985906950627198
120,900,3,CONTEXT_ONLY,REVERSAL,ELASTIC_NET_REGRESSION,F10,-0.30715512683887697
120,900,3,CONTEXT_ONLY,REVERSAL,ELASTIC_NET_REGRESSION,F11,-0.5209637422603651
120,900,3,CONTEXT_ONLY,REVERSAL,ELASTIC_NET_REGRESSION,F12,0.0
120,900,3,CONTEXT_ONLY,REVERSAL,ELASTIC_NET_REGRESSION,F13,-0.005416117459059149
120,900,3,CONTEXT_ONLY,REVERSAL,ELASTIC_NET_REGRESSION,F14,0.16798920149953966
120,900,3,CONTEXT_ONLY,REVERSAL,ELASTIC_NET_REGRESSION,F15,-0.18937188303540725
120,900,3,CONTEXT_ONLY,REVERSAL,ELASTIC_NET_REGRESSION,F16,0.6562475272240964
120,900,3,CONTEXT_ONLY,REVERSAL,ELASTIC_NET_REGRESSION,F17,0.320631074647046
120,900,3,CONTEXT_ONLY,REVERSAL,ELASTIC_NET_REGRESSION,F18,-0.0
120,900,3,CONTEXT_ONLY,REVERSAL,ELASTIC_NET_REGRESSION,F19,0.20790738005647008
120,900,3,CONTEXT_ONLY,REVERSAL,ELASTIC_NET_REGRESSION,F20,-0.38357981608190017
120,900,3,CONTEXT_ONLY,REVERSAL,ELASTIC_NET_REGRESSION,F21,-0.02703010259808057
120,900,3,CONTEXT_ONLY,REVERSAL,ELASTIC_NET_REGRESSION,F22,0.07964771990290588
120,900,3,CONTEXT_ONLY,REVERSAL,ELASTIC_NET_REGRESSION,F23,0.18127239075743332
120,900,3,CONTEXT_ONLY,REVERSAL,ELASTIC_NET_REGRESSION,F24,0.002860252911164774
120,900,3,CONTEXT_ONLY,REVERSAL,ELASTIC_NET_REGRESSION,F25,-0.7591878852633751
120,900,3,CONTEXT_ONLY,REVERSAL,ELASTIC_NET_REGRESSION,F26,-0.12440757122001118
120,900,3,CONTEXT_ONLY,REVERSAL,ELASTIC_NET_REGRESSION,F27,-0.0
120,900,3,CONTEXT_ONLY,REVERSAL,ELASTIC_NET_REGRESSION,F28,0.13328976781496457
120,900,3,CONTEXT_ONLY,REVERSAL,ELASTIC_NET_REGRESSION,F29,-0.0792309742991809
120,900,3,CONTEXT_ONLY,REVERSAL,ELASTIC_NET_REGRESSION,F36,0.34621831181897034
120,900,3,CONTEXT_ONLY,REVERSAL,ELASTIC_NET_LOGISTIC,F01,0.0
120,900,3,CONTEXT_ONLY,REVERSAL,ELASTIC_NET_LOGISTIC,F02,0.0
120,900,3,CONTEXT_ONLY,REVERSAL,ELASTIC_NET_LOGISTIC,F03,0.0
120,900,3,CONTEXT_ONLY,REVERSAL,ELASTIC_NET_LOGISTIC,F04,0.0
120,900,3,CONTEXT_ONLY,REVERSAL,ELASTIC_NET_LOGISTIC,F05,-0.12158591776650987
120,900,3,CONTEXT_ONLY,REVERSAL,ELASTIC_NET_LOGISTIC,F06,0.16175983671114988
120,900,3,CONTEXT_ONLY,REVERSAL,ELASTIC_NET_LOGISTIC,F07,-0.0034735982312786443
120,900,3,CONTEXT_ONLY,REVERSAL,ELASTIC_NET_LOGISTIC,F08,0.1395596628132917
120,900,3,CONTEXT_ONLY,REVERSAL,ELASTIC_NET_LOGISTIC,F09,0.0
120,900,3,CONTEXT_ONLY,REVERSAL,ELASTIC_NET_LOGISTIC,F10,0.0
120,900,3,CONTEXT_ONLY,REVERSAL,ELASTIC_NET_LOGISTIC,F11,-0.04365725729785029
120,900,3,CONTEXT_ONLY,REVERSAL,ELASTIC_NET_LOGISTIC,F12,0.013417367231728717
120,900,3,CONTEXT_ONLY,REVERSAL,ELASTIC_NET_LOGISTIC,F13,-0.10909990336933371
120,900,3,CONTEXT_ONLY,REVERSAL,ELASTIC_NET_LOGISTIC,F14,0.0
120,900,3,CONTEXT_ONLY,REVERSAL,ELASTIC_NET_LOGISTIC,F15,0.0
120,900,3,CONTEXT_ONLY,REVERSAL,ELASTIC_NET_LOGISTIC,F16,0.029962933541542225
120,900,3,CONTEXT_ONLY,REVERSAL,ELASTIC_NET_LOGISTIC,F17,0.0
120,900,3,CONTEXT_ONLY,REVERSAL,ELASTIC_NET_LOGISTIC,F18,0.0
120,900,3,CONTEXT_ONLY,REVERSAL,ELASTIC_NET_LOGISTIC,F19,0.0
120,900,3,CONTEXT_ONLY,REVERSAL,ELASTIC_NET_LOGISTIC,F20,0.0
120,900,3,CONTEXT_ONLY,REVERSAL,ELASTIC_NET_LOGISTIC,F21,-0.03267074492600046
120,900,3,CONTEXT_ONLY,REVERSAL,ELASTIC_NET_LOGISTIC,F22,0.0
120,900,3,CONTEXT_ONLY,REVERSAL,ELASTIC_NET_LOGISTIC,F23,0.10087819970640459
120,900,3,CONTEXT_ONLY,REVERSAL,ELASTIC_NET_LOGISTIC,F24,0.00024047325610853718
120,900,3,CONTEXT_ONLY,REVERSAL,ELASTIC_NET_LOGISTIC,F25,0.0
120,900,3,CONTEXT_ONLY,REVERSAL,ELASTIC_NET_LOGISTIC,F26,-0.1835797551489303
120,900,3,CONTEXT_ONLY,REVERSAL,ELASTIC_NET_LOGISTIC,F27,0.0
120,900,3,CONTEXT_ONLY,REVERSAL,ELASTIC_NET_LOGISTIC,F28,0.10990099214045776
120,900,3,CONTEXT_ONLY,REVERSAL,ELASTIC_NET_LOGISTIC,F29,-0.013952425545528665
120,900,3,CONTEXT_ONLY,REVERSAL,ELASTIC_NET_LOGISTIC,F36,0.09139753458574575
120,900,3,CONTEXT_PLUS_SHOCK,CONTINUATION,ELASTIC_NET_REGRESSION,F01,-0.5559982466853881
120,900,3,CONTEXT_PLUS_SHOCK,CONTINUATION,ELASTIC_NET_REGRESSION,F02,0.16275781137623346
120,900,3,CONTEXT_PLUS_SHOCK,CONTINUATION,ELASTIC_NET_REGRESSION,F03,-0.32164350916204937
120,900,3,CONTEXT_PLUS_SHOCK,CONTINUATION,ELASTIC_NET_REGRESSION,F04,0.44213031082356025
120,900,3,CONTEXT_PLUS_SHOCK,CONTINUATION,ELASTIC_NET_REGRESSION,F05,0.16478844854016017
120,900,3,CONTEXT_PLUS_SHOCK,CONTINUATION,ELASTIC_NET_REGRESSION,F06,-0.42282943490962877
120,900,3,CONTEXT_PLUS_SHOCK,CONTINUATION,ELASTIC_NET_REGRESSION,F07,0.07572067676983177
120,900,3,CONTEXT_PLUS_SHOCK,CONTINUATION,ELASTIC_NET_REGRESSION,F08,-0.13490074716418604
120,900,3,CONTEXT_PLUS_SHOCK,CONTINUATION,ELASTIC_NET_REGRESSION,F09,0.0065155732060228145
120,900,3,CONTEXT_PLUS_SHOCK,CONTINUATION,ELASTIC_NET_REGRESSION,F10,0.34653102874231834
120,900,3,CONTEXT_PLUS_SHOCK,CONTINUATION,ELASTIC_NET_REGRESSION,F11,0.523260016795301
120,900,3,CONTEXT_PLUS_SHOCK,CONTINUATION,ELASTIC_NET_REGRESSION,F12,0.003914660906481133
120,900,3,CONTEXT_PLUS_SHOCK,CONTINUATION,ELASTIC_NET_REGRESSION,F13,0.002857700378598496
120,900,3,CONTEXT_PLUS_SHOCK,CONTINUATION,ELASTIC_NET_REGRESSION,F14,-0.1550350074141356
120,900,3,CONTEXT_PLUS_SHOCK,CONTINUATION,ELASTIC_NET_REGRESSION,F15,0.18505745043189342
120,900,3,CONTEXT_PLUS_SHOCK,CONTINUATION,ELASTIC_NET_REGRESSION,F16,-0.6808994170297221
120,900,3,CONTEXT_PLUS_SHOCK,CONTINUATION,ELASTIC_NET_REGRESSION,F17,-0.34043074811755725
120,900,3,CONTEXT_PLUS_SHOCK,CONTINUATION,ELASTIC_NET_REGRESSION,F18,0.0
120,900,3,CONTEXT_PLUS_SHOCK,CONTINUATION,ELASTIC_NET_REGRESSION,F19,-0.17206243293530518
120,900,3,CONTEXT_PLUS_SHOCK,CONTINUATION,ELASTIC_NET_REGRESSION,F20,0.31216101706910643
120,900,3,CONTEXT_PLUS_SHOCK,CONTINUATION,ELASTIC_NET_REGRESSION,F21,0.013332363074307838
120,900,3,CONTEXT_PLUS_SHOCK,CONTINUATION,ELASTIC_NET_REGRESSION,F22,-0.08909110740698896
120,900,3,CONTEXT_PLUS_SHOCK,CONTINUATION,ELASTIC_NET_REGRESSION,F23,-0.2852735741197374
120,900,3,CONTEXT_PLUS_SHOCK,CONTINUATION,ELASTIC_NET_REGRESSION,F24,-0.008109104290831063
120,900,3,CONTEXT_PLUS_SHOCK,CONTINUATION,ELASTIC_NET_REGRESSION,F25,0.811730920547493
120,900,3,CONTEXT_PLUS_SHOCK,CONTINUATION,ELASTIC_NET_REGRESSION,F26,0.10019672847973626
120,900,3,CONTEXT_PLUS_SHOCK,CONTINUATION,ELASTIC_NET_REGRESSION,F27,0.0609171813765301
120,900,3,CONTEXT_PLUS_SHOCK,CONTINUATION,ELASTIC_NET_REGRESSION,F28,-0.1268827470960152
120,900,3,CONTEXT_PLUS_SHOCK,CONTINUATION,ELASTIC_NET_REGRESSION,F29,0.06584161693187024
120,900,3,CONTEXT_PLUS_SHOCK,CONTINUATION,ELASTIC_NET_REGRESSION,F30,-0.29025703139384124
120,900,3,CONTEXT_PLUS_SHOCK,CONTINUATION,ELASTIC_NET_REGRESSION,F31,0.1806821443595225
120,900,3,CONTEXT_PLUS_SHOCK,CONTINUATION,ELASTIC_NET_REGRESSION,F32,0.0
120,900,3,CONTEXT_PLUS_SHOCK,CONTINUATION,ELASTIC_NET_REGRESSION,F33,0.08794230607104321
120,900,3,CONTEXT_PLUS_SHOCK,CONTINUATION,ELASTIC_NET_REGRESSION,F34,0.1266708562224104
120,900,3,CONTEXT_PLUS_SHOCK,CONTINUATION,ELASTIC_NET_REGRESSION,F35,-0.46552995709643735
120,900,3,CONTEXT_PLUS_SHOCK,CONTINUATION,ELASTIC_NET_REGRESSION,F36,-0.312391951719187
120,900,3,CONTEXT_PLUS_SHOCK,CONTINUATION,ELASTIC_NET_LOGISTIC,F01,-0.14794514175999265
120,900,3,CONTEXT_PLUS_SHOCK,CONTINUATION,ELASTIC_NET_LOGISTIC,F02,0.0
120,900,3,CONTEXT_PLUS_SHOCK,CONTINUATION,ELASTIC_NET_LOGISTIC,F03,-0.01605741506071903
120,900,3,CONTEXT_PLUS_SHOCK,CONTINUATION,ELASTIC_NET_LOGISTIC,F04,0.0
120,900,3,CONTEXT_PLUS_SHOCK,CONTINUATION,ELASTIC_NET_LOGISTIC,F05,0.13288347299254166
120,900,3,CONTEXT_PLUS_SHOCK,CONTINUATION,ELASTIC_NET_LOGISTIC,F06,-0.07641868584635295
120,900,3,CONTEXT_PLUS_SHOCK,CONTINUATION,ELASTIC_NET_LOGISTIC,F07,0.06213908136318473
120,900,3,CONTEXT_PLUS_SHOCK,CONTINUATION,ELASTIC_NET_LOGISTIC,F08,-0.09400541527878427
120,900,3,CONTEXT_PLUS_SHOCK,CONTINUATION,ELASTIC_NET_LOGISTIC,F09,0.0
120,900,3,CONTEXT_PLUS_SHOCK,CONTINUATION,ELASTIC_NET_LOGISTIC,F10,0.18299025261176247
120,900,3,CONTEXT_PLUS_SHOCK,CONTINUATION,ELASTIC_NET_LOGISTIC,F11,0.04602567820753277
120,900,3,CONTEXT_PLUS_SHOCK,CONTINUATION,ELASTIC_NET_LOGISTIC,F12,0.0
120,900,3,CONTEXT_PLUS_SHOCK,CONTINUATION,ELASTIC_NET_LOGISTIC,F13,0.08188228008829536
120,900,3,CONTEXT_PLUS_SHOCK,CONTINUATION,ELASTIC_NET_LOGISTIC,F14,-0.026167258196524358
120,900,3,CONTEXT_PLUS_SHOCK,CONTINUATION,ELASTIC_NET_LOGISTIC,F15,0.0
120,900,3,CONTEXT_PLUS_SHOCK,CONTINUATION,ELASTIC_NET_LOGISTIC,F16,0.0
120,900,3,CONTEXT_PLUS_SHOCK,CONTINUATION,ELASTIC_NET_LOGISTIC,F17,0.0
120,900,3,CONTEXT_PLUS_SHOCK,CONTINUATION,ELASTIC_NET_LOGISTIC,F18,0.0
120,900,3,CONTEXT_PLUS_SHOCK,CONTINUATION,ELASTIC_NET_LOGISTIC,F19,0.0
120,900,3,CONTEXT_PLUS_SHOCK,CONTINUATION,ELASTIC_NET_LOGISTIC,F20,0.0
120,900,3,CONTEXT_PLUS_SHOCK,CONTINUATION,ELASTIC_NET_LOGISTIC,F21,0.0
120,900,3,CONTEXT_PLUS_SHOCK,CONTINUATION,ELASTIC_NET_LOGISTIC,F22,-0.007020679420319931
120,900,3,CONTEXT_PLUS_SHOCK,CONTINUATION,ELASTIC_NET_LOGISTIC,F23,0.0
120,900,3,CONTEXT_PLUS_SHOCK,CONTINUATION,ELASTIC_NET_LOGISTIC,F24,-0.052350873283742196
120,900,3,CONTEXT_PLUS_SHOCK,CONTINUATION,ELASTIC_NET_LOGISTIC,F25,0.21003324516506816
120,900,3,CONTEXT_PLUS_SHOCK,CONTINUATION,ELASTIC_NET_LOGISTIC,F26,0.0
120,900,3,CONTEXT_PLUS_SHOCK,CONTINUATION,ELASTIC_NET_LOGISTIC,F27,-0.017252629590468173
120,900,3,CONTEXT_PLUS_SHOCK,CONTINUATION,ELASTIC_NET_LOGISTIC,F28,0.0
120,900,3,CONTEXT_PLUS_SHOCK,CONTINUATION,ELASTIC_NET_LOGISTIC,F29,-0.05136902255062932
120,900,3,CONTEXT_PLUS_SHOCK,CONTINUATION,ELASTIC_NET_LOGISTIC,F30,0.0
120,900,3,CONTEXT_PLUS_SHOCK,CONTINUATION,ELASTIC_NET_LOGISTIC,F31,0.0
120,900,3,CONTEXT_PLUS_SHOCK,CONTINUATION,ELASTIC_NET_LOGISTIC,F32,0.0
120,900,3,CONTEXT_PLUS_SHOCK,CONTINUATION,ELASTIC_NET_LOGISTIC,F33,0.05372347411740091
120,900,3,CONTEXT_PLUS_SHOCK,CONTINUATION,ELASTIC_NET_LOGISTIC,F34,0.0004065670242191417
120,900,3,CONTEXT_PLUS_SHOCK,CONTINUATION,ELASTIC_NET_LOGISTIC,F35,-0.1351998949490653
120,900,3,CONTEXT_PLUS_SHOCK,CONTINUATION,ELASTIC_NET_LOGISTIC,F36,-0.04314819885130065
120,900,3,CONTEXT_PLUS_SHOCK,REVERSAL,ELASTIC_NET_REGRESSION,F01,0.5535729603999896
120,900,3,CONTEXT_PLUS_SHOCK,REVERSAL,ELASTIC_NET_REGRESSION,F02,-0.16522007861729782
120,900,3,CONTEXT_PLUS_SHOCK,REVERSAL,ELASTIC_NET_REGRESSION,F03,0.3213575996925231
120,900,3,CONTEXT_PLUS_SHOCK,REVERSAL,ELASTIC_NET_REGRESSION,F04,-0.4433679055503119
120,900,3,CONTEXT_PLUS_SHOCK,REVERSAL,ELASTIC_NET_REGRESSION,F05,-0.16299961813306987
120,900,3,CONTEXT_PLUS_SHOCK,REVERSAL,ELASTIC_NET_REGRESSION,F06,0.42617575175068223
120,900,3,CONTEXT_PLUS_SHOCK,REVERSAL,ELASTIC_NET_REGRESSION,F07,-0.07865593934824155
120,900,3,CONTEXT_PLUS_SHOCK,REVERSAL,ELASTIC_NET_REGRESSION,F08,0.13743825479703103
120,900,3,CONTEXT_PLUS_SHOCK,REVERSAL,ELASTIC_NET_REGRESSION,F09,-0.00985334751417854
120,900,3,CONTEXT_PLUS_SHOCK,REVERSAL,ELASTIC_NET_REGRESSION,F10,-0.3477520913503589
120,900,3,CONTEXT_PLUS_SHOCK,REVERSAL,ELASTIC_NET_REGRESSION,F11,-0.5247510505008323
120,900,3,CONTEXT_PLUS_SHOCK,REVERSAL,ELASTIC_NET_REGRESSION,F12,-0.003625564691580482
120,900,3,CONTEXT_PLUS_SHOCK,REVERSAL,ELASTIC_NET_REGRESSION,F13,-0.008925072599825584
120,900,3,CONTEXT_PLUS_SHOCK,REVERSAL,ELASTIC_NET_REGRESSION,F14,0.1632859719114997
120,900,3,CONTEXT_PLUS_SHOCK,REVERSAL,ELASTIC_NET_REGRESSION,F15,-0.18302170382341248
120,900,3,CONTEXT_PLUS_SHOCK,REVERSAL,ELASTIC_NET_REGRESSION,F16,0.6768636749149833
120,900,3,CONTEXT_PLUS_SHOCK,REVERSAL,ELASTIC_NET_REGRESSION,F17,0.32641835488038595
120,900,3,CONTEXT_PLUS_SHOCK,REVERSAL,ELASTIC_NET_REGRESSION,F18,-0.0
120,900,3,CONTEXT_PLUS_SHOCK,REVERSAL,ELASTIC_NET_REGRESSION,F19,0.16295944665412382
120,900,3,CONTEXT_PLUS_SHOCK,REVERSAL,ELASTIC_NET_REGRESSION,F20,-0.3094862515865039
120,900,3,CONTEXT_PLUS_SHOCK,REVERSAL,ELASTIC_NET_REGRESSION,F21,-0.0
120,900,3,CONTEXT_PLUS_SHOCK,REVERSAL,ELASTIC_NET_REGRESSION,F22,0.0956546846382163
120,900,3,CONTEXT_PLUS_SHOCK,REVERSAL,ELASTIC_NET_REGRESSION,F23,0.29056293906326214
120,900,3,CONTEXT_PLUS_SHOCK,REVERSAL,ELASTIC_NET_REGRESSION,F24,0.0007980216733759886
120,900,3,CONTEXT_PLUS_SHOCK,REVERSAL,ELASTIC_NET_REGRESSION,F25,-0.7743342587267555
120,900,3,CONTEXT_PLUS_SHOCK,REVERSAL,ELASTIC_NET_REGRESSION,F26,-0.08567532594443311
120,900,3,CONTEXT_PLUS_SHOCK,REVERSAL,ELASTIC_NET_REGRESSION,F27,-0.057554523922698816
120,900,3,CONTEXT_PLUS_SHOCK,REVERSAL,ELASTIC_NET_REGRESSION,F28,0.13633960996537475
120,900,3,CONTEXT_PLUS_SHOCK,REVERSAL,ELASTIC_NET_REGRESSION,F29,-0.05994220441167976
120,900,3,CONTEXT_PLUS_SHOCK,REVERSAL,ELASTIC_NET_REGRESSION,F30,0.2911375438440609
120,900,3,CONTEXT_PLUS_SHOCK,REVERSAL,ELASTIC_NET_REGRESSION,F31,-0.18423815339485924
120,900,3,CONTEXT_PLUS_SHOCK,REVERSAL,ELASTIC_NET_REGRESSION,F32,0.0
120,900,3,CONTEXT_PLUS_SHOCK,REVERSAL,ELASTIC_NET_REGRESSION,F33,-0.07346899915437256
120,900,3,CONTEXT_PLUS_SHOCK,REVERSAL,ELASTIC_NET_REGRESSION,F34,-0.1253449008935255
120,900,3,CONTEXT_PLUS_SHOCK,REVERSAL,ELASTIC_NET_REGRESSION,F35,0.4673073106743223
120,900,3,CONTEXT_PLUS_SHOCK,REVERSAL,ELASTIC_NET_REGRESSION,F36,0.317729212141023
120,900,3,CONTEXT_PLUS_SHOCK,REVERSAL,ELASTIC_NET_LOGISTIC,F01,0.0
120,900,3,CONTEXT_PLUS_SHOCK,REVERSAL,ELASTIC_NET_LOGISTIC,F02,0.0
120,900,3,CONTEXT_PLUS_SHOCK,REVERSAL,ELASTIC_NET_LOGISTIC,F03,0.0
120,900,3,CONTEXT_PLUS_SHOCK,REVERSAL,ELASTIC_NET_LOGISTIC,F04,0.0
120,900,3,CONTEXT_PLUS_SHOCK,REVERSAL,ELASTIC_NET_LOGISTIC,F05,-0.11908519471147642
120,900,3,CONTEXT_PLUS_SHOCK,REVERSAL,ELASTIC_NET_LOGISTIC,F06,0.162019840134717
120,900,3,CONTEXT_PLUS_SHOCK,REVERSAL,ELASTIC_NET_LOGISTIC,F07,-0.0034849441467625624
120,900,3,CONTEXT_PLUS_SHOCK,REVERSAL,ELASTIC_NET_LOGISTIC,F08,0.13871801903091832
120,900,3,CONTEXT_PLUS_SHOCK,REVERSAL,ELASTIC_NET_LOGISTIC,F09,0.0
120,900,3,CONTEXT_PLUS_SHOCK,REVERSAL,ELASTIC_NET_LOGISTIC,F10,0.0
120,900,3,CONTEXT_PLUS_SHOCK,REVERSAL,ELASTIC_NET_LOGISTIC,F11,-0.044244545264476326
120,900,3,CONTEXT_PLUS_SHOCK,REVERSAL,ELASTIC_NET_LOGISTIC,F12,0.013578015853400995
120,900,3,CONTEXT_PLUS_SHOCK,REVERSAL,ELASTIC_NET_LOGISTIC,F13,-0.11349166599892441
120,900,3,CONTEXT_PLUS_SHOCK,REVERSAL,ELASTIC_NET_LOGISTIC,F14,0.0
120,900,3,CONTEXT_PLUS_SHOCK,REVERSAL,ELASTIC_NET_LOGISTIC,F15,0.0
120,900,3,CONTEXT_PLUS_SHOCK,REVERSAL,ELASTIC_NET_LOGISTIC,F16,0.0242138087434145
120,900,3,CONTEXT_PLUS_SHOCK,REVERSAL,ELASTIC_NET_LOGISTIC,F17,0.0
120,900,3,CONTEXT_PLUS_SHOCK,REVERSAL,ELASTIC_NET_LOGISTIC,F18,0.0
120,900,3,CONTEXT_PLUS_SHOCK,REVERSAL,ELASTIC_NET_LOGISTIC,F19,0.0
120,900,3,CONTEXT_PLUS_SHOCK,REVERSAL,ELASTIC_NET_LOGISTIC,F20,0.0
120,900,3,CONTEXT_PLUS_SHOCK,REVERSAL,ELASTIC_NET_LOGISTIC,F21,-0.03259828812559129
120,900,3,CONTEXT_PLUS_SHOCK,REVERSAL,ELASTIC_NET_LOGISTIC,F22,0.0
120,900,3,CONTEXT_PLUS_SHOCK,REVERSAL,ELASTIC_NET_LOGISTIC,F23,0.08597436560839763
120,900,3,CONTEXT_PLUS_SHOCK,REVERSAL,ELASTIC_NET_LOGISTIC,F24,0.0
120,900,3,CONTEXT_PLUS_SHOCK,REVERSAL,ELASTIC_NET_LOGISTIC,F25,0.0
120,900,3,CONTEXT_PLUS_SHOCK,REVERSAL,ELASTIC_NET_LOGISTIC,F26,-0.18061329864967401
120,900,3,CONTEXT_PLUS_SHOCK,REVERSAL,ELASTIC_NET_LOGISTIC,F27,0.0
120,900,3,CONTEXT_PLUS_SHOCK,REVERSAL,ELASTIC_NET_LOGISTIC,F28,0.11044547426880902
120,900,3,CONTEXT_PLUS_SHOCK,REVERSAL,ELASTIC_NET_LOGISTIC,F29,-0.014670916559114852
120,900,3,CONTEXT_PLUS_SHOCK,REVERSAL,ELASTIC_NET_LOGISTIC,F30,0.07847556045867354
120,900,3,CONTEXT_PLUS_SHOCK,REVERSAL,ELASTIC_NET_LOGISTIC,F31,0.0
120,900,3,CONTEXT_PLUS_SHOCK,REVERSAL,ELASTIC_NET_LOGISTIC,F32,0.0
120,900,3,CONTEXT_PLUS_SHOCK,REVERSAL,ELASTIC_NET_LOGISTIC,F33,0.0
120,900,3,CONTEXT_PLUS_SHOCK,REVERSAL,ELASTIC_NET_LOGISTIC,F34,0.0
120,900,3,CONTEXT_PLUS_SHOCK,REVERSAL,ELASTIC_NET_LOGISTIC,F35,0.0
120,900,3,CONTEXT_PLUS_SHOCK,REVERSAL,ELASTIC_NET_LOGISTIC,F36,0.09033468352590553
120,900,4,CONTEXT_ONLY,CONTINUATION,ELASTIC_NET_REGRESSION,F01,-1.2650107768888064
120,900,4,CONTEXT_ONLY,CONTINUATION,ELASTIC_NET_REGRESSION,F02,0.6709801418104531
120,900,4,CONTEXT_ONLY,CONTINUATION,ELASTIC_NET_REGRESSION,F03,-1.2753109173421653
120,900,4,CONTEXT_ONLY,CONTINUATION,ELASTIC_NET_REGRESSION,F04,1.1703808068165584
120,900,4,CONTEXT_ONLY,CONTINUATION,ELASTIC_NET_REGRESSION,F05,-0.0
120,900,4,CONTEXT_ONLY,CONTINUATION,ELASTIC_NET_REGRESSION,F06,-0.6899152231304932
120,900,4,CONTEXT_ONLY,CONTINUATION,ELASTIC_NET_REGRESSION,F07,0.08037463227472559
120,900,4,CONTEXT_ONLY,CONTINUATION,ELASTIC_NET_REGRESSION,F08,-0.072295577378432
120,900,4,CONTEXT_ONLY,CONTINUATION,ELASTIC_NET_REGRESSION,F09,0.013838125286640504
120,900,4,CONTEXT_ONLY,CONTINUATION,ELASTIC_NET_REGRESSION,F10,0.29588908530186186
120,900,4,CONTEXT_ONLY,CONTINUATION,ELASTIC_NET_REGRESSION,F11,1.031960753984344
120,900,4,CONTEXT_ONLY,CONTINUATION,ELASTIC_NET_REGRESSION,F12,0.16708117436369732
120,900,4,CONTEXT_ONLY,CONTINUATION,ELASTIC_NET_REGRESSION,F13,0.011088160827507932
120,900,4,CONTEXT_ONLY,CONTINUATION,ELASTIC_NET_REGRESSION,F14,-0.10999440879421223
120,900,4,CONTEXT_ONLY,CONTINUATION,ELASTIC_NET_REGRESSION,F15,0.33477530379542986
120,900,4,CONTEXT_ONLY,CONTINUATION,ELASTIC_NET_REGRESSION,F16,-1.054750489254727
120,900,4,CONTEXT_ONLY,CONTINUATION,ELASTIC_NET_REGRESSION,F17,-0.7849916583626537
120,900,4,CONTEXT_ONLY,CONTINUATION,ELASTIC_NET_REGRESSION,F18,-0.0
120,900,4,CONTEXT_ONLY,CONTINUATION,ELASTIC_NET_REGRESSION,F19,-0.8510001562596288
120,900,4,CONTEXT_ONLY,CONTINUATION,ELASTIC_NET_REGRESSION,F20,0.7028188213969484
120,900,4,CONTEXT_ONLY,CONTINUATION,ELASTIC_NET_REGRESSION,F21,0.25329125560584176
120,900,4,CONTEXT_ONLY,CONTINUATION,ELASTIC_NET_REGRESSION,F22,0.17255562803963936
120,900,4,CONTEXT_ONLY,CONTINUATION,ELASTIC_NET_REGRESSION,F23,0.06405395502751651
120,900,4,CONTEXT_ONLY,CONTINUATION,ELASTIC_NET_REGRESSION,F24,-0.08081364644054863
120,900,4,CONTEXT_ONLY,CONTINUATION,ELASTIC_NET_REGRESSION,F25,1.6215059922875503
120,900,4,CONTEXT_ONLY,CONTINUATION,ELASTIC_NET_REGRESSION,F26,0.35902491735774755
120,900,4,CONTEXT_ONLY,CONTINUATION,ELASTIC_NET_REGRESSION,F27,-0.2000669847735751
120,900,4,CONTEXT_ONLY,CONTINUATION,ELASTIC_NET_REGRESSION,F28,-0.0
120,900,4,CONTEXT_ONLY,CONTINUATION,ELASTIC_NET_REGRESSION,F29,0.040542402752994484
120,900,4,CONTEXT_ONLY,CONTINUATION,ELASTIC_NET_REGRESSION,F36,-0.3537478731220281
120,900,4,CONTEXT_ONLY,CONTINUATION,ELASTIC_NET_LOGISTIC,F01,0.0
120,900,4,CONTEXT_ONLY,CONTINUATION,ELASTIC_NET_LOGISTIC,F02,0.0
120,900,4,CONTEXT_ONLY,CONTINUATION,ELASTIC_NET_LOGISTIC,F03,-0.007714412298344917
120,900,4,CONTEXT_ONLY,CONTINUATION,ELASTIC_NET_LOGISTIC,F04,0.0
120,900,4,CONTEXT_ONLY,CONTINUATION,ELASTIC_NET_LOGISTIC,F05,0.044195597041520845
120,900,4,CONTEXT_ONLY,CONTINUATION,ELASTIC_NET_LOGISTIC,F06,-0.02010692898602356
120,900,4,CONTEXT_ONLY,CONTINUATION,ELASTIC_NET_LOGISTIC,F07,0.04163834565445998
120,900,4,CONTEXT_ONLY,CONTINUATION,ELASTIC_NET_LOGISTIC,F08,-0.0616517937674461
120,900,4,CONTEXT_ONLY,CONTINUATION,ELASTIC_NET_LOGISTIC,F09,0.0
120,900,4,CONTEXT_ONLY,CONTINUATION,ELASTIC_NET_LOGISTIC,F10,0.10159105260061833
120,900,4,CONTEXT_ONLY,CONTINUATION,ELASTIC_NET_LOGISTIC,F11,0.0
120,900,4,CONTEXT_ONLY,CONTINUATION,ELASTIC_NET_LOGISTIC,F12,0.0
120,900,4,CONTEXT_ONLY,CONTINUATION,ELASTIC_NET_LOGISTIC,F13,0.030355716150751895
120,900,4,CONTEXT_ONLY,CONTINUATION,ELASTIC_NET_LOGISTIC,F14,0.0
120,900,4,CONTEXT_ONLY,CONTINUATION,ELASTIC_NET_LOGISTIC,F15,0.0
120,900,4,CONTEXT_ONLY,CONTINUATION,ELASTIC_NET_LOGISTIC,F16,0.0
120,900,4,CONTEXT_ONLY,CONTINUATION,ELASTIC_NET_LOGISTIC,F17,0.0
120,900,4,CONTEXT_ONLY,CONTINUATION,ELASTIC_NET_LOGISTIC,F18,0.0
120,900,4,CONTEXT_ONLY,CONTINUATION,ELASTIC_NET_LOGISTIC,F19,0.0
120,900,4,CONTEXT_ONLY,CONTINUATION,ELASTIC_NET_LOGISTIC,F20,0.041532909238697874
120,900,4,CONTEXT_ONLY,CONTINUATION,ELASTIC_NET_LOGISTIC,F21,0.0
120,900,4,CONTEXT_ONLY,CONTINUATION,ELASTIC_NET_LOGISTIC,F22,0.0
120,900,4,CONTEXT_ONLY,CONTINUATION,ELASTIC_NET_LOGISTIC,F23,0.00821202038012308
120,900,4,CONTEXT_ONLY,CONTINUATION,ELASTIC_NET_LOGISTIC,F24,0.0
120,900,4,CONTEXT_ONLY,CONTINUATION,ELASTIC_NET_LOGISTIC,F25,0.1576454247645444
120,900,4,CONTEXT_ONLY,CONTINUATION,ELASTIC_NET_LOGISTIC,F26,-0.0035904811286734764
120,900,4,CONTEXT_ONLY,CONTINUATION,ELASTIC_NET_LOGISTIC,F27,0.0
120,900,4,CONTEXT_ONLY,CONTINUATION,ELASTIC_NET_LOGISTIC,F28,0.0
120,900,4,CONTEXT_ONLY,CONTINUATION,ELASTIC_NET_LOGISTIC,F29,-0.014594399837076258
120,900,4,CONTEXT_ONLY,CONTINUATION,ELASTIC_NET_LOGISTIC,F36,-0.016687235088705583
120,900,4,CONTEXT_ONLY,REVERSAL,ELASTIC_NET_REGRESSION,F01,1.2508170225569928
120,900,4,CONTEXT_ONLY,REVERSAL,ELASTIC_NET_REGRESSION,F02,-0.6677108378028341
120,900,4,CONTEXT_ONLY,REVERSAL,ELASTIC_NET_REGRESSION,F03,1.285225542082242
120,900,4,CONTEXT_ONLY,REVERSAL,ELASTIC_NET_REGRESSION,F04,-1.174950266803177
120,900,4,CONTEXT_ONLY,REVERSAL,ELASTIC_NET_REGRESSION,F05,0.0
120,900,4,CONTEXT_ONLY,REVERSAL,ELASTIC_NET_REGRESSION,F06,0.6921274546490187
120,900,4,CONTEXT_ONLY,REVERSAL,ELASTIC_NET_REGRESSION,F07,-0.08561116529580948
120,900,4,CONTEXT_ONLY,REVERSAL,ELASTIC_NET_REGRESSION,F08,0.07687274358581105
120,900,4,CONTEXT_ONLY,REVERSAL,ELASTIC_NET_REGRESSION,F09,-0.017959806409746357
120,900,4,CONTEXT_ONLY,REVERSAL,ELASTIC_NET_REGRESSION,F10,-0.2956093536093758
120,900,4,CONTEXT_ONLY,REVERSAL,ELASTIC_NET_REGRESSION,F11,-1.0304779071012742
120,900,4,CONTEXT_ONLY,REVERSAL,ELASTIC_NET_REGRESSION,F12,-0.16715895569290226
120,900,4,CONTEXT_ONLY,REVERSAL,ELASTIC_NET_REGRESSION,F13,-0.016689091495790873
120,900,4,CONTEXT_ONLY,REVERSAL,ELASTIC_NET_REGRESSION,F14,0.11380676695035982
120,900,4,CONTEXT_ONLY,REVERSAL,ELASTIC_NET_REGRESSION,F15,-0.3303851239814472
120,900,4,CONTEXT_ONLY,REVERSAL,ELASTIC_NET_REGRESSION,F16,1.0719194225993713
120,900,4,CONTEXT_ONLY,REVERSAL,ELASTIC_NET_REGRESSION,F17,0.7203232572518651
120,900,4,CONTEXT_ONLY,REVERSAL,ELASTIC_NET_REGRESSION,F18,0.0
120,900,4,CONTEXT_ONLY,REVERSAL,ELASTIC_NET_REGRESSION,F19,0.8321043211853372
120,900,4,CONTEXT_ONLY,REVERSAL,ELASTIC_NET_REGRESSION,F20,-0.6957745658259553
120,900,4,CONTEXT_ONLY,REVERSAL,ELASTIC_NET_REGRESSION,F21,-0.22473061565059968
120,900,4,CONTEXT_ONLY,REVERSAL,ELASTIC_NET_REGRESSION,F22,-0.15720421693886927
120,900,4,CONTEXT_ONLY,REVERSAL,ELASTIC_NET_REGRESSION,F23,-0.05746913200524007
120,900,4,CONTEXT_ONLY,REVERSAL,ELASTIC_NET_REGRESSION,F24,0.0688806414643439
120,900,4,CONTEXT_ONLY,REVERSAL,ELASTIC_NET_REGRESSION,F25,-1.5500468062685098
120,900,4,CONTEXT_ONLY,REVERSAL,ELASTIC_NET_REGRESSION,F26,-0.33486719774458523
120,900,4,CONTEXT_ONLY,REVERSAL,ELASTIC_NET_REGRESSION,F27,0.20134964895994298
120,900,4,CONTEXT_ONLY,REVERSAL,ELASTIC_NET_REGRESSION,F28,0.00882771370533166
120,900,4,CONTEXT_ONLY,REVERSAL,ELASTIC_NET_REGRESSION,F29,-0.03610216545926528
120,900,4,CONTEXT_ONLY,REVERSAL,ELASTIC_NET_REGRESSION,F36,0.357658882450768
120,900,4,CONTEXT_ONLY,REVERSAL,ELASTIC_NET_LOGISTIC,F01,0.0
120,900,4,CONTEXT_ONLY,REVERSAL,ELASTIC_NET_LOGISTIC,F02,0.0
120,900,4,CONTEXT_ONLY,REVERSAL,ELASTIC_NET_LOGISTIC,F03,0.0
120,900,4,CONTEXT_ONLY,REVERSAL,ELASTIC_NET_LOGISTIC,F04,0.0
120,900,4,CONTEXT_ONLY,REVERSAL,ELASTIC_NET_LOGISTIC,F05,-0.08367983093022754
120,900,4,CONTEXT_ONLY,REVERSAL,ELASTIC_NET_LOGISTIC,F06,0.09245788800781661
120,900,4,CONTEXT_ONLY,REVERSAL,ELASTIC_NET_LOGISTIC,F07,0.0
120,900,4,CONTEXT_ONLY,REVERSAL,ELASTIC_NET_LOGISTIC,F08,0.06299354592453961
120,900,4,CONTEXT_ONLY,REVERSAL,ELASTIC_NET_LOGISTIC,F09,0.0
120,900,4,CONTEXT_ONLY,REVERSAL,ELASTIC_NET_LOGISTIC,F10,0.0
120,900,4,CONTEXT_ONLY,REVERSAL,ELASTIC_NET_LOGISTIC,F11,-0.0005722706948480907
120,900,4,CONTEXT_ONLY,REVERSAL,ELASTIC_NET_LOGISTIC,F12,0.0
120,900,4,CONTEXT_ONLY,REVERSAL,ELASTIC_NET_LOGISTIC,F13,-0.029448040917793045
120,900,4,CONTEXT_ONLY,REVERSAL,ELASTIC_NET_LOGISTIC,F14,0.0
120,900,4,CONTEXT_ONLY,REVERSAL,ELASTIC_NET_LOGISTIC,F15,0.0
120,900,4,CONTEXT_ONLY,REVERSAL,ELASTIC_NET_LOGISTIC,F16,0.016578539851423445
120,900,4,CONTEXT_ONLY,REVERSAL,ELASTIC_NET_LOGISTIC,F17,0.0
120,900,4,CONTEXT_ONLY,REVERSAL,ELASTIC_NET_LOGISTIC,F18,0.0
120,900,4,CONTEXT_ONLY,REVERSAL,ELASTIC_NET_LOGISTIC,F19,0.0
120,900,4,CONTEXT_ONLY,REVERSAL,ELASTIC_NET_LOGISTIC,F20,0.0
120,900,4,CONTEXT_ONLY,REVERSAL,ELASTIC_NET_LOGISTIC,F21,0.0
120,900,4,CONTEXT_ONLY,REVERSAL,ELASTIC_NET_LOGISTIC,F22,0.0
120,900,4,CONTEXT_ONLY,REVERSAL,ELASTIC_NET_LOGISTIC,F23,0.0
120,900,4,CONTEXT_ONLY,REVERSAL,ELASTIC_NET_LOGISTIC,F24,0.0
120,900,4,CONTEXT_ONLY,REVERSAL,ELASTIC_NET_LOGISTIC,F25,0.0
120,900,4,CONTEXT_ONLY,REVERSAL,ELASTIC_NET_LOGISTIC,F26,-0.16569340413723185
120,900,4,CONTEXT_ONLY,REVERSAL,ELASTIC_NET_LOGISTIC,F27,0.0
120,900,4,CONTEXT_ONLY,REVERSAL,ELASTIC_NET_LOGISTIC,F28,0.06568865631679593
120,900,4,CONTEXT_ONLY,REVERSAL,ELASTIC_NET_LOGISTIC,F29,-0.0175212268127489
120,900,4,CONTEXT_ONLY,REVERSAL,ELASTIC_NET_LOGISTIC,F36,0.039765066299037796
120,900,4,CONTEXT_PLUS_SHOCK,CONTINUATION,ELASTIC_NET_REGRESSION,F01,-1.2710307269109662
120,900,4,CONTEXT_PLUS_SHOCK,CONTINUATION,ELASTIC_NET_REGRESSION,F02,0.6028076864068505
120,900,4,CONTEXT_PLUS_SHOCK,CONTINUATION,ELASTIC_NET_REGRESSION,F03,-1.2650503866065723
120,900,4,CONTEXT_PLUS_SHOCK,CONTINUATION,ELASTIC_NET_REGRESSION,F04,1.1937518817308017
120,900,4,CONTEXT_PLUS_SHOCK,CONTINUATION,ELASTIC_NET_REGRESSION,F05,0.0
120,900,4,CONTEXT_PLUS_SHOCK,CONTINUATION,ELASTIC_NET_REGRESSION,F06,-0.7110977520174118
120,900,4,CONTEXT_PLUS_SHOCK,CONTINUATION,ELASTIC_NET_REGRESSION,F07,0.07656328043497723
120,900,4,CONTEXT_PLUS_SHOCK,CONTINUATION,ELASTIC_NET_REGRESSION,F08,-0.06318671106306983
120,900,4,CONTEXT_PLUS_SHOCK,CONTINUATION,ELASTIC_NET_REGRESSION,F09,0.012569549292344134
120,900,4,CONTEXT_PLUS_SHOCK,CONTINUATION,ELASTIC_NET_REGRESSION,F10,0.3262937482055281
120,900,4,CONTEXT_PLUS_SHOCK,CONTINUATION,ELASTIC_NET_REGRESSION,F11,1.0184668392485823
120,900,4,CONTEXT_PLUS_SHOCK,CONTINUATION,ELASTIC_NET_REGRESSION,F12,0.19409162798386032
120,900,4,CONTEXT_PLUS_SHOCK,CONTINUATION,ELASTIC_NET_REGRESSION,F13,0.0024205899100855507
120,900,4,CONTEXT_PLUS_SHOCK,CONTINUATION,ELASTIC_NET_REGRESSION,F14,-0.09886583830657525
120,900,4,CONTEXT_PLUS_SHOCK,CONTINUATION,ELASTIC_NET_REGRESSION,F15,0.3445903417431931
120,900,4,CONTEXT_PLUS_SHOCK,CONTINUATION,ELASTIC_NET_REGRESSION,F16,-1.128272241041662
120,900,4,CONTEXT_PLUS_SHOCK,CONTINUATION,ELASTIC_NET_REGRESSION,F17,-0.7410948368392695
120,900,4,CONTEXT_PLUS_SHOCK,CONTINUATION,ELASTIC_NET_REGRESSION,F18,-0.0
120,900,4,CONTEXT_PLUS_SHOCK,CONTINUATION,ELASTIC_NET_REGRESSION,F19,-0.7700193218436868
120,900,4,CONTEXT_PLUS_SHOCK,CONTINUATION,ELASTIC_NET_REGRESSION,F20,0.5729989853091324
120,900,4,CONTEXT_PLUS_SHOCK,CONTINUATION,ELASTIC_NET_REGRESSION,F21,0.24621580861669773
120,900,4,CONTEXT_PLUS_SHOCK,CONTINUATION,ELASTIC_NET_REGRESSION,F22,0.1329417339412596
120,900,4,CONTEXT_PLUS_SHOCK,CONTINUATION,ELASTIC_NET_REGRESSION,F23,0.04482049121716306
120,900,4,CONTEXT_PLUS_SHOCK,CONTINUATION,ELASTIC_NET_REGRESSION,F24,-0.05141759354682886
120,900,4,CONTEXT_PLUS_SHOCK,CONTINUATION,ELASTIC_NET_REGRESSION,F25,1.6573036948239235
120,900,4,CONTEXT_PLUS_SHOCK,CONTINUATION,ELASTIC_NET_REGRESSION,F26,0.2870577525258608
120,900,4,CONTEXT_PLUS_SHOCK,CONTINUATION,ELASTIC_NET_REGRESSION,F27,-0.1145399281886381
120,900,4,CONTEXT_PLUS_SHOCK,CONTINUATION,ELASTIC_NET_REGRESSION,F28,-0.0
120,900,4,CONTEXT_PLUS_SHOCK,CONTINUATION,ELASTIC_NET_REGRESSION,F29,0.014830922024841193
120,900,4,CONTEXT_PLUS_SHOCK,CONTINUATION,ELASTIC_NET_REGRESSION,F30,-0.21976112064739942
120,900,4,CONTEXT_PLUS_SHOCK,CONTINUATION,ELASTIC_NET_REGRESSION,F31,0.06397603102379726
120,900,4,CONTEXT_PLUS_SHOCK,CONTINUATION,ELASTIC_NET_REGRESSION,F32,0.0
120,900,4,CONTEXT_PLUS_SHOCK,CONTINUATION,ELASTIC_NET_REGRESSION,F33,0.07500014565998989
120,900,4,CONTEXT_PLUS_SHOCK,CONTINUATION,ELASTIC_NET_REGRESSION,F34,0.15795122084068097
120,900,4,CONTEXT_PLUS_SHOCK,CONTINUATION,ELASTIC_NET_REGRESSION,F35,-0.3843361027242209
120,900,4,CONTEXT_PLUS_SHOCK,CONTINUATION,ELASTIC_NET_REGRESSION,F36,-0.31786000046811164
120,900,4,CONTEXT_PLUS_SHOCK,CONTINUATION,ELASTIC_NET_LOGISTIC,F01,0.0
120,900,4,CONTEXT_PLUS_SHOCK,CONTINUATION,ELASTIC_NET_LOGISTIC,F02,0.0
120,900,4,CONTEXT_PLUS_SHOCK,CONTINUATION,ELASTIC_NET_LOGISTIC,F03,-0.010963923782707026
120,900,4,CONTEXT_PLUS_SHOCK,CONTINUATION,ELASTIC_NET_LOGISTIC,F04,0.0
120,900,4,CONTEXT_PLUS_SHOCK,CONTINUATION,ELASTIC_NET_LOGISTIC,F05,0.043475536325884266
120,900,4,CONTEXT_PLUS_SHOCK,CONTINUATION,ELASTIC_NET_LOGISTIC,F06,-0.027325654260352876
120,900,4,CONTEXT_PLUS_SHOCK,CONTINUATION,ELASTIC_NET_LOGISTIC,F07,0.04373006147267213
120,900,4,CONTEXT_PLUS_SHOCK,CONTINUATION,ELASTIC_NET_LOGISTIC,F08,-0.0575575101264842
120,900,4,CONTEXT_PLUS_SHOCK,CONTINUATION,ELASTIC_NET_LOGISTIC,F09,0.0
120,900,4,CONTEXT_PLUS_SHOCK,CONTINUATION,ELASTIC_NET_LOGISTIC,F10,0.11218399921218401
120,900,4,CONTEXT_PLUS_SHOCK,CONTINUATION,ELASTIC_NET_LOGISTIC,F11,0.0
120,900,4,CONTEXT_PLUS_SHOCK,CONTINUATION,ELASTIC_NET_LOGISTIC,F12,0.0
120,900,4,CONTEXT_PLUS_SHOCK,CONTINUATION,ELASTIC_NET_LOGISTIC,F13,0.03066300329814155
120,900,4,CONTEXT_PLUS_SHOCK,CONTINUATION,ELASTIC_NET_LOGISTIC,F14,0.0
120,900,4,CONTEXT_PLUS_SHOCK,CONTINUATION,ELASTIC_NET_LOGISTIC,F15,0.0
120,900,4,CONTEXT_PLUS_SHOCK,CONTINUATION,ELASTIC_NET_LOGISTIC,F16,0.0
120,900,4,CONTEXT_PLUS_SHOCK,CONTINUATION,ELASTIC_NET_LOGISTIC,F17,0.0
120,900,4,CONTEXT_PLUS_SHOCK,CONTINUATION,ELASTIC_NET_LOGISTIC,F18,0.0
120,900,4,CONTEXT_PLUS_SHOCK,CONTINUATION,ELASTIC_NET_LOGISTIC,F19,0.0
120,900,4,CONTEXT_PLUS_SHOCK,CONTINUATION,ELASTIC_NET_LOGISTIC,F20,0.0035276524372220876
120,900,4,CONTEXT_PLUS_SHOCK,CONTINUATION,ELASTIC_NET_LOGISTIC,F21,0.0
120,900,4,CONTEXT_PLUS_SHOCK,CONTINUATION,ELASTIC_NET_LOGISTIC,F22,0.0
120,900,4,CONTEXT_PLUS_SHOCK,CONTINUATION,ELASTIC_NET_LOGISTIC,F23,0.003707631061645005
120,900,4,CONTEXT_PLUS_SHOCK,CONTINUATION,ELASTIC_NET_LOGISTIC,F24,0.0
120,900,4,CONTEXT_PLUS_SHOCK,CONTINUATION,ELASTIC_NET_LOGISTIC,F25,0.14984435109670619
120,900,4,CONTEXT_PLUS_SHOCK,CONTINUATION,ELASTIC_NET_LOGISTIC,F26,-0.007284391122690418
120,900,4,CONTEXT_PLUS_SHOCK,CONTINUATION,ELASTIC_NET_LOGISTIC,F27,-0.007442036483980546
120,900,4,CONTEXT_PLUS_SHOCK,CONTINUATION,ELASTIC_NET_LOGISTIC,F28,0.0
120,900,4,CONTEXT_PLUS_SHOCK,CONTINUATION,ELASTIC_NET_LOGISTIC,F29,-0.017622195572923438
120,900,4,CONTEXT_PLUS_SHOCK,CONTINUATION,ELASTIC_NET_LOGISTIC,F30,0.0
120,900,4,CONTEXT_PLUS_SHOCK,CONTINUATION,ELASTIC_NET_LOGISTIC,F31,0.0
120,900,4,CONTEXT_PLUS_SHOCK,CONTINUATION,ELASTIC_NET_LOGISTIC,F32,0.0
120,900,4,CONTEXT_PLUS_SHOCK,CONTINUATION,ELASTIC_NET_LOGISTIC,F33,0.04760352142645485
120,900,4,CONTEXT_PLUS_SHOCK,CONTINUATION,ELASTIC_NET_LOGISTIC,F34,0.0
120,900,4,CONTEXT_PLUS_SHOCK,CONTINUATION,ELASTIC_NET_LOGISTIC,F35,-0.08395137172035606
120,900,4,CONTEXT_PLUS_SHOCK,CONTINUATION,ELASTIC_NET_LOGISTIC,F36,-0.007504166636351326
120,900,4,CONTEXT_PLUS_SHOCK,REVERSAL,ELASTIC_NET_REGRESSION,F01,1.2557854925459062
120,900,4,CONTEXT_PLUS_SHOCK,REVERSAL,ELASTIC_NET_REGRESSION,F02,-0.6011619924785673
120,900,4,CONTEXT_PLUS_SHOCK,REVERSAL,ELASTIC_NET_REGRESSION,F03,1.2782728330971729
120,900,4,CONTEXT_PLUS_SHOCK,REVERSAL,ELASTIC_NET_REGRESSION,F04,-1.1979285113322267
120,900,4,CONTEXT_PLUS_SHOCK,REVERSAL,ELASTIC_NET_REGRESSION,F05,0.0
120,900,4,CONTEXT_PLUS_SHOCK,REVERSAL,ELASTIC_NET_REGRESSION,F06,0.7135364070363903
120,900,4,CONTEXT_PLUS_SHOCK,REVERSAL,ELASTIC_NET_REGRESSION,F07,-0.08040440409761981
120,900,4,CONTEXT_PLUS_SHOCK,REVERSAL,ELASTIC_NET_REGRESSION,F08,0.06768147901598351
120,900,4,CONTEXT_PLUS_SHOCK,REVERSAL,ELASTIC_NET_REGRESSION,F09,-0.016043554814442095
120,900,4,CONTEXT_PLUS_SHOCK,REVERSAL,ELASTIC_NET_REGRESSION,F10,-0.3242166385306946
120,900,4,CONTEXT_PLUS_SHOCK,REVERSAL,ELASTIC_NET_REGRESSION,F11,-1.017546485031796
120,900,4,CONTEXT_PLUS_SHOCK,REVERSAL,ELASTIC_NET_REGRESSION,F12,-0.19564080244683346
120,900,4,CONTEXT_PLUS_SHOCK,REVERSAL,ELASTIC_NET_REGRESSION,F13,-0.010423662470792388
120,900,4,CONTEXT_PLUS_SHOCK,REVERSAL,ELASTIC_NET_REGRESSION,F14,0.10338209562718666
120,900,4,CONTEXT_PLUS_SHOCK,REVERSAL,ELASTIC_NET_REGRESSION,F15,-0.34083951527833045
120,900,4,CONTEXT_PLUS_SHOCK,REVERSAL,ELASTIC_NET_REGRESSION,F16,1.1378639007539377
120,900,4,CONTEXT_PLUS_SHOCK,REVERSAL,ELASTIC_NET_REGRESSION,F17,0.6894220620741757
120,900,4,CONTEXT_PLUS_SHOCK,REVERSAL,ELASTIC_NET_REGRESSION,F18,0.0
120,900,4,CONTEXT_PLUS_SHOCK,REVERSAL,ELASTIC_NET_REGRESSION,F19,0.7420293763519233
120,900,4,CONTEXT_PLUS_SHOCK,REVERSAL,ELASTIC_NET_REGRESSION,F20,-0.5705919243392329
120,900,4,CONTEXT_PLUS_SHOCK,REVERSAL,ELASTIC_NET_REGRESSION,F21,-0.21194726896265942
120,900,4,CONTEXT_PLUS_SHOCK,REVERSAL,ELASTIC_NET_REGRESSION,F22,-0.11384438828995803
120,900,4,CONTEXT_PLUS_SHOCK,REVERSAL,ELASTIC_NET_REGRESSION,F23,-0.03434688886631108
120,900,4,CONTEXT_PLUS_SHOCK,REVERSAL,ELASTIC_NET_REGRESSION,F24,0.03827681953847204
120,900,4,CONTEXT_PLUS_SHOCK,REVERSAL,ELASTIC_NET_REGRESSION,F25,-1.5917141996080277
120,900,4,CONTEXT_PLUS_SHOCK,REVERSAL,ELASTIC_NET_REGRESSION,F26,-0.2610960677612869
120,900,4,CONTEXT_PLUS_SHOCK,REVERSAL,ELASTIC_NET_REGRESSION,F27,0.10789052287784442
120,900,4,CONTEXT_PLUS_SHOCK,REVERSAL,ELASTIC_NET_REGRESSION,F28,0.0
120,900,4,CONTEXT_PLUS_SHOCK,REVERSAL,ELASTIC_NET_REGRESSION,F29,-0.009952556296988267
120,900,4,CONTEXT_PLUS_SHOCK,REVERSAL,ELASTIC_NET_REGRESSION,F30,0.22322092591922144
120,900,4,CONTEXT_PLUS_SHOCK,REVERSAL,ELASTIC_NET_REGRESSION,F31,-0.07212018978127432
120,900,4,CONTEXT_PLUS_SHOCK,REVERSAL,ELASTIC_NET_REGRESSION,F32,0.0
120,900,4,CONTEXT_PLUS_SHOCK,REVERSAL,ELASTIC_NET_REGRESSION,F33,-0.05578240908238908
120,900,4,CONTEXT_PLUS_SHOCK,REVERSAL,ELASTIC_NET_REGRESSION,F34,-0.15480654245314157
120,900,4,CONTEXT_PLUS_SHOCK,REVERSAL,ELASTIC_NET_REGRESSION,F35,0.38627933392986596
120,900,4,CONTEXT_PLUS_SHOCK,REVERSAL,ELASTIC_NET_REGRESSION,F36,0.3235170558383517
120,900,4,CONTEXT_PLUS_SHOCK,REVERSAL,ELASTIC_NET_LOGISTIC,F01,0.0
120,900,4,CONTEXT_PLUS_SHOCK,REVERSAL,ELASTIC_NET_LOGISTIC,F02,0.0
120,900,4,CONTEXT_PLUS_SHOCK,REVERSAL,ELASTIC_NET_LOGISTIC,F03,0.0
120,900,4,CONTEXT_PLUS_SHOCK,REVERSAL,ELASTIC_NET_LOGISTIC,F04,0.0
120,900,4,CONTEXT_PLUS_SHOCK,REVERSAL,ELASTIC_NET_LOGISTIC,F05,-0.08314142968280522
120,900,4,CONTEXT_PLUS_SHOCK,REVERSAL,ELASTIC_NET_LOGISTIC,F06,0.09241727116450149
120,900,4,CONTEXT_PLUS_SHOCK,REVERSAL,ELASTIC_NET_LOGISTIC,F07,0.0
120,900,4,CONTEXT_PLUS_SHOCK,REVERSAL,ELASTIC_NET_LOGISTIC,F08,0.06323716688910508
120,900,4,CONTEXT_PLUS_SHOCK,REVERSAL,ELASTIC_NET_LOGISTIC,F09,0.0
120,900,4,CONTEXT_PLUS_SHOCK,REVERSAL,ELASTIC_NET_LOGISTIC,F10,0.0
120,900,4,CONTEXT_PLUS_SHOCK,REVERSAL,ELASTIC_NET_LOGISTIC,F11,-0.001285416872103126
120,900,4,CONTEXT_PLUS_SHOCK,REVERSAL,ELASTIC_NET_LOGISTIC,F12,0.0
120,900,4,CONTEXT_PLUS_SHOCK,REVERSAL,ELASTIC_NET_LOGISTIC,F13,-0.033191355940526114
120,900,4,CONTEXT_PLUS_SHOCK,REVERSAL,ELASTIC_NET_LOGISTIC,F14,0.0
120,900,4,CONTEXT_PLUS_SHOCK,REVERSAL,ELASTIC_NET_LOGISTIC,F15,0.0
120,900,4,CONTEXT_PLUS_SHOCK,REVERSAL,ELASTIC_NET_LOGISTIC,F16,0.015588247338636636
120,900,4,CONTEXT_PLUS_SHOCK,REVERSAL,ELASTIC_NET_LOGISTIC,F17,0.0
120,900,4,CONTEXT_PLUS_SHOCK,REVERSAL,ELASTIC_NET_LOGISTIC,F18,0.0
120,900,4,CONTEXT_PLUS_SHOCK,REVERSAL,ELASTIC_NET_LOGISTIC,F19,0.0
120,900,4,CONTEXT_PLUS_SHOCK,REVERSAL,ELASTIC_NET_LOGISTIC,F20,0.0
120,900,4,CONTEXT_PLUS_SHOCK,REVERSAL,ELASTIC_NET_LOGISTIC,F21,0.0
120,900,4,CONTEXT_PLUS_SHOCK,REVERSAL,ELASTIC_NET_LOGISTIC,F22,0.0
120,900,4,CONTEXT_PLUS_SHOCK,REVERSAL,ELASTIC_NET_LOGISTIC,F23,0.0
120,900,4,CONTEXT_PLUS_SHOCK,REVERSAL,ELASTIC_NET_LOGISTIC,F24,0.0
120,900,4,CONTEXT_PLUS_SHOCK,REVERSAL,ELASTIC_NET_LOGISTIC,F25,0.0
120,900,4,CONTEXT_PLUS_SHOCK,REVERSAL,ELASTIC_NET_LOGISTIC,F26,-0.16449835413411942
120,900,4,CONTEXT_PLUS_SHOCK,REVERSAL,ELASTIC_NET_LOGISTIC,F27,0.0
120,900,4,CONTEXT_PLUS_SHOCK,REVERSAL,ELASTIC_NET_LOGISTIC,F28,0.0644891835112262
120,900,4,CONTEXT_PLUS_SHOCK,REVERSAL,ELASTIC_NET_LOGISTIC,F29,-0.017355377899869958
120,900,4,CONTEXT_PLUS_SHOCK,REVERSAL,ELASTIC_NET_LOGISTIC,F30,0.03292981543803957
120,900,4,CONTEXT_PLUS_SHOCK,REVERSAL,ELASTIC_NET_LOGISTIC,F31,0.0
120,900,4,CONTEXT_PLUS_SHOCK,REVERSAL,ELASTIC_NET_LOGISTIC,F32,0.0
120,900,4,CONTEXT_PLUS_SHOCK,REVERSAL,ELASTIC_NET_LOGISTIC,F33,0.0
120,900,4,CONTEXT_PLUS_SHOCK,REVERSAL,ELASTIC_NET_LOGISTIC,F34,0.0
120,900,4,CONTEXT_PLUS_SHOCK,REVERSAL,ELASTIC_NET_LOGISTIC,F35,0.0
120,900,4,CONTEXT_PLUS_SHOCK,REVERSAL,ELASTIC_NET_LOGISTIC,F36,0.03935533564438706
