symbol,offset_index,offset_atr,tp_index,tp_atr,sl_index,sl_atr,trades,tp_first,sl_first,timeout,win_rate,positive_return_rate,gross_expectancy_pips,net_expectancy_pips,net_expectancy_r,pf,average_win_pips,average_loss_pips,required_break_even_win_rate,win_rate_minus_break_even,geometric_break_even_win_rate,longest_losing_streak,terminal_equity_r,max_drawdown_r
AUDUSD,0,0.02,0,0.02,0,0.1,35,0,35,0,0.0,0.0,-2.2542857142857144,-2.4542857142857146,-3.368846019247276,0.0,0.0,-2.4542857142857146,nan,nan,0.8333333333333333,35,-117.90961067365465,117.90961067365465
AUDUSD,0,0.02,0,0.02,1,0.2,35,6,29,0,0.17142857142857143,0.14285714285714285,-2.0897570094285713,-2.2897570094285715,-1.6045533952441082,0.004125929200227603,0.06640561199999999,-2.682450779666666,0.9758424586306826,-0.8044138872021112,0.9090909090909092,13,-56.15936883354379,56.19559962319733
AUDUSD,0,0.02,0,0.02,2,0.3,35,12,23,0,0.34285714285714286,0.2,-2.010444604857143,-2.2104446048571424,-1.0285935728977555,0.006160783307884472,0.06851244142857142,-2.7801838664285716,0.9759495453272419,-0.633092402470099,0.9375,11,-36.00077505142144,36.02492891119047
AUDUSD,0,0.02,0,0.02,3,0.5,35,19,16,0,0.5428571428571428,0.2571428571428571,-1.9242756688571425,-2.124275668857143,-0.5605644109326843,0.006691309943042102,0.05564976333333332,-2.8788652415384615,0.9810361292271652,-0.4381789863700224,0.9615384615384615,11,-19.61975438264395,19.63424669850537
AUDUSD,0,0.02,0,0.02,4,0.75,35,22,13,0,0.6285714285714286,0.2857142857142857,-2.2813994605714285,-2.4813994605714287,-0.4122214078373343,0.006293786111345611,0.05500709399999999,-3.4959620823999997,0.9845092730273242,-0.3559378444558956,0.974025974025974,11,-14.427749274306704,14.437410818214316
AUDUSD,0,0.02,0,0.02,5,1.0,35,24,9,2,0.6857142857142857,0.3142857142857143,-2.351487951714286,-2.551487951714286,-0.30110884115575576,0.006260946143978964,0.05114892272727272,-3.744363185833333,0.9865238415095795,-0.3008095557952938,0.9803921568627451,11,-10.538809440451454,10.546055598382162
AUDUSD,0,0.02,1,0.03,0,0.1,35,0,35,0,0.0,0.0,-2.2542857142857144,-2.4542857142857146,-3.368846019247276,0.0,0.0,-2.4542857142857146,nan,nan,0.7692307692307693,35,-117.90961067365465,117.90961067365465
AUDUSD,0,0.02,1,0.03,1,0.2,35,6,29,0,0.17142857142857143,0.14285714285714285,-2.0689212280000002,-2.268921228,-1.5959819665548174,0.012411871303315636,0.199608422,-2.680342836333333,0.9306903471291678,-0.7592617757005964,0.8695652173913043,13,-55.85936882941861,55.945599619359115
AUDUSD,0,0.02,1,0.03,2,0.3,35,11,24,0,0.3142857142857143,0.2571428571428571,-2.0543356405714284,-2.2543356405714285,-1.0493370810758869,0.018957870513619298,0.16941271666666666,-3.0933254565384614,0.9480765211079608,-0.6337908068222465,0.9090909090909092,11,-36.72679783765602,36.7842850309497
AUDUSD,0,0.02,1,0.03,3,0.5,35,18,17,0,0.5142857142857142,0.42857142857142855,-2.0007965228571427,-2.200796522857143,-0.5805109912143391,0.024124786871322298,0.12694800333333334,-3.9466049174999993,0.9688360490705584,-0.4545503347848442,0.9433962264150942,6,-20.317884692501867,20.35237700847807
AUDUSD,0,0.02,1,0.03,4,0.75,35,21,13,1,0.6,0.45714285714285713,-2.3493393534285714,-2.5493393534285715,-0.4239252718751187,0.022759500544229202,0.129878415625,-4.805522737894736,0.9736843244176057,-0.3736843244176057,0.9615384615384615,6,-14.837384515629154,14.860379392946623
AUDUSD,0,0.02,1,0.03,5,1.0,35,23,9,3,0.6571428571428571,0.5142857142857142,-2.414472090285715,-2.6144720902857137,-0.30931531062608275,0.023460972785624354,0.12213382555555555,-5.512054824705881,0.9783227305408227,-0.3211798733979656,0.970873786407767,6,-10.826035871912898,10.843282029901
AUDUSD,0,0.02,2,0.05,0,0.1,35,0,35,0,0.0,0.0,-2.2542857142857144,-2.4542857142857146,-3.368846019247276,0.0,0.0,-2.4542857142857146,nan,nan,0.6666666666666666,35,-117.90961067365465,117.90961067365465
AUDUSD,0,0.02,2,0.05,1,0.2,35,4,31,0,0.11428571428571428,0.11428571428571428,-2.223458204285714,-2.4234582042857142,-1.691547623451651,0.021672005190311417,0.46974071249999994,-2.7967741935483867,0.8561951419140282,-0.7419094276283139,0.8,13,-59.20416682080779,59.39039761132222
AUDUSD,0,0.02,2,0.05,2,0.3,35,9,26,0,0.2571428571428571,0.2571428571428571,-2.208672700857143,-2.4086727008571427,-1.1108372574604082,0.0387281125427594,0.3773839411111111,-3.3730769230769235,0.89937664869013,-0.6422337915472729,0.8571428571428572,10,-38.87930401111427,39.00345787145722
AUDUSD,0,0.02,2,0.05,3,0.5,35,16,19,0,0.45714285714285713,0.42857142857142855,-2.2089646474285716,-2.4089646474285713,-0.6244346780289918,0.05417115829406103,0.32193098666666664,-4.457136372999999,0.9326372778539115,-0.47549442071105436,0.9090909090909091,6,-21.85521373101471,21.929706047220485
AUDUSD,0,0.02,2,0.05,4,0.75,35,20,14,1,0.5714285714285714,0.4857142857142857,-2.4103139177142854,-2.6103139177142856,-0.44476967801475675,0.058756314604789195,0.33547822294117635,-5.392450939444444,0.9414311501713032,-0.3700025787427318,0.9375,6,-15.566938730516487,15.616600274653669
AUDUSD,0,0.02,2,0.05,5,1.0,35,22,10,3,0.6285714285714286,0.5428571428571428,-2.4969637171428576,-2.696963717142857,-0.32877562128589144,0.06135773872028526,0.3247572005263158,-6.285257306875,0.9508689125927514,-0.32229748402132286,0.9523809523809523,6,-11.5071467450062,11.544392903109086
AUDUSD,0,0.02,3,0.075,0,0.1,35,0,35,0,0.0,0.0,-2.2542857142857144,-2.4542857142857146,-3.368846019247276,0.0,0.0,-2.4542857142857146,nan,nan,0.5714285714285715,35,-117.90961067365465,117.90961067365465
AUDUSD,0,0.02,3,0.075,1,0.2,35,3,32,0,0.08571428571428572,0.08571428571428572,-2.3102191974285713,-2.510219197428571,-1.7171278343109482,0.02488710421753607,0.7474426966666666,-2.8156250000000003,0.7902249521203549,-0.7045106664060692,0.7272727272727273,13,-60.099474200883186,60.099474200883186
AUDUSD,0,0.02,3,0.075,2,0.3,35,8,27,0,0.22857142857142856,0.22857142857142856,-2.3051838,-2.5051837999999997,-1.125703182702648,0.05413772384034521,0.6273208750000001,-3.4333333333333336,0.8455123625861558,-0.6169409340147273,0.7999999999999999,10,-39.39961139459268,39.39961139459268
AUDUSD,0,0.02,3,0.075,3,0.5,35,15,20,0,0.42857142857142855,0.42857142857142855,-2.3570502914285716,-2.557050291428571,-0.6350148888928212,0.08019773689619733,0.5202159866666666,-4.864999999999999,0.9033992345052312,-0.47482780593380264,0.8695652173913044,5,-22.225521111248746,22.248353329983487
AUDUSD,0,0.02,3,0.075,4,0.75,35,18,16,1,0.5142857142857142,0.5142857142857142,-2.959835938571428,-3.159835938571428,-0.4895496345514222,0.07297353017602683,0.4836523416666667,-7.017647058823529,0.9355241917640215,-0.4212384774783072,0.9090909090909092,4,-17.134237209299783,17.149458688456278
AUDUSD,0,0.02,3,0.075,5,1.0,35,20,12,3,0.5714285714285714,0.5714285714285714,-3.2569534948571426,-3.4569534948571423,-0.37655737196532,0.07355763920367535,0.48033138400000003,-8.706666666666667,0.9477161765626865,-0.3762876051341151,0.9302325581395349,3,-13.1795080187862,13.19092412815357
AUDUSD,0,0.02,4,0.1,0,0.1,35,0,35,0,0.0,0.0,-2.2542857142857144,-2.4542857142857146,-3.368846019247276,0.0,0.0,-2.4542857142857146,nan,nan,0.5,35,-117.90961067365465,117.90961067365465
AUDUSD,0,0.02,4,0.1,1,0.2,35,2,33,0,0.05714285714285714,0.05714285714285714,-2.3838172674285714,-2.5838172674285715,-1.7512195340702292,0.024448712405609488,1.13319782,-2.8090909090909095,0.7125533166462632,-0.655410459503406,0.6666666666666666,25,-61.29268369245802,61.29268369245802
AUDUSD,0,0.02,4,0.1,2,0.3,35,6,29,0,0.17142857142857143,0.17142857142857143,-2.467661884,-2.667661884,-1.1867051401139708,0.05783889061553986,0.9553056766666667,-3.4172413793103447,0.7815219220200682,-0.6100933505914967,0.7499999999999999,10,-41.53467990398897,41.53467990398897
AUDUSD,0,0.02,4,0.1,3,0.5,35,13,22,0,0.37142857142857144,0.37142857142857144,-2.6711029205714283,-2.8711029205714285,-0.7050522686584091,0.08977715380434782,0.7624152138461537,-5.018181818181817,0.8681078771583771,-0.4966793057298057,0.8333333333333334,5,-24.67682940304432,24.74966162225594
AUDUSD,0,0.02,4,0.1,4,0.75,35,16,18,1,0.45714285714285713,0.45714285714285713,-3.331007593142857,-3.531007593142857,-0.5418619313886385,0.08387497583395107,0.70717089,-7.1000000000000005,0.9094203393311403,-0.4522774821882832,0.8823529411764706,5,-18.965167598602346,19.013722411410093
AUDUSD,0,0.02,4,0.1,5,1.0,35,18,13,4,0.5142857142857142,0.5142857142857142,-3.6643071920000003,-3.8643071919999996,-0.420090013615759,0.08552568140635564,0.7027360155555554,-8.700000000000001,0.9252626028856948,-0.4109768885999806,0.9090909090909091,3,-14.703150476551563,14.739566586157373
AUDUSD,0,0.02,5,0.15,0,0.1,35,0,35,0,0.0,0.0,-2.2542857142857144,-2.4542857142857146,-3.368846019247276,0.0,0.0,-2.4542857142857146,nan,nan,0.4,35,-117.90961067365465,117.90961067365465
AUDUSD,0,0.02,5,0.15,1,0.2,35,1,34,0,0.02857142857142857,0.02857142857142857,-2.494475389142857,-2.6944753891428572,-1.7899014470830348,0.017639181041666667,1.69336138,-2.823529411764706,0.6251046443081215,-0.5965332157366929,0.5714285714285715,25,-62.64655064790622,62.64655064790622
AUDUSD,0,0.02,5,0.15,2,0.3,35,6,29,0,0.17142857142857143,0.17142857142857143,-2.368635683142857,-2.568635683142857,-1.1581337115422803,0.09281282633703329,1.5329585149999998,-3.4172413793103447,0.6903239166640623,-0.518895345235491,0.6666666666666667,10,-40.53467990397979,40.53467990397979
AUDUSD,0,0.02,5,0.15,3,0.5,35,13,22,0,0.37142857142857144,0.37142857142857144,-2.4923686660000004,-2.692368666,-0.6679094113985807,0.14644109320652177,1.2436228223076924,-5.018181818181817,0.8013954612594759,-0.4299668898309045,0.7692307692307692,5,-23.376829398950324,23.549661619115703
AUDUSD,0,0.02,5,0.15,4,0.75,35,15,18,2,0.42857142857142855,0.45714285714285713,-3.1305548234285716,-3.330554823428572,-0.5139343353633189,0.13588273669384726,1.1456613237499997,-7.1000000000000005,0.8610588916076206,-0.43248746303619207,0.8333333333333333,5,-17.98770173771617,18.102923217826422
AUDUSD,0,0.02,5,0.15,5,1.0,35,17,13,5,0.4857142857142857,0.5142857142857142,-3.4390756500000004,-3.63907565,-0.3962871737104117,0.13882591108857337,1.1406862361111112,-8.700000000000001,0.8840846858905753,-0.3983704001762896,0.8695652173913044,3,-13.870051079864414,13.956467189947103
AUDUSD,1,0.05,0,0.02,0,0.1,66,0,66,0,0.0,0.0,-2.2242424242424246,-2.4242424242424243,-2.849198767711548,0.0,0.0,-2.4242424242424243,nan,nan,0.8333333333333333,66,-188.04711866896218,188.04711866896218
AUDUSD,1,0.05,0,0.02,1,0.2,66,8,58,0,0.12121212121212122,0.10606060606060606,-2.3026150662121214,-2.5026150662121216,-1.4349483904100055,0.0036249999861935125,0.08584700285714285,-2.809720735423729,0.970352272639938,-0.8491401514278167,0.9090909090909092,23,-94.70659376706037,94.74282455671391
AUDUSD,1,0.05,0,0.02,2,0.3,66,24,42,0,0.36363636363636365,0.25757575757575757,-1.9974389057575759,-2.1974389057575756,-0.8859187254524595,0.011970840674144119,0.10336338235294117,-2.995676434285714,0.9666466426801017,-0.603010279043738,0.9375,15,-58.47063587986233,58.49478973963136
AUDUSD,1,0.05,0,0.02,3,0.5,66,38,28,0,0.5757575757575758,0.3181818181818182,-1.9956772775757574,-2.1956772775757583,-0.4997753972646428,0.014034919749701778,0.09822941285714284,-3.266167066444445,0.9708032589317374,-0.39504568317416155,0.9615384615384615,15,-32.985176219466425,32.99966853532784
AUDUSD,1,0.05,0,0.02,4,0.75,66,43,22,1,0.6515151515151515,0.3484848484848485,-2.2215996206060606,-2.421599620606061,-0.36766976544782537,0.014224612058142069,0.10027228217391304,-3.770507847674419,0.9740950715850032,-0.3225799200698517,0.974025974025974,15,-24.26620451955648,24.275866063464093
AUDUSD,1,0.05,0,0.02,5,1.0,66,46,16,4,0.696969696969697,0.3787878787878788,-2.306329395909091,-2.506329395909091,-0.28408680583327045,0.014182342965554706,0.0951904688,-4.092621996341463,0.9772696438552712,-0.28029994688557414,0.9803921568627451,15,-18.749729184995854,18.756975342926562
AUDUSD,1,0.05,1,0.03,0,0.1,66,0,66,0,0.0,0.0,-2.2242424242424246,-2.4242424242424243,-2.849198767711548,0.0,0.0,-2.4242424242424243,nan,nan,0.7692307692307693,66,-188.04711866896218,188.04711866896218
AUDUSD,1,0.05,1,0.03,1,0.2,66,8,58,0,0.12121212121212122,0.10606060606060606,-2.2864983565151515,-2.4864983565151513,-1.428887784253323,0.009663815128495233,0.22877050857142858,-2.8086488998305086,0.9246826078945118,-0.8034704866823906,0.8695652173913043,23,-94.30659376071932,94.39282455065982
AUDUSD,1,0.05,1,0.03,2,0.3,66,22,44,0,0.3333333333333333,0.30303030303030304,-2.0914533887878792,-2.291453388787879,-0.907626828055299,0.026961549272767987,0.2095269105,-3.378836127608696,0.9416093332043587,-0.6082759998710254,0.9090909090909092,15,-59.90337065164974,59.96085784494341
AUDUSD,1,0.05,1,0.03,3,0.5,66,35,31,0,0.5303030303030303,0.4393939393939394,-2.273880074242424,-2.4738800742424236,-0.5375859605510253,0.03028942357452185,0.17586258655172413,-4.550705402972973,0.9627927521742031,-0.43248972187117285,0.9433962264150942,7,-35.480673396367656,35.51516571234386
AUDUSD,1,0.05,1,0.03,4,0.75,66,38,25,3,0.5757575757575758,0.45454545454545453,-2.9450770298484845,-3.145077029848485,-0.429815648387567,0.02477743027083481,0.175794987,-5.912470377222223,0.9711256036845796,-0.39536802792700376,0.9615384615384615,7,-28.36783279357942,28.39082767089689
AUDUSD,1,0.05,1,0.03,5,1.0,66,41,16,9,0.6212121212121212,0.5,-3.0039898746969698,-3.2039898746969695,-0.3288284622093959,0.025734297597648677,0.16926066212121213,-6.577240411515151,0.9749113414088615,-0.35369922019674027,0.970873786407767,7,-21.702678505820124,21.719924663808225
AUDUSD,1,0.05,2,0.05,0,0.1,66,0,66,0,0.0,0.0,-2.2242424242424246,-2.4242424242424243,-2.849198767711548,0.0,0.0,-2.4242424242424243,nan,nan,0.6666666666666666,66,-188.04711866896218,188.04711866896218
AUDUSD,1,0.05,2,0.05,1,0.2,66,6,60,0,0.09090909090909091,0.09090909090909091,-2.3583149201515154,-2.558314920151515,-1.476536238651439,0.018321019011627904,0.525202545,-2.866666666666667,0.8451583736797651,-0.7542492827706742,0.8,23,-97.45139175099497,97.6376225415094
AUDUSD,1,0.05,2,0.05,2,0.3,66,20,46,0,0.30303030303030304,0.30303030303030304,-2.12414906469697,-2.32414906469697,-0.9291294468514488,0.05719828967424707,0.4653080864999999,-3.53695652173913,0.8837387998929134,-0.5807084968626104,0.8571428571428572,14,-61.32254349219562,61.44669735253857
AUDUSD,1,0.05,2,0.05,3,0.5,66,33,33,0,0.5,0.48484848484848486,-2.31809253030303,-2.51809253030303,-0.5505757944741603,0.06916339094666589,0.385894389375,-5.25125669,0.9315444301667031,-0.4315444301667031,0.9090909090909091,5,-36.33800243529456,36.41305479366019
AUDUSD,1,0.05,2,0.05,4,0.75,66,37,26,3,0.5606060606060606,0.5151515151515151,-2.911232294848485,-3.111232294848485,-0.43400081326377987,0.06049842781578304,0.38890545441176466,-6.830128653437499,0.9461277715825019,-0.3855217109764414,0.9375,5,-28.64405367540947,28.694088580986552
AUDUSD,1,0.05,2,0.05,5,1.0,66,40,17,9,0.6060606060606061,0.5606060606060606,-2.9776021875757572,-3.177602187575758,-0.33369377846316056,0.06317391427088626,0.3822262845945945,-7.7194523072413785,0.9528213468033941,-0.34676074074278807,0.9523809523809523,5,-22.023789378568598,22.06131555775141
AUDUSD,1,0.05,3,0.075,0,0.1,66,0,66,0,0.0,0.0,-2.2242424242424246,-2.4242424242424243,-2.849198767711548,0.0,0.0,-2.4242424242424243,nan,nan,0.5714285714285715,66,-188.04711866896218,188.04711866896218
AUDUSD,1,0.05,3,0.075,1,0.2,66,5,61,0,0.07575757575757576,0.07575757575757576,-2.3916559589393938,-2.591655958939394,-1.4863136232307397,0.02480448523375142,0.8701413419999998,-2.875409836065574,0.7676867033360381,-0.6919291275784623,0.7272727272727273,23,-98.09669913322884,98.09669913322884
AUDUSD,1,0.05,3,0.075,2,0.3,66,18,48,0,0.2727272727272727,0.2727272727272727,-2.204960044090909,-2.404960044090909,-0.9436257814183223,0.08143887204861111,0.7818131716666668,-3.6,0.8215777028737863,-0.5488504301465136,0.7999999999999999,14,-62.279301573609274,62.279301573609274
AUDUSD,1,0.05,3,0.075,3,0.5,66,31,35,0,0.4696969696969697,0.4696969696969697,-2.4504206971212117,-2.6504206971212123,-0.5617485912210537,0.10201352150924024,0.6410398061290322,-5.565714285714285,0.8967189940759112,-0.42702202437894143,0.8695652173913044,5,-37.07540702058954,37.17596706150981
AUDUSD,1,0.05,3,0.075,4,0.75,66,34,28,4,0.5151515151515151,0.5151515151515151,-3.286746419090909,-3.4867464190909088,-0.46418461239104714,0.08280086225587883,0.6110216570588234,-7.840624999999999,0.9277038331283646,-0.41255231797684944,0.9090909090909092,4,-30.636184417809126,30.703224445089305
AUDUSD,1,0.05,3,0.075,5,1.0,66,37,19,10,0.5606060606060606,0.5606060606060606,-3.4597861066666664,-3.659786106666666,-0.36348143712039227,0.08505347333333331,0.6068680259459459,-9.103448275862071,0.937502754072702,-0.37689669346664145,0.9302325581395349,3,-23.98977484994589,24.040054870406024
AUDUSD,1,0.05,4,0.1,0,0.1,66,0,66,0,0.0,0.0,-2.2242424242424246,-2.4242424242424243,-2.849198767711548,0.0,0.0,-2.4242424242424243,nan,nan,0.5,66,-188.04711866896218,188.04711866896218
AUDUSD,1,0.05,4,0.1,1,0.2,66,4,62,0,0.06060606060606061,0.06060606060606061,-2.418016659545455,-2.6180166595454546,-1.500604676115817,0.029274721741573025,1.3027251174999999,-2.8709677419354844,0.6878723084390543,-0.6272662478329938,0.6666666666666666,39,-99.03990862364394,99.03990862364394
AUDUSD,1,0.05,4,0.1,2,0.3,66,16,50,0,0.24242424242424243,0.24242424242424243,-2.2352940272727273,-2.435294027272727,-0.9633490416072784,0.10307251227678571,1.1544121375,-3.5840000000000005,0.7563715219358121,-0.5139472795115697,0.7499999999999999,14,-63.58103674608037,63.58103674608037
AUDUSD,1,0.05,4,0.1,3,0.5,66,28,38,0,0.42424242424242425,0.42424242424242425,-2.629221158181818,-2.8292211581818183,-0.6091494765728064,0.12416230562851784,0.9454072700000002,-5.610526315789474,0.855793647444927,-0.4315512232025028,0.8333333333333334,5,-40.20386545380522,40.40442549709951
AUDUSD,1,0.05,4,0.1,4,0.75,66,31,31,4,0.4696969696969697,0.4696969696969697,-3.5170493936363636,-3.7170493936363638,-0.5023071978569775,0.10203052715959005,0.899185161935484,-7.805714285714287,0.8967035555846364,-0.4270065858876667,0.8823529411764706,5,-33.152275058560534,33.28598175409006
AUDUSD,1,0.05,4,0.1,5,1.0,66,35,20,11,0.5303030303030303,0.5303030303030303,-3.5937489798484847,-3.793748979848485,-0.3801275349535353,0.10989181418414504,0.8832162094285715,-9.074193548387097,0.9113006061907489,-0.38099757588771865,0.9090909090909091,3,-25.088417306933323,25.188697328580467
AUDUSD,1,0.05,5,0.15,0,0.1,66,0,66,0,0.0,0.0,-2.2242424242424246,-2.4242424242424243,-2.849198767711548,0.0,0.0,-2.4242424242424243,nan,nan,0.4,66,-188.04711866896218,188.04711866896218
AUDUSD,1,0.05,5,0.15,1,0.2,66,3,63,0,0.045454545454545456,0.045454545454545456,-2.4513618389393943,-2.651361838939394,-1.513542054202576,0.03480484627688912,2.103372876666666,-2.877777777777778,0.5777335353649811,-0.5322789899104357,0.5714285714285715,39,-99.89377557737002,99.89377557737002
AUDUSD,1,0.05,5,0.15,2,0.3,66,16,50,0,0.24242424242424243,0.24242424242424243,-2.071122858939394,-2.271122858939394,-0.9229450011716707,0.16353733989955355,1.831618206875,-3.5840000000000005,0.6617896356597288,-0.4193653932354864,0.6666666666666667,14,-60.91437007733026,60.91437007733026
AUDUSD,1,0.05,5,0.15,3,0.5,66,28,38,0,0.42424242424242425,0.42424242424242425,-2.3862559793939395,-2.586255979393939,-0.5667252340833424,0.19937666679174482,1.5181109057142856,-5.610526315789474,0.787040515803658,-0.3627980915612337,0.7692307692307692,5,-37.40386544950059,37.80442549392932
AUDUSD,1,0.05,5,0.15,4,0.75,66,30,31,5,0.45454545454545453,0.4696969696969697,-3.2625668204545453,-3.4625668204545454,-0.47234559390202907,0.1635087476207906,1.4409867693548386,-7.805714285714287,0.8441620680961804,-0.3896166135507259,0.8333333333333333,5,-31.17480919753392,31.441849227153078
AUDUSD,1,0.05,5,0.15,5,1.0,66,34,20,12,0.5151515151515151,0.5303030303030303,-3.310191957121212,-3.5101919571212115,-0.35462602893899275,0.17642136804123712,1.417923738,-9.074193548387097,0.8648581883620694,-0.34970667321055426,0.8695652173913044,3,-23.405317909973522,23.605597932187887
AUDUSD,2,0.1,0,0.02,0,0.1,157,1,156,0,0.006369426751592357,0.0,-2.1666005729936306,-2.3666005729936312,-2.778127561658705,0.0,0.0,-2.3666005729936312,nan,nan,0.8333333333333333,157,-436.16602718041656,436.16602718041656
AUDUSD,2,0.1,0,0.02,1,0.2,157,12,145,0,0.07643312101910828,0.05732484076433121,-2.2757996643949046,-2.4757996643949047,-1.421452118413974,0.002155942736483081,0.0933140822222222,-2.632029554391892,0.9657606178653666,-0.8893274968462583,0.9090909090909092,74,-223.1679825909939,223.1679825909939
AUDUSD,2,0.1,0,0.02,2,0.3,157,48,109,0,0.3057324840764331,0.18471337579617833,-2.0558104996815287,-2.2558104996815285,-0.894219940144145,0.006912570372416256,0.0850073248275862,-2.7861520380468754,0.9703926832042924,-0.6646601991278593,0.9375,28,-140.3925306026307,140.3925306026307
AUDUSD,2,0.1,0,0.02,3,0.5,157,88,68,1,0.5605095541401274,0.25477707006369427,-2.0273083964968155,-2.2273083964968152,-0.5040803579310807,0.008280481547747796,0.07299393024999999,-3.0137365423931626,0.9763523472823672,-0.4158427931422398,0.9615384615384615,28,-79.1406161951797,79.1406161951797
AUDUSD,2,0.1,0,0.02,4,0.75,157,100,51,6,0.6369426751592356,0.2802547770700637,-2.2108487374522294,-2.4108487374522296,-0.3701345966717024,0.00881562652172344,0.07650955477272726,-3.3793776299999996,0.9778610959553765,-0.3409184207961409,0.974025974025974,28,-58.11113167745727,58.11113167745727
AUDUSD,2,0.1,0,0.02,5,1.0,157,104,39,14,0.6624203821656051,0.2929936305732484,-2.4418008796178343,-2.641800879617834,-0.30488684473015243,0.008225484884743669,0.07478086173913044,-3.767591511171171,0.9805378410831926,-0.3181174589175876,0.9803921568627451,28,-47.86723462263393,47.86723462263393
AUDUSD,2,0.1,1,0.03,0,0.1,157,0,157,0,0.0,0.0,-2.1732484076433125,-2.3732484076433122,-2.7873792948085834,0.0,0.0,-2.3732484076433122,nan,nan,0.7692307692307693,157,-437.6185492849475,437.6185492849475
AUDUSD,2,0.1,1,0.03,1,0.2,157,12,145,0,0.07643312101910828,0.07006369426751592,-2.265928795859873,-2.4659287958598726,-1.41763046232894,0.005802271348528443,0.2054058309090909,-2.667193733493151,0.9284947914584003,-0.852061670439292,0.8695652173913043,36,-222.56798258564353,222.56798258564353
AUDUSD,2,0.1,1,0.03,2,0.3,157,47,110,0,0.29936305732484075,0.28662420382165604,-2.0372406263057323,-2.2372406263057325,-0.891200976972467,0.02139625899965412,0.17065963422222222,-3.2047005524107144,0.9494395783602394,-0.6500765210353987,0.9090909090909092,28,-139.91855338467732,139.91855338467732
AUDUSD,2,0.1,1,0.03,3,0.5,157,86,70,1,0.5477707006369427,0.47770700636942676,-2.0442617545222928,-2.244261754522293,-0.5065723755994254,0.028554017352118176,0.13808943733333334,-4.423241503170732,0.9697260647967646,-0.42195536415982193,0.9433962264150942,16,-79.53186296910977,79.53186296910977
AUDUSD,2,0.1,1,0.03,4,0.75,157,97,52,8,0.6178343949044586,0.535031847133758,-2.2781159251592356,-2.4781159251592357,-0.37775215169086773,0.02898691272634304,0.1382671033333333,-5.488748451095891,0.9754279862929297,-0.35759359138847113,0.9615384615384615,14,-59.307087815466204,59.307087815466204
AUDUSD,2,0.1,1,0.03,5,1.0,157,101,39,17,0.643312101910828,0.554140127388535,-2.499703374076433,-2.6997033740764333,-0.30983821476458645,0.02736747752670511,0.1370826312643678,-6.225423123571428,0.9784546157525785,-0.33514251384175053,0.970873786407767,14,-48.64459971804007,48.64459971804007
AUDUSD,2,0.1,2,0.05,0,0.1,157,0,157,0,0.0,0.0,-2.1732484076433125,-2.3732484076433122,-2.7873792948085834,0.0,0.0,-2.3732484076433122,nan,nan,0.6666666666666666,157,-437.6185492849475,437.6185492849475
AUDUSD,2,0.1,2,0.05,1,0.2,157,10,147,0,0.06369426751592357,0.06369426751592357,-2.2899278160509557,-2.4899278160509555,-1.4351132521046956,0.012083226889057365,0.478133288,-2.691836734693878,0.8491678834256998,-0.7854736159097763,0.8,36,-225.3127805804372,225.3127805804372
AUDUSD,2,0.1,2,0.05,2,0.3,157,41,116,0,0.2611464968152866,0.2611464968152866,-2.1281638960509555,-2.3281638960509556,-0.9202242770747929,0.04388770159560553,0.4092260565853658,-3.2956896551724144,0.8895451102202779,-0.6283986134049913,0.8571428571428572,23,-144.47521150074246,144.47521150074246
AUDUSD,2,0.1,2,0.05,3,0.5,157,80,76,1,0.5095541401273885,0.5031847133757962,-2.155617588535032,-2.3556175885350323,-0.5279318758707584,0.06641739008740655,0.3330476716455696,-5.078752916153846,0.9384589904520122,-0.42890485032462367,0.9090909090909091,9,-82.88530451170905,82.9178838871087
AUDUSD,2,0.1,2,0.05,4,0.75,157,92,56,9,0.5859872611464968,0.5668789808917197,-2.385388717961783,-2.585388717961784,-0.3937432027426167,0.0689462435648234,0.3377313279775281,-6.411237013382353,0.9499580808658117,-0.3639708197193149,0.9375,9,-61.81768283059082,61.83940241419059
AUDUSD,2,0.1,2,0.05,5,1.0,157,97,41,19,0.6178343949044586,0.5987261146496815,-2.590645384267516,-2.7906453842675156,-0.3179225817147412,0.06634385723971932,0.33119991042553193,-7.448636776349207,0.9574284237883101,-0.3395940288838515,0.9523809523809523,7,-49.91384532921435,49.93013501691417
AUDUSD,2,0.1,3,0.075,0,0.1,157,0,157,0,0.0,0.0,-2.1732484076433125,-2.3732484076433122,-2.7873792948085834,0.0,0.0,-2.3732484076433122,nan,nan,0.5714285714285715,157,-437.6185492849475,437.6185492849475
AUDUSD,2,0.1,3,0.075,1,0.2,157,9,148,0,0.05732484076433121,0.05732484076433121,-2.2962045659872614,-2.4962045659872616,-1.436038776806391,0.018030275970934602,0.799542571111111,-2.6966216216216217,0.7713086322510045,-0.7139837914866733,0.7272727272727273,36,-225.4580879586034,225.4580879586034
AUDUSD,2,0.1,3,0.075,2,0.3,157,38,119,0,0.24203821656050956,0.24203821656050956,-2.1501166505732483,-2.3501166505732485,-0.9235662543415483,0.0677910203638201,0.7060969963157895,-3.326050420168068,0.8248831395823506,-0.5828449230218411,0.7999999999999999,23,-144.99990193162307,144.99990193162307
AUDUSD,2,0.1,3,0.075,3,0.5,157,76,79,2,0.4840764331210191,0.4840764331210191,-2.1957975797452227,-2.3957975797452224,-0.5288832221057533,0.10549293693222354,0.5836813155263157,-5.191358024691358,0.8989303308357522,-0.41485389771473313,0.8695652173913044,9,-83.03466587060328,83.2172452438286
AUDUSD,2,0.1,3,0.075,4,0.75,157,86,59,12,0.5477707006369427,0.5477707006369427,-2.546128196433121,-2.7461281964331206,-0.40744917913212947,0.10402716783042393,0.5820682925581395,-6.777464788732395,0.9209096166660521,-0.3731389160291094,0.9090909090909092,9,-63.969521123744336,64.09124070589455
AUDUSD,2,0.1,3,0.075,5,1.0,157,91,44,22,0.5796178343949044,0.5796178343949044,-2.8116565079617835,-3.0116565079617836,-0.3324883906307942,0.09937129190476192,0.5732959148351648,-7.954545454545453,0.9327736187854532,-0.35315578439054873,0.9302325581395349,7,-52.20067732903468,52.291967015647344
AUDUSD,2,0.1,4,0.1,0,0.1,157,0,157,0,0.0,0.0,-2.1732484076433125,-2.3732484076433122,-2.7873792948085834,0.0,0.0,-2.3732484076433122,nan,nan,0.5,157,-437.6185492849475,437.6185492849475
AUDUSD,2,0.1,4,0.1,1,0.2,157,8,149,0,0.050955414012738856,0.050955414012738856,-2.299546906369427,-2.4995469063694276,-1.4388617672365192,0.023079750311177497,1.1588919625,-2.695973154362416,0.6993689980407785,-0.6484135840280396,0.6666666666666666,65,-225.90129745613348,225.90129745613348
AUDUSD,2,0.1,4,0.1,2,0.3,157,35,122,0,0.2229299363057325,0.2229299363057325,-2.1550357138853506,-2.3550357138853504,-0.9309111832076381,0.0888600121241991,1.030268369142857,-3.3262295081967213,0.7635099572751267,-0.5405800209693943,0.7499999999999999,23,-146.15305576359916,146.15305576359916
AUDUSD,2,0.1,4,0.1,3,0.5,157,70,84,3,0.445859872611465,0.445859872611465,-2.3010382174522297,-2.50103821745223,-0.5565206607073125,0.13242819235528058,0.8562428551428571,-5.202298850574713,0.8586717898904941,-0.4128119172790291,0.8333333333333334,9,-87.37374373104802,87.70632310571264
AUDUSD,2,0.1,4,0.1,4,0.75,157,81,63,13,0.5159235668789809,0.5159235668789809,-2.6340272374522296,-2.8340272374522293,-0.42383788552266183,0.1341851016151002,0.8513299224691356,-6.761842105263158,0.8881767127594097,-0.3722531458804288,0.8823529411764706,9,-66.54254802705788,66.76426761016762
AUDUSD,2,0.1,4,0.1,5,1.0,157,87,45,25,0.554140127388535,0.554140127388535,-2.844549148598726,-3.0445491485987257,-0.33783476123437944,0.13202430301434542,0.8356986628735634,-7.8671428571428565,0.903974045608958,-0.349833918220423,0.9090909090909091,7,-53.04005751379754,53.20634720112985
AUDUSD,2,0.1,5,0.15,0,0.1,157,0,157,0,0.0,0.0,-2.1732484076433125,-2.3732484076433122,-2.7873792948085834,0.0,0.0,-2.3732484076433122,nan,nan,0.4,157,-437.6185492849475,437.6185492849475
AUDUSD,2,0.1,5,0.15,1,0.2,157,7,150,0,0.044585987261146494,0.044585987261146494,-2.298086168917198,-2.498086168917198,-1.4379309834887986,0.03160610241975309,1.828638782857143,-2.7,0.596205643563507,-0.5516196563023605,0.5714285714285715,65,-225.75516440774138,225.75516440774138
AUDUSD,2,0.1,5,0.15,2,0.3,157,33,123,1,0.21019108280254778,0.21019108280254778,-2.0880897196178347,-2.2880897196178345,-0.9088570724421062,0.1293502521085797,1.6172701218181817,-3.3274193548387103,0.672927869494523,-0.4627367866919752,0.6666666666666667,23,-142.69056037341065,142.69056037341065
AUDUSD,2,0.1,5,0.15,3,0.5,157,63,87,7,0.4012738853503185,0.4140127388535032,-2.246253426496815,-2.4462534264968157,-0.5448782495903687,0.1875147282420139,1.3636648006153844,-5.13804347826087,0.7902605373658692,-0.3889866520155507,0.7692307692307692,9,-85.54588518568788,86.1784645630165
AUDUSD,2,0.1,5,0.15,4,0.75,157,71,66,20,0.45222929936305734,0.4713375796178344,-2.674609251656051,-2.874609251656051,-0.4268966458992638,0.18210646518666185,1.3579236147297296,-6.648192771084336,0.8303892237769842,-0.3781599244139269,0.8333333333333333,9,-67.0227734061844,67.44449299107015
AUDUSD,2,0.1,5,0.15,5,1.0,157,77,47,33,0.49044585987261147,0.5095541401273885,-2.905041799872611,-3.1050417998726116,-0.34154377032030814,0.1795833682598452,1.3338554677499999,-7.716883116883116,0.8526246830270073,-0.36217882315439587,0.8695652173913044,7,-53.62237194028835,53.938661628952666
EURUSD,0,0.02,0,0.02,0,0.1,92,5,87,0,0.05434782608695652,0.043478260869565216,-1.8842754643478261,-2.084275464347826,-2.1586408647723316,0.0046823577539555706,0.22552040499999998,-2.1892661856818183,0.9066085566856141,-0.8522607305986576,0.8333333333333333,50,-198.59495955905453,198.59495955905453
EURUSD,0,0.02,0,0.02,1,0.2,92,21,71,0,0.22826086956521738,0.1956521739130435,-1.997389661413043,-2.1973896614130437,-1.123473613819001,0.014777899028502168,0.16846161055555553,-2.772866997837838,0.9427260150141563,-0.7144651454489389,0.9090909090909092,25,-103.35957247134814,103.35957247134814
EURUSD,0,0.02,0,0.02,2,0.3,92,30,62,0,0.32608695652173914,0.2717391304347826,-2.32132623576087,-2.5213262357608697,-0.8337929566323757,0.015076199597115994,0.14202542840000001,-3.5151141701492534,0.9611648873189472,-0.6350779307972081,0.9375,25,-76.7089520101786,76.7089520101786
EURUSD,0,0.02,0,0.02,3,0.5,92,46,45,1,0.5,0.33695652173913043,-2.63386763,-2.83386763,-0.5547630292928699,0.015544355226616196,0.13279516193548385,-4.341515934098361,0.970320534472179,-0.47032053447217903,0.9615384615384615,25,-51.038198694944036,51.038198694944036
EURUSD,0,0.02,0,0.02,4,0.75,92,55,33,4,0.5978260869565217,0.3804347826086957,-2.9431868296739134,-3.143186829673913,-0.4190734999636639,0.015902673658989324,0.13351254485714287,-5.1551952175438585,0.9747551668847495,-0.3769290799282278,0.974025974025974,17,-38.55476199665707,38.55476199665707
EURUSD,0,0.02,0,0.02,5,1.0,92,58,23,11,0.6304347826086957,0.391304347826087,-3.251928011847826,-3.4519280118478264,-0.3333482955075125,0.014579565304717379,0.1305178972222222,-5.754928953392857,0.9778236214623904,-0.34738883885369476,0.9803921568627451,17,-30.668043186691136,30.668043186691136
EURUSD,0,0.02,1,0.03,0,0.1,92,4,88,0,0.043478260869565216,0.043478260869565216,-1.898235542173913,-2.0982355421739127,-2.167386708722597,0.007518406786632389,0.3655825299999999,-2.210227272727273,0.8580708367469834,-0.8145925758774182,0.7692307692307693,28,-199.39957720247898,199.39957720247898
EURUSD,0,0.02,1,0.03,1,0.2,92,20,72,0,0.21739130434782608,0.21739130434782608,-1.981005602391304,-2.1810056023913047,-1.1248608234459794,0.03113222877836793,0.32237422899999996,-2.876388888888889,0.8992190990332665,-0.6818277946854404,0.8695652173913043,21,-103.48719575703016,103.48719575703016
EURUSD,0,0.02,1,0.03,2,0.3,92,29,63,0,0.31521739130434784,0.31521739130434784,-2.304953941956522,-2.5049539419565217,-0.8360075602151433,0.03332314320469799,0.27393921862068965,-3.7841269841269836,0.9324951331658394,-0.6172777418614916,0.9090909090909092,21,-76.91269553979322,76.91269553979322
EURUSD,0,0.02,1,0.03,3,0.5,92,42,49,1,0.45652173913043476,0.43478260869565216,-2.8258790154347824,-3.025879015434782,-0.5922435571886355,0.03253798753497464,0.23406482999999997,-5.533528127307691,0.9594172418663085,-0.5028955027358737,0.9433962264150942,20,-54.486407261354465,54.486407261354465
EURUSD,0,0.02,1,0.03,4,0.75,92,51,36,5,0.5543478260869565,0.5217391304347826,-3.227901293260869,-3.42790129326087,-0.45549175183147267,0.0331802000173682,0.22548017416666663,-7.413408348636363,0.9704825939672269,-0.4161347678802704,0.9615384615384615,17,-41.90524116849548,41.90524116849548
EURUSD,0,0.02,1,0.03,5,1.0,92,54,25,13,0.5869565217391305,0.532608695652174,-3.5866652404347827,-3.7866652404347825,-0.36595111308122,0.030505272370491623,0.2237062489795918,-8.356623449302326,0.973928012460362,-0.3869714907212315,0.970873786407767,17,-33.66750240347224,33.66750240347224
EURUSD,0,0.02,2,0.05,0,0.1,92,4,88,0,0.043478260869565216,0.043478260869565216,-1.8818418457608694,-2.0818418457608696,-2.1586910566198783,0.015272751619537275,0.7426375475,-2.210227272727273,0.7485026939218838,-0.7050244330523187,0.6666666666666666,28,-198.59957720902884,198.59957720902884
EURUSD,0,0.02,2,0.05,1,0.2,92,19,73,0,0.20652173913043478,0.20652173913043478,-1.937187295217391,-2.1371872952173914,-1.1180588202510737,0.062368950119217934,0.6883562547368421,-2.872602739726027,0.8066935744536219,-0.6001718353231871,0.8,21,-102.86141146309885,102.86141146309885
EURUSD,0,0.02,2,0.05,2,0.3,92,28,64,0,0.30434782608695654,0.30434782608695654,-2.2492026439130437,-2.4492026439130434,-0.8286849604973537,0.06928276232961586,0.5990484557142858,-3.7828125000000004,0.8632890313570812,-0.5589412052701247,0.8571428571428572,21,-76.23901636575654,76.23901636575654
EURUSD,0,0.02,2,0.05,3,0.5,92,42,49,1,0.45652173913043476,0.45652173913043476,-2.697479519347826,-2.8974795193478258,-0.5739826877082688,0.07345110955856794,0.5031401004761904,-5.754,0.9195894462331282,-0.46306770710269346,0.9090909090909091,15,-52.806407269160715,52.806407269160715
EURUSD,0,0.02,2,0.05,4,0.75,92,51,36,5,0.5543478260869565,0.5543478260869565,-3.076212301195653,-3.2762123011956525,-0.4407091432068872,0.07570827442502302,0.4840876135294118,-7.953658536585365,0.9426283269350517,-0.3882805008480952,0.9375,11,-40.54524117503362,40.54524117503362
EURUSD,0,0.02,2,0.05,5,1.0,92,54,25,13,0.5869565217391305,0.5869565217391305,-3.430673952173914,-3.6306739521739133,-0.35421198267775983,0.06983569033695351,0.4644073407407408,-9.45,0.9531583356644652,-0.3662018139253347,0.9523809523809523,5,-32.58750240635389,32.58750240635389
EURUSD,0,0.02,3,0.075,0,0.1,92,4,88,0,0.043478260869565216,0.043478260869565216,-1.861349725326087,-2.0613497253260866,-2.1478214914789024,0.024965682622107972,1.2139563175,-2.210227272727273,0.6454756920847733,-0.6019974312152081,0.5714285714285715,28,-197.59957721605903,197.59957721605903
EURUSD,0,0.02,3,0.075,1,0.2,92,18,74,0,0.1956521739130435,0.1956521739130435,-1.909657811195652,-2.1096578111956523,-1.1072286837522556,0.09389113618113913,1.1173045205555556,-2.8945945945945946,0.7215023387960394,-0.525850164882996,0.7272727272727273,21,-101.86503890520756,101.86503890520756
EURUSD,0,0.02,3,0.075,2,0.3,92,27,65,0,0.29347826086956524,0.29347826086956524,-2.2200721385869566,-2.4200721385869564,-0.8177101194857966,0.10655442716693417,0.983457898148148,-3.833846153846154,0.7958489047954095,-0.5023706439258442,0.7999999999999999,21,-75.22933099269329,75.22933099269329
EURUSD,0,0.02,3,0.075,3,0.5,92,41,49,2,0.44565217391304346,0.44565217391304346,-2.5924874516304346,-2.792487451630435,-0.5563388009848067,0.11836360483870967,0.841247669512195,-5.713725490196078,0.8716626828187296,-0.42601050890568615,0.8695652173913044,15,-51.18316969060223,51.18316969060223
EURUSD,0,0.02,3,0.075,4,0.75,92,50,36,6,0.5434782608695652,0.5434782608695652,-2.9421083633695653,-3.1421083633695654,-0.4256856824721488,0.12348705448756822,0.8145206114,-7.852380952380953,0.9060193997352077,-0.36254113886564254,0.9090909090909092,11,-39.16308278743769,39.16308278743769
EURUSD,0,0.02,3,0.075,5,1.0,92,53,25,14,0.5760869565217391,0.5760869565217391,-3.2911921443478263,-3.4911921443478264,-0.3421291697532219,0.11469217949283353,0.7851004286792452,-9.302564102564101,0.922172230624081,-0.3460852741023419,0.9302325581395349,5,-31.475883617296407,31.475883617296407
EURUSD,0,0.02,4,0.1,0,0.1,92,4,88,0,0.043478260869565216,0.043478260869565216,-1.840857604673913,-2.040857604673913,-2.136951926238788,0.03465861372750643,1.6852750925,-2.210227272727273,0.5673792660111305,-0.5239010051415653,0.5,28,-196.59957721396853,196.59957721396853
EURUSD,0,0.02,4,0.1,1,0.2,92,16,76,0,0.17391304347826086,0.17391304347826086,-1.9756664554347823,-2.175666455434783,-1.1167743887338986,0.10682144622936189,1.4961678812499999,-2.9486842105263156,0.6633931005222539,-0.489480057043993,0.6666666666666666,21,-102.74324376351872,102.74324376351872
EURUSD,0,0.02,4,0.1,2,0.3,92,25,67,0,0.2717391304347826,0.2717391304347826,-2.3018710660869566,-2.5018710660869563,-0.8227087283124156,0.1258179336118496,1.3251144767999998,-3.929850746268656,0.7478357285823873,-0.47609659814760474,0.7499999999999999,21,-75.68920300474224,75.68920300474224
EURUSD,0,0.02,4,0.1,3,0.5,92,38,50,4,0.41304347826086957,0.42391304347826086,-2.591063366195652,-2.791063366195652,-0.5500190617075759,0.15198867341479533,1.1800556489743592,-5.71320754716981,0.828810301391881,-0.4157668231310115,0.8333333333333334,15,-50.60175367709698,50.60175367709698
EURUSD,0,0.02,4,0.1,4,0.75,92,47,36,9,0.5108695652173914,0.5217391304347826,-2.811655435108696,-3.011655435108696,-0.41363077658596553,0.16770111135476118,1.1630770827083332,-7.565909090909091,0.8667569108742972,-0.35588734565690583,0.8823529411764706,11,-38.05403144590882,38.05403144590882
EURUSD,0,0.02,4,0.1,5,1.0,92,50,25,17,0.5434782608695652,0.5543478260869565,-3.1553613460869565,-3.355361346086957,-0.33227277296510016,0.15634532976223015,1.1217011011764706,-8.924390243902437,0.8883445249852385,-0.34486626411567334,0.9090909090909091,5,-30.5690951127892,30.5690951127892
EURUSD,0,0.02,5,0.15,0,0.1,92,4,88,0,0.043478260869565216,0.043478260869565216,-1.7998733633695652,-1.9998733633695651,-2.1152127956588984,0.054044475938303346,2.6279126425,-2.210227272727273,0.4568340956347573,-0.4133558347651921,0.4,28,-194.59957720061868,194.59957720061868
EURUSD,0,0.02,5,0.15,1,0.2,92,15,77,0,0.16304347826086957,0.16304347826086957,-1.8879065170652174,-2.0879065170652176,-1.092813044295897,0.1556597821098901,2.3608400286666664,-2.9545454545454546,0.5558478239963894,-0.39280434573551987,0.5714285714285715,21,-100.53880007522257,100.53880007522257
EURUSD,0,0.02,5,0.15,2,0.3,92,23,69,0,0.25,0.25,-2.2865354741304347,-2.486535474130435,-0.8101786742827323,0.16965058577132486,2.0321189730434783,-3.9927536231884058,0.6627117103995827,-0.41271171039958265,0.6666666666666667,21,-74.53643803401138,74.53643803401138
EURUSD,0,0.02,5,0.15,3,0.5,92,33,52,7,0.358695652173913,0.391304347826087,-2.6464077954347824,-2.8464077954347826,-0.5533885921548133,0.19622615966850826,1.775846745,-5.817857142857143,0.7661422184449802,-0.4074465662710672,0.7692307692307692,15,-50.911750478242816,50.911750478242816
EURUSD,0,0.02,5,0.15,4,0.75,92,41,37,14,0.44565217391304346,0.4782608695652174,-2.7665151745652174,-2.966515174565217,-0.41129843022995766,0.22355790594594596,1.785922816818182,-7.322916666666667,0.8039351972272405,-0.35828302331419704,0.8333333333333333,11,-37.83945558115609,37.83945558115609
EURUSD,0,0.02,5,0.15,5,1.0,92,44,25,23,0.4782608695652174,0.5108695652173914,-3.1059870843478263,-3.3059870843478256,-0.32975125489608276,0.2102030336016619,1.7223231540425532,-8.557777777777778,0.8324604821036931,-0.35419961253847565,0.8695652173913044,5,-30.337115450439605,30.337115450439605
EURUSD,1,0.05,0,0.02,0,0.1,197,10,187,0,0.050761421319796954,0.04568527918781726,-1.879438478680203,-2.079438478680203,-1.9917126484019643,0.004389403889612117,0.20067155999999997,-2.1885926826595745,0.9160111483622986,-0.8652497270425016,0.8333333333333333,74,-392.36739173518674,392.36739173518674
EURUSD,1,0.05,0,0.02,1,0.2,197,45,152,0,0.22842639593908629,0.20812182741116753,-2.016257540304568,-2.2162575403045683,-1.0401106337267803,0.012198286191004236,0.13150178219512193,-2.833296849423077,0.955645627735821,-0.7272192317967346,0.9090909090909092,27,-204.9017948441757,204.92686599868742
EURUSD,1,0.05,0,0.02,2,0.3,197,75,122,0,0.38071065989847713,0.3147208121827411,-2.1976693712690354,-2.3976693712690356,-0.7453045959842561,0.014944095763501012,0.1155773135483871,-3.551901182074074,0.9684858919591917,-0.5877752320607146,0.9375,22,-146.82500540889842,146.84763585515466
EURUSD,1,0.05,0,0.02,3,0.5,197,109,86,2,0.5532994923857868,0.39593908629441626,-2.5024844127411168,-2.7024844127411165,-0.4893976403483267,0.01550803685107985,0.10751757743589743,-4.544334456722689,0.9768871458837479,-0.4235876534979611,0.9615384615384615,22,-96.41133514862034,96.4249134163741
EURUSD,1,0.05,0,0.02,4,0.75,197,131,58,8,0.6649746192893401,0.4517766497461929,-2.5209881696954315,-2.7209881696954317,-0.3348775419590773,0.017659876859355297,0.10827511685393258,-5.052510692870372,0.9790196452931813,-0.3140450260038412,0.974025974025974,22,-65.97087576593822,65.97992794444072
EURUSD,1,0.05,0,0.02,5,1.0,197,138,40,19,0.700507614213198,0.467005076142132,-2.661867818730964,-2.8618678187309645,-0.25910909949385424,0.017090660415685143,0.10655488217391303,-5.4627715185714285,0.9808675458203253,-0.28035993160712736,0.9803921568627451,22,-51.04449260028931,51.05128173416619
EURUSD,1,0.05,1,0.03,0,0.1,197,9,188,0,0.04568527918781726,0.04568527918781726,-1.8811255140609136,-2.081125514060914,-1.9932589309031015,0.008028729082990564,0.36869708111111105,-2.1984042553191485,0.8563761095524919,-0.8106908303646746,0.7692307692307693,40,-392.6720093879108,392.6720093879108
EURUSD,1,0.05,1,0.03,1,0.2,197,44,153,0,0.2233502538071066,0.2233502538071066,-1.990440839137056,-2.190440839137056,-1.0346670971019918,0.02789627098445595,0.28143533386363634,-2.9013071895424845,0.9115745833054542,-0.6882243294983476,0.8695652173913043,27,-203.82941812909243,203.90448928401628
EURUSD,1,0.05,1,0.03,2,0.3,197,73,124,0,0.37055837563451777,0.36548223350253806,-2.1916940555837563,-2.3916940555837565,-0.7443110592065411,0.03496931182960126,0.23712935249999997,-3.90589633864,0.9427642090158627,-0.5722058333813449,0.9090909090909092,22,-146.62927866368855,146.71857577770635
EURUSD,1,0.05,1,0.03,3,0.5,197,104,91,2,0.5279187817258884,0.5025380710659898,-2.6077714114213197,-2.8077714114213195,-0.506284674334889,0.036273548943653935,0.2102950491919192,-5.8566344685714276,0.9653374827289163,-0.43741870100302793,0.9433962264150942,22,-99.73808084397315,99.79165911238383
EURUSD,1,0.05,1,0.03,4,0.75,197,126,61,10,0.6395939086294417,0.5989847715736041,-2.665983899796954,-2.8659838997969542,-0.35086960599136247,0.0411091641875457,0.20512918008474573,-7.4532160950632935,0.9732149475226186,-0.33362103889317696,0.9615384615384615,22,-69.1213123802984,69.15703122590553
EURUSD,1,0.05,1,0.03,5,1.0,197,133,42,22,0.6751269035532995,0.6192893401015228,-2.8280647946192894,-3.028064794619289,-0.27337015176685525,0.03996490701056159,0.20354632131147538,-8.284818876533333,0.9760205508873305,-0.300893647334031,0.970873786407767,22,-53.85391989807047,53.88070903227581
EURUSD,1,0.05,2,0.05,0,0.1,197,8,189,0,0.04060913705583756,0.04060913705583756,-1.8868452096446697,-2.0868452096446704,-1.9952100608783783,0.014128282254196642,0.7364367125,-2.2063492063492065,0.7497484584988133,-0.7091393214429758,0.6666666666666666,40,-393.05638199304036,393.05638199304036
EURUSD,1,0.05,2,0.05,1,0.2,197,42,155,0,0.2131979695431472,0.2131979695431472,-1.9678548739593908,-2.167854873959391,-1.0275390577897288,0.055995998740053045,0.6031569007142857,-2.918709677419355,0.8287394234468929,-0.6155414539037457,0.8,27,-202.42519438457663,202.60026553657823
EURUSD,1,0.05,2,0.05,2,0.3,197,71,126,0,0.3604060913705584,0.3604060913705584,-2.1423631958375635,-2.3423631958375633,-0.7319774435965488,0.07414616857945425,0.5204852171830986,-3.9555555555555557,0.8837174986534715,-0.523311407282913,0.8571428571428572,13,-144.19955638852008,144.4221868355633
EURUSD,1,0.05,2,0.05,3,0.5,197,103,92,2,0.5228426395939086,0.5228426395939086,-2.525502077817259,-2.7255020778172585,-0.49075674834491123,0.08123903263175908,0.46093291912621365,-6.217021276595744,0.9309769271221571,-0.40813428752824843,0.9090909090909091,13,-96.67907942394748,96.81265769217342
EURUSD,1,0.05,2,0.05,4,0.75,197,126,61,10,0.6395939086294417,0.6395939086294417,-2.4994824725888325,-2.6994824725888327,-0.3338137684213764,0.09650348776758409,0.45080915,-8.290140845070423,0.9484256116035168,-0.30883170297407514,0.9375,8,-65.76131237901117,65.85036455782847
EURUSD,1,0.05,2,0.05,5,1.0,197,133,42,22,0.6751269035532995,0.6751269035532995,-2.655234894517767,-2.8552348945177664,-0.25986761367757316,0.0942330527858293,0.4399904193984962,-9.703125,0.9566217674545018,-0.28149486390120226,0.9523809523809523,7,-51.19391989448195,51.26070902859492
EURUSD,1,0.05,3,0.075,0,0.1,197,7,190,0,0.03553299492385787,0.03553299492385787,-1.8911545835025378,-2.0911545835025382,-1.996026961664684,0.019615771180390294,1.1775067214285715,-2.211578947368421,0.6525591748034668,-0.617026179879609,0.5714285714285715,52,-393.21731144794256,393.21731144794256
EURUSD,1,0.05,3,0.075,1,0.2,197,40,157,0,0.20304568527918782,0.20304568527918782,-1.946205485431472,-2.146205485431472,-1.015878740379359,0.08523911590220683,0.9849379842499999,-2.9439490445859877,0.7493086522923497,-0.5462629670131618,0.7272727272727273,27,-200.1281118547337,200.42818300963881
EURUSD,1,0.05,3,0.075,2,0.3,197,64,133,0,0.3248730964467005,0.3248730964467005,-2.2063989813197966,-2.406398981319797,-0.7521746533182844,0.10723050975517892,0.8896781356250001,-3.992481203007519,0.8177695413205837,-0.4928964448738832,0.7999999999999999,13,-148.17840670370202,148.56770381684163
EURUSD,1,0.05,3,0.075,3,0.5,197,96,97,4,0.4873096446700508,0.4873096446700508,-2.5565606738071063,-2.7565606738071065,-0.4986674007174255,0.12327663425896027,0.7953911172916667,-6.132673267326734,0.8851928802714963,-0.39788323560144556,0.8695652173913044,13,-98.2374779413328,98.47105620921657
EURUSD,1,0.05,3,0.075,4,0.75,197,118,67,12,0.5989847715736041,0.5989847715736041,-2.625376999898477,-2.8253769998984772,-0.34932007684475036,0.14158039947563236,0.7779722967796612,-8.20759493670886,0.9134197901407696,-0.3144350185671655,0.9090909090909092,8,-68.81605513841583,68.97177398367168
EURUSD,1,0.05,3,0.075,5,1.0,197,126,45,26,0.6395939086294417,0.6395939086294417,-2.7147444772588836,-2.9147444772588837,-0.26503965247594785,0.14246615588410994,0.757105856984127,-9.430985915492958,0.9256871773545039,-0.28609326872506224,0.9302325581395349,7,-52.212811537761716,52.3296006717036
EURUSD,1,0.05,4,0.1,0,0.1,197,7,190,0,0.03553299492385787,0.03553299492385787,-1.874838937005076,-2.0748389370050764,-1.9871437129133838,0.027264943860066636,1.6366756299999998,-2.211578947368421,0.5746966326954338,-0.5391636377715759,0.5,52,-391.46731144393635,391.46731144393635
EURUSD,1,0.05,4,0.1,1,0.2,197,38,159,0,0.19289340101522842,0.19289340101522842,-1.9369539588324873,-2.1369539588324873,-1.006377242180926,0.10828229212031348,1.3452650028947368,-2.969182389937107,0.6881952935317275,-0.49530189251649903,0.6666666666666666,27,-198.25631670964248,198.68138786370463
EURUSD,1,0.05,4,0.1,2,0.3,197,60,137,0,0.30456852791878175,0.30456852791878175,-2.223027892639594,-2.423027892639594,-0.7526846143500391,0.1349465479340341,1.2410584191666667,-4.027737226277372,0.764451213772199,-0.4598826858534173,0.7499999999999999,13,-148.27886902695766,148.83483280673354
EURUSD,1,0.05,4,0.1,3,0.5,197,90,101,6,0.45685279187817257,0.4619289340101523,-2.552197896142132,-2.7521978961421314,-0.5008471822726146,0.16018744495043372,1.1364507083516484,-6.090566037735849,0.8427496782864257,-0.3858968864082531,0.8333333333333334,13,-98.66689490770511,99.00047317557063
EURUSD,1,0.05,4,0.1,4,0.75,197,114,68,15,0.5786802030456852,0.583756345177665,-2.4900603176649745,-2.690060317664975,-0.3380058332607656,0.1943723280936455,1.1118097166956522,-8.021951219512196,0.878274708035302,-0.2995945049896168,0.8823529411764706,8,-66.58714915237081,66.80953466428116
EURUSD,1,0.05,4,0.1,5,1.0,197,122,45,30,0.6192893401015228,0.6243654822335025,-2.576729644568528,-2.776729644568528,-0.256297775091147,0.19580161720082337,1.0827988619512199,-9.19189189189189,0.8946149438564646,-0.27532560375494175,0.9090909090909091,7,-50.49066169295599,50.65745082688875
EURUSD,1,0.05,5,0.15,0,0.1,197,6,191,0,0.030456852791878174,0.030456852791878174,-1.8597069356852793,-2.0597069356852793,-1.9821980830368873,0.038022128188715025,2.672955611666667,-2.2083769633507857,0.4524127232496323,-0.4219558704577541,0.4,64,-390.4930223582666,390.4930223582666
EURUSD,1,0.05,5,0.15,1,0.2,197,33,164,0,0.16751269035532995,0.16751269035532995,-1.921446646395939,-2.121446646395939,-1.0069250046404992,0.1455224098548354,2.1568185048484847,-2.982317073170732,0.5803149241531025,-0.41280223379777253,0.5714285714285715,30,-198.3642259141784,199.03929706655467
EURUSD,1,0.05,5,0.15,2,0.3,197,55,142,0,0.27918781725888325,0.27918781725888325,-2.199125363045685,-2.3991253630456852,-0.741567446567093,0.18357627134220075,1.9322236996363638,-4.076760563380281,0.6784442070303669,-0.39925638977148364,0.6666666666666667,13,-146.08878697371725,146.97808408676565
EURUSD,1,0.05,5,0.15,3,0.5,197,80,105,12,0.40609137055837563,0.4213197969543147,-2.6014212426903556,-2.8014212426903553,-0.5033542490895748,0.20866076167192427,1.7532531950602408,-6.117543859649123,0.777245788085565,-0.37115441752718936,0.7692307692307692,13,-99.16078707064624,99.69436533847528
EURUSD,1,0.05,5,0.15,4,0.75,197,102,70,25,0.5177664974619289,0.5329949238578681,-2.4536494754822336,-2.6536494754822333,-0.33387385849772794,0.2581680904356463,1.732676698380952,-7.659782608695653,0.8155247053265918,-0.2977582078646629,0.8333333333333333,8,-65.77315012405244,66.12886896927179
EURUSD,1,0.05,5,0.15,5,1.0,197,110,46,41,0.5583756345177665,0.5736040609137056,-2.5420291002030457,-2.7420291002030455,-0.2528478436627287,0.26093893454644956,1.6877899757522123,-8.701190476190476,0.8375403646623858,-0.2791647301446193,0.8695652173913044,7,-49.81102520155757,50.07781433547209
EURUSD,2,0.1,0,0.02,0,0.1,407,13,394,0,0.03194103194103194,0.02702702702702703,-1.8320527447665846,-2.0320527447665846,-2.12589196766609,0.0023653012531544555,0.1782590618181818,-2.093450294949495,0.9215308678079226,-0.8895898358668907,0.8333333333333333,187,-865.2380308400994,865.2380308400994
EURUSD,2,0.1,0,0.02,1,0.2,407,78,329,0,0.19164619164619165,0.15233415233415235,-1.9045126696314496,-2.10451266963145,-1.0862031524371445,0.007682197681466876,0.10695201225806451,-2.501935308115942,0.9590047406713096,-0.7673585490251179,0.9090909090909092,58,-442.0846830419183,442.0846830419183
EURUSD,2,0.1,0,0.02,2,0.3,407,154,253,0,0.3783783783783784,0.25307125307125306,-1.9688231209828009,-2.168823120982801,-0.7457733316255013,0.01071836661142815,0.0928517258252427,-2.9351142697368418,0.9693352811883191,-0.5909569028099407,0.9375,51,-303.52974597157896,303.52974597157896
EURUSD,2,0.1,0,0.02,3,0.5,407,229,174,4,0.5626535626535627,0.3194103194103194,-2.191018576830467,-2.391018576830467,-0.48104586343772715,0.011073372553388666,0.08382042299999999,-3.5524953637545127,0.9769490803561889,-0.4142955177026262,0.9615384615384615,51,-195.78566641915495,195.78566641915495
EURUSD,2,0.1,0,0.02,4,0.75,407,269,118,20,0.6609336609336609,0.36363636363636365,-2.2102529641523345,-2.4102529641523343,-0.3356500023210539,0.012758350331144589,0.08565769304054054,-3.836487625405405,0.9781604999086367,-0.31722683897497583,0.974025974025974,51,-136.60955094466902,136.61845219711964
EURUSD,2,0.1,0,0.02,5,1.0,407,286,76,45,0.7027027027027027,0.3759213759213759,-2.2247514056511055,-2.4247514056511057,-0.25036657250742084,0.012914535691482489,0.08439063183006536,-3.9361637353149606,0.9790102000560706,-0.2763074973533679,0.9803921568627451,51,-101.89919501052023,101.9058709498582
EURUSD,2,0.1,1,0.03,0,0.1,407,12,395,0,0.029484029484029485,0.029484029484029485,-1.8320045613759213,-2.032004561375922,-2.125903313224825,0.004542782282137697,0.31451196,-2.1032911392405067,0.8699182906586578,-0.8404342611746283,0.7692307692307693,107,-865.242648482504,865.242648482504
EURUSD,2,0.1,1,0.03,1,0.2,407,74,333,0,0.18181818181818182,0.17936117936117937,-1.9058954092383291,-2.1058954092383293,-1.0887591741869098,0.019003900383264535,0.2274488846575342,-2.615877844730539,0.9200060681360792,-0.7381878863178974,0.8695652173913043,44,-443.1249838940726,443.1249838940726
EURUSD,2,0.1,1,0.03,2,0.3,407,150,257,0,0.36855036855036855,0.35872235872235875,-1.9600409744717444,-2.1600409744717446,-0.744525972606351,0.0295121687635862,0.1831110590410959,-3.470769698199234,0.9498858689686978,-0.5813355004183292,0.9090909090909092,23,-303.0220708507851,303.0220708507851
EURUSD,2,0.1,1,0.03,3,0.5,407,222,181,4,0.5454545454545454,0.515970515970516,-2.2237089506142507,-2.423708950614251,-0.48856374506922573,0.032515652629330836,0.1578716358095238,-5.175647646802031,0.9704001003007114,-0.42494555484616603,0.9433962264150942,23,-198.84544424317488,198.84544424317488
EURUSD,2,0.1,1,0.03,4,0.75,407,261,123,23,0.6412776412776413,0.5995085995085995,-2.2755385655282554,-2.4755385655282556,-0.3447498383160087,0.03645578358989058,0.15623166741803274,-6.415121000122698,0.976225341216316,-0.3349476999386747,0.9615384615384615,9,-140.31318419461553,140.33541878042612
EURUSD,2,0.1,1,0.03,5,1.0,407,278,79,50,0.683046683046683,0.6265356265356266,-2.282789913267813,-2.4827899132678137,-0.256849039628839,0.037474496205452276,0.15428288752941174,-6.90682651986842,0.978150333236903,-0.29510365019022,0.970873786407767,9,-104.53755912893743,104.55423506829538
EURUSD,2,0.1,2,0.05,0,0.1,407,12,395,0,0.029484029484029485,0.029484029484029485,-1.8218913042260438,-2.021891304226044,-2.1200065073496956,0.009497158377467499,0.6575199316666666,-2.1032911392405067,0.7618381284415044,-0.7323540989574749,0.6666666666666666,107,-862.8426484913267,862.8426484913267
EURUSD,2,0.1,2,0.05,1,0.2,407,71,336,0,0.17444717444717445,0.17444717444717445,-1.8835296117444715,-2.083529611744472,-1.0803848592472727,0.04061935515329788,0.5056823664788732,-2.630654761904762,0.8387665784068675,-0.6643194039596931,0.8,44,-439.71663771364035,439.71663771364035
EURUSD,2,0.1,2,0.05,2,0.3,407,144,263,0,0.3538083538083538,0.3538083538083538,-1.935472656928747,-2.135472656928747,-0.7375992058893875,0.0663472216457192,0.4289071432638889,-3.5395437262357414,0.8919207626934869,-0.538112408885133,0.8571428571428572,17,-300.20287679698083,300.20287679698083
EURUSD,2,0.1,2,0.05,3,0.5,407,216,186,5,0.5307125307125307,0.5307125307125307,-2.1806793655282557,-2.380679365528256,-0.4829901868483057,0.07843208886246908,0.38177545476851854,-5.504712041884817,0.9351437584832092,-0.4044312277706785,0.9090909090909091,16,-196.57700604726065,196.57700604726065
EURUSD,2,0.1,2,0.05,4,0.75,407,256,124,27,0.628992628992629,0.628992628992629,-2.1937736272235875,-2.393773627223587,-0.33625408597304857,0.08989643504904249,0.37591458484374995,-7.089403973509934,0.9496452051033908,-0.3206525761107618,0.9375,6,-136.85541299103076,136.90431424356132
EURUSD,2,0.1,2,0.05,5,1.0,407,272,79,56,0.6683046683046683,0.6683046683046683,-2.2068094796314495,-2.4068094796314496,-0.24990502919211435,0.09214878757182576,0.3655461095220588,-7.992592592592593,0.956264651431356,-0.2879599831266877,0.9523809523809523,4,-101.71134688119061,101.74802282058853
EURUSD,2,0.1,3,0.075,0,0.1,407,10,397,0,0.02457002457002457,0.02457002457002457,-1.820461156339066,-2.020461156339066,-2.121642697843864,0.013877334656433624,1.157230937,-2.1005037783375315,0.6447743483986847,-0.6202043238286602,0.5714285714285715,107,-863.5085780224532,863.5085780224532
EURUSD,2,0.1,3,0.075,1,0.2,407,65,342,0,0.1597051597051597,0.1597051597051597,-1.883971797199017,-2.083971797199017,-1.0802107779825338,0.06164783553490429,0.8572842852307692,-2.642982456140351,0.7550802985674873,-0.5953751388623276,0.7272727272727273,44,-439.64578663889165,439.64578663889165
EURUSD,2,0.1,3,0.075,2,0.3,407,134,273,0,0.32923832923832924,0.32923832923832924,-1.9454101975184275,-2.1454101975184274,-0.7429135032922861,0.10286453263125447,0.7471496239552238,-3.5652014652014654,0.8267419306758407,-0.49750360143751143,0.7999999999999999,17,-302.3657958399606,302.3657958399606
EURUSD,2,0.1,3,0.075,3,0.5,407,206,193,8,0.5061425061425061,0.5061425061425061,-2.1642815985503687,-2.3642815985503685,-0.48190565803955426,0.12632775502996185,0.6754242203398059,-5.479601990049752,0.8902646069646781,-0.384122100822172,0.8695652173913044,16,-196.13560282209863,196.13560282209863
EURUSD,2,0.1,3,0.075,4,0.75,407,243,131,33,0.597051597051597,0.5995085995085995,-2.2370285900491402,-2.43702859004914,-0.3421099812045682,0.1401953570128294,0.6628252616803277,-7.077300613496932,0.9143650539578404,-0.31731345690624335,0.9090909090909092,6,-139.23876235025924,139.23876235025924
EURUSD,2,0.1,3,0.075,5,1.0,407,259,85,63,0.6363636363636364,0.6388206388206388,-2.274661037985258,-2.4746610379852583,-0.2558877538212903,0.1430383370543691,0.6465882982307692,-7.995238095238095,0.925179207636081,-0.2888155712724446,0.9302325581395349,4,-104.14631580526519,104.14631580526519
EURUSD,2,0.1,4,0.1,0,0.1,407,10,397,0,0.02457002457002457,0.02457002457002457,-1.8093454238329236,-2.009345423832924,-2.1155001916966762,0.01930256925290802,1.60964125,-2.1005037783375315,0.5661513936232139,-0.5415813690531893,0.5,107,-861.0085780205478,861.0085780205478
EURUSD,2,0.1,4,0.1,1,0.2,407,60,347,0,0.14742014742014742,0.14742014742014742,-1.89219400014742,-2.0921940001474204,-1.0795288755701502,0.07723996742522757,1.1879506990000002,-2.6593659942363113,0.6912261730134017,-0.5438060255932543,0.6666666666666666,44,-439.36825235705146,439.36825235705146
EURUSD,2,0.1,4,0.1,2,0.3,407,126,281,0,0.3095823095823096,0.3095823095823096,-1.9727878116953315,-2.172787811695332,-0.7441830174840243,0.12960173291338578,1.0450425447619045,-3.615658362989324,0.7757756686287484,-0.46619335904643877,0.7499999999999999,17,-302.8824881159979,302.8824881159979
EURUSD,2,0.1,4,0.1,3,0.5,407,196,201,10,0.48157248157248156,0.48402948402948404,-2.1963561172972974,-2.396356117297297,-0.4821638231386424,0.160945509514797,0.9496602043654823,-5.535238095238094,0.8535581962135728,-0.3719857146410912,0.8333333333333334,16,-196.24067601742755,196.24067601742755
EURUSD,2,0.1,4,0.1,4,0.75,407,232,135,40,0.5700245700245701,0.5749385749385749,-2.2460056272481577,-2.446005627248157,-0.34172538110711154,0.18036860671002802,0.9362209816666667,-7.0208092485549125,0.8823404015595155,-0.31231583153494547,0.8823529411764706,8,-139.0822301105944,139.0822301105944
EURUSD,2,0.1,4,0.1,5,1.0,407,248,88,71,0.6093366093366094,0.6142506142506142,-2.3006048289189187,-2.500604828918919,-0.2568715995194266,0.18345140775834406,0.91461533852,-7.9388535031847125,0.896694125785855,-0.28735751644924556,0.9090909090909091,5,-104.54674100440667,104.54674100440667
EURUSD,2,0.1,5,0.15,0,0.1,407,8,399,0,0.019656019656019656,0.019656019656019656,-1.8096197334152333,-2.0096197334152337,-2.1159744663976614,0.024200391911238364,2.5355960625,-2.1007518796992484,0.4531048803689997,-0.43344886071298006,0.4,131,-861.2016078238488,861.2016078238488
EURUSD,2,0.1,5,0.15,1,0.2,407,54,353,0,0.13267813267813267,0.13267813267813267,-1.8672649295085995,-2.0672649295085996,-1.0710776894808773,0.10795501875530109,1.8856143275925925,-2.6719546742209634,0.5862675196267427,-0.45358938694861006,0.5714285714285715,44,-435.92861961871756,435.92861961871756
EURUSD,2,0.1,5,0.15,2,0.3,407,118,289,0,0.28992628992628994,0.28992628992628994,-1.9023851497788697,-2.10238514977887,-0.7235491458633733,0.18623798767475036,1.6595698647457626,-3.63840830449827,0.6867541141675624,-0.39682782424127244,0.6666666666666667,17,-294.4845023663929,294.4845023663929
EURUSD,2,0.1,5,0.15,3,0.5,407,183,207,17,0.44963144963144963,0.4619164619164619,-2.104494127223587,-2.3044941272235873,-0.46217883221911177,0.23057497146841677,1.4950579267021278,-5.566210045662101,0.7882734471268681,-0.33864199749541846,0.7692307692307692,16,-188.10678471317854,188.10678471317854
EURUSD,2,0.1,5,0.15,4,0.75,407,217,141,49,0.5331695331695332,0.5503685503685504,-2.128416225823096,-2.3284162258230956,-0.3284442633060626,0.2603298439665938,1.488993732544643,-7.001092896174864,0.8246197244315733,-0.2914501912620401,0.8333333333333333,8,-133.67681516556752,133.67681516556752
EURUSD,2,0.1,5,0.15,5,1.0,407,233,91,83,0.5724815724815725,0.5896805896805897,-2.1727228906142506,-2.372722890614251,-0.24646065850081453,0.2657404071776156,1.4562574313333334,-7.875449101796406,0.8439452177194728,-0.27146364523790034,0.8695652173913044,5,-100.3094880098315,100.3094880098315
GBPUSD,0,0.02,0,0.02,0,0.1,62,3,59,0,0.04838709677419355,0.03225806451612903,-2.0130954666129033,-2.213095466612903,-2.3818834172897656,0.0013975216760284677,0.09601249499999998,-2.290065732,0.9597613800278811,-0.9113742832536876,0.8333333333333333,24,-147.67677187196546,147.67677187196546
GBPUSD,0,0.02,0,0.02,1,0.2,62,12,50,0,0.1935483870967742,0.16129032258064516,-2.0977163766129037,-2.297716376612903,-1.2018267362390838,0.004749372337347082,0.06798167599999999,-2.7526583098076927,0.975898492419431,-0.7823501053226569,0.9090909090909092,12,-74.51325764682319,74.51325764682319
GBPUSD,0,0.02,0,0.02,2,0.3,62,26,36,0,0.41935483870967744,0.27419354838709675,-1.949275037419355,-2.1492750374193546,-0.7659079428696046,0.010610616024976859,0.08406362529411764,-2.992980754444444,0.9726803988113879,-0.5533255601017104,0.9375,8,-47.48629245791549,47.48629245791549
GBPUSD,0,0.02,0,0.02,3,0.5,62,39,23,0,0.6290322580645161,0.3709677419354839,-1.8976487374193547,-2.097648737419355,-0.4365994457177226,0.013631703192795714,0.07814615869565214,-3.3808098300000005,0.9774075880262586,-0.3483753299617425,0.9615384615384615,7,-27.0691656344988,27.0691656344988
GBPUSD,0,0.02,0,0.02,4,0.75,62,46,15,1,0.7419354838709677,0.41935483870967744,-1.7992874070967741,-1.9992874070967743,-0.28544915268274257,0.015951421348094644,0.07728165615384615,-3.499031730555556,0.9783906923702361,-0.23645520849926838,0.974025974025974,7,-17.697847466330042,17.697847466330042
GBPUSD,0,0.02,0,0.02,5,1.0,62,48,9,5,0.7741935483870968,0.41935483870967744,-1.8494011704838709,-2.049401170483871,-0.20916287506825312,0.015567435342619807,0.07728165615384615,-3.5853387675,0.9788999002859408,-0.204706351898844,0.9803921568627451,7,-12.968098254231696,12.968098254231696
GBPUSD,0,0.02,1,0.03,0,0.1,62,3,59,0,0.04838709677419355,0.04838709677419355,-2.0067399741935485,-2.2067399741935483,-2.3770447076921126,0.004236692867540029,0.19404053333333335,-2.328813559322034,0.9230868983274808,-0.8746998015532873,0.7692307692307693,24,-147.37677187691102,147.37677187691102
GBPUSD,0,0.02,1,0.03,1,0.2,62,12,50,0,0.1935483870967742,0.1935483870967742,-2.073187468064516,-2.273187468064516,-1.1921493168471375,0.015110950244584207,0.18019808166666665,-2.862,0.9407671437462924,-0.7472187566495183,0.8695652173913043,12,-73.91325764452253,73.91325764452253
GBPUSD,0,0.02,1,0.03,2,0.3,62,26,36,0,0.41935483870967744,0.4032258064516129,-1.8981061043548386,-2.098106104354839,-0.7519294482092667,0.03236473329807467,0.17403615199999997,-3.633337358648648,0.9542897087681975,-0.5349348700585201,0.9090909090909092,7,-46.61962578897453,46.61962578897453
GBPUSD,0,0.02,1,0.03,3,0.5,62,39,23,0,0.6290322580645161,0.5645161290322581,-1.826311815806451,-2.0263118158064515,-0.4240188005821838,0.042800932045056195,0.16050216,-4.861070673333334,0.9680374724559241,-0.33900521439140796,0.9433962264150942,5,-26.289165636095394,26.29340964024729
GBPUSD,0,0.02,1,0.03,4,0.75,62,46,15,1,0.7419354838709677,0.6612903225806451,-1.715866594193548,-1.9158665941935484,-0.27555667956147534,0.05186509473434207,0.15848134121951218,-5.965783991904762,0.9741223914054906,-0.23218690753452287,0.9615384615384615,5,-17.084514132811474,17.097719463685333
GBPUSD,0,0.02,1,0.03,5,1.0,62,48,9,5,0.7741935483870968,0.6774193548387096,-1.7636178843548382,-1.9636178843548384,-0.20142093956793838,0.051368919366511015,0.1569648676190476,-6.416841663500001,0.9761226822121997,-0.2019291338251029,0.970873786407767,5,-12.48809825321218,12.498002251367573
GBPUSD,0,0.02,2,0.05,0,0.1,62,3,59,0,0.04838709677419355,0.04838709677419355,-1.9940289890322582,-2.194028989032258,-2.3673672882173684,0.00997236302765648,0.45673422666666674,-2.328813559322034,0.8360343236744892,-0.7876472269002956,0.6666666666666666,24,-146.77677186947685,146.77677186947685
GBPUSD,0,0.02,2,0.05,1,0.2,62,12,50,0,0.1935483870967742,0.1935483870967742,-2.0241296508064517,-2.2241296508064514,-1.172794478030882,0.03636590950384346,0.4336634708333333,-2.862,0.8684139097722625,-0.6748655226754883,0.8,12,-72.7132576379147,72.7132576379147
GBPUSD,0,0.02,2,0.05,2,0.3,62,25,37,0,0.4032258064516129,0.4032258064516129,-1.8276638761290322,-2.0276638761290324,-0.7431269580159328,0.07765839823917829,0.4233935872,-3.6837837837837832,0.8969137319972657,-0.4936879255456528,0.8571428571428572,7,-46.07387139698782,46.07387139698782
GBPUSD,0,0.02,2,0.05,3,0.5,62,37,25,0,0.5967741935483871,0.5967741935483871,-1.862747119516129,-2.0627471195161293,-0.4345462209361419,0.09681976405367229,0.3705318537837838,-5.664000000000001,0.9385980780677374,-0.3418238845193503,0.9090909090909091,5,-26.9418656980408,27.0257424932608
GBPUSD,0,0.02,2,0.05,4,0.75,62,44,17,1,0.7096774193548387,0.7096774193548387,-1.8168437935483872,-2.016843793548387,-0.29176928911922234,0.11378940326009922,0.36490192727272724,-7.838888888888889,0.9555203276814587,-0.24584290832661992,0.9375,5,-18.08969592539178,18.198206143790983
GBPUSD,0,0.02,2,0.05,5,1.0,62,48,9,5,0.7741935483870968,0.7741935483870968,-1.592051312580645,-1.7920513125806452,-0.18593706858194559,0.1326527604996097,0.3540170545833334,-9.15,0.9627507976311334,-0.1885572492440366,0.9523809523809523,2,-11.52809825208063,11.609480915880035
GBPUSD,0,0.02,3,0.075,0,0.1,62,3,59,0,0.04838709677419355,0.04838709677419355,-1.9781402577419354,-2.1781402577419353,-2.3552705140508805,0.017141950655021835,0.7851013400000001,-2.328813559322034,0.7478732189595375,-0.699486122185344,0.5714285714285715,24,-146.02677187115458,146.02677187115458
GBPUSD,0,0.02,3,0.075,1,0.2,62,12,50,0,0.1935483870967742,0.1935483870967742,-1.9628073795161292,-2.1628073795161287,-1.148600929670906,0.06293460845562543,0.7504952058333333,-2.862,0.7922501863472484,-0.5987017992504742,0.7272727272727273,12,-71.21325763959618,71.21325763959618
GBPUSD,0,0.02,3,0.075,2,0.3,62,24,38,0,0.3870967741935484,0.3870967741935484,-1.7881974093548387,-1.988197409354839,-0.7301412151238478,0.12451534531250001,0.7304900258333333,-3.7052631578947364,0.835317702411164,-0.4482209282176156,0.7999999999999999,12,-45.26875533767857,45.26875533767857
GBPUSD,0,0.02,3,0.075,3,0.5,62,36,26,0,0.5806451612903226,0.5806451612903226,-1.8238867904838707,-2.023886790483871,-0.4235567444813433,0.15728018126259233,0.6505283052777778,-5.726923076923078,0.8979955680895712,-0.31735040679924853,0.8695652173913044,5,-26.260518157843283,26.44439495158292
GBPUSD,0,0.02,3,0.075,4,0.75,62,43,17,2,0.6935483870967742,0.6935483870967742,-1.7058382530645162,-1.905838253064516,-0.2766684805190041,0.18956123669410152,0.6427448444186047,-7.673684210526315,0.922713842663465,-0.22916545556669077,0.9090909090909092,5,-17.153445792178257,17.39528934013494
GBPUSD,0,0.02,3,0.075,5,1.0,62,46,9,7,0.7419354838709677,0.7580645161290323,-1.473340763387097,-1.6733407633870965,-0.17343198911905974,0.2187716315512049,0.6181462270212768,-8.853333333333332,0.9347360438163544,-0.1928005599453867,0.9302325581395349,2,-10.752783325381706,10.934165986349218
GBPUSD,0,0.02,4,0.1,0,0.1,62,3,59,0,0.04838709677419355,0.04838709677419355,-1.9622515262903226,-2.1622515262903224,-2.3431737397311343,0.024311538355167393,1.1134684566666666,-2.328813559322034,0.6765318903289063,-0.6281447935547128,0.5,24,-145.27677186333034,145.27677186333034
GBPUSD,0,0.02,4,0.1,1,0.2,62,12,50,0,0.1935483870967742,0.1935483870967742,-1.9014851080645163,-2.1014851080645163,-1.1244073812174495,0.08950330747728862,1.0673269416666666,-2.862,0.7283690164977851,-0.5348206294010109,0.6666666666666666,12,-69.71325763548185,69.71325763548185
GBPUSD,0,0.02,4,0.1,2,0.3,62,22,40,0,0.3548387096774194,0.3548387096774194,-1.8816372427419357,-2.0816372427419356,-0.7418676267609592,0.14641859093915344,1.006295043181818,-3.78,0.7897549076889216,-0.4349161980115023,0.7499999999999999,12,-45.99579285917948,45.99579285917948
GBPUSD,0,0.02,4,0.1,3,0.5,62,35,26,1,0.5645161290322581,0.5645161290322581,-1.773517559193548,-1.973517559193548,-0.40895491876576595,0.20855052606727031,0.9211974665714284,-5.725925925925927,0.8614141167273667,-0.29689798769510856,0.8333333333333334,5,-25.35520496347749,25.639081761542933
GBPUSD,0,0.02,4,0.1,4,0.75,62,41,17,4,0.6612903225806451,0.6612903225806451,-1.6802217411290319,-1.880221741129032,-0.2712442522533017,0.24400941666666676,0.9177134646341465,-7.342857142857141,0.8889043495612886,-0.22761402698064348,0.8823529411764706,5,-16.817143639704703,17.006394838414995
GBPUSD,0,0.02,4,0.1,5,1.0,62,44,9,9,0.7096774193548387,0.7258064516129032,-1.439579927096774,-1.6395799270967741,-0.16815414053159652,0.28007113682719553,0.8788009893333334,-8.305882352941175,0.9043188581920446,-0.19464143883720586,0.9090909090909091,2,-10.425556712958983,10.567495111991704
GBPUSD,0,0.02,5,0.15,0,0.1,62,3,59,0,0.04838709677419355,0.04838709677419355,-1.9304740638709676,-2.1304740638709676,-2.318980191513063,0.0386507135371179,1.77020268,-2.328813559322034,0.5681396274993078,-0.5197525307251143,0.4,24,-143.77677187380993,143.77677187380993
GBPUSD,0,0.02,5,0.15,1,0.2,62,12,50,0,0.1935483870967742,0.1935483870967742,-1.7788405656451614,-1.9788405656451613,-1.0760202844874154,0.14264070531097134,1.7009904108333334,-2.862,0.6272202530176513,-0.4336718659208771,0.5714285714285715,12,-66.71325763821976,66.71325763821976
GBPUSD,0,0.02,5,0.15,2,0.3,62,22,40,0,0.3548387096774194,0.3548387096774194,-1.6676171546774197,-1.8676171546774194,-0.6827278418128244,0.23417815085978835,1.609442564090909,-3.78,0.7013712373865163,-0.3465325277090969,0.6666666666666667,12,-42.32912619239512,42.32912619239512
GBPUSD,0,0.02,5,0.15,3,0.5,62,34,26,2,0.5483870967741935,0.5645161290322581,-1.4594332133870964,-1.659433213387097,-0.3530761913660946,0.3345093193402328,1.4775754505714285,-5.725925925925927,0.7948809372908197,-0.24649384051662615,0.7692307692307692,5,-21.890723864697872,22.37460065980259
GBPUSD,0,0.02,5,0.15,4,0.75,62,39,17,6,0.6290322580645161,0.6612903225806451,-1.3280109341935487,-1.5280109341935486,-0.22877335270706586,0.3856246568093386,1.4503249287804878,-7.342857142857141,0.8350625613157147,-0.20603030325119853,0.8333333333333333,5,-14.183947867838087,14.5065323979079
GBPUSD,0,0.02,5,0.15,5,1.0,62,42,9,11,0.6774193548387096,0.7258064516129032,-1.0710804712903226,-1.271080471290323,-0.13388161103680318,0.4418768468838527,1.3865113506666666,-8.305882352941175,0.8569485110627978,-0.17952915622408816,0.8695652173913044,2,-8.300659884281798,8.542598281834156
GBPUSD,1,0.05,0,0.02,0,0.1,138,3,135,0,0.021739130434782608,0.014492753623188406,-1.9913907168840579,-2.191390716884058,-2.2825702138159043,0.0006345753049760844,0.09601249499999998,-2.225028999411765,0.9586338739608216,-0.936894743526039,0.8333333333333333,57,-314.99468950659485,314.99468950659485
GBPUSD,1,0.05,0,0.02,1,0.2,138,27,111,0,0.1956521739130435,0.16666666666666666,-2.011142390289855,-2.2111423902898553,-1.1388387702666976,0.00631077087082986,0.08425579695652173,-2.6702220277391304,0.9694113358978189,-0.7737591619847755,0.9090909090909092,23,-157.15975029680428,157.15975029680428
GBPUSD,1,0.05,0,0.02,2,0.3,138,53,85,0,0.38405797101449274,0.26811594202898553,-2.0049468204347827,-2.204946820434783,-0.7645985412294264,0.010621333527326677,0.08828602972972972,-3.0450420229702972,0.9718235600470712,-0.5877655890325784,0.9375,21,-105.51459868966086,105.51459868966086
GBPUSD,1,0.05,0,0.02,3,0.5,138,81,56,1,0.5869565217391305,0.35507246376811596,-2.0360624019565217,-2.236062401956522,-0.4602783816602288,0.013402307729880193,0.08554732142857142,-3.51425202494382,0.9762355305956762,-0.38927900885654576,0.9615384615384615,21,-63.51841666911157,63.51841666911157
GBPUSD,1,0.05,0,0.02,4,0.75,138,96,39,3,0.6956521739130435,0.4057971014492754,-2.0844954521014496,-2.2844954521014498,-0.3196526729521326,0.014491994238078917,0.08278456160714286,-3.901174485853659,0.9792205289710731,-0.2835683550580297,0.974025974025974,19,-44.11206886739432,44.11206886739432
GBPUSD,1,0.05,0,0.02,5,1.0,138,100,24,14,0.7246376811594203,0.4057971014492754,-2.1548903465217393,-2.354890346521739,-0.24584140314265832,0.014064877133904141,0.08278456160714286,-4.019643942317074,0.9798205961352027,-0.2551829149757824,0.9803921568627451,19,-33.92611363368686,33.92611363368686
GBPUSD,1,0.05,1,0.03,0,0.1,138,3,135,0,0.021739130434782608,0.021739130434782608,-1.9885353507246377,-2.1885353507246377,-2.2803963008082637,0.0019237329808327824,0.19404053333333335,-2.2414814814814816,0.920328975819959,-0.8985898453851764,0.7692307692307693,47,-314.6946895115404,314.6946895115404
GBPUSD,1,0.05,1,0.03,1,0.2,138,27,111,0,0.1956521739130435,0.1956521739130435,-1.9848295272463767,-2.1848295272463774,-1.1290561615012833,0.017894219022801295,0.20346389777777776,-2.765765765765767,0.9314758638323183,-0.7358236899192748,0.8695652173913043,23,-155.80975028717705,155.84312658110775
GBPUSD,1,0.05,1,0.03,2,0.3,138,52,86,0,0.37681159420289856,0.3695652173913043,-1.9800366766666666,-2.1800366766666666,-0.760541005935586,0.030574918376821403,0.1860474684313726,-3.5670515203448274,0.9504283076498234,-0.5736167134469249,0.9090909090909092,13,-104.95465881911089,104.97690968173136
GBPUSD,1,0.05,1,0.03,3,0.5,138,81,56,1,0.5869565217391305,0.5362318840579711,-1.9671370807971016,-2.1671370807971018,-0.4485392511632177,0.04023301371998156,0.1694144725675676,-4.868774814375,0.9663739365635511,-0.3794174148244206,0.9433962264150942,6,-61.898416660524035,61.91176717809632
GBPUSD,1,0.05,1,0.03,4,0.75,138,96,39,3,0.6956521739130435,0.6376811594202898,-2.00391709057971,-2.20391709057971,-0.31037731057663753,0.045186946365137544,0.16356346897727272,-6.3706828754,0.9749682732549532,-0.2793160993419097,0.9615384615384615,5,-42.83206885957598,42.84096920462417
GBPUSD,1,0.05,1,0.03,5,1.0,138,100,24,14,0.7246376811594203,0.6594202898550725,-2.0721905916666663,-2.2721905916666665,-0.23859502629037013,0.04427819535549001,0.1596396874725275,-6.980627940638298,0.9776423383846238,-0.2530046572252035,0.970873786407767,4,-32.926113628071086,32.932788886857224
GBPUSD,1,0.05,2,0.05,0,0.1,138,3,135,0,0.021739130434782608,0.021739130434782608,-1.9828246182608698,-2.1828246182608697,-2.2760484746674363,0.004528098744216788,0.45673422666666674,-2.2414814814814816,0.8307273116499145,-0.8089881812151319,0.6666666666666666,47,-314.09468950410627,314.09468950410627
GBPUSD,1,0.05,2,0.05,1,0.2,138,27,111,0,0.1956521739130435,0.1956521739130435,-1.9322038014492753,-2.1322038014492755,-1.1094909440961045,0.04155008273615633,0.4724398296296296,-2.765765765765767,0.8541044366357032,-0.6584522627226598,0.8,23,-153.10975028526246,153.24312658012616
GBPUSD,1,0.05,2,0.05,2,0.3,138,50,88,0,0.36231884057971014,0.36231884057971014,-1.938129763188406,-2.1381297631884055,-0.752549008882756,0.06949887316304004,0.4407618536,-3.603409090909091,0.8910130507221914,-0.5286942101424812,0.8571428571428572,13,-103.85176322582036,103.94068075572949
GBPUSD,1,0.05,2,0.05,3,0.5,138,78,58,2,0.5652173913043478,0.5652173913043478,-1.9385976869565218,-2.1385976869565217,-0.44868133326663334,0.09387018483266812,0.3919681948717949,-5.428333333333332,0.9326550019836051,-0.3674376106792573,0.9090909090909091,5,-61.918023990795426,61.9713745087409
GBPUSD,1,0.05,2,0.05,4,0.75,138,93,41,4,0.6739130434782609,0.6739130434782609,-1.991926689057971,-2.191926689057971,-0.31305692390402456,0.10533604528246081,0.38294749365591396,-7.513333333333334,0.9515028021360371,-0.27758975865777624,0.9375,4,-43.20185549875541,43.23742251071906
GBPUSD,1,0.05,2,0.05,5,1.0,138,99,24,15,0.717391304347826,0.717391304347826,-1.9356330038405798,-2.1356330038405793,-0.22789541493763327,0.11122631323884197,0.3725519744444444,-8.502564102564103,0.9580228617618242,-0.2406315574139981,0.9523809523809523,3,-31.449567261393412,31.47624252036615
GBPUSD,1,0.05,3,0.075,0,0.1,138,3,135,0,0.021739130434782608,0.021739130434782608,-1.975686202753623,-2.175686202753624,-2.2706136920708984,0.007783555915399868,0.7851013400000001,-2.2414814814814816,0.7405980981496152,-0.7188589677148326,0.5714285714285715,47,-313.344689505784,313.344689505784
GBPUSD,1,0.05,3,0.075,1,0.2,138,24,114,0,0.17391304347826086,0.17391304347826086,-1.9563843761594206,-2.15638437615942,-1.1167205350689684,0.06066589674873736,0.8007898370833333,-2.7789473684210533,0.7762992669260754,-0.6023862234478146,0.7272727272727273,23,-154.1074338395176,154.36581012971635
GBPUSD,1,0.05,3,0.075,2,0.3,138,46,92,0,0.3333333333333333,0.3333333333333333,-1.9497512311594203,-2.1497512311594202,-0.7597487488505813,0.10669777205660944,0.7703115239130434,-3.6097826086956526,0.8241335686878808,-0.4908002353545475,0.7999999999999999,13,-104.84532734138024,105.01757820151273
GBPUSD,1,0.05,3,0.075,3,0.5,138,74,62,2,0.5362318840579711,0.5362318840579711,-1.9598719951449273,-2.1598719951449277,-0.45449412820439494,0.14644233868843068,0.6910495225675676,-5.456250000000001,0.88758486225852,-0.3513529782005489,0.8695652173913044,5,-62.720189692206496,62.823540208286
GBPUSD,1,0.05,3,0.075,4,0.75,138,89,42,7,0.644927536231884,0.644927536231884,-1.9413147735507248,-2.1413147735507243,-0.3064936826142626,0.16923969988754567,0.6763883286516854,-7.259183673469387,0.9147650190218303,-0.26983748278994624,0.9090909090909092,4,-42.29612820076824,42.365028544821236
GBPUSD,1,0.05,3,0.075,5,1.0,138,94,24,20,0.6811594202898551,0.6884057971014492,-1.8578949440579708,-2.057894944057971,-0.2205157454910924,0.1799321331793243,0.655899976,-8.053488372093023,0.9246904662204419,-0.24353104593058683,0.9302325581395349,3,-30.431172877770756,30.482848135810507
GBPUSD,1,0.05,4,0.1,0,0.1,138,3,135,0,0.021739130434782608,0.021739130434782608,-1.9685477871739132,-2.1685477871739134,-2.2651789094055053,0.011039013119629874,1.1134684566666666,-2.2414814814814816,0.6681117521290723,-0.6463726216942897,0.5,47,-312.59468949795973,312.59468949795973
GBPUSD,1,0.05,4,0.1,1,0.2,138,24,114,0,0.17391304347826086,0.17391304347826086,-1.898367573985507,-2.098367573985507,-1.0949814045975548,0.08593836739267675,1.1343864495833333,-2.7789473684210533,0.7101227489553099,-0.536209705477049,0.6666666666666666,23,-151.10743383446257,151.49081012582755
GBPUSD,1,0.05,4,0.1,2,0.3,138,43,95,0,0.3115942028985507,0.3115942028985507,-1.9784736179710145,-2.1784736179710147,-0.7621089371410127,0.13363297037463975,1.078386993488372,-3.652631578947369,0.7720602916734758,-0.46046608877492506,0.7499999999999999,13,-105.17103332545975,105.42661751970307
GBPUSD,1,0.05,4,0.1,3,0.5,138,72,63,3,0.5217391304347826,0.5217391304347826,-1.9092113813043479,-2.1092113813043483,-0.44294690940104237,0.19526908869228643,0.9809559636111109,-5.48030303030303,0.8481788201749731,-0.32643968974019055,0.8333333333333334,5,-61.12667349734386,61.28002401388985
GBPUSD,1,0.05,4,0.1,4,0.75,138,86,42,10,0.6231884057971014,0.6231884057971014,-1.865200339782609,-2.0652003397826086,-0.29665197392149417,0.22554987258152173,0.9651436408139535,-7.076923076923077,0.8799881081954594,-0.2567997023983579,0.8823529411764706,4,-40.9379724011662,41.04020607886353
GBPUSD,1,0.05,4,0.1,5,1.0,138,91,24,23,0.6594202898550725,0.6666666666666666,-1.7754714850724638,-1.9754714850724635,-0.2122286668845687,0.2397795177356386,0.9346188593478261,-7.795652173913043,0.8929450350639648,-0.23352474520889233,0.9090909090909091,4,-29.287556030070487,29.364231288343483
GBPUSD,1,0.05,5,0.15,0,0.1,138,3,135,0,0.021739130434782608,0.021739130434782608,-1.9542709562318843,-2.1542709562318842,-2.2543093442640525,0.017549927428949105,1.77020268,-2.2414814814814816,0.5587382733175389,-0.5369991428827563,0.4,47,-311.09468950843933,311.09468950843933
GBPUSD,1,0.05,5,0.15,1,0.2,138,23,115,0,0.16666666666666666,0.16666666666666666,-1.8272307053623187,-2.027230705362319,-1.064475332162434,0.12739289663131625,1.7757462026086956,-2.7878260869565223,0.6108868031587871,-0.44422013649212044,0.5714285714285715,23,-146.89759583841587,147.53097213211333
GBPUSD,1,0.05,5,0.15,2,0.3,138,42,96,0,0.30434782608695654,0.30434782608695654,-1.8357955681884057,-2.035795568188406,-0.7210580009703752,0.2027815311861521,1.7014336092857143,-3.670833333333333,0.6832931744720332,-0.37894534838507665,0.6666666666666667,13,-99.50600413391177,99.92825499637675
GBPUSD,1,0.05,5,0.15,3,0.5,138,70,63,5,0.5072463768115942,0.5144927536231884,-1.6550544505797105,-1.8550544505797102,-0.39691757927466087,0.3015074647203274,1.5563730397183098,-5.470149253731344,0.7785002345798845,-0.27125385776829025,0.7692307692307692,5,-54.77462593990322,55.0279764573822
GBPUSD,1,0.05,5,0.15,4,0.75,138,82,42,14,0.5942028985507246,0.6159420289855072,-1.5641987643478261,-1.7641987643478259,-0.25997367101408897,0.34694359045064377,1.5216537708235292,-7.033962264150943,0.822145621705887,-0.2279427231551624,0.8333333333333333,4,-35.876366599944284,36.04526694493027
GBPUSD,1,0.05,5,0.15,5,1.0,138,87,24,27,0.6304347826086957,0.6594202898550725,-1.4618518591304348,-1.6618518591304348,-0.18290834550372792,0.3689170155200881,1.4732356421978023,-7.731914893617022,0.8399552906314972,-0.20952050802280153,0.8695652173913044,4,-25.241351679514445,25.448518192231184
GBPUSD,2,0.1,0,0.02,0,0.1,360,3,357,0,0.008333333333333333,0.005555555555555556,-2.0197553303611113,-2.2197553303611115,-2.4394367389679017,0.00024024026336997423,0.09601249499999998,-2.2326925807821234,0.9587700065592234,-0.9504366732258901,0.8333333333333333,142,-878.1972260284449,878.1972260284449
GBPUSD,2,0.1,0,0.02,1,0.2,360,44,316,0,0.12222222222222222,0.1111111111111111,-2.0745501774166666,-2.2745501774166668,-1.2439530827947871,0.003938165277145827,0.080936733,-2.5689860412187504,0.9694569465240881,-0.8472347243018659,0.9090909090909092,61,-447.8231098061238,447.8231098061238
GBPUSD,2,0.1,0,0.02,2,0.3,360,107,253,0,0.2972222222222222,0.20277777777777778,-2.133538813611111,-2.3335388136111113,-0.8495631276023718,0.006190301940963802,0.0716808706849315,-2.9453194301742163,0.9762410130802708,-0.6790187908580485,0.9375,60,-305.8427259368538,305.8427259368538
GBPUSD,2,0.1,0,0.02,3,0.5,360,182,176,2,0.5055555555555555,0.2916666666666667,-2.3155168587222223,-2.5155168587222225,-0.5479826026135987,0.007547375076131954,0.06558833142857141,-3.578324878196079,0.9820005780446874,-0.4764450224891319,0.9615384615384615,60,-197.27373694089565,197.27373694089565
GBPUSD,2,0.1,0,0.02,4,0.75,360,230,114,16,0.6388888888888888,0.35,-2.263323926138889,-2.4633239261388886,-0.3652931162025179,0.008901255979049666,0.06321029912698412,-3.8237654320512826,0.9837379228740841,-0.3448490339851953,0.974025974025974,59,-131.50552183290645,131.50552183290645
GBPUSD,2,0.1,0,0.02,5,1.0,360,241,67,52,0.6694444444444444,0.35833333333333334,-2.2667829618333335,-2.4667829618333332,-0.2767250980767716,0.009039022532412538,0.062792626124031,-3.8794030953679655,0.9840716619467422,-0.31462721750229783,0.9803921568627451,59,-99.62103530763777,99.62103530763777
GBPUSD,2,0.1,1,0.03,0,0.1,360,3,357,0,0.008333333333333333,0.008333333333333333,-2.0186607733333335,-2.2186607733333332,-2.4386034056483057,0.0007282892530964593,0.19404053333333335,-2.2389355742296924,0.9202456067159276,-0.9119122733825943,0.7692307692307693,132,-877.8972260333903,877.8972260333903
GBPUSD,2,0.1,1,0.03,1,0.2,360,43,317,0,0.11944444444444445,0.11944444444444445,-2.0680508431666667,-2.2680508431666673,-1.241280646170838,0.010784706154591714,0.2070161967441861,-2.603785488958991,0.92634976782704,-0.8069053233825956,0.8695652173913043,61,-446.8610326215023,446.8610326215023
GBPUSD,2,0.1,1,0.03,2,0.3,360,104,256,0,0.28888888888888886,0.2861111111111111,-2.1303119380277775,-2.330311938027778,-0.849471517731385,0.019657036832751388,0.1633124716504854,-3.329702265642023,0.9532459826444731,-0.6643570937555843,0.9090909090909092,25,-305.80974638329855,305.80974638329855
GBPUSD,2,0.1,1,0.03,3,0.5,360,180,178,2,0.5,0.4583333333333333,-2.296553812111111,-2.4965538121111113,-0.5439407375543643,0.02590948952224047,0.14488353442424243,-4.73161618225641,0.9702894406148223,-0.47028944061482225,0.9433962264150942,13,-195.81866551957123,195.81866551957123
GBPUSD,2,0.1,1,0.03,4,0.75,360,227,116,17,0.6305555555555555,0.5694444444444444,-2.255550109888889,-2.455550109888889,-0.3654786120161649,0.031338483221450136,0.13950936673170733,-5.887725546709677,0.9768535043456517,-0.3462979487900961,0.9615384615384615,12,-131.5723003258194,131.5723003258194
GBPUSD,2,0.1,1,0.03,5,1.0,360,238,67,55,0.6611111111111111,0.5944444444444444,-2.2610164412222225,-2.461016441222222,-0.2772827806662263,0.03211929254515573,0.13738755042056075,-6.269635990616438,0.9785567277003755,-0.3174456165892644,0.970873786407767,11,-99.82180103984142,99.82885472545884
GBPUSD,2,0.1,2,0.05,0,0.1,360,3,357,0,0.008333333333333333,0.008333333333333333,-2.0164716592222223,-2.2164716592222224,-2.4369367389609886,0.0017142533216564493,0.45673422666666674,-2.2389355742296924,0.8305674431954558,-0.8222341098621225,0.6666666666666666,132,-877.2972260259562,877.2972260259562
GBPUSD,2,0.1,2,0.05,1,0.2,360,40,320,0,0.1111111111111111,0.1111111111111111,-2.0697692360833333,-2.269769236083334,-1.2405601639905595,0.02258741029904306,0.47207687524999997,-2.6125,0.8469557108341679,-0.7358445997230567,0.8,66,-446.60165903660186,446.60165903660186
GBPUSD,2,0.1,2,0.05,2,0.3,360,100,260,0,0.2777777777777778,0.2777777777777778,-2.1021378505555552,-2.302137850555556,-0.8445849692692587,0.04684344312823462,0.407303738,-3.3442307692307693,0.8914300968803682,-0.6136523191025904,0.8571428571428572,26,-304.0505889369332,304.0505889369332
GBPUSD,2,0.1,2,0.05,3,0.5,360,174,183,3,0.48333333333333334,0.48333333333333334,-2.2809875185277777,-2.480987518527778,-0.5425807748564094,0.06417067616303436,0.3519798467241379,-5.131182795698925,0.9358071482321387,-0.4524738148988054,0.9090909090909091,13,-195.32907894830748,195.34926346291732
GBPUSD,2,0.1,2,0.05,4,0.75,360,219,123,18,0.6083333333333333,0.6083333333333333,-2.284495619777778,-2.4844956197777774,-0.37277742948692083,0.07725325170741773,0.3419250085844749,-6.874468085106383,0.9526182950200686,-0.3442849616867353,0.9375,8,-134.1998746152915,134.2133309583647
GBPUSD,2,0.1,2,0.05,5,1.0,360,230,71,59,0.6388888888888888,0.6388888888888888,-2.282975541638889,-2.482975541638889,-0.2824738586213577,0.08000082854055167,0.3379513261304347,-7.473846153846154,0.9567383400559627,-0.31784945116707386,0.9523809523809523,4,-101.69058910368874,101.70068136099366
GBPUSD,2,0.1,3,0.075,0,0.1,360,3,357,0,0.008333333333333333,0.008333333333333333,-2.013735266611111,-2.213735266611111,-2.4348534056323157,0.0029467083948454893,0.7851013400000001,-2.2389355742296924,0.7403797102126355,-0.7320463768793022,0.5714285714285715,132,-876.547226027634,876.547226027634
GBPUSD,2,0.1,3,0.075,1,0.2,360,38,322,0,0.10555555555555556,0.10555555555555556,-2.050574993944444,-2.250574993944445,-1.2355312384783042,0.03707273850724982,0.8208684784210526,-2.61304347826087,0.7609523806154218,-0.6553968250598663,0.7272727272727273,66,-444.79124585219,444.79124585219
GBPUSD,2,0.1,3,0.075,2,0.3,360,95,265,0,0.2638888888888889,0.2638888888888889,-2.078449532,-2.278449532,-0.8393637906610384,0.07640825186352888,0.7142965103157897,-3.3513207547169817,0.8243079798830911,-0.5604190909942022,0.7999999999999999,26,-302.17096463797384,302.17096463797384
GBPUSD,2,0.1,3,0.075,3,0.5,360,167,190,3,0.4638888888888889,0.4638888888888889,-2.26874433225,-2.46874433225,-0.5418632330357104,0.10588736457746477,0.6302517388622754,-5.1502590673575135,0.8909695423137814,-0.42708065342489254,0.8695652173913044,13,-195.0707638928557,195.14094840437266
GBPUSD,2,0.1,3,0.075,4,0.75,360,211,127,22,0.5861111111111111,0.5888888888888889,-2.240056224388889,-2.440056224388889,-0.3680211276736547,0.12863779309592302,0.6116969774528301,-6.811486486486486,0.917596408545692,-0.3314852974345809,0.9090909090909092,9,-132.4876059625156,132.53439563686024
GBPUSD,2,0.1,3,0.075,5,1.0,360,221,74,65,0.6138888888888889,0.6194444444444445,-2.2470562637777776,-2.4470562637777777,-0.2800698372131344,0.13259132044111857,0.6038553589237668,-7.413138686131386,0.9246780831406228,-0.3107891942517339,0.9302325581395349,4,-100.82514139672831,100.8602336524868
GBPUSD,2,0.1,4,0.1,0,0.1,360,3,357,0,0.008333333333333333,0.008333333333333333,-2.0109988739722224,-2.2109988739722226,-2.4327700722772483,0.004179163480545476,1.1134684566666666,-2.2389355742296924,0.6678597071221902,-0.6595263737888569,0.5,132,-875.7972260198098,875.7972260198098
GBPUSD,2,0.1,4,0.1,1,0.2,360,37,323,0,0.10277777777777777,0.10277777777777777,-2.0291847133611114,-2.2291847133611116,-1.2265347624350815,0.050400548088983546,1.1511757618918919,-2.6164086687306507,0.6944525642118986,-0.5916747864341209,0.6666666666666666,66,-441.5525144766297,441.5525144766297
GBPUSD,2,0.1,4,0.1,2,0.3,360,91,269,0,0.25277777777777777,0.25277777777777777,-2.071281688472222,-2.271281688472222,-0.8329552268820065,0.10048249961496149,1.0037207928571428,-3.379182156133829,0.7709917822642597,-0.5182140044864819,0.7499999999999999,26,-299.86388167752233,299.86388167752233
GBPUSD,2,0.1,4,0.1,3,0.5,360,161,194,5,0.44722222222222224,0.44722222222222224,-2.253359287083333,-2.453359287083334,-0.5366239913006707,0.14109759471943986,0.9011842027950312,-5.167336683417086,0.8514985414580096,-0.4042763192357874,0.8333333333333334,13,-193.18463686824157,193.30482138065648
GBPUSD,2,0.1,4,0.1,4,0.75,360,203,130,27,0.5638888888888889,0.5666666666666667,-2.2111797592499998,-2.41117975925,-0.3646837288081184,0.17117854164995708,0.8788004248529413,-6.713461538461536,0.884250513338545,-0.3203616244496561,0.8823529411764706,9,-131.28614237092253,131.36626537919912
GBPUSD,2,0.1,4,0.1,5,1.0,360,214,74,72,0.5944444444444444,0.6,-2.193722431972222,-2.3937224319722223,-0.27440440298409885,0.17827779583293604,0.8655552059722221,-7.282638888888887,0.8937733691790541,-0.2993289247346097,0.9090909090909091,4,-98.78558507427556,98.84567733048301
GBPUSD,2,0.1,5,0.15,0,0.1,360,3,357,0,0.008333333333333333,0.008333333333333333,-2.0055260887777777,-2.2055260887777783,-2.428603405639692,0.00664407361441261,1.77020268,-2.2389355742296924,0.5584580606237728,-0.5501247272904395,0.4,132,-874.2972260302893,874.2972260302893
GBPUSD,2,0.1,5,0.15,1,0.2,360,34,326,0,0.09444444444444444,0.09444444444444444,-2.0038173400833337,-2.2038173400833334,-1.2159562256918885,0.07207690943859647,1.8125222814705881,-2.6226993865030677,0.5913344546996036,-0.4968900102551591,0.5714285714285715,66,-437.7442412490804,437.7442412490804
GBPUSD,2,0.1,5,0.15,2,0.3,360,83,277,0,0.23055555555555557,0.23055555555555557,-2.046716779583333,-2.2467167795833336,-0.8252156754616047,0.14110859015610064,1.6009874620481925,-3.3996389891696754,0.6798426201864602,-0.4492870646309047,0.6666666666666667,26,-297.07764316617767,297.07764316617767
GBPUSD,2,0.1,5,0.15,3,0.5,360,147,203,10,0.4083333333333333,0.4111111111111111,-2.2382727351388887,-2.438272735138889,-0.5323148632498561,0.19558450820197953,1.4420392929054056,-5.147169811320754,0.7811513840135205,-0.37281805068018714,0.7692307692307692,13,-191.6333507699482,191.85353528415897
GBPUSD,2,0.1,5,0.15,4,0.75,360,187,132,41,0.5194444444444445,0.5305555555555556,-2.136275628361111,-2.3362756283611112,-0.35466333372504255,0.24215243628581726,1.4070197580628274,-6.5668639053254445,0.823546490335306,-0.30410204589086154,0.8333333333333333,9,-127.67880014101536,127.82558981715586
GBPUSD,2,0.1,5,0.15,5,1.0,360,197,75,88,0.5472222222222223,0.5638888888888889,-2.112905119972222,-2.312905119972222,-0.2661410046175768,0.25215929298545,1.383025403004926,-7.091719745222929,0.8368062544872952,-0.2895840322650729,0.8695652173913044,4,-95.81076166232758,95.92085391943296
USDCAD,0,0.02,0,0.02,0,0.1,38,0,38,0,0.0,0.0,-3.0026315789473688,-3.2026315789473685,-4.692574794307391,0.0,0.0,-3.2026315789473685,nan,nan,0.8333333333333333,38,-178.31784218368085,178.31784218368085
USDCAD,0,0.02,0,0.02,1,0.2,38,4,34,0,0.10526315789473684,0.10526315789473684,-2.894759848684211,-3.0947598486842107,-2.334602783281984,0.005068745769881556,0.14978143749999998,-3.476470588235294,0.9586952488583225,-0.8534320909635856,0.9090909090909092,26,-88.7149057647154,88.7149057647154
USDCAD,0,0.02,0,0.02,2,0.3,38,10,28,0,0.2631578947368421,0.18421052631578946,-2.7401030018421055,-2.9401030018421053,-1.5072611535037914,0.007292223473166623,0.1172429257142857,-3.6304714370967743,0.9687161522026068,-0.7055582574657646,0.9375,25,-57.27592383314407,57.27592383314407
USDCAD,0,0.02,0,0.02,3,0.5,38,20,17,1,0.5263157894736842,0.2894736842105263,-2.2845090889473685,-2.484509088947368,-0.8080244616068158,0.011861818901377967,0.10303033454545453,-3.538691817037037,0.9717083483426425,-0.44539255886895834,0.9615384615384615,15,-30.704929541059002,30.75764459050694
USDCAD,0,0.02,0,0.02,4,0.75,38,23,10,5,0.6052631578947368,0.3157894736842105,-2.0372743155263158,-2.2372743155263155,-0.490255621717011,0.013453860837288332,0.09661645916666665,-3.314454673076923,0.9716756246290537,-0.3664124667343168,0.974025974025974,15,-18.629713625246417,18.664856991545044
USDCAD,0,0.02,0,0.02,5,1.0,38,24,5,9,0.631578947368421,0.3157894736842105,-1.7174283484210524,-1.9174283484210521,-0.3239811706978091,0.015662946210224727,0.09661645916666665,-2.846987490384615,0.9671774937041396,-0.3355985463357186,0.9803921568627451,15,-12.311284486516746,12.337642011240714
USDCAD,0,0.02,1,0.03,0,0.1,38,0,38,0,0.0,0.0,-3.0026315789473688,-3.2026315789473685,-4.692574794307391,0.0,0.0,-3.2026315789473685,nan,nan,0.7692307692307693,38,-178.31784218368085,178.31784218368085
USDCAD,0,0.02,1,0.03,1,0.2,38,4,34,0,0.10526315789473684,0.10526315789473684,-2.8763502994736845,-3.0763502994736847,-2.3293396254331404,0.01098721336717428,0.32467215499999996,-3.476470588235294,0.9145856451779395,-0.8093224872832027,0.8695652173913043,26,-88.51490576645934,88.51490576645934
USDCAD,0,0.02,1,0.03,2,0.3,38,10,28,0,0.2631578947368421,0.2631578947368421,-2.703575555789474,-2.903575555789474,-1.4984892237996725,0.019236701155555553,0.21641288799999997,-4.017857142857143,0.9488901542832895,-0.6857322595464475,0.9090909090909092,17,-56.94259050438756,56.94259050438756
USDCAD,0,0.02,1,0.03,3,0.5,38,20,17,1,0.5263157894736842,0.47368421052631576,-2.2215004768421056,-2.4215004768421053,-0.7974981460514075,0.03389422694517204,0.17934806944444442,-4.7622641685,0.9637065676526965,-0.4373907781790123,0.9433962264150942,9,-30.304929549953478,30.437644598492437
USDCAD,0,0.02,1,0.03,4,0.75,38,22,10,6,0.5789473684210527,0.5263157894736842,-1.9919211568421051,-2.191921156842105,-0.48598371951864744,0.039797891895456496,0.1726139705,-4.819182409444444,0.9654204704355508,-0.38647310201449814,0.9615384615384615,9,-18.467381341708602,18.555858040734574
USDCAD,0,0.02,1,0.03,5,1.0,38,23,5,10,0.6052631578947368,0.5263157894736842,-1.6713627323684213,-1.8713627323684205,-0.32051408611444687,0.046299507564228605,0.1726139705,-4.142447957777778,0.9599973364533164,-0.3547341785585796,0.970873786407767,9,-12.179535272348982,12.245892796618461
USDCAD,0,0.02,2,0.05,0,0.1,38,0,38,0,0.0,0.0,-3.0026315789473688,-3.2026315789473685,-4.692574794307391,0.0,0.0,-3.2026315789473685,nan,nan,0.6666666666666666,38,-178.31784218368085,178.31784218368085
USDCAD,0,0.02,2,0.05,1,0.2,38,4,34,0,0.10526315789473684,0.10526315789473684,-2.839531200526316,-3.0395312005263158,-2.318813309594798,0.02282414873096447,0.674453595,-3.476470588235294,0.8375172455030676,-0.7322540876083308,0.8,26,-88.11490576460231,88.11490576460231
USDCAD,0,0.02,2,0.05,2,0.3,38,10,28,0,0.2631578947368421,0.2631578947368421,-2.630520662631579,-2.8305206626315793,-1.480945364059733,0.043913020622222215,0.49402148199999996,-4.017857142857143,0.8905064778830034,-0.6273485831461614,0.8571428571428572,17,-56.275923834269854,56.275923834269854
USDCAD,0,0.02,2,0.05,3,0.5,38,20,17,1,0.5263157894736842,0.5263157894736842,-2.0954832500000005,-2.29548325,-0.7764455144082453,0.0837356775210084,0.398581825,-5.288888888888889,0.9299193182609877,-0.40360352878730354,0.9090909090909091,9,-29.50492954751332,29.797644595938525
USDCAD,0,0.02,2,0.05,4,0.75,38,22,10,6,0.5789473684210527,0.5789473684210527,-1.8549563131578948,-2.0549563131578945,-0.47054512297884704,0.09932710611303346,0.39143909545454547,-5.418749999999999,0.9326288544101295,-0.3536814859890769,0.9375,9,-17.880714673196188,18.075858038812992
USDCAD,0,0.02,2,0.05,5,1.0,38,23,5,10,0.6052631578947368,0.5789473684210527,-1.5329729742105263,-1.7329729742105262,-0.3084088229376192,0.11564765364682965,0.39143909545454547,-4.65403957,0.9224178474612019,-0.3171546895664651,0.9523809523809523,9,-11.71953527162953,11.865892795842132
USDCAD,0,0.02,3,0.075,0,0.1,38,0,38,0,0.0,0.0,-3.0026315789473688,-3.2026315789473685,-4.692574794307391,0.0,0.0,-3.2026315789473685,nan,nan,0.5714285714285715,38,-178.31784218368085,178.31784218368085
USDCAD,0,0.02,3,0.075,1,0.2,38,4,34,0,0.10526315789473684,0.10526315789473684,-2.793507326578948,-2.9935073265789476,-2.305655414711319,0.03762031802030457,1.1116803975,-3.476470588235294,0.7577062304714363,-0.6524430725766994,0.7272727272727273,26,-87.61490575903012,87.61490575903012
USDCAD,0,0.02,3,0.075,2,0.3,38,10,28,0,0.2631578947368421,0.2631578947368421,-2.53920204631579,-2.7392020463157896,-1.4590155394753743,0.07475841991111111,0.8410322239999999,-4.017857142857143,0.8269085462746394,-0.5637506515377972,0.7999999999999999,17,-55.44259050006422,55.44259050006422
USDCAD,0,0.02,3,0.075,3,0.5,38,18,19,1,0.47368421052631576,0.47368421052631576,-2.3723677873684217,-2.572367787368421,-0.8227479409247916,0.11378081668177699,0.6972235600000001,-5.515,0.8877658614076019,-0.4140816508812862,0.8695652173913044,9,-31.264421755142084,31.63567049515982
USDCAD,0,0.02,3,0.075,4,0.75,38,20,12,6,0.5263157894736842,0.5263157894736842,-2.2181563294736844,-2.418156329473684,-0.5103435826351589,0.12983010871212122,0.685502974,-5.866666666666666,0.895377712789156,-0.36906192331547183,0.9090909090909092,9,-19.393056140136046,19.64055530014787
USDCAD,0,0.02,3,0.075,5,1.0,38,22,6,10,0.5789473684210527,0.5789473684210527,-1.645671092631579,-1.8456710926315787,-0.3216174662199812,0.17195393719008262,0.6620226581818182,-5.29375,0.8888435311122301,-0.3098961626911775,0.9302325581395349,8,-12.221463716359287,12.468947926853996
USDCAD,0,0.02,4,0.1,0,0.1,38,0,38,0,0.0,0.0,-3.0026315789473688,-3.2026315789473685,-4.692574794307391,0.0,0.0,-3.2026315789473685,nan,nan,0.5,38,-178.31784218368085,178.31784218368085
USDCAD,0,0.02,4,0.1,1,0.2,38,3,35,0,0.07894736842105263,0.07894736842105263,-2.9013182707894742,-3.101318270789474,-2.3320290498988916,0.03638516524938675,1.4833019033333332,-3.494285714285714,0.7020038586396903,-0.6230564902186376,0.6666666666666666,27,-88.61710389615789,88.61710389615789
USDCAD,0,0.02,4,0.1,2,0.3,38,9,29,0,0.23684210526315788,0.23684210526315788,-2.6648761426315795,-2.8648761426315787,-1.4742600210298522,0.08516560151260504,1.126078508888889,-4.103448275862069,0.7846691382913501,-0.5478270330281922,0.7499999999999999,17,-56.02188079913439,56.02188079913439
USDCAD,0,0.02,4,0.1,3,0.5,38,18,19,1,0.47368421052631576,0.47368421052631576,-2.2307009097368424,-2.430700909736842,-0.7990637303930077,0.16258717524931998,0.9962980794444442,-5.515,0.8469893303472523,-0.37330511982093656,0.8333333333333334,9,-30.36442175493429,30.88567049546488
USDCAD,0,0.02,4,0.1,4,0.75,38,20,12,6,0.5263157894736842,0.5263157894736842,-2.0628049310526313,-2.2628049310526315,-0.49279972300770547,0.1857330740530303,0.980670631,-5.866666666666666,0.8567807326602447,-0.3304649431865605,0.8823529411764706,9,-18.72638947429281,19.073888634646533
USDCAD,0,0.02,4,0.1,5,1.0,38,22,6,10,0.5789473684210527,0.5789473684210527,-1.4793158431578945,-1.6793158431578945,-0.30714378201201353,0.24658793341204246,0.9493635436363635,-5.29375,0.847934281989144,-0.26898691356809135,0.9090909090909091,8,-11.671463716456515,12.043947927727999
USDCAD,0,0.02,5,0.15,0,0.1,38,0,38,0,0.0,0.0,-3.0026315789473688,-3.2026315789473685,-4.692574794307391,0.0,0.0,-3.2026315789473685,nan,nan,0.4,38,-178.31784218368085,178.31784218368085
USDCAD,0,0.02,5,0.15,1,0.2,38,1,37,0,0.02631578947368421,0.02631578947368421,-3.147301058684211,-3.3473010586842107,-2.4083773151568604,0.019294986661526597,2.50255977,-3.505405405405406,0.5834596744593926,-0.5571438849857084,0.5714285714285715,27,-91.51833797596069,91.51833797596069
USDCAD,0,0.02,5,0.15,2,0.3,38,6,32,0,0.15789473684210525,0.15789473684210525,-3.0547623176315795,-3.254762317631579,-1.5580405972451608,0.07493666364996261,1.6698386550000002,-4.178125,0.7144580996887197,-0.5565633628466145,0.6666666666666667,17,-59.205542695316105,59.205542695316105
USDCAD,0,0.02,5,0.15,3,0.5,38,14,22,2,0.3684210526315789,0.3684210526315789,-2.9330547092105266,-3.1330547092105263,-0.8930998281331854,0.15081256098430815,1.510280075,-5.841666666666666,0.7945741273613166,-0.4261530747297377,0.7692307692307692,9,-33.937793469061056,33.937793469061056
USDCAD,0,0.02,5,0.15,4,0.75,38,16,14,8,0.42105263157894735,0.42105263157894735,-2.9167370568421056,-3.1167370568421053,-0.5696528277247284,0.16770198060435695,1.4914994899999998,-6.468181818181819,0.812618190069133,-0.3915655584901857,0.8333333333333333,9,-21.64680745353968,21.64680745353968
USDCAD,0,0.02,5,0.15,5,1.0,38,18,7,13,0.47368421052631576,0.47368421052631576,-2.2544267871052632,-2.4544267871052625,-0.3653237077604197,0.22081689298245616,1.4684323383333333,-5.984999999999999,0.8029857558669822,-0.3293015453406664,0.8695652173913044,8,-13.882300894895948,13.958427581409396
USDCAD,1,0.05,0,0.02,0,0.1,70,0,70,0,0.0,0.0,-2.971428571428571,-3.1714285714285713,-4.263268107977746,0.0,0.0,-3.1714285714285713,nan,nan,0.8333333333333333,70,-298.4287675584422,298.4287675584422
USDCAD,1,0.05,0,0.02,1,0.2,70,7,63,0,0.1,0.1,-2.9118077492857144,-3.111807749285714,-2.1258195552084014,0.004449074725776965,0.13906536428571428,-3.4730158730158722,0.9614999344838646,-0.8614999344838646,0.9090909090909092,30,-148.80736886458814,148.80736886458814
USDCAD,1,0.05,0,0.02,2,0.3,70,16,54,0,0.22857142857142856,0.18571428571428572,-3.003735767857143,-3.2037357678571423,-1.4361692242420472,0.006129598097248273,0.10639313846153844,-3.958677448245614,0.9738274806815297,-0.7452560521101012,0.9375,15,-100.53184569694334,100.53184569694334
USDCAD,1,0.05,0,0.02,3,0.5,70,36,33,1,0.5142857142857142,0.34285714285714286,-2.469162682571429,-2.669162682571428,-0.7727582506581976,0.012253684704817452,0.09657909375,-4.1121583919565206,0.9770527161463511,-0.4627670018606369,0.9615384615384615,12,-54.09307754607383,54.10327672731913
USDCAD,1,0.05,0,0.02,4,0.75,70,45,20,5,0.6428571428571429,0.37142857142857144,-2.2929315789999998,-2.4929315790000004,-0.4659912506166953,0.013380985010321467,0.09102771769230769,-4.019816617954546,0.9778566858144035,-0.33499954295726064,0.974025974025974,12,-32.61938754316867,32.626186997332205
USDCAD,1,0.05,0,0.02,5,1.0,70,49,11,10,0.7,0.37142857142857144,-2.066623792571429,-2.266623792571429,-0.30667308020776013,0.014697354435593106,0.09102771769230769,-3.6597815031818186,0.9757311789718023,-0.2757311789718023,0.9803921568627451,12,-21.467115614543204,21.472215205165853
USDCAD,1,0.05,1,0.03,0,0.1,70,0,70,0,0.0,0.0,-2.971428571428571,-3.1714285714285713,-4.263268107977746,0.0,0.0,-3.1714285714285713,nan,nan,0.7692307692307693,70,-298.4287675584422,298.4287675584422
USDCAD,1,0.05,1,0.03,1,0.2,70,7,63,0,0.1,0.1,-2.894854481142857,-3.094854481142857,-2.120819555226931,0.00987288080438757,0.3085980457142857,-3.4730158730158722,0.9183951475887546,-0.8183951475887546,0.8695652173913043,30,-148.45736886588517,148.45736886588517
USDCAD,1,0.05,1,0.03,2,0.3,70,16,54,0,0.22857142857142856,0.22857142857142856,-2.971317937714286,-3.171317937714285,-1.4285501766816904,0.01599177464539007,0.2254840225,-4.177777777777777,0.9487915929764213,-0.7202201644049928,0.9090909090909092,12,-99.99851236771836,99.99851236771836
USDCAD,1,0.05,1,0.03,3,0.5,70,35,33,2,0.5,0.4714285714285714,-2.4650164151428573,-2.6650164151428566,-0.7692128565498126,0.03163396582253941,0.18467073666666664,-5.20662928027027,0.9657465293924438,-0.46574652939244376,0.9433962264150942,12,-53.84489995848688,53.87509913977688
USDCAD,1,0.05,1,0.03,4,0.75,70,43,20,7,0.6142857142857143,0.5714285714285714,-2.291646444,-2.4916464439999992,-0.463975288449749,0.036364270148856424,0.16454566574999996,-6.033235923666665,0.9734508769991219,-0.3591651627134076,0.9615384615384615,6,-32.47827019148243,32.4984029790091
USDCAD,1,0.05,1,0.03,5,1.0,70,47,11,12,0.6714285714285714,0.6,-2.062184764428572,-2.2621847644285715,-0.304589680007357,0.04031848441115507,0.15839953095238096,-5.8930612075,0.9738245792547453,-0.30239600782617393,0.970873786407767,5,-21.321277600514986,21.336377191159986
USDCAD,1,0.05,2,0.05,0,0.1,70,0,70,0,0.0,0.0,-2.971428571428571,-3.1714285714285713,-4.263268107977746,0.0,0.0,-3.1714285714285713,nan,nan,0.6666666666666666,70,-298.4287675584422,298.4287675584422
USDCAD,1,0.05,2,0.05,1,0.2,70,7,63,0,0.1,0.1,-2.860947944714286,-3.060947944714285,-2.11081955524503,0.02072049300731262,0.6476634099999999,-3.4730158730158722,0.8428260571820131,-0.7428260571820131,0.8,30,-147.7573688671521,147.7573688671521
USDCAD,1,0.05,2,0.05,2,0.3,70,16,54,0,0.22857142857142856,0.22857142857142856,-2.906482277142857,-3.106482277142857,-1.4133120814622337,0.036109222517730494,0.5091400374999999,-4.177777777777777,0.8913699668809266,-0.6627985383094981,0.8571428571428572,12,-98.93184570235637,98.93184570235637
USDCAD,1,0.05,2,0.05,3,0.5,70,35,33,2,0.5,0.5,-2.340741644,-2.5407416439999997,-0.7492128565290677,0.07657364963655243,0.4213738548571428,-5.502857142857143,0.9288728182578095,-0.42887281825780954,0.9090909090909091,12,-52.44489995703473,52.51509913841413
USDCAD,1,0.05,2,0.05,4,0.75,70,43,20,7,0.6142857142857143,0.6142857142857143,-2.1479821681428573,-2.3479821681428565,-0.4475943360199709,0.09143863034825869,0.38468019139534876,-6.7,0.945702532647478,-0.3314168183617636,0.9375,6,-31.331603521397955,31.391090598940757
USDCAD,1,0.05,2,0.05,5,1.0,70,47,11,12,0.6714285714285714,0.6428571428571429,-1.9122127020000002,-2.1122127020000003,-0.2911611085312939,0.10271915360016341,0.376137134,-6.591242406799999,0.9460145479663633,-0.27458597653779193,0.9523809523809523,4,-20.381277597190575,20.425892905347677
USDCAD,1,0.05,3,0.075,0,0.1,70,0,70,0,0.0,0.0,-2.971428571428571,-3.1714285714285713,-4.263268107977746,0.0,0.0,-3.1714285714285713,nan,nan,0.5714285714285715,70,-298.4287675584422,298.4287675584422
USDCAD,1,0.05,3,0.075,1,0.2,70,7,63,0,0.1,0.1,-2.818564773857143,-3.0185647738571424,-2.0983195551590668,0.034280008363802565,1.0714951185714285,-3.4730158730158722,0.7642221307078018,-0.6642221307078018,0.7272727272727273,30,-146.88236886113467,146.88236886113467
USDCAD,1,0.05,3,0.075,2,0.3,70,16,54,0,0.22857142857142856,0.22857142857142856,-2.8254377010000002,-3.0254377009999995,-1.3942644623613358,0.06125603249113476,0.863710058125,-4.177777777777777,0.8286795314720151,-0.6001081029005866,0.7999999999999999,12,-97.59851236529353,97.59851236529353
USDCAD,1,0.05,3,0.075,3,0.5,70,33,35,2,0.4714285714285714,0.4714285714285714,-2.4212186185714284,-2.621218618571428,-0.7636341738290758,0.11658496244583537,0.7337786878787879,-5.613513513513513,0.8843950042637345,-0.4129664328351631,0.8695652173913044,12,-53.454392168035305,53.574591349526465
USDCAD,1,0.05,3,0.075,4,0.75,70,41,22,7,0.5857142857142857,0.5857142857142857,-2.258507976571429,-2.4585079765714286,-0.4591992142016229,0.1386608690690691,0.6757180887804879,-6.889655172413793,0.9106827825341406,-0.32496849681985485,0.9090909090909092,6,-32.14394499411361,32.2700987363059
USDCAD,1,0.05,3,0.075,5,1.0,70,46,12,12,0.6571428571428571,0.6571428571428571,-1.8798339391428571,-2.079833939142857,-0.28976008639031614,0.16806642434285715,0.6393831360869566,-7.291666666666667,0.9193822820448101,-0.26223942490195296,0.9302325581395349,3,-20.283206047322132,20.37894804020277
USDCAD,1,0.05,4,0.1,0,0.1,70,0,70,0,0.0,0.0,-2.971428571428571,-3.1714285714285713,-4.263268107977746,0.0,0.0,-3.1714285714285713,nan,nan,0.5,70,-298.4287675584422,298.4287675584422
USDCAD,1,0.05,4,0.1,1,0.2,70,6,64,0,0.08571428571428572,0.08571428571428572,-2.859691932714286,-3.0596919327142853,-2.107279528502045,0.039127701704800365,1.4535941183333334,-3.4828124999999996,0.7055359838197229,-0.6198216981054372,0.6666666666666666,30,-147.50956699514316,147.50956699514316
USDCAD,1,0.05,4,0.1,2,0.3,70,14,56,0,0.2,0.2,-2.958789720428572,-3.158789720428571,-1.416011385712552,0.0689882929263158,1.1703371121428572,-4.241071428571429,0.7837278218161705,-0.5837278218161706,0.7499999999999999,12,-99.12079699987866,99.12079699987866
USDCAD,1,0.05,4,0.1,3,0.5,70,32,36,2,0.45714285714285713,0.45714285714285713,-2.4110825190000003,-2.6110825189999995,-0.7575527804300953,0.15342391695229277,1.0351319896875002,-5.68157894736842,0.8458870719034962,-0.3887442147606391,0.8333333333333334,12,-53.02869463010667,53.19889381170958
USDCAD,1,0.05,4,0.1,4,0.75,70,40,22,8,0.5714285714285714,0.5714285714285714,-2.1827064249999997,-2.382706425,-0.44779914581196467,0.18678961604095565,0.95776375625,-6.836666666666665,0.8771220340316276,-0.3056934626030562,0.8823529411764706,6,-31.345940206837525,31.53876061637824
USDCAD,1,0.05,4,0.1,5,1.0,70,44,12,14,0.6285714285714286,0.6428571428571429,-1.794443844285714,-1.9944438442857144,-0.27987601935414613,0.22567349362174155,0.9041984644444445,-7.212000000000001,0.8885933521209999,-0.2600219235495713,0.9090909090909091,3,-19.591321354790228,19.762063348274527
USDCAD,1,0.05,5,0.15,0,0.1,70,0,70,0,0.0,0.0,-2.971428571428571,-3.1714285714285713,-4.263268107977746,0.0,0.0,-3.1714285714285713,nan,nan,0.4,70,-298.4287675584422,298.4287675584422
USDCAD,1,0.05,5,0.15,1,0.2,70,4,66,0,0.05714285714285714,0.05714285714285714,-2.9584278818571432,-3.158427881857143,-2.1380114439213673,0.039991525271385144,2.3025120675,-3.4893939393939397,0.6024603878655168,-0.5453175307226596,0.5714285714285715,30,-149.6608010744957,149.6608010744957
USDCAD,1,0.05,5,0.15,2,0.3,70,11,59,0,0.15714285714285714,0.15714285714285714,-3.118656408428571,-3.3186564084285712,-1.4495875080503045,0.07888204365582872,1.8085501281818184,-4.27457627118644,0.702693975195117,-0.5455511180522599,0.6666666666666667,12,-101.47112556352131,101.47112556352131
USDCAD,1,0.05,5,0.15,3,0.5,70,27,40,3,0.38571428571428573,0.38571428571428573,-2.7668670418571426,-2.966867041857142,-0.8077851535178867,0.17456004399841016,1.6266410025925924,-5.851162790697674,0.7824707564469456,-0.3967564707326599,0.7692307692307692,12,-56.54496074625207,56.54496074625207
USDCAD,1,0.05,5,0.15,4,0.75,70,35,25,10,0.5,0.5,-2.6243029005714287,-2.824302900571428,-0.48787269190696125,0.2098273259792166,1.4999656274285715,-7.1485714285714295,0.8265642365042587,-0.3265642365042587,0.8333333333333333,6,-34.15108843348729,34.29710938984059
USDCAD,1,0.05,5,0.15,5,1.0,70,39,13,18,0.5571428571428572,0.5714285714285714,-2.1089245688571423,-2.3089245688571434,-0.3017456241171503,0.25996007408424915,1.4193820045,-7.279999999999999,0.8368410533339283,-0.27969819619107117,0.8695652173913044,3,-21.122193688200515,21.307836091978942
USDCAD,2,0.1,0,0.02,0,0.1,193,0,193,0,0.0,0.0,-2.6808290155440413,-2.8808290155440415,-3.39981812531411,0.0,0.0,-2.8808290155440415,nan,nan,0.8333333333333333,193,-656.1648981856232,656.1648981856232
USDCAD,2,0.1,0,0.02,1,0.2,193,15,178,0,0.07772020725388601,0.07772020725388601,-2.6604047674093265,-2.860404767409327,-1.700391673259941,0.003325293175663477,0.12279199266666666,-3.1117977528089886,0.9620378464259894,-0.8843176391721035,0.9090909090909092,38,-328.1755929391688,328.1755929391688
USDCAD,2,0.1,0,0.02,2,0.3,193,38,155,0,0.19689119170984457,0.17098445595854922,-2.85300714373057,-3.0530071437305706,-1.1930976743692465,0.005319017960915297,0.09548141181818182,-3.7023829083125,0.9748591830118628,-0.7779679913020182,0.9375,36,-230.2678511532645,230.27775569787218
USDCAD,2,0.1,0,0.02,3,0.5,193,86,106,1,0.44559585492227977,0.32642487046632124,-2.7587812,-2.9587812,-0.7109392045148691,0.008695890592653509,0.07951274936507936,-4.431185190846153,0.9823724065723284,-0.5367765516500487,0.9615384615384615,34,-137.2112664713698,137.25310301244127
USDCAD,2,0.1,0,0.02,4,0.75,193,108,73,12,0.5595854922279793,0.35233160621761656,-2.9280288305181346,-3.128028830518135,-0.4817773078100996,0.008533657444538155,0.0764146051470588,-4.871246059519999,0.9845554070244223,-0.4249699147964431,0.974025974025974,34,-92.98302040734929,93.01091143473026
USDCAD,2,0.1,0,0.02,5,1.0,193,116,45,32,0.6010362694300518,0.35233160621761656,-3.0126301274093263,-3.2126301274093265,-0.36025581958971964,0.008310800033002707,0.0764146051470588,-5.0018704619199985,0.9849526751377918,-0.38391640570774,0.9803921568627451,34,-69.52937318081592,69.55029145135165
USDCAD,2,0.1,1,0.03,0,0.1,193,0,193,0,0.0,0.0,-2.6808290155440413,-2.8808290155440415,-3.39981812531411,0.0,0.0,-2.8808290155440415,nan,nan,0.7692307692307693,193,-656.1648981856232,656.1648981856232
USDCAD,2,0.1,1,0.03,1,0.2,193,14,179,0,0.07253886010362694,0.07253886010362694,-2.6709616858549223,-2.870961685854923,-1.702710786128859,0.006997122992831541,0.2788853307142857,-3.11731843575419,0.9178832161168342,-0.8453443560132072,0.8695652173913043,38,-328.6231817228699,328.6231817228699
USDCAD,2,0.1,1,0.03,2,0.3,193,38,155,0,0.19689119170984457,0.19689119170984457,-2.8253656378756475,-3.0253656378756473,-1.1865346346597483,0.014189484872530812,0.2211692602631579,-3.8212903225806447,0.9452884424121888,-0.7483972507023442,0.9090909090909092,36,-229.00118448933134,229.0444223683792
USDCAD,2,0.1,1,0.03,3,0.5,193,85,106,2,0.44041450777202074,0.41450777202072536,-2.7254208537823836,-2.925420853782384,-0.704471963118679,0.025161672268187142,0.182164011,-5.125480935044249,0.965678938050337,-0.5252644302783163,0.9433962264150942,24,-135.9630888819051,136.10492542280338
USDCAD,2,0.1,1,0.03,4,0.75,193,105,73,15,0.5440414507772021,0.5025906735751295,-2.9251712639378242,-3.1251712639378235,-0.48167928587876596,0.02588996057030266,0.16526571494845363,-6.4498836280208325,0.9750170848184854,-0.43097563404128325,0.9615384615384615,13,-92.96410217460186,93.05865986853405
USDCAD,2,0.1,1,0.03,5,1.0,193,113,45,35,0.5854922279792746,0.5233160621761658,-3.007254556476684,-3.207254556476684,-0.35976779537214915,0.025521749592695844,0.16051205643564354,-6.9044765989130426,0.9772806349357511,-0.39178840695647654,0.970873786407767,13,-69.4351845068248,69.50610277727394
USDCAD,2,0.1,2,0.05,0,0.1,193,0,193,0,0.0,0.0,-2.6808290155440413,-2.8808290155440415,-3.39981812531411,0.0,0.0,-2.8808290155440415,nan,nan,0.6666666666666666,193,-656.1648981856232,656.1648981856232
USDCAD,2,0.1,2,0.05,1,0.2,193,14,179,0,0.07253886010362694,0.07253886010362694,-2.647803155181347,-2.847803155181348,-1.6954569001237316,0.01500715241935484,0.5981422178571429,-3.11731843575419,0.8390126356806487,-0.7664737755770217,0.8,38,-327.2231817238804,327.2231817238804
USDCAD,2,0.1,2,0.05,2,0.3,193,37,156,0,0.19170984455958548,0.19170984455958548,-2.7916177172538856,-2.9916177172538863,-1.1798607547669697,0.03140040357322597,0.5058859613513514,-3.8211538461538472,0.8830872874167004,-0.6913774428571149,0.8571428571428572,36,-227.7131256700251,227.82303021511527
USDCAD,2,0.1,2,0.05,3,0.5,193,84,107,2,0.43523316062176165,0.43523316062176165,-2.6490499854922276,-2.8490499854922278,-0.6926827271558789,0.06005701333333332,0.41825419999999996,-5.3669724770642215,0.9277030575728024,-0.4924698969510407,0.9090909090909091,14,-133.6877663410847,134.02960288294747
USDCAD,2,0.1,2,0.05,4,0.75,193,104,73,16,0.538860103626943,0.538860103626943,-2.830844710362694,-3.030844710362694,-0.47111850607907,0.06407515344,0.3850670278846154,-7.022471910112358,0.9480168742806853,-0.40915677065374223,0.9375,12,-90.9258716732606,91.16645032445896
USDCAD,2,0.1,2,0.05,5,1.0,193,111,45,37,0.5751295336787565,0.5647668393782384,-2.9157913466321244,-3.115791346632124,-0.3519484607138595,0.06343954493723154,0.3737002777064219,-7.643822144880953,0.953389556273193,-0.3782600225944365,0.9523809523809523,10,-67.92605291777491,68.10648690617369
USDCAD,2,0.1,3,0.075,0,0.1,193,0,193,0,0.0,0.0,-2.6808290155440413,-2.8808290155440415,-3.39981812531411,0.0,0.0,-2.8808290155440415,nan,nan,0.5714285714285715,193,-656.1648981856232,656.1648981856232
USDCAD,2,0.1,3,0.075,1,0.2,193,12,181,0,0.06217616580310881,0.06217616580310881,-2.6589436323834192,-2.85894363238342,-1.701198082885429,0.0218469756248892,1.0269899125000002,-3.1165745856353597,0.7521482016360178,-0.689972035832909,0.7272727272727273,42,-328.3312299968879,328.3312299968879
USDCAD,2,0.1,3,0.075,2,0.3,193,36,157,0,0.18652849740932642,0.18652849740932642,-2.7470838676165803,-2.9470838676165805,-1.1705783991408065,0.05186333313885647,0.8642448208333334,-3.821019108280255,0.8155397787810769,-0.6290112813717504,0.7999999999999999,36,-225.92163103417565,226.11486891252818
USDCAD,2,0.1,3,0.075,3,0.5,193,79,110,4,0.40932642487046633,0.40932642487046633,-2.6559472582901553,-2.8559472582901555,-0.694962480939556,0.09476462333716539,0.7304073310126582,-5.341228070175438,0.8797017141592968,-0.47037528928883043,0.8695652173913044,14,-134.1277588213344,134.71959536348936
USDCAD,2,0.1,3,0.075,4,0.75,193,98,77,18,0.5077720207253886,0.5077720207253886,-2.8704429898963735,-3.070442989896373,-0.47878269442238935,0.10144731304018201,0.6826990096938778,-6.9421052631578934,0.9104634053198404,-0.40269138459445175,0.9090909090909092,12,-92.40506002352119,92.84563867282267
USDCAD,2,0.1,3,0.075,5,1.0,193,106,47,40,0.5492227979274611,0.5492227979274611,-2.8763531583937825,-3.076353158393782,-0.35162145468015193,0.10460539953249888,0.6543758531132077,-7.62183908045977,0.920932955660843,-0.3717101577333819,0.9302325581395349,9,-67.86294075326937,68.1945014264819
USDCAD,2,0.1,4,0.1,0,0.1,193,0,193,0,0.0,0.0,-2.6808290155440413,-2.8808290155440415,-3.39981812531411,0.0,0.0,-2.8808290155440415,nan,nan,0.5,193,-656.1648981856232,656.1648981856232
USDCAD,2,0.1,4,0.1,1,0.2,193,11,182,0,0.05699481865284974,0.05699481865284974,-2.6638025102590674,-2.8638025102590676,-1.7012094722015139,0.027254691165082712,1.4078286836363636,-3.1219780219780224,0.689207779684847,-0.6322129610319973,0.6666666666666666,42,-328.33342813489236,328.33342813489236
USDCAD,2,0.1,4,0.1,2,0.3,193,33,160,0,0.17098445595854922,0.17098445595854922,-2.7828035796373056,-2.982803579637306,-1.176781694643192,0.06469359728675873,1.2066336100000001,-3.846875,0.7612285437463616,-0.5902440877878123,0.7499999999999999,36,-227.11886706613595,227.39543827775088
USDCAD,2,0.1,4,0.1,3,0.5,193,76,113,4,0.39378238341968913,0.39378238341968913,-2.6361443910880826,-2.836144391088083,-0.6936049070767241,0.12671367664326735,1.0450543752631578,-5.357264957264959,0.836769407931033,-0.4429870245113439,0.8333333333333334,14,-133.8657470658078,134.70758360825494
USDCAD,2,0.1,4,0.1,4,0.75,193,95,78,20,0.49222797927461137,0.49222797927461137,-2.8048675428497405,-3.0048675428497407,-0.4730335797361479,0.1381491517758954,0.9785322550526316,-6.866326530612244,0.8752645163172688,-0.3830365370426574,0.8823529411764706,12,-91.29548088907667,91.9360595391802
USDCAD,2,0.1,4,0.1,5,1.0,193,102,48,43,0.5284974093264249,0.533678756476684,-2.813772963626943,-3.0137729636269426,-0.34777246755015695,0.14235007080507225,0.9372992040776699,-7.535555555555555,0.8893762219856293,-0.3608788126592044,0.9090909090909091,9,-67.12008623718029,67.62664691108671
USDCAD,2,0.1,5,0.15,0,0.1,193,0,193,0,0.0,0.0,-2.6808290155440413,-2.8808290155440415,-3.39981812531411,0.0,0.0,-2.8808290155440415,nan,nan,0.4,193,-656.1648981856232,656.1648981856232
USDCAD,2,0.1,5,0.15,1,0.2,193,8,185,0,0.04145077720207254,0.04145077720207254,-2.706063363160622,-2.906063363160622,-1.715707869881697,0.03114487978925548,2.25372136375,-3.12918918918919,0.5813191875314707,-0.5398684103293981,0.5714285714285715,42,-331.1316188871676,331.1316188871676
USDCAD,2,0.1,5,0.15,2,0.3,193,27,164,2,0.13989637305699482,0.14507772020725387,-2.8420745832124354,-3.042074583212435,-1.1870647043345104,0.08018111458561805,1.8278430514285713,-3.868484848484848,0.6791190599374812,-0.5392226868804864,0.6666666666666667,36,-229.10348793656047,229.54672581470015
USDCAD,2,0.1,5,0.15,3,0.5,193,66,119,8,0.34196891191709844,0.3471502590673575,-2.771914521398964,-2.9719145213989635,-0.7100764477701217,0.1595904723369963,1.6256790652238806,-5.416666666666669,0.769156595385234,-0.4271876834681355,0.7692307692307692,14,-137.04475441963356,137.579480831897
USDCAD,2,0.1,5,0.15,4,0.75,193,85,82,26,0.44041450777202074,0.44559585492227977,-2.9382116839896373,-3.1382116839896375,-0.48064533479034854,0.17796572338490768,1.5247109882558136,-6.885981308411215,0.8187175401886926,-0.37830303241667185,0.8333333333333333,12,-92.76454961453733,93.26705484573293
USDCAD,2,0.1,5,0.15,5,1.0,193,92,50,51,0.47668393782383417,0.48704663212435234,-2.920694622176166,-3.120694622176166,-0.35104349587712064,0.1858690699107867,1.4628291268085105,-7.472727272727273,0.8362912099257179,-0.35960727210188376,0.8695652173913044,9,-67.7513947042843,68.20440031419444
USDCHF,0,0.02,0,0.02,0,0.1,29,0,29,0,0.0,0.0,-2.920689655172414,-3.1206896551724133,-5.449122059828798,0.0,0.0,-3.1206896551724133,nan,nan,0.8333333333333333,29,-158.02453973503515,158.02453973503515
USDCHF,0,0.02,0,0.02,1,0.2,29,4,25,0,0.13793103448275862,0.13793103448275862,-2.6985480431034485,-2.898548043103448,-2.640199682613505,0.004053397511848341,0.0855266875,-3.3760000000000003,0.9752922062369627,-0.837361171754204,0.9090909090909092,11,-76.56579079579164,76.56579079579164
USDCHF,0,0.02,0,0.02,2,0.3,29,8,21,0,0.27586206896551724,0.27586206896551724,-2.6511079975862075,-2.851107997586207,-1.7259157081738032,0.005028496630565583,0.05223350874999999,-3.957142857142857,0.986972161258209,-0.7111100922926917,0.9375,10,-50.051555537040294,50.051555537040294
USDCHF,0,0.02,0,0.02,3,0.5,29,14,15,0,0.4827586206896552,0.3448275862068966,-2.49225092724138,-2.6922509272413793,-1.0293868260154155,0.008786091339010291,0.06920569899999998,-4.145649151578947,0.9835805261501486,-0.5008219054604934,0.9615384615384615,10,-29.852217954447053,29.852217954447053
USDCHF,0,0.02,0,0.02,4,0.75,29,18,11,0,0.6206896551724138,0.3448275862068966,-2.5226258889655173,-2.722625888965518,-0.6589127595123898,0.008688921061456292,0.06920569899999998,-4.192010935263159,0.9837591690496235,-0.36306951387720965,0.974025974025974,10,-19.1084700258593,19.123203926877174
USDCHF,0,0.02,0,0.02,5,1.0,29,19,8,2,0.6551724137931034,0.3448275862068966,-2.7001509058620687,-2.900150905862069,-0.5135008257801017,0.008161392683558253,0.06920569899999998,-4.462970171578948,0.9847301382434747,-0.32955772445037124,0.9803921568627451,10,-14.891523947622948,14.902574373386352
USDCHF,0,0.02,1,0.03,0,0.1,29,0,29,0,0.0,0.0,-2.920689655172414,-3.1206896551724133,-5.449122059828798,0.0,0.0,-3.1206896551724133,nan,nan,0.7692307692307693,29,-158.02453973503515,158.02453973503515
USDCHF,0,0.02,1,0.03,1,0.2,29,4,25,0,0.13793103448275862,0.13793103448275862,-2.6788565472413794,-2.878856547241379,-2.6333031308226604,0.010819432819905212,0.2282900325,-3.3760000000000003,0.9366615809378542,-0.7987305464550956,0.8695652173913043,11,-76.36579079385716,76.36579079385716
USDCHF,0,0.02,1,0.03,2,0.3,29,8,21,0,0.27586206896551724,0.27586206896551724,-2.6163171689655176,-2.816317168965517,-1.716720305900007,0.017169700361010832,0.1783502625,-3.957142857142857,0.9568732779041832,-0.681011208938666,0.9090909090909092,10,-49.7848888711002,49.7848888711002
USDCHF,0,0.02,1,0.03,3,0.5,29,14,15,0,0.4827586206896552,0.4482758620689655,-2.4349281148275863,-2.634928114827586,-1.0197316536037466,0.02807261118689555,0.16977447923076922,-4.9137489725,0.9666029908501815,-0.48384437016052634,0.9433962264150942,10,-29.572217954508655,29.572217954508655
USDCHF,0,0.02,1,0.03,4,0.75,29,18,11,0,0.6206896551724138,0.5172413793103449,-2.4563526265517246,-2.656352626551724,-0.6506368974924293,0.02858101225297749,0.1510996586666667,-5.664337217857144,0.9740174879592216,-0.3533278327868078,0.9615384615384615,9,-18.86847002728045,18.9373198459367
USDCHF,0,0.02,1,0.03,5,1.0,29,19,8,2,0.6551724137931034,0.5517241379310345,-2.6312608417241377,-2.8312608417241374,-0.506949101695737,0.027181718490780597,0.14338478999999998,-6.492363157692306,0.9783920680637268,-0.3232196542706234,0.970873786407767,8,-14.701523949176373,14.75316131316856
USDCHF,0,0.02,2,0.05,0,0.1,29,0,29,0,0.0,0.0,-2.920689655172414,-3.1206896551724133,-5.449122059828798,0.0,0.0,-3.1206896551724133,nan,nan,0.6666666666666666,29,-158.02453973503515,158.02453973503515
USDCHF,0,0.02,2,0.05,1,0.2,29,4,25,0,0.13793103448275862,0.13793103448275862,-2.6394735562068963,-2.8394735562068965,-2.6195100274824323,0.024351503199052132,0.5138167175,-3.3760000000000003,0.8679072165049895,-0.7299761820222308,0.8,11,-75.96579079699053,75.96579079699053
USDCHF,0,0.02,2,0.05,2,0.3,29,8,21,0,0.27586206896551724,0.27586206896551724,-2.5467355124137936,-2.746735512413793,-1.6983295015134638,0.04145210758122744,0.43058376750000005,-3.957142857142857,0.9018663184069613,-0.6260042494414441,0.8571428571428572,10,-49.251555543890454,49.251555543890454
USDCHF,0,0.02,2,0.05,3,0.5,29,14,15,0,0.4827586206896552,0.4827586206896552,-2.3202824910344826,-2.5202824910344828,-1.0004213088439429,0.07012478066157762,0.3937005542857143,-5.239999999999999,0.9301168831229031,-0.4473582624332479,0.9090909090909091,6,-29.01221795647434,29.01221795647434
USDCHF,0,0.02,2,0.05,4,0.75,29,18,11,0,0.6206896551724138,0.6206896551724138,-2.3238061024137933,-2.523806102413793,-0.6340851733540778,0.07587907866161614,0.3338679461111111,-7.200000000000002,0.9556843910061565,-0.33499473583374273,0.9375,6,-18.38847002726825,18.59065317929068
USDCHF,0,0.02,2,0.05,5,1.0,29,19,8,2,0.6551724137931034,0.6551724137931034,-2.493480713793103,-2.6934807137931034,-0.4938456534077453,0.07341707354685646,0.3257399631578947,-8.43,0.9627969806631383,-0.3076245668700349,0.9523809523809523,5,-14.321523948824613,14.473161312841436
USDCHF,0,0.02,3,0.075,0,0.1,29,0,29,0,0.0,0.0,-2.920689655172414,-3.1206896551724133,-5.449122059828798,0.0,0.0,-3.1206896551724133,nan,nan,0.5714285714285715,29,-158.02453973503515,158.02453973503515
USDCHF,0,0.02,3,0.075,1,0.2,29,4,25,0,0.13793103448275862,0.13793103448275862,-2.5902448172413797,-2.790244817241379,-2.602268648226589,0.041266591232227486,0.870725075,-3.3760000000000003,0.7949655182234748,-0.6570344837407163,0.7272727272727273,11,-75.46579079857106,75.46579079857106
USDCHF,0,0.02,3,0.075,2,0.3,29,7,22,0,0.2413793103448276,0.2413793103448276,-2.6305330051724143,-2.8305330051724136,-1.725423723158602,0.060807126430205964,0.7592204071428572,-3.972727272727272,0.8395543529839504,-0.5981750426391228,0.7999999999999999,10,-50.03728797159946,50.03728797159946
USDCHF,0,0.02,3,0.075,3,0.5,29,12,17,0,0.41379310344827586,0.41379310344827586,-2.6106167951724144,-2.8106167951724137,-1.0587976487170183,0.09435681044444447,0.7076760783333333,-5.2941176470588225,0.8820892368660846,-0.4682961334178088,0.8695652173913044,6,-30.705131812793528,30.705131812793528
USDCHF,0,0.02,3,0.075,4,0.75,29,15,13,1,0.5172413793103449,0.5172413793103449,-2.835007732068965,-3.035007732068966,-0.7227984651733376,0.09727975148717947,0.6323183846666667,-6.964285714285715,0.916763019840159,-0.3995216405298141,0.9090909090909092,6,-20.961155490026787,21.330005308814425
USDCHF,0,0.02,3,0.075,5,1.0,29,16,8,5,0.5517241379310345,0.5517241379310345,-2.891243787241379,-3.0912437872413787,-0.5424266296021879,0.09903447407035178,0.615870635625,-7.653846153846152,0.9255269979246309,-0.3738028599935964,0.9302325581395349,5,-15.730372258463449,16.00700962255418
USDCHF,0,0.02,4,0.1,0,0.1,29,0,29,0,0.0,0.0,-2.920689655172414,-3.1206896551724133,-5.449122059828798,0.0,0.0,-3.1206896551724133,nan,nan,0.5,29,-158.02453973503515,158.02453973503515
USDCHF,0,0.02,4,0.1,1,0.2,29,4,25,0,0.13793103448275862,0.13793103448275862,-2.5410160779310345,-2.7410160779310346,-2.585027268828478,0.05818167938388625,1.227633435,-3.3760000000000003,0.7333337998489012,-0.5954027653661427,0.6666666666666666,11,-74.96579079602587,74.96579079602587
USDCHF,0,0.02,4,0.1,2,0.3,29,7,22,0,0.2413793103448276,0.2413793103448276,-2.553354351724138,-2.7533543517241377,-1.7053087806186142,0.08641560411899316,1.078960542857143,-3.972727272727272,0.7864158312537527,-0.5450365209089251,0.7499999999999999,10,-49.45395463793981,49.45395463793981
USDCHF,0,0.02,4,0.1,3,0.5,29,12,17,0,0.41379310344827586,0.41379310344827586,-2.4854200951724144,-2.6854200951724136,-1.0381079936454736,0.13469796933333336,1.01023477,-5.2941176470588225,0.8397559807623657,-0.4259628773140898,0.8333333333333334,6,-30.10513181571873,30.10513181571873
USDCHF,0,0.02,4,0.1,4,0.75,29,15,13,1,0.5172413793103449,0.5172413793103449,-2.6915045627586207,-2.8915045627586213,-0.7055570859399437,0.13996274543589743,0.9097578453333334,-6.964285714285715,0.8844611617341183,-0.3672197824237734,0.8823529411764706,6,-20.46115549225836,20.996671977017932
USDCHF,0,0.02,4,0.1,5,1.0,29,16,8,5,0.5517241379310345,0.5517241379310345,-2.7411986131034483,-2.941198613103448,-0.5286335261854976,0.1427662333668342,0.88782751375,-7.653846153846152,0.8960593030944184,-0.3443351651633839,0.9090909090909091,5,-15.330372259379425,15.732009622949104
USDCHF,0,0.02,5,0.15,0,0.1,29,0,29,0,0.0,0.0,-2.920689655172414,-3.1206896551724133,-5.449122059828798,0.0,0.0,-3.1206896551724133,nan,nan,0.4,29,-158.02453973503515,158.02453973503515
USDCHF,0,0.02,5,0.15,1,0.2,29,4,25,0,0.13793103448275862,0.13793103448275862,-2.4425586,-2.6425586,-2.550544510295411,0.09201185545023695,1.9414501499999997,-3.3760000000000003,0.634890766206807,-0.49695973172404834,0.5714285714285715,11,-73.96579079856693,73.96579079856693
USDCHF,0,0.02,5,0.15,2,0.3,29,6,23,0,0.20689655172413793,0.20689655172413793,-2.5901471658620694,-2.790147165862069,-1.7169273667681628,0.11375391226725082,1.7309553649999998,-3.9695652173913043,0.6963513524805337,-0.4894548007563958,0.6666666666666667,10,-49.79089363627673,49.79089363627673
USDCHF,0,0.02,5,0.15,3,0.5,29,11,18,0,0.3793103448275862,0.3793103448275862,-2.409585003793104,-2.6095850037931037,-1.0460300753206382,0.19662457420382162,1.6838213536363633,-5.233333333333333,0.7565731243789748,-0.37726277955138865,0.7692307692307692,6,-30.334872184298504,30.334872184298504
USDCHF,0,0.02,5,0.15,4,0.75,29,14,14,1,0.4827586206896552,0.4827586206896552,-2.627332394482759,-2.827332394482759,-0.7130317869722363,0.20472706653734238,1.5076686114285713,-6.873333333333334,0.8201087863521069,-0.33735016566245174,0.8333333333333333,6,-20.677921822194854,21.546771640371357
USDCHF,0,0.02,5,0.15,5,1.0,29,15,9,5,0.5172413793103449,0.5172413793103449,-2.722563125517241,-2.9225631255172417,-0.5407936840064577,0.20642012509363297,1.4697112906666667,-7.628571428571428,0.8384627807224546,-0.32122140141210975,0.8695652173913044,5,-15.683016836187267,16.334654199819646
USDCHF,1,0.05,0,0.02,0,0.1,69,0,69,0,0.0,0.0,-2.73768115942029,-2.9376811594202894,-3.8920559789325946,0.0,0.0,-2.9376811594202894,nan,nan,0.8333333333333333,69,-268.55186254634907,268.55186254634907
USDCHF,1,0.05,0,0.02,1,0.2,69,7,62,0,0.10144927536231885,0.10144927536231885,-2.6677345971014494,-2.8677345971014487,-1.920957733390405,0.003657164149043303,0.1037589714285714,-3.2032258064516124,0.9686242972381983,-0.8671750218758795,0.9090909090909092,22,-132.54608360393797,132.54608360393797
USDCHF,1,0.05,0,0.02,2,0.3,69,16,53,0,0.2318840579710145,0.2318840579710145,-2.7663098301449276,-2.966309830144927,-1.3010892281833775,0.005464634207968902,0.07028885749999998,-3.8830188679245277,0.9822202412810017,-0.7503361833099872,0.9375,21,-89.77515674465303,89.77515674465303
USDCHF,1,0.05,0,0.02,3,0.5,69,30,39,0,0.43478260869565216,0.3333333333333333,-2.9522119243478264,-3.1522119243478257,-0.8217071927575399,0.0076527926092564095,0.07292777347826085,-4.764781773260869,0.9849251442705116,-0.5501425355748595,0.9615384615384615,21,-56.697796300270255,56.716011078740955
USDCHF,1,0.05,0,0.02,4,0.75,69,39,25,5,0.5652173913043478,0.36231884057971014,-2.9969899976811587,-3.1969899976811598,-0.5242466803186084,0.007719023313577536,0.06864012199999998,-5.169960764883721,0.9868972415570235,-0.42167985025267574,0.974025974025974,20,-36.173020941983985,36.18516412763112
USDCHF,1,0.05,0,0.02,5,1.0,69,42,17,10,0.6086956521739131,0.37681159420289856,-3.182103796521739,-3.3821037965217395,-0.40788008095238576,0.007489515283283079,0.06773003230769228,-5.598241495238095,0.9880461749625081,-0.37935052278859505,0.9803921568627451,10,-28.14372558571462,28.15283297494997
USDCHF,1,0.05,1,0.03,0,0.1,69,0,69,0,0.0,0.0,-2.73768115942029,-2.9376811594202894,-3.8920559789325946,0.0,0.0,-2.9376811594202894,nan,nan,0.7692307692307693,69,-268.55186254634907,268.55186254634907
USDCHF,1,0.05,1,0.03,1,0.2,69,7,62,0,0.10144927536231885,0.10144927536231885,-2.6523265333333335,-2.8523265333333327,-1.9158852696129276,0.009010418932527695,0.2556384571428571,-3.2032258064516124,0.9260917926634114,-0.8246425173010925,0.8695652173913043,22,-132.19608360329204,132.19608360329204
USDCHF,1,0.05,1,0.03,2,0.3,69,16,53,0,0.2318840579710145,0.2318840579710145,-2.734971991594203,-2.9349719915942023,-1.2933597595880657,0.01597148969873664,0.20543328624999999,-3.8830188679245277,0.9497527967790349,-0.7178687388080204,0.9090909090909092,21,-89.24182341157649,89.24182341157649
USDCHF,1,0.05,1,0.03,3,0.5,69,30,39,0,0.43478260869565216,0.4057971014492754,-2.898607742173913,-3.0986077421739124,-0.8130115406905686,0.023448794140491492,0.1833509457142857,-5.339945382682926,0.9668040722762576,-0.5320214635806055,0.9433962264150942,21,-56.09779630764924,56.17601108562802
USDCHF,1,0.05,1,0.03,4,0.75,69,39,25,5,0.5652173913043478,0.4927536231884058,-2.9331661563768114,-3.133166156376811,-0.5167104484962057,0.025010203524003863,0.16310630735294115,-6.521590565882353,0.9756000443331995,-0.4103826530288517,0.9615384615384615,13,-35.65302094623819,35.705946715105036
USDCHF,1,0.05,1,0.03,5,1.0,69,42,17,10,0.6086956521739131,0.5217391304347826,-3.1144600431884064,-3.3144600431884053,-0.40179312448754667,0.024487203407308034,0.15946508027777775,-7.326202683437499,0.9786972805484714,-0.3700016283745583,0.970873786407767,9,-27.723725589640722,27.763419916290854
USDCHF,1,0.05,2,0.05,0,0.1,69,0,69,0,0.0,0.0,-2.73768115942029,-2.9376811594202894,-3.8920559789325946,0.0,0.0,-2.9376811594202894,nan,nan,0.6666666666666666,69,-268.55186254634907,268.55186254634907
USDCHF,1,0.05,2,0.05,1,0.2,69,7,62,0,0.10144927536231885,0.10144927536231885,-2.6215104059420287,-2.821510405942028,-1.9057403421144306,0.019716928449144012,0.5593974271428571,-3.2032258064516124,0.851327812429293,-0.7498785370669742,0.8,22,-131.49608360589573,131.49608360589573
USDCHF,1,0.05,2,0.05,2,0.3,69,15,54,0,0.21739130434782608,0.21739130434782608,-2.7262881642028987,-2.9262881642028984,-1.2950268173528592,0.0348284735659656,0.4857411113333334,-3.874074074074073,0.8885867655676917,-0.6711954612198656,0.8571428571428572,21,-89.35685039734727,89.35685039734727
USDCHF,1,0.05,2,0.05,3,0.5,69,29,40,0,0.42028985507246375,0.42028985507246375,-2.875826009130435,-3.0758260091304344,-0.811688106791025,0.05422462286096256,0.4195863920689654,-5.61,0.9304120772494661,-0.5101222221770023,0.9090909090909091,11,-56.00647936858074,56.20469414537897
USDCHF,1,0.05,2,0.05,4,0.75,69,38,25,6,0.5507246376811594,0.5507246376811594,-2.884148003913043,-3.0841480039130444,-0.5116143715568651,0.06128710952801058,0.3656259928947368,-7.556666666666667,0.9538484617261062,-0.40312382404494673,0.9375,8,-35.30139163742369,35.4609840722486
USDCHF,1,0.05,2,0.05,5,1.0,69,41,17,11,0.5942028985507246,0.5942028985507246,-3.0578020663768113,-3.2578020663768115,-0.39710150155603785,0.06103449214703425,0.3563818882926829,-8.866666666666667,0.961359643054134,-0.3671567445034094,0.9523809523809523,4,-27.40000360736662,27.519697933485304
USDCHF,1,0.05,3,0.075,0,0.1,69,0,69,0,0.0,0.0,-2.73768115942029,-2.9376811594202894,-3.8920559789325946,0.0,0.0,-2.9376811594202894,nan,nan,0.5714285714285715,69,-268.55186254634907,268.55186254634907
USDCHF,1,0.05,3,0.075,1,0.2,69,7,62,0,0.10144927536231885,0.10144927536231885,-2.582990246521739,-2.782990246521739,-1.893059182671865,0.03310006540785499,0.9390961414285715,-3.2032258064516124,0.7732923338058862,-0.6718430584435674,0.7272727272727273,22,-130.62108360435874,130.62108360435874
USDCHF,1,0.05,3,0.075,2,0.3,69,14,55,0,0.2028985507246377,0.2028985507246377,-2.723525903478261,-2.9235259034782604,-1.2979601375134069,0.055160246651053874,0.8411937614285714,-3.881818181818181,0.8218946359787718,-0.6189960852541341,0.7999999999999999,21,-89.55924948842507,89.55924948842507
USDCHF,1,0.05,3,0.075,3,0.5,69,27,42,0,0.391304347826087,0.391304347826087,-2.9278781247826084,-3.1278781247826077,-0.8253535249426581,0.08471759707379135,0.7398670144444445,-5.614285714285714,0.8835616570720511,-0.49225730924596417,0.8695652173913044,11,-56.9493932210434,57.29760799970822
USDCHF,1,0.05,3,0.075,4,0.75,69,35,27,7,0.5072463768115942,0.5072463768115942,-3.012883726811594,-3.2128837268115946,-0.5392378323451641,0.09514703204081632,0.6660292242857142,-7.424242424242424,0.9176752953150981,-0.4104289185035038,0.9090909090909092,8,-37.20741043181632,37.500336201317
USDCHF,1,0.05,3,0.075,5,1.0,69,38,17,14,0.5507246376811594,0.5507246376811594,-3.1320604728985515,-3.3320604728985503,-0.4095485785030354,0.09696711457187746,0.6496796676315789,-8.486666666666666,0.9288906479833571,-0.37816601030219765,0.9302325581395349,5,-28.258851916709446,28.478546243834955
USDCHF,1,0.05,4,0.1,0,0.1,69,0,69,0,0.0,0.0,-2.73768115942029,-2.9376811594202894,-3.8920559789325946,0.0,0.0,-2.9376811594202894,nan,nan,0.5,69,-268.55186254634907,268.55186254634907
USDCHF,1,0.05,4,0.1,1,0.2,69,7,62,0,0.10144927536231885,0.10144927536231885,-2.544470087101449,-2.7444700871014485,-1.8803780232163492,0.04648320236656598,1.318794855714286,-3.2032258064516124,0.708361603309741,-0.6069123279474221,0.6666666666666666,22,-129.74608360192812,129.74608360192812
USDCHF,1,0.05,4,0.1,2,0.3,69,14,55,0,0.2028985507246377,0.2028985507246377,-2.6531070017391305,-2.85310700173913,-1.2810519249510468,0.07791858023419206,1.1882583485714286,-3.881818181818181,0.7656330547578308,-0.5627345040331931,0.7499999999999999,21,-88.39258282162221,88.39258282162221
USDCHF,1,0.05,4,0.1,3,0.5,69,27,42,0,0.391304347826087,0.391304347826087,-2.805286775362319,-3.0052867753623187,-0.8057883075910063,0.12059038379983038,1.0531560185185187,-5.614285714285714,0.8420449610625129,-0.45074061323642595,0.8333333333333334,11,-55.599393223779416,56.09760800103656
USDCHF,1,0.05,4,0.1,4,0.75,69,33,28,8,0.4782608695652174,0.4782608695652174,-3.0770759673913037,-3.277075967391305,-0.5524868226798123,0.12357270639534884,0.9661138863636364,-7.371428571428571,0.8841248615818786,-0.40586399201666123,0.8823529411764706,11,-38.12159076490705,38.547849866900656
USDCHF,1,0.05,4,0.1,5,1.0,69,36,18,15,0.5217391304347826,0.5217391304347826,-3.2040942372463777,-3.4040942372463765,-0.42052176479843123,0.12618116677827382,0.9421527119444444,-8.399999999999999,0.8991503627702583,-0.3774112323354757,0.9090909090909091,5,-29.016001771091755,29.33569609758696
USDCHF,1,0.05,5,0.15,0,0.1,69,0,69,0,0.0,0.0,-2.73768115942029,-2.9376811594202894,-3.8920559789325946,0.0,0.0,-2.9376811594202894,nan,nan,0.4,69,-268.55186254634907,268.55186254634907
USDCHF,1,0.05,5,0.15,1,0.2,69,6,63,0,0.08695652173913043,0.08695652173913043,-2.545987362463768,-2.7459873624637674,-1.8804062910705983,0.06154963838533928,2.0711453316666666,-3.2047619047619045,0.6074333306381842,-0.5204768088990537,0.5714285714285715,22,-129.74803408387132,129.74803408387132
USDCHF,1,0.05,5,0.15,2,0.3,69,12,57,0,0.17391304347826086,0.17391304347826086,-2.701600031449275,-2.9016000314492745,-1.2925118246702723,0.10138957733393178,1.8824664858333333,-3.908771929824561,0.6749457800349458,-0.5010327365566849,0.6666666666666667,21,-89.18331590224876,89.18331590224876
USDCHF,1,0.05,5,0.15,3,0.5,69,24,45,0,0.34782608695652173,0.34782608695652173,-2.838274791014493,-3.038274791014492,-0.8254822655593721,0.1657741321925985,1.7357933091666666,-5.584444444444443,0.7628774682474772,-0.4150513812909554,0.7692307692307692,15,-56.95827632359668,57.756491101471774
USDCHF,1,0.05,5,0.15,4,0.75,69,30,31,8,0.43478260869565216,0.43478260869565216,-3.177842636956521,-3.377842636956522,-0.5739192251746659,0.16908683796791443,1.5809619349999997,-7.3815789473684195,0.8236033781324055,-0.3888207694367533,0.8333333333333333,14,-39.60042653705194,40.293352306320266
USDCHF,1,0.05,5,0.15,5,1.0,69,32,21,16,0.463768115942029,0.463768115942029,-3.426882120289855,-3.6268821202898547,-0.44803863168677815,0.16414540313961254,1.535785428125,-8.316666666666668,0.8441215026118353,-0.3803533866698063,0.8695652173913044,6,-30.9146655863877,31.434359913338945
USDCHF,2,0.1,0,0.02,0,0.1,204,0,204,0,0.0,0.0,-2.6132352941176467,-2.8132352941176477,-3.239204085064184,0.0,0.0,-2.8132352941176477,nan,nan,0.8333333333333333,204,-660.7976333530933,660.7976333530933
USDCHF,2,0.1,0,0.02,1,0.2,204,13,191,0,0.06372549019607843,0.06372549019607843,-2.5897681309313723,-2.7897681309313733,-1.6101277898638953,0.002256839568723702,0.09902317615384613,-2.9863874345549744,0.9679059974026935,-0.904180507206615,0.9090909090909092,44,-328.4660691322344,328.4660691322344
USDCHF,2,0.1,0,0.02,2,0.3,204,42,162,0,0.20588235294117646,0.1715686274509804,-2.6690142184313723,-2.8690142184313725,-1.087336876437999,0.004080667202016878,0.068517552,-3.4773787862721885,0.9806769444271497,-0.7747945914859733,0.9375,34,-221.8167227933519,221.8167227933519
USDCHF,2,0.1,0,0.02,3,0.5,204,88,115,1,0.43137254901960786,0.29901960784313725,-2.822546856470588,-3.0225468564705884,-0.6943220357703452,0.006122267775446642,0.06226625344262294,-4.338446155104895,0.9858508696633567,-0.5544783206437488,0.9615384615384615,31,-141.64169529715042,141.64169529715042
USDCHF,2,0.1,0,0.02,4,0.75,204,110,72,22,0.5392156862745098,0.3137254901960784,-2.9960243986764707,-3.1960243986764705,-0.47195228532586453,0.005974350767676133,0.061228469843749994,-4.7187597079136685,0.9871906650044318,-0.447974978729922,0.974025974025974,29,-96.27826620647635,96.27826620647635
USDCHF,2,0.1,0,0.02,5,1.0,204,120,42,42,0.5882352941176471,0.3235294117647059,-2.927828649117647,-3.1278286491176472,-0.3416890424446406,0.006174932342633692,0.060069143787878775,-4.686435094233577,0.9873445506891787,-0.3991092565715316,0.9803921568627451,29,-69.70456465870669,69.70456465870669
USDCHF,2,0.1,1,0.03,0,0.1,204,0,204,0,0.0,0.0,-2.6132352941176467,-2.8132352941176477,-3.239204085064184,0.0,0.0,-2.8132352941176477,nan,nan,0.7692307692307693,204,-660.7976333530933,660.7976333530933
USDCHF,2,0.1,1,0.03,1,0.2,204,12,192,0,0.058823529411764705,0.058823529411764705,-2.5999287030392155,-2.7999287030392166,-1.612660335345608,0.005076719352029264,0.242878715,-2.9901041666666663,0.9248747290382215,-0.8660511996264568,0.8695652173913043,44,-328.9827084105039,328.9827084105039
USDCHF,2,0.1,1,0.03,2,0.3,204,41,163,0,0.20098039215686275,0.20098039215686275,-2.6574454888235293,-2.857445488823529,-1.086247268198122,0.012671274186991866,0.1824663482926829,-3.6220858895705526,0.9520399939638725,-0.7510596018070097,0.9090909090909092,34,-221.594442712417,221.6144486028231
USDCHF,2,0.1,1,0.03,3,0.5,204,86,117,1,0.4215686274509804,0.4068627450980392,-2.813575683970588,-3.013575683970588,-0.6961697186799717,0.020661279181947947,0.15626382771084335,-5.187928406859504,0.9707600660956751,-0.5491914386446948,0.9433962264150942,18,-142.0186226107142,142.0428954301952
USDCHF,2,0.1,1,0.03,4,0.75,204,108,74,22,0.5294117647058824,0.4803921568627451,-2.9990370952450984,-3.199037095245098,-0.4752650484615622,0.02100938012301577,0.142908505,-6.348653342095238,0.977985497424792,-0.44857373271890966,0.9615384615384615,13,-96.95406988615872,96.97053227962206
USDCHF,2,0.1,1,0.03,5,1.0,204,118,42,44,0.5784313725490197,0.5196078431372549,-2.9210081767647056,-3.1210081767647058,-0.343036956572241,0.022211510522605223,0.13644335273584907,-6.712872819072163,0.9800792737094757,-0.401647901160456,0.970873786407767,13,-69.97953914073715,69.99188593583465
USDCHF,2,0.1,2,0.05,0,0.1,204,0,204,0,0.0,0.0,-2.6132352941176467,-2.8132352941176477,-3.239204085064184,0.0,0.0,-2.8132352941176477,nan,nan,0.6666666666666666,204,-660.7976333530933,660.7976333530933
USDCHF,2,0.1,2,0.05,1,0.2,204,11,193,0,0.05392156862745098,0.05392156862745098,-2.615062250833333,-2.815062250833334,-1.614664563510491,0.009703915899292983,0.5115728027272728,-3.0046632124352337,0.8545112442619612,-0.8005896756345102,0.8,50,-329.39157095613996,329.39157095613996
USDCHF,2,0.1,2,0.05,2,0.3,204,37,167,0,0.18137254901960784,0.18137254901960784,-2.699790553333333,-2.8997905533333337,-1.0960706133570133,0.02640343502304147,0.43358721945945944,-3.6383233532934134,0.8935174995342969,-0.7121449505146891,0.8571428571428572,34,-223.5984051248308,223.6850776847034
USDCHF,2,0.1,2,0.05,3,0.5,204,82,121,1,0.4019607843137255,0.4019607843137255,-2.8621317282352936,-3.0621317282352947,-0.7011775110876337,0.04746131052150045,0.3795747248780487,-5.375409836065574,0.9340441801609609,-0.5320833958472354,0.9090909090909091,18,-143.04021226187726,143.14448508303812
USDCHF,2,0.1,2,0.05,4,0.75,204,103,76,25,0.5049019607843137,0.5049019607843137,-3.060307401813725,-3.2603074018137255,-0.4796875315932825,0.049988987330381374,0.33977951485436897,-7.001,0.9537134286397226,-0.44881146785540893,0.9375,12,-97.85625644502967,97.979385506034
USDCHF,2,0.1,2,0.05,5,1.0,204,113,43,48,0.553921568627451,0.553921568627451,-2.9871219494607844,-3.187121949460784,-0.34631957384245304,0.053881144222933636,0.3276736487610619,-7.635555555555556,0.9588516617626126,-0.4049300931351616,0.9523809523809523,9,-70.64919306386038,70.74153985961364
USDCHF,2,0.1,3,0.075,0,0.1,204,0,204,0,0.0,0.0,-2.6132352941176467,-2.8132352941176477,-3.239204085064184,0.0,0.0,-2.8132352941176477,nan,nan,0.5714285714285715,204,-660.7976333530933,660.7976333530933
USDCHF,2,0.1,3,0.075,1,0.2,204,11,193,0,0.05392156862745098,0.05392156862745098,-2.595877689852941,-2.7958776898529414,-1.6079243673960844,0.016452752664252453,0.8673592063636363,-3.0046632124352337,0.7759932374997205,-0.7220716688722695,0.7272727272727273,50,-328.016570948801,328.016570948801
USDCHF,2,0.1,3,0.075,2,0.3,204,35,169,0,0.1715686274509804,0.1715686274509804,-2.68882562754902,-2.8888256275490196,-1.095662672291316,0.043155661600909244,0.7594163422857142,-3.6443786982248514,0.8275541129185546,-0.6559854854675742,0.7999999999999999,34,-223.51518514742855,223.68519104113443
USDCHF,2,0.1,3,0.075,3,0.5,204,79,123,2,0.3872549019607843,0.3872549019607843,-2.817680183921569,-3.0176801839215686,-0.6947120831377792,0.07939770073276507,0.6720663605063292,-5.349600000000001,0.8883919632422447,-0.5011370612814603,0.8695652173913044,18,-141.72126496010694,141.92553778156778
USDCHF,2,0.1,3,0.075,4,0.75,204,98,79,27,0.4803921568627451,0.4803921568627451,-3.058536824215686,-3.258536824215686,-0.48538184492617265,0.0834943993657797,0.6179437536734694,-6.907619047619047,0.9178873700226995,-0.4374952131599544,0.9090909090909092,13,-99.01789636493923,99.27435875967619
USDCHF,2,0.1,3,0.075,5,1.0,204,107,45,52,0.5245098039215687,0.5245098039215687,-3.0065538837254904,-3.20655388372549,-0.3534666201250529,0.08945296174832965,0.6005888571962619,-7.483333333333333,0.9257057597734107,-0.4011959558518421,0.9302325581395349,9,-72.1071905055108,72.29953730156352
USDCHF,2,0.1,4,0.1,0,0.1,204,0,204,0,0.0,0.0,-2.6132352941176467,-2.8132352941176477,-3.239204085064184,0.0,0.0,-2.8132352941176477,nan,nan,0.5,204,-660.7976333530933,660.7976333530933
USDCHF,2,0.1,4,0.1,1,0.2,204,11,193,0,0.05392156862745098,0.05392156862745098,-2.576693128921568,-2.776693128921569,-1.6011841712977395,0.02320158941196758,1.2231456090909092,-3.0046632124352337,0.7106904165431536,-0.6567688479157026,0.6666666666666666,50,-326.64157094473865,326.64157094473865
USDCHF,2,0.1,4,0.1,2,0.3,204,32,172,0,0.1568627450980392,0.1568627450980392,-2.6962653053921564,-2.8962653053921574,-1.1013931690536978,0.05631988132886119,1.101933678125,-3.640116279069768,0.7676250381012718,-0.6107622930032326,0.7499999999999999,34,-224.68420648695445,224.93754571049394
USDCHF,2,0.1,4,0.1,3,0.5,204,76,126,2,0.37254901960784315,0.37254901960784315,-2.7931190860294115,-2.9931190860294112,-0.6933156083617275,0.1077067170100833,0.9697856111842105,-5.34609375,0.8464527968750849,-0.47390377726724175,0.8333333333333334,18,-141.4363841057924,141.7406569251534
USDCHF,2,0.1,4,0.1,4,0.75,204,93,82,29,0.45588235294117646,0.45588235294117646,-3.0907299276960782,-3.2907299276960784,-0.4924552418175433,0.11049568669670067,0.8966784381720427,-6.86090909090909,0.8844127204739058,-0.4285303675327294,0.8823529411764706,13,-100.46086933077883,100.85066505764853
USDCHF,2,0.1,4,0.1,5,1.0,204,102,46,56,0.5,0.5,-3.0253409089215686,-3.2253409089215688,-0.3575082042228181,0.11906607923416784,0.8718672017647057,-7.395049504950496,0.8945353832999805,-0.3945353832999805,0.9090909090909091,9,-72.93167366145484,73.22402045660711
USDCHF,2,0.1,5,0.15,0,0.1,204,0,204,0,0.0,0.0,-2.6132352941176467,-2.8132352941176477,-3.239204085064184,0.0,0.0,-2.8132352941176477,nan,nan,0.4,204,-660.7976333530933,660.7976333530933
USDCHF,2,0.1,5,0.15,1,0.2,204,9,195,0,0.04411764705882353,0.04411764705882353,-2.58430970867647,-2.784309708676471,-1.605060278867256,0.030221648335325247,1.9667577144444444,-3.003589743589744,0.6043017654097138,-0.5601841183508903,0.5714285714285715,50,-327.43229688892,327.43229688892
USDCHF,2,0.1,5,0.15,2,0.3,204,26,177,1,0.12745098039215685,0.12745098039215685,-2.7920423512745094,-2.99204235127451,-1.118290323371915,0.06641688641786476,1.6701292438461537,-3.6730337078651694,0.687426855789371,-0.5599758753972142,0.6666666666666667,34,-228.13122596787082,228.5512318590769
USDCHF,2,0.1,5,0.15,3,0.5,204,69,131,4,0.3382352941176471,0.3382352941176471,-2.808548276323529,-3.0085482763235296,-0.6953883230339124,0.14674843824551642,1.5297992989855071,-5.328148148148149,0.7769304429964827,-0.43869514887883565,0.7692307692307692,18,-141.8592178989181,142.36349071887906
USDCHF,2,0.1,5,0.15,4,0.75,204,85,87,32,0.4166666666666667,0.4215686274509804,-3.1383096028431376,-3.3383096028431374,-0.4966388075947244,0.1507480247162988,1.4056376862790698,-6.8538461538461535,0.8298153112849048,-0.41314864461823814,0.8333333333333333,13,-101.31431674932375,101.97077914365869
USDCHF,2,0.1,5,0.15,5,1.0,204,92,51,61,0.45098039215686275,0.46078431372549017,-3.133452776862745,-3.333452776862745,-0.36580706450034567,0.15838568504950495,1.361442909787234,-7.412844036697248,0.8448372023742953,-0.3938568102174325,0.8695652173913044,11,-74.6246411580705,75.1169879538217
USDJPY,0,0.02,0,0.02,0,0.1,225,17,208,0,0.07555555555555556,0.06666666666666667,-2.1508965693333333,-2.350896569333333,-2.022644597095649,0.008079447158939783,0.2872298273333333,-2.539334169095238,0.8983819833210022,-0.8228264277654466,0.8333333333333333,86,-455.09503434652106,455.09503434652106
USDJPY,0,0.02,0,0.02,1,0.2,225,74,151,0,0.3288888888888889,0.32,-2.1004441981333333,-2.3004441981333335,-0.9950271899483975,0.022585215964326503,0.1661143184722222,-3.4611776177124183,0.9542043151213935,-0.6253154262325046,0.9090909090909092,28,-223.88111773838946,223.88111773838946
USDJPY,0,0.02,0,0.02,2,0.3,225,109,116,0,0.48444444444444446,0.4488888888888889,-2.0305048710222224,-2.2305048710222226,-0.6667708776253615,0.0313317761679799,0.16072161297029702,-4.178197410403225,0.9629581441588334,-0.47851369971438895,0.9375,27,-150.0234474657063,150.0234474657063
USDJPY,0,0.02,0,0.02,3,0.5,225,140,84,1,0.6222222222222222,0.5555555555555556,-2.101349335377778,-2.301349335377778,-0.43472574813353,0.035487419464876185,0.15241284719999992,-5.368552063600001,0.972393802593845,-0.35017158037162277,0.9615384615384615,27,-97.8132933300442,97.81788539106478
USDJPY,0,0.02,0,0.02,4,0.75,225,156,67,2,0.6933333333333334,0.5866666666666667,-2.471247091777778,-2.6712470917777775,-0.32844498685021234,0.0316635288740132,0.14888662143939393,-6.674017523440862,0.9781784093286559,-0.2848450759953225,0.974025974025974,27,-73.90012204129778,73.90333331855119
USDJPY,0,0.02,0,0.02,5,1.0,225,165,44,16,0.7333333333333333,0.6222222222222222,-2.358390704133333,-2.558390704133333,-0.24359477487366288,0.034133028929223104,0.14530443314285715,-7.011535636117647,0.9796971244660115,-0.24636379113267826,0.9803921568627451,27,-54.80882434657416,54.811232804514226
USDJPY,0,0.02,1,0.03,0,0.1,225,15,210,0,0.06666666666666667,0.06666666666666667,-2.1566972052,-2.3566972051999997,-2.0271784301402844,0.013659093805803572,0.48954192199999996,-2.5599999999999996,0.8394703419328826,-0.772803675266216,0.7692307692307693,53,-456.11514678156396,456.11514678156396
USDJPY,0,0.02,1,0.03,1,0.2,225,71,154,0,0.31555555555555553,0.31555555555555553,-2.0969590795555555,-2.2969590795555557,-0.9960467122867133,0.04505581504065041,0.3434395366197183,-3.514285714285714,0.9109735623242969,-0.5954180067687413,0.8695652173913043,16,-224.11051026451042,224.11051026451042
USDJPY,0,0.02,1,0.03,2,0.3,225,105,120,0,0.4666666666666667,0.4666666666666667,-2.0732642448,-2.2732642448,-0.6706774028027601,0.060979520690288225,0.31633852304761906,-4.5391666666666675,0.9348495139665922,-0.46818284729992554,0.9090909090909092,11,-150.90241563062102,150.90241563062102
USDJPY,0,0.02,1,0.03,3,0.5,225,136,88,1,0.6044444444444445,0.5911111111111111,-2.1770480964,-2.3770480964000003,-0.4419895533303845,0.07034614953393806,0.3042901573684211,-6.253330571956524,0.9535974753758372,-0.3491530309313927,0.9433962264150942,8,-99.44764949933652,99.47224155986953
USDJPY,0,0.02,1,0.03,4,0.75,225,153,69,3,0.68,0.6622222222222223,-2.5082099110222225,-2.708209911022222,-0.3287339217436483,0.06558247328494073,0.2870287422818792,-8.580454112894738,0.967631316917143,-0.28763131691714294,0.9615384615384615,7,-73.96513239232087,74.00659393446134
USDJPY,0,0.02,1,0.03,5,1.0,225,162,45,18,0.72,0.6977777777777778,-2.3944808851555557,-2.5944808851555554,-0.24345958965145068,0.07098108143232067,0.2840870223566879,-9.240586201029409,0.9701735675656394,-0.25017356756563947,0.970873786407767,7,-54.77840767157643,54.80950382818179
USDJPY,0,0.02,2,0.05,0,0.1,225,14,211,0,0.06222222222222222,0.06222222222222222,-2.1536178304444444,-2.3536178304444446,-2.021491703299518,0.023305031630394688,0.9025705821428572,-2.569668246445498,0.7400609155362164,-0.6778386933139943,0.6666666666666666,53,-454.8356332423915,454.8356332423915
USDJPY,0,0.02,2,0.05,1,0.2,225,68,157,0,0.3022222222222222,0.3022222222222222,-2.035189507866667,-2.2351895078666666,-0.9814409670897324,0.08776049470342827,0.7115053048529412,-3.511464968152866,0.8315154360898427,-0.5292932138676205,0.8,16,-220.8242175951898,220.8242175951898
USDJPY,0,0.02,2,0.05,2,0.3,225,98,127,0,0.43555555555555553,0.43555555555555553,-2.0938947639555554,-2.293894763955556,-0.6781100423116878,0.11226982819057446,0.6660579398979591,-4.577952755905511,0.8729869219315336,-0.43743136637597807,0.8571428571428572,11,-152.57475952012982,152.57475952012982
USDJPY,0,0.02,2,0.05,3,0.5,225,131,92,2,0.5822222222222222,0.5777777777777777,-2.1463017221333334,-2.346301722133333,-0.4395485960986004,0.13470403569948394,0.632177382923077,-6.42211523431579,0.9103840147801356,-0.32816179255791345,0.9090909090909091,6,-98.8984341221851,98.96302618174296
USDJPY,0,0.02,2,0.05,4,0.75,225,149,70,6,0.6622222222222223,0.6577777777777778,-2.431620197644444,-2.6316201976444447,-0.32254750640371604,0.1305231705589155,0.6005838026351352,-8.844168146233768,0.9364108442565227,-0.2741886220343004,0.9375,4,-72.57318894083613,72.721317146976
USDJPY,0,0.02,2,0.05,5,1.0,225,159,45,21,0.7066666666666667,0.7022222222222222,-2.247668009066666,-2.447668009066667,-0.23433016830455214,0.1453685715676085,0.5928838305063292,-9.61792458597015,0.9419356620627968,-0.2352689953961301,0.9523809523809523,4,-52.72428786852425,52.835384023129144
USDJPY,0,0.02,3,0.075,0,0.1,225,13,212,0,0.057777777777777775,0.057777777777777775,-2.141623060533333,-2.3416230605333332,-2.013831013675344,0.03380673277095178,1.4180624138461542,-2.5721698113207543,0.6446165702080566,-0.5868387924302788,0.5714285714285715,53,-453.11197807695237,453.11197807695237
USDJPY,0,0.02,3,0.075,1,0.2,225,65,160,0,0.28888888888888886,0.28888888888888886,-1.9738114505777775,-2.173811450577778,-0.962903488253579,0.13370957070492384,1.1614219018461538,-3.52875,0.7523711441388763,-0.46348225524998743,0.7272727272727273,16,-216.65328485705527,216.65328485705527
USDJPY,0,0.02,3,0.075,2,0.3,225,95,130,0,0.4222222222222222,0.4222222222222222,-2.0023697870666664,-2.2023697870666665,-0.6593726034651153,0.17369817893946976,1.0964926095789473,-4.613076923076923,0.8079552927225845,-0.38573307050036226,0.7999999999999999,11,-148.35883577965097,148.35883577965097
USDJPY,0,0.02,3,0.075,3,0.5,225,128,95,2,0.5688888888888889,0.5688888888888889,-2.006326227688889,-2.206326227688889,-0.42631156536351467,0.21265122723235524,1.0474734278906248,-6.5,0.8612153539991497,-0.29232646511026084,0.8695652173913044,6,-95.9201022067908,95.9201022067908
USDJPY,0,0.02,3,0.075,4,0.75,225,147,70,8,0.6533333333333333,0.6533333333333333,-2.206688672666667,-2.4066886726666668,-0.3037875506825086,0.21258550043623675,0.9945241404761906,-8.816666666666666,0.8986336969665144,-0.24530036363318108,0.9090909090909092,4,-68.35219890356446,68.55726573716575
USDJPY,0,0.02,3,0.075,5,1.0,225,155,46,24,0.6888888888888889,0.6933333333333334,-2.0629837486666665,-2.2629837486666666,-0.22417717562584805,0.2316714298325034,0.9841580548076923,-9.604347826086956,0.9070541145391008,-0.2181652256502119,0.9302325581395349,4,-50.439864515815835,50.5936646410168
USDJPY,0,0.02,4,0.1,0,0.1,225,12,213,0,0.05333333333333334,0.05333333333333334,-2.1335425932,-2.3335425932,-2.0099095829147515,0.042758279908842296,1.9544097108333334,-2.575117370892019,0.5685179323204588,-0.5151845989871254,0.5,53,-452.22965615581904,452.22965615581904
USDJPY,0,0.02,4,0.1,1,0.2,225,63,162,0,0.28,0.28,-1.8907247210222222,-2.090724721022222,-0.940896167680546,0.17817424488120198,1.6188402820634924,-3.533333333333334,0.685794695034009,-0.405794695034009,0.6666666666666666,16,-211.70163772812282,211.70163772812282
USDJPY,0,0.02,4,0.1,2,0.3,225,92,133,0,0.4088888888888889,0.4088888888888889,-1.927641822177778,-2.127641822177778,-0.64262882159791,0.22624953937287853,1.5215281522826083,-4.651879699248121,0.753535131830738,-0.34464624294184903,0.7499999999999999,11,-144.5914848595298,144.5914848595298
USDJPY,0,0.02,4,0.1,3,0.5,225,124,99,2,0.5511111111111111,0.5511111111111111,-1.9797002099555554,-2.1797002099555556,-0.4202121964022624,0.2691020160357675,1.4561891351612901,-6.643564356435643,0.8202180922330525,-0.2691069811219414,0.8333333333333334,6,-94.54774419050905,94.54774419050905
USDJPY,0,0.02,4,0.1,4,0.75,225,144,73,8,0.64,0.64,-2.178372478088889,-2.378372478088889,-0.29757099543516996,0.27143116736555484,1.3844874474305557,-9.067901234567902,0.8675434401119261,-0.22754344011192607,0.8823529411764706,4,-66.95347397291326,67.25854080649859
USDJPY,0,0.02,4,0.1,5,1.0,225,151,47,27,0.6711111111111111,0.6755555555555556,-2.048122651111111,-2.2481226511111108,-0.21988224471289985,0.29155798809523814,1.3695552861842106,-9.780821917808218,0.8771740846853291,-0.206062973574218,0.9090909090909091,4,-49.47350506040247,49.70230518559146
USDJPY,0,0.02,5,0.15,0,0.1,225,10,215,0,0.044444444444444446,0.044444444444444446,-2.1267801361777776,-2.3267801361777782,-2.007344042835599,0.0550080674368231,3.0474469359999996,-2.5767441860465117,0.4581537380452489,-0.41370929360080444,0.4,55,-451.6524096380097,451.6524096380097
USDJPY,0,0.02,5,0.15,1,0.2,225,52,173,0,0.2311111111111111,0.2311111111111111,-1.9427956275111111,-2.142795627511111,-0.9618482245402535,0.21681446362897977,2.5667496886538452,-3.5583815028901737,0.5809478020328213,-0.34983669092171016,0.5714285714285715,23,-216.415850521557,216.415850521557
USDJPY,0,0.02,5,0.15,2,0.3,225,77,148,0,0.3422222222222222,0.3422222222222222,-2.079182705511111,-2.279182705511112,-0.6776534625307169,0.2655168880836436,2.407583003376623,-4.717567567567568,0.6621007543062235,-0.3198785320840013,0.6666666666666667,13,-152.47202906941132,152.47202906941132
USDJPY,0,0.02,5,0.15,3,0.5,225,112,108,5,0.49777777777777776,0.5022222222222222,-2.0537132012000003,-2.2537132012000005,-0.42690129757861073,0.3360148353149142,2.2709250418584066,-6.81875,0.750164331353906,-0.25238655357612827,0.7692307692307692,7,-96.05279195518739,96.05279195518739
USDJPY,0,0.02,5,0.15,4,0.75,225,133,74,18,0.5911111111111111,0.6044444444444445,-2.0306359769333335,-2.2306359769333337,-0.2863704766941366,0.3693225750062829,2.161080185220588,-8.941573033707867,0.8053546172606516,-0.21424350614954046,0.8333333333333333,5,-64.43335725618078,64.81729948660605
USDJPY,0,0.02,5,0.15,5,1.0,225,139,49,37,0.6177777777777778,0.6355555555555555,-1.9795837834222225,-2.1795837834222227,-0.21634330023580786,0.38375678402865027,2.1356199211888103,-9.704878048780488,0.8196342817164177,-0.20185650393863996,0.8695652173913044,5,-48.67724255305678,48.965199225875736
USDJPY,1,0.05,0,0.02,0,0.1,401,27,374,0,0.06733167082294264,0.06234413965087282,-2.1339237354364093,-2.3339237354364095,-1.858972795603945,0.006218948042508101,0.23427030399999998,-2.5046813178457445,0.9144671624969674,-0.8471354916740247,0.8333333333333333,143,-745.448091037182,745.448091037182
USDJPY,1,0.05,0,0.02,1,0.2,401,131,270,0,0.3266832917705736,0.32169576059850374,-2.1441150216957605,-2.3441150216957607,-0.9386251236923338,0.022737246396966174,0.16953528534883722,-3.5362506452573528,0.9542511929929248,-0.6275679012223512,0.9090909090909092,30,-376.388674600626,376.388674600626
USDJPY,1,0.05,0,0.02,2,0.3,401,193,208,0,0.48129675810473815,0.45885286783042395,-2.1431176383790524,-2.3431176383790526,-0.6474837668928191,0.031359562724857515,0.16532100847826087,-4.470088656912442,0.9643351892471133,-0.4830384311423751,0.9375,21,-259.64099052402025,259.64099052402025
USDJPY,1,0.05,0,0.02,3,0.5,401,257,140,4,0.6408977556109726,0.5835411471321695,-2.1747498378553614,-2.374749837855362,-0.403699410010389,0.03656063572860442,0.1544314445726496,-5.918632592874252,0.9745710824683528,-0.33367332685738016,0.9615384615384615,21,-161.88346341416604,161.8880554751866
USDJPY,1,0.05,0,0.02,4,0.75,401,284,104,13,0.7082294264339152,0.6259351620947631,-2.3997035641895264,-2.599703564189526,-0.2959868200415529,0.03534970664177719,0.15219850764940238,-7.204553031066666,0.9793117238160846,-0.2710822973821694,0.974025974025974,19,-118.69071483666275,118.69392611391616
USDJPY,1,0.05,0,0.02,5,1.0,401,297,69,35,0.7406483790523691,0.6533665835411472,-2.3582543936408977,-2.5582543936408975,-0.2224776527747211,0.03696015205849922,0.150271389389313,-7.663533207697841,0.9807684736005132,-0.2401200945481441,0.9803921568627451,19,-89.21353876266315,89.21594722060321
USDJPY,1,0.05,1,0.03,0,0.1,401,25,376,0,0.06234413965087282,0.06234413965087282,-2.1327541293765586,-2.3327541293765583,-1.8590229512923653,0.011273220716626148,0.42662376479999997,-2.5162234042553195,0.8550302682089501,-0.7926861285580773,0.7692307692307693,67,-745.4682034682385,745.4682034682385
USDJPY,1,0.05,1,0.03,1,0.2,401,125,276,0,0.3117206982543641,0.3117206982543641,-2.154151507306733,-2.3541515073067334,-0.9413989498565312,0.044229265536093944,0.3494819645599999,-3.578623188405797,0.911030394821245,-0.5993096965668809,0.8695652173913043,27,-377.5009788924692,377.5009788924692
USDJPY,1,0.05,1,0.03,2,0.3,401,186,215,0,0.46384039900249374,0.46384039900249374,-2.1802693601995013,-2.3802693601995015,-0.6510370299980486,0.06063575096939276,0.33124723956989244,-4.726046511627907,0.934501087762316,-0.47066068875982225,0.9090909090909092,16,-261.0658490292173,261.0658490292173
USDJPY,1,0.05,1,0.03,3,0.5,401,250,147,4,0.6234413965087282,0.6134663341645885,-2.2473499240399,-2.4473499240399006,-0.4105472703507138,0.07216507193501333,0.310285632601626,-6.823984420387097,0.9565077253458272,-0.33306632883709897,0.9433962264150942,9,-164.62945541063624,164.65404747116924
USDJPY,1,0.05,1,0.03,4,0.75,401,279,108,14,0.6957605985037406,0.683291770573566,-2.4499742627930177,-2.6499742627930174,-0.2972210944834228,0.07170801424919108,0.2995839625547445,-9.013588071811023,0.9678322314406655,-0.27207163293692493,0.9615384615384615,8,-119.18565888785258,119.20261589757615
USDJPY,1,0.05,1,0.03,5,1.0,401,292,71,38,0.7281795511221946,0.713216957605985,-2.4157306815710724,-2.615730681571072,-0.2234141913908805,0.0749318294026235,0.2970735346153846,-9.859748123565218,0.9707513290463151,-0.24257177792412055,0.970873786407767,8,-89.58909074774303,89.6018085050357
USDJPY,1,0.05,2,0.05,0,0.1,401,24,377,0,0.059850374064837904,0.059850374064837904,-2.112004867680798,-2.3120048676807983,-1.8508018047716155,0.021825330301751423,0.8619186691666667,-2.514058355437666,0.7446905998219332,-0.6848402257570952,0.6666666666666666,67,-742.1715237134179,742.1715237134179
USDJPY,1,0.05,2,0.05,1,0.2,401,116,285,0,0.2892768079800499,0.2892768079800499,-2.1424135212219455,-2.342413521221945,-0.9399631887072045,0.08163099138639031,0.7197601550862069,-3.5887719298245613,0.8329453881504254,-0.5436685801703756,0.8,27,-376.92523867158917,376.92523867158917
USDJPY,1,0.05,2,0.05,2,0.3,401,173,228,0,0.4314214463840399,0.4314214463840399,-2.207904144912718,-2.407904144912718,-0.6607710985916851,0.11040209866408697,0.6926614906936417,-4.760526315789474,0.8729804445997332,-0.44155899821569333,0.8571428571428572,16,-264.9692105352656,264.9692105352656
USDJPY,1,0.05,2,0.05,3,0.5,401,238,158,5,0.5935162094763092,0.5910224438902744,-2.272703229501247,-2.472703229501247,-0.4174777407516917,0.13409031980753092,0.6478774355696202,-6.982322849146341,0.9150903762162859,-0.32157416673997663,0.9090909090909091,9,-167.40857404142847,167.47316610098633
USDJPY,1,0.05,2,0.05,4,0.75,401,269,114,18,0.6708229426433915,0.6683291770573566,-2.479434235785536,-2.679434235785536,-0.3001961233216957,0.13497117048322121,0.6255515623507464,-9.339104866616543,0.9372229673135276,-0.2664000246701361,0.9375,5,-120.37864545200001,120.44893579306556
USDJPY,1,0.05,2,0.05,5,1.0,401,284,75,42,0.7082294264339152,0.7057356608478803,-2.4041734674812965,-2.6041734674812966,-0.22299662031977108,0.14375799493588198,0.6195314021201414,-10.335601247966105,0.9434482975324572,-0.235218871098542,0.9523809523809523,5,-89.42164474822816,89.47436250402731
USDJPY,1,0.05,3,0.075,0,0.1,401,23,378,0,0.057356608478802994,0.057356608478802994,-2.09274338840399,-2.2927433884039905,-1.8402689988655814,0.03313692422967715,1.3699957065217392,-2.515608465608466,0.6474175840276941,-0.5900609755488911,0.5714285714285715,67,-737.9478685450983,737.9478685450983
USDJPY,1,0.05,3,0.075,1,0.2,401,113,288,0,0.2817955112219451,0.2817955112219451,-2.052226559800499,-2.252226559800499,-0.9145992666720867,0.12832463036386452,1.1766119426548673,-3.597569444444444,0.7535468707087077,-0.4717513594867626,0.7272727272727273,27,-366.75430593550703,366.75430593550703
USDJPY,1,0.05,3,0.075,2,0.3,401,167,234,0,0.4164588528678304,0.4164588528678304,-2.125323935311721,-2.3253239353117205,-0.6444294830118021,0.1691571789539339,1.1367970176047903,-4.796153846153846,0.8083926457997652,-0.3919337929319348,0.7999999999999999,16,-258.41622268773244,258.41622268773244
USDJPY,1,0.05,3,0.075,3,0.5,401,228,165,8,0.5685785536159601,0.5685785536159601,-2.213230534613466,-2.413230534613467,-0.4142828824657696,0.20208983807717676,1.0749761211403508,-7.010404624277458,0.8670469387914024,-0.2984683851754423,0.8695652173913044,9,-166.12743586877357,166.12743586877357
USDJPY,1,0.05,3,0.075,4,0.75,401,259,115,27,0.6458852867830424,0.6458852867830424,-2.361615506334165,-2.561615506334164,-0.2918897562349636,0.20715667023772769,1.036263250810811,-9.123943661971833,0.8980076626680625,-0.2521223758850202,0.9090909090909092,5,-117.04779225022055,117.10835455236911
USDJPY,1,0.05,3,0.075,5,1.0,401,273,76,52,0.6807980049875312,0.683291770573566,-2.2847622413715714,-2.484762241371571,-0.21641997612386843,0.21998617599029271,1.02558518689781,-10.058267716535436,0.9074703358269819,-0.2266723308394507,0.9302325581395349,5,-86.78441042567115,86.82983215228256
USDJPY,1,0.05,4,0.1,0,0.1,401,20,381,0,0.04987531172069826,0.04987531172069826,-2.1044925732169575,-2.3044925732169577,-1.845149549644299,0.03889597310452418,1.869923907,-2.5236220472440944,0.5743930013537962,-0.524517689633098,0.5,76,-739.9049694073639,739.9049694073639
USDJPY,1,0.05,4,0.1,1,0.2,401,104,297,0,0.2593516209476309,0.2593516209476309,-2.0549858178304237,-2.2549858178304243,-0.9167915952226536,0.1586030399646413,1.6389489139423077,-3.618518518518518,0.6882626597317453,-0.42891103878411435,0.6666666666666666,27,-367.63342968428435,367.63342968428435
USDJPY,1,0.05,4,0.1,2,0.3,401,155,246,0,0.3865336658354115,0.3865336658354115,-2.1681754479551123,-2.368175447955112,-0.650680999975791,0.20465799444723617,1.5765267443225806,-4.853658536585366,0.754824056313977,-0.3682903904785655,0.7499999999999999,16,-260.923080990292,260.923080990292
USDJPY,1,0.05,4,0.1,3,0.5,401,218,175,8,0.543640897755611,0.543640897755611,-2.2337530871571074,-2.433753087157107,-0.41735029161416204,0.2511241651703499,1.5012156516055046,-7.121311475409836,0.825896094092644,-0.282255196337033,0.8333333333333334,10,-167.35746693727907,167.35746693727907
USDJPY,1,0.05,4,0.1,4,0.75,401,250,122,29,0.6234413965087282,0.6234413965087282,-2.4030411448877804,-2.6030411448877806,-0.2942018689144524,0.2573851030876494,1.4471220035999999,-9.308609271523178,0.8654557308486281,-0.24201433433989994,0.8823529411764706,5,-117.97494943469536,118.06884506899362
USDJPY,1,0.05,4,0.1,5,1.0,401,263,80,58,0.655860349127182,0.6583541147132169,-2.3345815948628426,-2.5345815948628427,-0.2188175023262864,0.27110784599827886,1.4319423502272728,-10.17810218978102,0.8766634920914568,-0.22080314296427472,0.9090909090909091,5,-87.74581843284085,87.81624015856454
USDJPY,1,0.05,5,0.15,0,0.1,401,16,385,0,0.0399002493765586,0.0399002493765586,-2.10983895436409,-2.30983895436409,-1.8466177363449545,0.04726864770623328,2.8721612062499995,-2.5251948051948054,0.4678577436508292,-0.4279574942742706,0.4,78,-740.4937122743269,740.4937122743269
USDJPY,1,0.05,5,0.15,1,0.2,401,86,315,0,0.2144638403990025,0.2144638403990025,-2.097879737381546,-2.2978797373815465,-0.9351308548631485,0.19538091626790077,2.6017468059302318,-3.635555555555555,0.5828730667290483,-0.3684092263300458,0.5714285714285715,32,-374.9874728001229,374.9874728001229
USDJPY,1,0.05,5,0.15,2,0.3,401,133,268,0,0.3316708229426434,0.3316708229426434,-2.2517000649625936,-2.4517000649625933,-0.6710901491924605,0.25180233938356167,2.4877313830827066,-4.902985074626866,0.6633978048924272,-0.3317269819497838,0.6666666666666667,16,-269.10714982617645,269.10714982617645
USDJPY,1,0.05,5,0.15,3,0.5,401,194,192,15,0.4837905236907731,0.486284289276808,-2.346084214912718,-2.5460842149127183,-0.43019459396714205,0.3095423208358693,2.3472832298461537,-7.178155339805826,0.7535774114039651,-0.269786887713192,0.7692307692307692,10,-172.50803218082405,172.50803218082405
USDJPY,1,0.05,5,0.15,4,0.75,401,227,127,47,0.5660847880299252,0.57356608478803,-2.4052675085785538,-2.605267508578554,-0.2949002519075856,0.3322388808309364,2.2599466480869563,-9.149122807017545,0.8019166543792194,-0.2358318663492942,0.8333333333333333,6,-118.25500101494183,118.29443871318617
USDJPY,1,0.05,5,0.15,5,1.0,401,239,85,77,0.5960099750623441,0.6059850374064838,-2.4033826051122196,-2.6033826051122193,-0.22320780230897608,0.34218246713925643,2.234747223662551,-10.044303797468354,0.8180032626449067,-0.22199328758256265,0.8695652173913044,5,-89.50632872589935,89.53590699958261
USDJPY,2,0.1,0,0.02,0,0.1,651,29,622,0,0.0445468509984639,0.041474654377880185,-2.1171162434869433,-2.3171162434869434,-1.9686205628959044,0.004039127067328338,0.22657411111111112,-2.427179768445513,0.9146212793671107,-0.8700744283686468,0.8333333333333333,188,-1281.571986445234,1281.571986445234
USDJPY,2,0.1,0,0.02,1,0.2,651,178,473,0,0.27342549923195086,0.25806451612903225,-2.1048322303379416,-2.304832230337942,-0.9837367096132673,0.016318474906256535,0.14816174297619047,-3.1580475254037266,0.9551868224455159,-0.6817613232135651,0.9090909090909092,52,-640.4125979582368,640.4125979582368
USDJPY,2,0.1,0,0.02,2,0.3,651,280,371,0,0.43010752688172044,0.3824884792626728,-2.2183802041321043,-2.4183802041321045,-0.6874938827551025,0.02036162296889015,0.13141738526104416,-3.9977324423383087,0.9681732582376531,-0.5380657313559327,0.9375,29,-447.5585176735719,447.5585176735719
USDJPY,2,0.1,0,0.02,3,0.5,651,409,236,6,0.6282642089093702,0.5238095238095238,-2.141115911781874,-2.3411159117818743,-0.40843270713844515,0.02654009336094462,0.12185234835777126,-5.050380997935483,0.9764410574311968,-0.3481768485218266,0.9615384615384615,29,-265.88969234712806,265.89634219465904
USDJPY,2,0.1,0,0.02,4,0.75,651,462,166,23,0.7096774193548387,0.5637480798771122,-2.327628420706605,-2.527628420706605,-0.2893775250045314,0.02592338605505707,0.1193237146866485,-5.948161637922535,0.9803339097250007,-0.27065649037016193,0.974025974025974,29,-188.3847687779498,188.38935191287683
USDJPY,2,0.1,0,0.02,5,1.0,651,482,111,58,0.7403993855606759,0.5883256528417818,-2.3380686979262673,-2.538068697926267,-0.22021801581623682,0.026698541052593724,0.11833841362924283,-6.334351995410447,0.9816606088115648,-0.24126122325088895,0.9803921568627451,29,-143.36192829637017,143.36536564756543
USDJPY,2,0.1,1,0.03,0,0.1,651,26,625,0,0.039938556067588324,0.039938556067588324,-2.1194236597388634,-2.3194236597388636,-1.970472314058795,0.007203101788414753,0.4213537503846153,-2.43344,0.8524048364867522,-0.8124662804191639,0.7692307692307693,101,-1282.7774764522753,1282.7774764522753
USDJPY,2,0.1,1,0.03,1,0.2,651,171,480,0,0.2626728110599078,0.2626728110599078,-2.102576941843318,-2.3025769418433177,-0.9836421889744787,0.033977193310562606,0.30831819216374273,-3.232708333333334,0.912929714040913,-0.6502569029810052,0.8695652173913043,27,-640.3510650223857,640.3510650223857
USDJPY,2,0.1,1,0.03,2,0.3,651,273,378,0,0.41935483870967744,0.41781874039938555,-2.213627905422427,-2.4136279054224272,-0.6854677499419177,0.04482519900497132,0.27109516540441175,-4.340394858627969,0.9412131081295584,-0.521858269419881,0.9090909090909092,21,-446.2395052121886,446.2395052121886
USDJPY,2,0.1,1,0.03,3,0.5,651,401,244,6,0.6159754224270353,0.6052227342549923,-2.1418998058525345,-2.3418998058525347,-0.40965663582615686,0.06078327888230324,0.2504213689847716,-6.316119817081712,0.9618640374149879,-0.34588861498795265,0.9433962264150942,13,-266.6864699228284,266.73311976935975
USDJPY,2,0.1,1,0.03,4,0.75,651,454,169,28,0.6973886328725039,0.6835637480798771,-2.2839608342089095,-2.4839608342089092,-0.28649984473506895,0.061683377110780785,0.23888256528089885,-8.365831284563107,0.97223817439493,-0.27484954152242613,0.9615384615384615,6,-186.5113989225298,186.54306112291897
USDJPY,2,0.1,1,0.03,5,1.0,651,475,113,63,0.7296466973886329,0.7142857142857143,-2.2880443816129032,-2.488044381612903,-0.2172551730820788,0.06380514453926386,0.23739720705376344,-9.30164835327957,0.9751131069086257,-0.24546640951999288,0.970873786407767,6,-141.43311767643334,141.4568643267252
USDJPY,2,0.1,2,0.05,0,0.1,651,25,626,0,0.03840245775729647,0.03840245775729647,-2.109290775960061,-2.3092907759600614,-1.965215927162659,0.013615710812938784,0.8300681940000001,-2.4346645367412143,0.7457469684473852,-0.7073445106900887,0.6666666666666666,101,-1279.3555685828908,1279.3555685828908
USDJPY,2,0.1,2,0.05,1,0.2,651,160,491,0,0.2457757296466974,0.2457757296466974,-2.0879638945007684,-2.2879638945007685,-0.9805570210542953,0.06528742057106997,0.65022190425,-3.245417515274949,0.833089812935179,-0.5873140832884817,0.8,31,-638.3426207063461,638.3426207063461
USDJPY,2,0.1,2,0.05,2,0.3,651,257,394,0,0.39477726574500765,0.39477726574500765,-2.215683018003072,-2.4156830180030724,-0.6880288873489805,0.08749585428803526,0.5867328999221789,-4.374111675126904,0.8817272157903931,-0.4869499500453855,0.8571428571428572,18,-447.9068056641863,447.9068056641863
USDJPY,2,0.1,2,0.05,3,0.5,651,385,259,7,0.5913978494623656,0.5898617511520737,-2.1379560473579113,-2.337956047357911,-0.41158607799466207,0.12103918097391168,0.5458113552864584,-6.485396806217228,0.9223730342283406,-0.330975184765975,0.9090909090909091,6,-267.9425367745253,268.0691866190575
USDJPY,2,0.1,2,0.05,4,0.75,651,441,178,32,0.6774193548387096,0.6758832565284179,-2.261691126205837,-2.4616911262058374,-0.28648239921282104,0.1260034384500343,0.5250909638636363,-8.690051882748815,0.9430186842891248,-0.2655993294504152,0.9375,6,-186.50004188754656,186.61170408526164
USDJPY,2,0.1,2,0.05,5,1.0,651,462,118,71,0.7096774193548387,0.7081413210445469,-2.2564999279723503,-2.45649992797235,-0.21658842109708598,0.13083285516455767,0.5221681001084598,-9.683689196105263,0.9488364294195865,-0.2391590100647477,0.9523809523809523,6,-140.99906213420297,141.0828087824893
USDJPY,2,0.1,3,0.075,0,0.1,651,23,628,0,0.03533026113671275,0.03533026113671275,-2.100195982165899,-2.300195982165899,-1.9620735968940075,0.02064906187704382,1.372713722173913,-2.4347133757961785,0.6394642137978774,-0.6041339526611647,0.5714285714285715,153,-1277.3099115779987,1277.3099115779987
USDJPY,2,0.1,3,0.075,1,0.2,651,148,503,0,0.22734254992319508,0.22734254992319508,-2.085490012749616,-2.2854900127496163,-0.9769723275592685,0.09569440326992039,1.0638243358108108,-3.2709741550695823,0.7545850544035902,-0.5272425044803952,0.7272727272727273,31,-636.0089852410835,636.0089852410835
USDJPY,2,0.1,3,0.075,2,0.3,651,247,404,0,0.3794162826420891,0.3794162826420891,-2.1735185899231952,-2.373518589923195,-0.6749934039494236,0.13426680746302108,0.9701999917408907,-4.417821782178217,0.8199339140689493,-0.44051763142686023,0.7999999999999999,18,-439.4207059710747,439.4207059710747
USDJPY,2,0.1,3,0.075,3,0.5,651,373,270,8,0.5729646697388633,0.5729646697388633,-2.074345526620584,-2.2743455266205834,-0.4030947982958001,0.18755545553665495,0.9163567350402145,-6.555395683453238,0.8773571869469168,-0.3043925172080535,0.8695652173913044,6,-262.414713690566,262.414713690566
USDJPY,2,0.1,3,0.075,4,0.75,651,430,182,39,0.6605222734254992,0.6605222734254992,-2.129360288141321,-2.329360288141321,-0.2755176592591011,0.2008360750566535,0.8862475637674418,-8.625,0.9068211022974996,-0.24629882887200039,0.9090909090909092,6,-179.36199617767485,179.4225584798234
USDJPY,2,0.1,3,0.075,5,1.0,651,451,121,79,0.6927803379416283,0.6943164362519201,-2.1214898620276497,-2.32148986202765,-0.20737932291715863,0.2082927863272042,0.8796683624336283,-9.640909090909089,0.9163859240298515,-0.22360558608822323,0.9302325581395349,6,-135.00393921907016,135.04936094568157
USDJPY,2,0.1,4,0.1,0,0.1,651,20,631,0,0.030721966205837174,0.030721966205837174,-2.103495280199693,-2.3034952801996926,-1.9634566537679292,0.024602948217770263,1.8912286295,-2.436450079239303,0.5629923668591992,-0.532270400653362,0.5,153,-1278.210281602922,1278.210281602922
USDJPY,2,0.1,4,0.1,1,0.2,651,141,510,0,0.21658986175115208,0.21658986175115208,-2.051511125898618,-2.251511125898618,-0.967267951901957,0.12503955171919773,1.48557629106383,-3.284705882352941,0.6885768520481949,-0.4719869902970428,0.6666666666666666,31,-629.6914366881739,629.6914366881739
USDJPY,2,0.1,4,0.1,2,0.3,651,235,416,0,0.36098310291858676,0.36098310291858676,-2.14445987625192,-2.34445987625192,-0.6690417944511446,0.17317114716940243,1.3602409385531913,-4.437259615384615,0.7653745910159022,-0.40439148809731545,0.7499999999999999,18,-435.54620818769484,435.54620818769484
USDJPY,2,0.1,4,0.1,3,0.5,651,355,287,9,0.5453149001536098,0.5453149001536098,-2.1136216393855607,-2.313621639385561,-0.40924372866940856,0.2331512207932386,1.2899501767887325,-6.635472972972973,0.8372389521148133,-0.2919240519612034,0.8333333333333334,6,-266.4176673637851,266.4176673637851
USDJPY,2,0.1,4,0.1,4,0.75,651,413,190,48,0.6344086021505376,0.6344086021505376,-2.150756023809524,-2.3507560238095238,-0.27665192564276925,0.2519224854573007,1.2478397784503634,-8.631645569620254,0.8736938479599997,-0.2392852458094621,0.8823529411764706,6,-180.1004035934428,180.19429922774106
USDJPY,2,0.1,4,0.1,5,1.0,651,433,125,93,0.6651305683563749,0.6666666666666666,-2.141652700061444,-2.3416527000614438,-0.2080732170443257,0.2606024602318475,1.2379817794009216,-9.544907407407406,0.8851901602665586,-0.22005959191018376,0.9090909090909091,6,-135.455664295856,135.5260860215797
USDJPY,2,0.1,5,0.15,0,0.1,651,18,633,0,0.027649769585253458,0.027649769585253458,-2.0881718268970815,-2.2881718268970817,-1.9567491172853524,0.03454542788904011,2.9611189272222216,-2.437440758293839,0.45149834405523265,-0.4238485744699792,0.4,153,-1273.8436753527644,1273.8436753527644
USDJPY,2,0.1,5,0.15,1,0.2,651,120,531,0,0.18433179723502305,0.18433179723502305,-2.06508412265745,-2.2650841226574503,-0.9755068237787945,0.16084124524812196,2.3552519679166664,-3.3092278719397368,0.584206840786219,-0.39987504355119596,0.5714285714285715,43,-635.0549422799951,635.0549422799951
USDJPY,2,0.1,5,0.15,2,0.3,651,208,443,0,0.3195084485407066,0.3195084485407066,-2.164703344900153,-2.3647033449001538,-0.6733619593201144,0.22423811855976614,2.1393178964903843,-4.479458239277653,0.6767804420926922,-0.3572719935519856,0.6666666666666667,18,-438.35863551739453,438.35863551739453
USDJPY,2,0.1,5,0.15,3,0.5,651,326,307,18,0.500768049155146,0.5038402457757296,-2.1091499674039937,-2.309149967403994,-0.40513350722928265,0.30571927360982815,2.018120034207317,-6.703405572755419,0.7686047000084283,-0.26783665085328234,0.7692307692307692,8,-263.74191320626323,263.74191320626323
USDJPY,2,0.1,5,0.15,4,0.75,651,383,200,68,0.5883256528417818,0.5944700460829493,-2.0778893806298004,-2.2778893806298,-0.27121688280838097,0.3389917149014887,1.965100809328165,-8.530038022813688,0.812760856168005,-0.22443520332622313,0.8333333333333333,6,-176.56219070825588,176.60162840650023
USDJPY,2,0.1,5,0.15,5,1.0,651,400,132,119,0.6144393241167435,0.6236559139784946,-2.112487898095238,-2.312487898095238,-0.2069451151897581,0.3442965191602422,1.9469713752216746,-9.409426229508195,0.828557308136977,-0.21411798402023352,0.8695652173913044,6,-134.7212699885324,134.8512475617942
