family,variant,horizon,gate,policy,trades,win_rate,expectancy_r,total_r,expectancy_pips,total_pips,pf,maxdd_r,long,short,tp,sl,timeout,gross_expectancy_r,max_day_profit_share,top5_removed_total_r,mean_hold_seconds,timeout_rate,clusters,days,predicted_ev,longest_loss_streak,min_month_trades,positive_months,worst_month_ev,symbol_positive_profit_share,cost04_total_r,all_converged,pass_gate,neighbor_positive
ELASTICNET,FULL486,300,0,FREQUENCY_100,519,0.45279383429672,-0.168018503962,-87.201603556279,-0.9479768786127,-491.99999999999,0.62278575365908,93.909556676309,212,307,0,0,519,-0.13798348643444,0.11972354473982,-103.19074445378,314.54593641618,1,519,90,0.47993508132877,12,30,0,-0.18962004333671,0.54633225448329,-102.78977765309,True,False,False
ELASTICNET,FULL486,300,0,FREQUENCY_150,1001,0.44155844155844,-0.11870447252324,-118.82317699577,-0.66943056943055,-670.09999999998,0.69816798689795,127.19222327918,407,594,0,0,1001,-0.089453697544092,0.13978436154299,-137.87144949758,312.16335264735,1,1001,100,0.34784729907076,12,63,0,-0.15733223763921,0.49555101787781,-148.1032027499,True,False,False
ELASTICNET,FULL486,300,0,FREQUENCY_200,1357,0.44067796610169,-0.12876650401265,-174.73614594516,-0.80950626381721,-1098.5,0.67384593759646,184.79961003591,563,794,0,0,1357,-0.10016115049596,0.17727088580936,-199.54478948281,312.70159027266,1,1357,101,0.29451297269778,13,93,0,-0.15888901527868,0.49686939643748,-213.5536106673,True,False,False
ELASTICNET,FULL486,300,0,FREQUENCY_300,1880,0.42872340425532,-0.13234551258772,-248.80956366491,-0.91531914893616,-1720.8,0.65763090822705,259.90067967921,802,1078,0,0,1880,-0.10362074899114,0.17260233785142,-274.32825557488,309.7848787234,1,1880,104,0.25517111773856,11,113,0,-0.1519583029047,0.49671432330592,-302.81211922648,True,False,False
ELASTICNET,FULL486,300,0,FREQUENCY_500,3070,0.45016286644951,-0.10424659954729,-320.03706061017,-0.66091205211727,-2029,0.71082488082852,357.82205311342,1291,1779,0,0,3070,-0.074527768956132,0.18179846492536,-347.77935070726,309.38951009772,1,3070,105,0.19594508514419,17,240,1,-0.13810215970404,0.50243851733403,-411.27387052502,True,False,False
ELASTICNET,FULL486,300,0,PERCENTILE_100,514,0.45136186770428,-0.16755698678643,-86.124291208223,-0.90019455252918,-462.7,0.62132581145127,90.368204786935,212,302,0,0,514,-0.13909957190724,0.099598242146379,-100.58395742554,314.72876848249,1,514,90,0.40681358024027,9,31,0,-0.21363701243415,0.51071125888409,-100.75140245613,True,False,False
ELASTICNET,FULL486,300,0,PERCENTILE_150,819,0.45177045177045,-0.11759890047594,-96.313499489795,-0.68034188034189,-557.20000000001,0.70894353508328,108.53966078497,338,481,0,0,819,-0.089639008141808,0.11352037734377,-115.3617719916,314.21862637363,1,819,96,0.35312184498477,9,55,1,-0.17270220005305,0.51338537354409,-119.21265131145,True,False,False
ELASTICNET,FULL486,300,0,PERCENTILE_200,1098,0.43715846994536,-0.12755128751941,-140.05131369631,-0.80783242258649,-886.99999999997,0.67801038071545,144.38251664339,449,649,0,0,1098,-0.098995859561916,0.12294620049787,-159.09958619812,313.80222404372,1,1098,101,0.32354874607344,12,77,0,-0.15416538465122,0.49639874356718,-171.40517359363,True,False,False
ELASTICNET,FULL486,300,0,PERCENTILE_300,1605,0.42679127725857,-0.13857614329318,-222.41470998555,-0.91302180685356,-1465.4,0.65192661889581,239.37395993138,675,930,0,0,1605,-0.10949660231311,0.15611320288792,-247.22335352319,310.89781993769,1,1605,104,0.28214657344989,11,102,1,-0.1579818865314,0.49713922288025,-269.08737325856,True,False,False
ELASTICNET,FULL486,300,0,PERCENTILE_500,2524,0.43938193343899,-0.11746162322741,-296.47313702597,-0.74908874801902,-1890.7,0.68711242842523,327.52914146479,1071,1453,0,0,2524,-0.08786008680424,0.17028031919952,-324.21542712306,309.56366877971,1,2524,104,0.22379799707614,14,163,1,-0.14082044680889,0.49091630708521,-371.18741495804,True,False,False
ELASTICNET,FULL486,300,0,ROLLING_100,593,0.43338954468803,-0.16110875854716,-95.537493818467,-0.88617200674535,-525.49999999999,0.61951634346182,98.999693108216,241,352,0,0,593,-0.13233672651829,0.10558849174777,-109.99716003578,313.92034232715,1,593,94,0.3688758560792,9,34,0,-0.22301357200652,0.52651057119232,-112.59930881159,True,False,False
ELASTICNET,FULL486,300,0,ROLLING_150,912,0.43092105263158,-0.1479569441505,-134.93673306526,-0.9048245614035,-825.19999999999,0.64917453416983,142.63683564764,376,536,0,0,912,-0.11891054269123,0.10314692434525,-153.98500556707,314.90142763158,1,912,100,0.32930352080927,12,60,1,-0.18859983372443,0.50663906633045,-161.42705119611,True,False,False
ELASTICNET,FULL486,300,0,ROLLING_200,1199,0.43536280233528,-0.1330623965578,-159.5418134728,-0.78090075062549,-936.29999999997,0.6657788248887,164.19770844298,495,704,0,0,1199,-0.10397464635316,0.13153021050156,-182.11049713445,313.58838615513,1,1199,100,0.30841893227722,13,82,0,-0.16805658584568,0.49660253797221,-194.41802596815,True,False,False
ELASTICNET,FULL486,300,0,ROLLING_300,1661,0.43648404575557,-0.1252109200369,-207.97533818129,-0.8292594822396,-1377.4,0.67345569958986,220.14318937585,685,976,0,0,1661,-0.096163116616475,0.16009184280008,-232.78398171894,311.15635821794,1,1661,103,0.27129070497448,13,113,1,-0.14331740448098,0.49198425114686,-256.22373966262,True,False,False
ELASTICNET,FULL486,300,0,ROLLING_500,2619,0.44024436807942,-0.1115600741256,-292.17583413494,-0.68659793814433,-1798.2,0.69738779567016,318.86450966379,1106,1513,0,0,2619,-0.081715569056281,0.1847803312306,-320.86542653882,308.61149904544,1,2619,105,0.21599085966983,13,189,1,-0.13780613381245,0.49398267802956,-370.33859291149,True,False,False
ELASTICNET,FULL486,300,0,ZERO,3563,0.44316587145664,-0.10492274693186,-373.83974731821,-0.66037047431939,-2352.9,0.71103217074255,374.00444812342,1577,1986,0,0,3563,-0.072632767361372,0.17340958102269,-401.03345475001,306.66460959865,1,3563,101,0.18073406474961,13,72,0,-0.14448167275676,0.50191912005899,-488.88894452784,True,False,False
ELASTICNET,FULL486,300,25,FREQUENCY_100,605,0.44793388429752,-0.1203273687767,-72.798058109903,-0.81553719008266,-493.40000000001,0.72004049279268,84.630732338626,209,396,0,0,605,-0.089322070606542,0.089933767400196,-91.846330611712,317.79238512397,1,605,95,0.37777219947333,9,49,1,-0.16419502831764,0.47361530957791,-91.556263502849,True,False,False
ELASTICNET,FULL486,300,25,FREQUENCY_150,948,0.43354430379747,-0.14415589043443,-136.65978413184,-1.0126582278481,-959.99999999996,0.65909160756179,149.71642179295,331,617,0,0,948,-0.11286912273907,0.20194935108357,-158.21131623353,315.85460021097,1,948,99,0.30647297701283,12,79,0,-0.19117622911944,0.45971769442354,-166.31963990704,True,False,False
ELASTICNET,FULL486,300,25,FREQUENCY_200,1176,0.43197278911565,-0.14684955187226,-172.69507300178,-0.96045918367346,-1129.5,0.65636172559772,192.37847530377,421,755,0,0,1176,-0.11546312113209,0.17356549449248,-197.50371653942,313.07306292517,1,1176,102,0.28607590576443,11,94,0,-0.18371822143533,0.47199392625998,-209.60551555222,True,False,False
ELASTICNET,FULL486,300,25,FREQUENCY_300,1764,0.44104308390023,-0.12021318111435,-212.05605148572,-0.75425170068028,-1330.5,0.69837221681892,243.74826616812,649,1115,0,0,1764,-0.088177375200482,0.19574643357603,-240.74564388959,310.55232256236,1,1764,103,0.23079935612772,12,133,0,-0.15593971172624,0.4361113014046,-268.56721311778,True,False,False
ELASTICNET,FULL486,300,25,FREQUENCY_500,2881,0.4581742450538,-0.0889587354652,-256.29011687524,-0.52922596320722,-1524.7,0.7587878799366,293.41238855447,1069,1812,0,0,2881,-0.055858632242517,0.13367437358089,-284.44965225024,311.05543491843,1,2881,104,0.16286649885008,12,242,1,-0.11700117126429,0.43471892209924,-351.65151425979,True,False,False
ELASTICNET,FULL486,300,25,PERCENTILE_100,447,0.44519015659955,-0.17211590112354,-76.935807802223,-1.010067114094,-451.5,0.62849641796253,81.269871323003,153,294,0,0,447,-0.14113446636676,0.096840915468831,-91.395474019537,319.6065950783,1,447,91,0.39791920279935,7,33,0,-0.19321330029751,0.46353544507744,-90.784509138503,True,False,False
ELASTICNET,FULL486,300,25,PERCENTILE_150,746,0.43297587131367,-0.13876411684992,-103.51803117004,-0.95804289544233,-714.69999999998,0.67719403321952,111.97291884639,258,488,0,0,746,-0.10747850826439,0.12184314003323,-122.56630367185,315.66152144772,1,746,99,0.34260428779116,12,59,0,-0.2005956207622,0.45552475815344,-126.85709517485,True,False,False
ELASTICNET,FULL486,300,25,PERCENTILE_200,1009,0.43409316154609,-0.15444977246284,-155.83982041501,-1.0561942517344,-1065.7,0.64172646686068,169.2857299942,351,658,0,0,1009,-0.12339386649969,0.20119675744093,-177.3913525167,314.94881070367,1,1009,99,0.30165948784917,11,80,0,-0.18662385683146,0.46860671088359,-187.17522953182,True,False,False
ELASTICNET,FULL486,300,25,PERCENTILE_300,1436,0.43802228412256,-0.13085582866004,-187.90896995581,-0.85995821727018,-1234.9,0.6814570233096,206.42284007982,521,915,0,0,1436,-0.099022713664148,0.17184612212605,-213.56066698526,311.39348050139,1,1436,102,0.25944899768661,11,105,0,-0.16033969229808,0.46258298114942,-233.62132308991,True,False,False
ELASTICNET,FULL486,300,25,PERCENTILE_500,2357,0.4480271531608,-0.11323000895758,-266.88313111302,-0.71327959270259,-1681.2,0.70535627133696,306.02450187282,879,1478,0,0,2357,-0.080928170380349,0.2010414124266,-295.04266648802,309.79888841748,1,2357,104,0.19382650352381,18,183,1,-0.15120209628771,0.45114700781534,-343.01856463956,True,False,False
ELASTICNET,FULL486,300,25,ROLLING_100,591,0.41793570219966,-0.18976850215786,-112.15318477529,-1.3001692047377,-768.4,0.59910685080029,119.65480877244,203,388,0,0,591,-0.15841056086229,0.099607445278709,-131.10079843399,315.83837563452,1,591,97,0.34434782131149,12,47,0,-0.2597465766952,0.46256691979323,-130.68572808097,True,False,False
ELASTICNET,FULL486,300,25,ROLLING_150,890,0.42921348314607,-0.14870541015029,-132.34781503376,-0.94685393258424,-842.69999999998,0.65496134193719,139.92359843935,307,583,0,0,890,-0.11720915914052,0.12695956444987,-154.9164986954,317.5179494382,1,890,99,0.30922308743203,11,76,0,-0.19306435107244,0.46170427455662,-160.37947843245,True,False,False
ELASTICNET,FULL486,300,25,ROLLING_200,1110,0.43963963963964,-0.13634456651916,-151.34246883626,-0.90837837837836,-1008.3,0.67460984600734,167.4266495322,384,726,0,0,1110,-0.10488005689606,0.16477659904386,-176.15111237391,314.5982972973,1,1110,101,0.28064507204219,13,97,0,-0.17730630664498,0.44620333499024,-186.2680745179,True,False,False
ELASTICNET,FULL486,300,25,ROLLING_300,1594,0.43601003764115,-0.12173949284365,-194.05275159278,-0.73538268506899,-1172.2,0.69367954817458,223.0709300288,568,1026,0,0,1594,-0.089729691651149,0.17626169454289,-222.74234399665,311.09848745295,1,1594,102,0.23732737284252,12,134,1,-0.16338879103387,0.44683445438465,-245.07637469363,True,False,False
ELASTICNET,FULL486,300,25,ROLLING_500,2545,0.45068762278978,-0.10954508289979,-278.79223597997,-0.65571709233793,-1668.8,0.71405348126539,312.60427193723,953,1592,0,0,2545,-0.077208705501146,0.14737553580166,-306.95177135497,312.14063929273,1,2545,104,0.17819451403816,18,233,1,-0.14558579593498,0.44734533108426,-361.08831645953,True,False,False
ELASTICNET,FULL486,300,25,ZERO,2673,0.44145155256266,-0.11158676964504,-298.27143526119,-0.69786756453424,-1865.4,0.71073984036424,304.55187653511,1055,1618,0,0,2673,-0.076888796155998,0.23509068504679,-325.8823879709,308.03769659559,1,2673,99,0.18014278464016,16,66,0,-0.1461943099343,0.44243896207204,-391.01911839739,True,False,False
ELASTICNET,FULL486,300,50,FREQUENCY_100,547,0.40402193784278,-0.19348253595028,-105.8349471648,-1.3076782449726,-715.30000000001,0.60116168151679,113.79491186116,158,389,0,0,547,-0.1593374456851,0.12088211731671,-124.88321966661,321.66985557587,1,547,96,0.34441701714066,8,52,0,-0.25114273272839,0.41165107509516,-124.51231153986,True,False,False
ELASTICNET,FULL486,300,50,FREQUENCY_150,855,0.4187134502924,-0.17731801630691,-151.6069039424,-1.1776608187134,-1006.9,0.61802271990066,162.88348555407,261,594,0,0,855,-0.14242526405182,0.19099712796494,-176.41554748005,313.05411578947,1,855,99,0.29608286795765,12,67,0,-0.24873120324102,0.402262977045,-181.44020712051,True,False,False
ELASTICNET,FULL486,300,50,FREQUENCY_200,1122,0.42602495543672,-0.16345888152419,-183.40086507014,-1.0348484848485,-1161.1,0.63708161150961,201.60034838066,360,762,0,0,1122,-0.12870820612819,0.24435771435531,-209.05256209958,311.1728083779,1,1122,101,0.25344857105197,12,91,0,-0.19985159359819,0.40293668911813,-222.39112286444,True,False,False
ELASTICNET,FULL486,300,50,FREQUENCY_300,1729,0.44534412955466,-0.12464796095223,-215.51632448641,-0.75361480624639,-1303,0.69869205157699,252.94843926248,581,1148,0,0,1729,-0.089585337346565,0.18149919225935,-243.67585986141,310.38766801619,1,1729,104,0.19150184499053,17,146,1,-0.20215894847747,0.41091840923595,-276.13960070061,True,False,False
ELASTICNET,FULL486,300,50,FREQUENCY_500,2861,0.45473610625655,-0.10126164787409,-289.70957456778,-0.56550157287662,-1617.9,0.73671976700792,305.72418473104,1037,1824,0,0,2861,-0.065139412674344,0.1444222929244,-319.94117737401,374.1865900035,1,2861,105,0.10421083936361,18,254,0,-0.15385593396757,0.38235246321426,-393.05528947427,True,False,False
ELASTICNET,FULL486,300,50,PERCENTILE_100,437,0.43020594965675,-0.15422111048963,-67.39462528397,-0.98215102974833,-429.20000000002,0.68102516368217,78.799288505166,127,310,0,0,437,-0.12049793429759,0.1078094071905,-86.442897785778,321.89309839817,1,437,93,0.36923297522295,8,40,0,-0.22851791053663,0.43185275480272,-82.131653279893,True,False,False
ELASTICNET,FULL486,300,50,PERCENTILE_150,697,0.41893830703013,-0.18141851975235,-126.44870826739,-1.2367288378766,-862,0.61959117668283,139.40225773223,215,482,0,0,697,-0.14764126490103,0.17799997391972,-151.25735180504,316.51743615495,1,697,96,0.31032585208877,10,61,0,-0.24910416386723,0.4030876428748,-149.99145489876,True,False,False
ELASTICNET,FULL486,300,50,PERCENTILE_200,924,0.42099567099567,-0.17432765893209,-161.07875685325,-1.1071428571429,-1023,0.6223788230235,172.49626042678,284,640,0,0,924,-0.14011815620709,0.18621896346056,-185.88740039089,312.81919047619,1,924,100,0.2772862208381,13,75,0,-0.24568236464412,0.42343721115968,-192.68833737114,True,False,False
ELASTICNET,FULL486,300,50,PERCENTILE_300,1397,0.4302075876879,-0.14047610659557,-196.24512091401,-0.87594846098785,-1223.7,0.67321057229674,228.50808384109,464,933,0,0,1397,-0.10601012433864,0.16402358827225,-224.40465628901,310.5893357194,1,1397,102,0.22229438656438,15,104,1,-0.19296764351413,0.40310645631265,-244.39409812694,True,False,False
ELASTICNET,FULL486,300,50,PERCENTILE_500,2275,0.4589010989011,-0.090622070586092,-206.16521058336,-0.52096703296703,-1185.2,0.76338660138908,236.56871894235,781,1494,0,0,2275,-0.055315874277702,0.11895667870348,-234.32474595836,311.3175032967,1,2275,104,0.14461544073244,17,197,1,-0.12967645231291,0.38745867543817,-286.48680718495,True,False,False
ELASTICNET,FULL486,300,50,ROLLING_100,618,0.40614886731392,-0.19952754700872,-123.30802405139,-1.2711974110033,-785.60000000001,0.58957180316236,129.64169793143,183,435,0,0,618,-0.16513118066908,0.15274317075666,-145.87670771304,319.75077508091,1,618,95,0.32534634044412,9,54,0,-0.27721441010405,0.3980654657846,-144.56497844929,True,False,False
ELASTICNET,FULL486,300,50,ROLLING_150,848,0.42924528301887,-0.16296886312533,-138.19759593028,-1.0660377358491,-904.00000000001,0.64161493024358,150.99707474838,259,589,0,0,848,-0.12894133522351,0.16970658035332,-163.00623946793,314.81022759434,1,848,99,0.27940416374746,13,78,0,-0.21669555997348,0.40127732279849,-167.05293959103,True,False,False
ELASTICNET,FULL486,300,50,ROLLING_200,1116,0.42741935483871,-0.14705628320484,-164.1148120566,-0.85905017921148,-958.70000000001,0.66408836469299,191.52472328981,353,763,0,0,1116,-0.1126306497418,0.16090663753558,-192.80440446047,311.96285483871,1,1116,102,0.24322475446201,11,99,1,-0.20801368166375,0.40470743276199,-202.53381900136,True,False,False
ELASTICNET,FULL486,300,50,ROLLING_300,1623,0.43869377695625,-0.13294356284623,-215.76740249943,-0.78890942698708,-1280.4,0.68004041780382,244.51041934377,541,1082,0,0,1623,-0.098445934483426,0.18231465481936,-243.92693787443,312.37045656192,1,1623,103,0.1954534385517,16,160,0,-0.18206541011942,0.41540578954318,-271.75705333226,True,False,False
ELASTICNET,FULL486,300,50,ROLLING_500,2490,0.44979919678715,-0.1019434159396,-253.83910568961,-0.59943775100402,-1492.6,0.73742476575923,275.22947582375,860,1630,0,0,2490,-0.066501480583175,0.12593948712205,-281.99864106461,314.06937630522,1,2490,104,0.12845057590039,17,255,0,-0.13940669459712,0.39499916828176,-342.08952472711,True,False,False
ELASTICNET,FULL486,300,50,ZERO,1877,0.43367075119872,-0.1342766520474,-252.03727589297,-0.83095364944061,-1559.7,0.6763482662675,261.50952804343,693,1184,0,0,1877,-0.097001464187835,0.24812743978584,-279.64822860268,308.25582365477,1,1877,98,0.18483782563565,18,47,0,-0.21046998024797,0.39488524745497,-322.00280350538,True,False,False
ELASTICNET,FULL486,600,0,FREQUENCY_100,685,0.48613138686131,-0.081455872624033,-55.797272747462,-0.51197080291972,-350.70000000001,0.83018923251162,64.259329017364,364,321,0,0,685,-0.055557901359147,0.090677663966162,-81.4569217279,611.85804671533,1,685,92,0.36627687801409,9,34,0,-0.17514174767043,0.44888617391383,-73.537383063909,True,False,False
ELASTICNET,FULL486,600,0,FREQUENCY_150,1093,0.47483989021043,-0.081695233785814,-89.292890527895,-0.5861848124428,-640.69999999998,0.82939021005965,102.52877461476,546,547,0,0,1093,-0.054431335194103,0.11724996005983,-122.82410656431,614.7470768527,1,1093,97,0.30394394945897,14,61,0,-0.16950567640168,0.42353764506667,-119.09233168863,True,False,False
ELASTICNET,FULL486,600,0,FREQUENCY_200,1407,0.46979388770434,-0.098850733138046,-139.08298152523,-0.60106609808099,-845.69999999995,0.79540735794752,142.85212838507,687,720,0,0,1407,-0.071439249437994,0.11949958829686,-165.06813272113,615.52897654584,1,1407,99,0.26684757838192,10,98,0,-0.2022152948426,0.46563980542922,-177.65093909121,True,False,False
ELASTICNET,FULL486,600,0,FREQUENCY_300,2044,0.47455968688845,-0.07403651808119,-151.33064295795,-0.38033268101759,-777.39999999996,0.84132845047236,167.22904475016,995,1049,0,0,2044,-0.045657327905477,0.097836687853096,-178.16041750388,616.58389530333,1,2044,104,0.2156354738394,10,172,0,-0.11159127661951,0.51160490615107,-209.33770767711,True,False,False
ELASTICNET,FULL486,600,0,FREQUENCY_500,3054,0.46823837590046,-0.092439390424543,-282.30989835655,-0.64204322200392,-1960.8,0.79851623855256,283.77889276931,1427,1627,0,0,3054,-0.062875301360798,0.094579497361467,-308.34296731944,616.8319643091,1,3054,106,0.16241079374955,16,255,0,-0.14602656812701,0.52090541629204,-372.59862635723,True,False,False
ELASTICNET,FULL486,600,0,PERCENTILE_100,696,0.48994252873563,-0.075729898342368,-52.708009246288,-0.36091954022989,-251.2,0.84120606913573,67.498890227064,363,333,0,0,696,-0.050398512300346,0.12206028624237,-78.951241089748,613.78871551724,1,696,94,0.33957933415984,10,38,1,-0.27387319544193,0.4499547282869,-70.338653931536,True,False,False
ELASTICNET,FULL486,600,0,PERCENTILE_150,930,0.4752688172043,-0.082160734908637,-76.409483465032,-0.46193548387096,-429.59999999999,0.83131287485059,85.825840255649,468,462,0,0,930,-0.055618249685144,0.089580247718909,-109.94069950145,615.25194623656,1,930,96,0.31301282947375,14,54,0,-0.16797213902846,0.43580358243509,-101.09399472288,True,False,False
ELASTICNET,FULL486,600,0,PERCENTILE_200,1178,0.47792869269949,-0.059971077195154,-70.645928935891,-0.36460101867568,-429.49999999995,0.87012865651054,87.914184707043,584,594,0,0,1178,-0.033006274437859,0.1087255675486,-104.17714497231,616.69624023769,1,1178,99,0.28692364096172,9,72,1,-0.15174154342841,0.43286222912825,-102.41046658398,True,False,False
ELASTICNET,FULL486,600,0,PERCENTILE_300,1618,0.46847960444994,-0.093180092904309,-150.76539031917,-0.6428924598269,-1040.1999999999,0.80444852269304,161.35408873961,794,824,0,0,1618,-0.06531815348997,0.10075376504736,-176.75054151507,615.31491161928,1,1618,102,0.24928411123707,9,121,0,-0.11052554195182,0.47528739460779,-195.84600829157,True,False,False
ELASTICNET,FULL486,600,0,PERCENTILE_500,2384,0.47147651006711,-0.072195198959366,-172.11335431913,-0.3385486577181,-807.09999999994,0.84169520659665,175.94870583397,1153,1231,0,0,2384,-0.043417922482391,0.10196115725242,-202.05888520134,617.77358221477,1,2384,104,0.19833003743964,16,188,0,-0.10401599786602,0.51531368308488,-240.71838144024,True,False,False
ELASTICNET,FULL486,600,0,ROLLING_100,646,0.47987616099071,-0.10494634978436,-67.795341960696,-0.58637770897832,-378.79999999999,0.79299527411745,79.250652075701,321,325,0,0,646,-0.07790523643232,0.13475160536139,-96.42861413175,610.82997213622,1,646,89,0.35896145704217,9,44,0,-0.29699791820203,0.49603228890524,-85.263901186112,True,False,False
ELASTICNET,FULL486,600,0,ROLLING_150,897,0.47826086956522,-0.081232535650646,-72.86558447863,-0.46633221850612,-418.29999999999,0.83549360540875,81.754004669486,436,461,0,0,897,-0.053578193086498,0.1196904919753,-106.39680051505,612.96654960981,1,897,93,0.32338856857356,9,61,0,-0.21186170052981,0.44393014575265,-97.671529758671,True,False,False
ELASTICNET,FULL486,600,0,ROLLING_200,1129,0.48095659875996,-0.054988276740219,-62.081764439707,-0.21107174490698,-238.29999999998,0.88087190147951,81.974690985712,547,582,0,0,1129,-0.027179551168748,0.10487459155688,-95.612980476124,612.77188396811,1,1129,96,0.29724442776441,9,82,1,-0.14230817525201,0.46093271998319,-93.477815609899,True,False,False
ELASTICNET,FULL486,600,0,ROLLING_300,1552,0.47100515463918,-0.089325403149531,-138.63302568807,-0.53118556701027,-824.39999999995,0.81227736268927,147.82684542493,745,807,0,0,1552,-0.06059145738659,0.10336429458246,-164.61817688397,614.6903943299,1,1552,102,0.25628910241821,10,121,0,-0.14555986754523,0.48437982141893,-183.22810951216,True,False,False
ELASTICNET,FULL486,600,0,ROLLING_500,2301,0.46979574098218,-0.076471558173261,-175.96105535667,-0.42707518470227,-982.69999999993,0.83425257880446,180.0253506847,1105,1196,0,0,2301,-0.047376131474653,0.082740664568221,-202.7908299026,618.44243589744,1,2301,104,0.20418551976017,16,202,0,-0.10250001580283,0.5277815489292,-242.90963219017,True,False,False
ELASTICNET,FULL486,600,0,ZERO,3250,0.46061538461538,-0.096231773358159,-312.75326341402,-0.64446153846154,-2094.5,0.79581184659257,313.65911784267,1557,1693,0,0,3250,-0.065318060485654,0.089043829467372,-342.34113721839,664.69804553846,1,3250,104,0.15363442486448,19,154,0,-0.13226187849686,0.54001593045267,-413.22283024966,True,False,False
ELASTICNET,FULL486,600,25,FREQUENCY_100,610,0.46885245901639,-0.1064960788375,-64.962608090875,-0.67065573770488,-409.09999999998,0.80460372127102,71.858234803151,234,376,0,0,610,-0.076791980838716,0.10247972754124,-98.493824127292,621.6156,1,610,94,0.31674923661959,11,49,0,-0.23312585351301,0.42270352950095,-83.082107870134,True,False,False
ELASTICNET,FULL486,600,25,FREQUENCY_150,966,0.46273291925466,-0.10200255997768,-98.534472938437,-0.69337474120078,-669.79999999995,0.8065267148747,115.42474238101,376,590,0,0,966,-0.071647435381471,0.11646625706298,-132.06568897485,621.05866252588,1,966,98,0.2785052067632,10,78,1,-0.19521208277754,0.42885571972626,-127.85752329837,True,False,False
ELASTICNET,FULL486,600,25,FREQUENCY_200,1245,0.46586345381526,-0.097967437982486,-121.96946028819,-0.68032128514051,-846.99999999994,0.80771513595546,134.64090662352,498,747,0,0,1245,-0.066849484233935,0.099000585232611,-147.95461148409,620.58184257028,1,1245,101,0.24692456472764,9,110,0,-0.14552296825253,0.44943362597226,-160.71131270514,True,False,False
ELASTICNET,FULL486,600,25,FREQUENCY_300,1781,0.45816956765862,-0.095163907860476,-169.48691989951,-0.56013475575517,-997.59999999996,0.80458173061109,171.67210245459,730,1051,0,0,1781,-0.064018231149478,0.08588362886356,-199.43245078172,620.31905221786,1,1781,103,0.19967733917744,11,162,0,-0.13697157563258,0.48052536250074,-224.9573701218,True,False,False
ELASTICNET,FULL486,600,25,FREQUENCY_500,2835,0.45961199294533,-0.084762082559958,-240.30050405748,-0.53456790123457,-1515.5,0.82155266263956,253.23743528131,1181,1654,0,0,2835,-0.052328144888472,0.076513544410443,-273.90024143247,678.9739015873,1,2835,106,0.12890533840766,10,272,0,-0.12423191931037,0.48273962529704,-332.25071735614,True,False,False
ELASTICNET,FULL486,600,25,PERCENTILE_100,548,0.46897810218978,-0.092930303995637,-50.925806589609,-0.62901459854012,-344.69999999998,0.82645054761905,64.876566763953,216,332,0,0,548,-0.063190830587765,0.10635876231771,-83.505472653875,622.56248905109,1,548,93,0.33366053159588,11,41,1,-0.25953569254842,0.41925492117998,-67.223038017123,True,False,False
ELASTICNET,FULL486,600,25,PERCENTILE_150,767,0.46805736636245,-0.097320244619715,-74.644627623321,-0.77561929595824,-594.89999999997,0.81528325341293,82.60311034569,307,460,0,0,767,-0.066998173191012,0.13409381445125,-108.17584365974,623.05038983051,1,767,95,0.30847628749146,12,54,0,-0.17643751042611,0.39322448357254,-97.901656409137,True,False,False
ELASTICNET,FULL486,600,25,PERCENTILE_200,1024,0.4658203125,-0.10362856060698,-106.11564606155,-0.75849609374995,-776.69999999995,0.8024016157871,122.42632282078,404,620,0,0,1024,-0.073334850301341,0.11449529314927,-136.42766197016,619.5159609375,1,1024,98,0.27133613285488,10,84,0,-0.18727811785703,0.4416166156816,-137.13640541452,True,False,False
ELASTICNET,FULL486,600,25,PERCENTILE_300,1451,0.45968297725706,-0.10996568330611,-159.56020647716,-0.64996554100618,-943.09999999997,0.78498765186703,171.67303615254,599,852,0,0,1451,-0.078916517067626,0.097427414824977,-185.54535767306,620.3372157133,1,1451,102,0.22668932559784,9,134,0,-0.15808025374238,0.47204261880753,-204.61254668919,True,False,False
ELASTICNET,FULL486,600,25,PERCENTILE_500,2129,0.46406763738845,-0.084879613148564,-180.70869639329,-0.56242367308593,-1197.3999999999,0.82213665015698,189.49714249608,866,1263,0,0,2129,-0.053385043247707,0.095722556516448,-210.65422727551,620.44967590418,1,2129,103,0.17506443174532,9,198,0,-0.11494347597328,0.49068425291182,-247.76063571222,True,False,False
ELASTICNET,FULL486,600,25,ROLLING_100,558,0.47491039426523,-0.080930170433845,-45.159035102085,-0.58154121863797,-324.49999999999,0.84863827872866,69.213560561827,208,350,0,0,558,-0.049794844432104,0.11070821649729,-78.690251138502,618.45504480287,1,558,90,0.33374618148133,8,50,1,-0.24316313244167,0.40176090222777,-62.532547011057,True,False,False
ELASTICNET,FULL486,600,25,ROLLING_150,802,0.47007481296758,-0.078599525068998,-63.036819105336,-0.48204488778053,-386.59999999999,0.84555492242332,76.070290399882,310,492,0,0,802,-0.047543683336143,0.12231513075814,-96.568035141753,616.80364588529,1,802,95,0.29721056509474,9,72,0,-0.17516236018675,0.4363494629871,-87.943604175085,True,False,False
ELASTICNET,FULL486,600,25,ROLLING_200,1034,0.46228239845261,-0.10918481365753,-112.89709732189,-0.69603481624752,-719.69999999994,0.78973105223682,119.67167225879,396,638,0,0,1034,-0.077761706186751,0.094550697259199,-142.10144864559,617.09804932302,1,1034,100,0.27027092900073,11,96,0,-0.15536834398716,0.45936964932372,-145.38859044667,True,False,False
ELASTICNET,FULL486,600,25,ROLLING_300,1462,0.45759233926129,-0.11350067686461,-165.93798957605,-0.71039671682624,-1038.6,0.77279586160525,178.43413624698,587,875,0,0,1462,-0.081744288760651,0.11848814667494,-191.92314077195,621.98802872777,1,1462,103,0.2238860753117,12,152,0,-0.12965481883516,0.488250970285,-212.36582898404,True,False,False
ELASTICNET,FULL486,600,25,ROLLING_500,2192,0.46532846715328,-0.076465594514413,-167.61258317559,-0.42335766423355,-927.99999999993,0.83784390014513,172.85573673525,902,1290,0,0,2192,-0.044609709167835,0.079437989626014,-197.5581140578,619.55046578467,1,2192,103,0.16973653815788,12,227,0,-0.12530028236936,0.49722705299705,-237.44068385529,True,False,False
ELASTICNET,FULL486,600,25,ZERO,2503,0.460647223332,-0.082558289823768,-206.64339942889,-0.53495805033958,-1339,0.8282915668033,219.96039398026,1054,1449,0,0,2503,-0.049221400459473,0.082124147764387,-239.07034974473,614.42402676788,1,2503,103,0.14966489251158,11,139,0,-0.12727563488445,0.49209664351665,-290.08563350772,True,False,False
ELASTICNET,FULL486,600,50,FREQUENCY_100,618,0.46116504854369,-0.11444709263924,-70.728303251048,-0.72637540453073,-448.89999999999,0.79891457882274,83.348770672279,211,407,0,0,618,-0.081681866919638,0.13494541092176,-104.25951928746,623.12636084142,1,618,96,0.29527776740844,11,55,1,-0.2499444958553,0.37352508537792,-90.97721274576,True,False,False
ELASTICNET,FULL486,600,50,FREQUENCY_150,868,0.47465437788018,-0.086181642346528,-74.805665556787,-0.61751152073728,-535.99999999996,0.83876509889749,85.434892326132,319,549,0,0,868,-0.053087575839635,0.10889825673168,-100.79081675269,620.23311751152,1,868,100,0.24758397360079,10,76,0,-0.15569403682119,0.4013446881954,-103.53131528477,True,False,False
ELASTICNET,FULL486,600,50,FREQUENCY_200,1167,0.45844044558698,-0.112537567193,-131.33134091423,-0.67583547557841,-788.70000000001,0.78720592631473,132.09973426401,438,729,0,0,1167,-0.07899290649333,0.099380320619707,-158.16111546016,622.38589974293,1,1167,101,0.20979345847663,7,117,0,-0.16423759721011,0.41826671519089,-170.47795995074,True,False,False
ELASTICNET,FULL486,600,50,FREQUENCY_300,1737,0.46401842256765,-0.095850725172114,-166.49270962396,-0.55244674726539,-959.59999999999,0.81201414205634,171.11222111328,657,1080,0,0,1737,-0.06152435019325,0.10842437345856,-194.76007406699,622.41809499136,1,1737,105,0.15247177172872,9,175,0,-0.16092869374048,0.43191263771985,-226.11762296225,True,False,False
ELASTICNET,FULL486,600,50,FREQUENCY_500,2765,0.46980108499096,-0.10387502305359,-287.21443874318,-0.53605786618445,-1482.2,0.79278362985241,293.97046438945,1132,1633,0,0,2765,-0.066415029913132,0.088145536868738,-315.48180318621,615.56560578662,1,2765,105,0.059399843797772,14,305,0,-0.16356044793487,0.39394798465768,-390.79131977655,True,False,False
ELASTICNET,FULL486,600,50,PERCENTILE_100,488,0.45491803278689,-0.10809297057927,-52.749369642685,-0.7690573770492,-375.30000000001,0.81007903961261,57.934334216186,162,326,0,0,488,-0.075406457551076,0.14985254063433,-86.280585679102,624.2272192623,1,488,93,0.33006996930841,11,43,0,-0.25148540591505,0.34037865704482,-68.700388000446,True,False,False
ELASTICNET,FULL486,600,50,PERCENTILE_150,744,0.46639784946237,-0.11202749705433,-83.348457808419,-0.77217741935483,-574.49999999999,0.79894240485015,89.38043876729,263,481,0,0,744,-0.079166710299148,0.12602928844815,-109.33360900432,623.14711693548,1,744,97,0.27148953020598,9,69,0,-0.19303085359358,0.39078794469095,-107.79688315427,True,False,False
ELASTICNET,FULL486,600,50,PERCENTILE_200,952,0.46323529411765,-0.11288544280524,-107.46694155059,-0.75609243697477,-719.79999999998,0.792639210816,117.1401507941,346,606,0,0,952,-0.079271415155775,0.1106499243062,-133.45209274649,622.69406512605,1,952,101,0.23732233560935,10,94,0,-0.1721935097211,0.40100413021122,-139.46749587288,True,False,False
ELASTICNET,FULL486,600,50,PERCENTILE_300,1333,0.45911477869467,-0.10798536559205,-143.9444923342,-0.64148537134283,-855.09999999999,0.79410980926134,148.43556555047,494,839,0,0,1333,-0.074235945657626,0.09698658032723,-170.77426688013,623.01421980495,1,1333,103,0.1923117257125,9,129,0,-0.16714373454955,0.43789973599045,-188.93246910678,True,False,False
ELASTICNET,FULL486,600,50,PERCENTILE_500,1990,0.46683417085427,-0.095082320707896,-189.21381820871,-0.52532663316582,-1045.4,0.81183235522092,198.94007515798,773,1217,0,0,1990,-0.059920375361511,0.09570672986516,-217.48118265174,620.30359949749,1,1990,105,0.12899578920063,8,199,0,-0.16132951146069,0.41229111682773,-259.18608944802,True,False,False
ELASTICNET,FULL486,600,50,ROLLING_100,575,0.46260869565217,-0.093679049547843,-53.86545349001,-0.56886956521742,-327.10000000001,0.83056650982327,66.083268155837,192,383,0,0,575,-0.060208174411301,0.14185669002988,-87.396669526427,620.24022782609,1,575,92,0.30225474387502,11,59,0,-0.25499317743608,0.37181345800054,-73.111206693522,True,False,False
ELASTICNET,FULL486,600,50,ROLLING_150,802,0.46009975062344,-0.12336133500149,-98.935790671198,-0.88104738154611,-706.59999999998,0.77734228213325,106.30912808658,271,531,0,0,802,-0.08898223330795,0.13095417747384,-124.9209418671,622.602340399,1,802,98,0.25583741509887,10,87,0,-0.21966220602801,0.38350680732908,-126.50783022942,True,False,False
ELASTICNET,FULL486,600,50,ROLLING_200,1019,0.45829244357213,-0.12361151297789,-125.96013172447,-0.79165848871442,-806.69999999999,0.76988537520181,134.45172564495,370,649,0,0,1019,-0.089475920172981,0.11567234615049,-151.94528292037,625.00971540726,1,1019,101,0.224544153972,11,116,0,-0.2011311988136,0.42313637708652,-160.74430079267,True,False,False
ELASTICNET,FULL486,600,50,ROLLING_300,1420,0.46197183098592,-0.1049725766636,-149.06105886232,-0.59943661971829,-851.19999999998,0.79923986662258,153.70169742187,526,894,0,0,1420,-0.070758530268225,0.091170040390529,-175.89083340824,623.85435915493,1,1420,103,0.18022979401858,9,164,0,-0.17563216873133,0.43803178665232,-197.64500474375,True,False,False
ELASTICNET,FULL486,600,50,ROLLING_500,2095,0.46205250596659,-0.10926436699028,-228.90884884464,-0.62128878281625,-1301.6,0.78701789953997,239.40653122975,819,1276,0,0,2095,-0.073921061081274,0.11108078536303,-257.17621328767,619.2581646778,1,2095,104,0.11783173177311,13,244,0,-0.18783926031542,0.42349866365834,-302.95307472401,True,False,False
ELASTICNET,FULL486,600,50,ZERO,1728,0.46701388888889,-0.085506560244964,-147.7553361033,-0.4945023148148,-854.49999999998,0.8318083694269,161.83116419353,675,1053,0,0,1728,-0.049356469938285,0.10469652408047,-176.02270054633,617.55501678241,1,1728,102,0.15136078844564,9,110,0,-0.15936372866105,0.4037459126419,-210.22269215324,True,False,False
ELASTICNET,FULL486,900,0,FREQUENCY_100,715,0.49370629370629,-0.064168579599868,-45.880534413906,-0.33776223776226,-241.50000000002,0.88633186260085,79.644466259469,352,363,0,0,715,-0.037710926677441,0.10676158244329,-79.420228705974,917.02403496504,1,715,93,0.45278139832901,8,35,2,-0.30348255525319,0.39232236058665,-64.797756253441,True,False,False
ELASTICNET,FULL486,900,0,FREQUENCY_150,1111,0.49234923492349,-0.086444355947387,-96.039679457547,-0.42916291629162,-476.79999999998,0.84591676843873,118.82129468859,535,576,0,0,1111,-0.058712008040734,0.096499466494625,-130.29050205356,1072.7222142214,1,1111,101,0.38353432228786,9,81,1,-0.21804111081197,0.44865565191906,-126.85031798184,True,False,False
ELASTICNET,FULL486,900,0,FREQUENCY_200,1387,0.48017303532805,-0.10655502235694,-147.79181600907,-0.46106705118961,-639.49999999999,0.80756950385982,150.53466170662,667,720,0,0,1387,-0.07849525801323,0.14779159546259,-179.66544716574,1039.9223741889,1,1387,104,0.34847752761901,10,119,0,-0.23269425592534,0.48269960955212,-186.71070915379,True,False,False
ELASTICNET,FULL486,900,0,FREQUENCY_300,1998,0.48698698698699,-0.077916882982825,-155.67793219968,-0.35030030030028,-699.89999999995,0.85222790283615,169.86118015223,926,1072,0,0,1998,-0.048236735890856,0.12687078743805,-189.76440770647,1090.3642997998,1,1998,104,0.29139577890787,13,180,1,-0.22551835228526,0.49597364212404,-214.97886608944,True,False,False
ELASTICNET,FULL486,900,0,FREQUENCY_500,3037,0.48205465920316,-0.06891824655749,-209.3047147951,-0.36058610470859,-1095.1,0.8704547508125,225.75484687665,1391,1646,0,0,3037,-0.038441732800431,0.10098901970909,-251.83705797103,1145.3032291735,1,3037,105,0.21047602535449,15,300,0,-0.11273137583999,0.55161920312744,-301.86188707529,True,False,False
ELASTICNET,FULL486,900,0,PERCENTILE_100,699,0.50214592274678,-0.050659405587571,-35.410924505712,-0.24735336194564,-172.9,0.90852410330376,65.354442802228,357,342,0,0,699,-0.024985326217107,0.097257120957149,-67.395640714601,917.50539198856,1,699,93,0.40566580188949,9,40,2,-0.32640738814395,0.39892989885651,-53.357105985666,True,False,False
ELASTICNET,FULL486,900,0,PERCENTILE_150,973,0.48818088386434,-0.089553121257743,-87.135186983784,-0.47410071942444,-461.29999999998,0.84145968075804,112.6329143065,471,502,0,0,973,-0.062577843450884,0.10657879304537,-120.67488127585,1095.3627060637,1,973,101,0.3881456356657,9,75,1,-0.24160678198159,0.43184077834154,-113.38213228986,True,False,False
ELASTICNET,FULL486,900,0,PERCENTILE_200,1187,0.48441449031171,-0.12281499981766,-145.78140478356,-0.55063184498735,-653.59999999999,0.78809136072999,151.09644759498,575,612,0,0,1187,-0.095351492596331,0.16091082695393,-177.65503594022,1063.0812283067,1,1187,102,0.36848728228522,9,101,0,-0.25033193334836,0.4801033382821,-178.38058785527,True,False,False
ELASTICNET,FULL486,900,0,PERCENTILE_300,1607,0.47542003733665,-0.10764232674207,-172.9812190745,-0.49894212818915,-801.79999999997,0.80487753226008,179.34612286655,773,834,0,0,1607,-0.078964775989559,0.18765147272587,-205.45061543706,1023.7262663348,1,1607,104,0.32778874529437,10,139,0,-0.25857792045878,0.48341872804939,-219.06604313379,True,False,False
ELASTICNET,FULL486,900,0,PERCENTILE_500,2285,0.47877461706783,-0.089470387790548,-204.4398361014,-0.50993435448576,-1165.2,0.83622828989242,216.68622916334,1062,1223,0,0,2285,-0.059616684323975,0.091731533724953,-246.97217927734,1070.0520770241,1,2285,104,0.26634212441046,13,212,0,-0.24200083516533,0.51110858174218,-272.65554852252,True,False,False
ELASTICNET,FULL486,900,0,ROLLING_100,648,0.49691358024691,-0.066193992367757,-42.893707054307,-0.27129629629628,-175.79999999999,0.8812967418281,73.100274745863,309,339,0,0,648,-0.03910052645061,0.087013549792033,-67.032657790062,1174.4233256173,1,648,88,0.45277213471262,8,43,2,-0.30761209890924,0.44464061320218,-60.450272968618,True,False,False
ELASTICNET,FULL486,900,0,ROLLING_150,897,0.49052396878484,-0.096291165452712,-86.373175411083,-0.396878483835,-356,0.83106135298391,116.61256452571,424,473,0,0,897,-0.068094711272371,0.083872944100285,-112.43195839083,1103.3230947603,1,897,97,0.41516041809548,9,72,2,-0.28702927404283,0.45825827012191,-111.66539481085,True,False,False
ELASTICNET,FULL486,900,0,ROLLING_200,1108,0.49007220216607,-0.10476484858637,-116.0794522337,-0.54151624548735,-599.99999999999,0.81457764644745,121.72263852011,525,583,0,0,1108,-0.076134855329955,0.12453544036117,-147.73433948975,1072.447599278,1,1108,101,0.39198775906805,9,96,0,-0.2347300697616,0.46518917774483,-147.8014847618,True,False,False
ELASTICNET,FULL486,900,0,ROLLING_300,1498,0.48130841121495,-0.11463673776114,-171.72583316619,-0.62710280373829,-939.39999999996,0.79332616037941,177.122965806,680,818,0,0,1498,-0.085167093778734,0.10377367603329,-203.30729048276,1031.1690754339,1,1498,104,0.34330263074176,9,131,0,-0.25451359021086,0.50001004492664,-215.87135985183,True,False,False
ELASTICNET,FULL486,900,0,ROLLING_500,2170,0.47465437788018,-0.098977193305007,-214.78050947186,-0.52612903225805,-1141.7,0.8190764366792,226.97047228313,990,1180,0,0,2170,-0.068766593164818,0.11782631174561,-257.17876127027,1077.4300525346,1,2170,104,0.27671252624727,15,218,0,-0.22273432602233,0.53452275618808,-280.33751177607,True,False,False
ELASTICNET,FULL486,900,0,ZERO,3330,0.46996996996997,-0.077072028429,-256.64985466857,-0.43015015015015,-1432.4,0.85664167337168,288.92392296976,1589,1741,0,0,3330,-0.046660359042911,0.070319973881683,-300.73598664823,1119.65136997,1,3330,104,0.18788265838111,12,241,0,-0.18071496717424,0.59020995883601,-357.92071372425,True,False,False
ELASTICNET,FULL486,900,25,FREQUENCY_100,632,0.49841772151899,-0.06937861538116,-43.847284920893,-0.40395569620258,-255.30000000003,0.87838805261918,66.338379225836,210,422,0,0,632,-0.038246126402222,0.072611053927813,-71.929885758425,928.93659335443,1,632,101,0.40463513487063,8,73,1,-0.12828848946524,0.43272060017165,-63.523017955583,True,False,False
ELASTICNET,FULL486,900,25,FREQUENCY_150,879,0.47895335608646,-0.11105172202212,-97.614463657443,-0.65449374288967,-575.30000000002,0.8094354757239,101.00211321809,313,566,0,0,879,-0.079403542627324,0.099450042622724,-126.59664841647,925.1139738339,1,879,102,0.35873256208393,9,101,0,-0.17851783085887,0.46154089919615,-125.43321334547,True,False,False
ELASTICNET,FULL486,900,25,FREQUENCY_200,1154,0.47746967071057,-0.097397099351261,-112.39625265136,-0.59982668977471,-692.20000000002,0.82909301621327,119.96719143548,427,727,0,0,1154,-0.064702283254387,0.066358024257462,-141.37843741039,922.73038994801,1,1154,102,0.3203895809124,9,126,0,-0.19603995047994,0.452503949458,-150.12607042715,True,False,False
ELASTICNET,FULL486,900,25,FREQUENCY_300,1704,0.47241784037559,-0.087235147774751,-148.64869180818,-0.60322769953051,-1027.9,0.84624440584418,170.30001101542,667,1037,0,0,1704,-0.054559453936438,0.098843097089554,-187.48519215973,1025.3809213615,1,1704,103,0.2573032122218,11,173,1,-0.22904802800579,0.49365261426406,-204.32807410866,True,False,False
ELASTICNET,FULL486,900,25,FREQUENCY_500,2697,0.48090470893585,-0.054037736071478,-145.73977418478,-0.29377085650722,-792.29999999996,0.90043620138787,176.0519972169,1134,1563,0,0,2697,-0.020567254350895,0.063048367737187,-183.47151191181,1047.2773177605,1,2697,104,0.16422666812199,13,305,0,-0.10686936535765,0.52833430696857,-236.00966338519,True,False,False
ELASTICNET,FULL486,900,25,PERCENTILE_100,495,0.49292929292929,-0.064621589793824,-31.987686947943,-0.49858585858592,-246.80000000003,0.88917962789379,56.676232575028,158,337,0,0,495,-0.034133027245739,0.079005445226058,-57.951655730496,930.2249010101,1,495,93,0.41538035587072,8,45,2,-0.19146929417455,0.41298094544315,-47.079525409245,True,False,False
ELASTICNET,FULL486,900,25,PERCENTILE_150,730,0.4958904109589,-0.089348660882641,-65.224522444328,-0.50890410958907,-371.50000000002,0.8468240748191,84.217304651061,251,479,0,0,730,-0.057982367568952,0.068399399214017,-93.307123281859,927.92310136986,1,730,102,0.38208306822063,8,80,1,-0.14201188535543,0.43611341822092,-88.121916563321,True,False,False
ELASTICNET,FULL486,900,25,PERCENTILE_200,921,0.48208469055375,-0.11215850652009,-103.29798450501,-0.68338762214986,-629.40000000002,0.8073498465586,104.17005085335,322,599,0,0,921,-0.080287673011635,0.075791043425361,-132.28016926404,925.20619761129,1,921,102,0.35470963068829,7,104,0,-0.18735201869029,0.45864340349956,-132.65102216629,True,False,False
ELASTICNET,FULL486,900,25,PERCENTILE_300,1334,0.48275862068966,-0.075853262099514,-101.18825164075,-0.50749625187407,-677.00000000001,0.86220732973426,114.8315284411,497,837,0,0,1334,-0.04292764503848,0.093358977513829,-131.58178367849,925.44301649175,1,1334,102,0.29670233591735,9,149,1,-0.20464931613519,0.45713269129909,-145.11102480017,True,False,False
ELASTICNET,FULL486,900,25,PERCENTILE_500,1984,0.4773185483871,-0.080062714412199,-158.8444253938,-0.43901209677419,-871,0.85845023314557,188.90147939737,782,1202,0,0,1984,-0.046810280935402,0.083338796816424,-197.68092574535,1009.8340766129,1,1984,103,0.22898707475805,13,224,1,-0.21274287742687,0.48883293503993,-224.81725341177,True,False,False
ELASTICNET,FULL486,900,25,ROLLING_100,519,0.50674373795761,-0.056009398477644,-29.068877809897,-0.24470134874764,-127.00000000002,0.90421316262447,61.699073181814,161,358,0,0,519,-0.023638365070042,0.087504883583735,-56.440350343482,916.23358574181,1,519,90,0.42424190211025,10,59,2,-0.18902144327052,0.45655213363656,-45.869444148442,True,False,False
ELASTICNET,FULL486,900,25,ROLLING_150,745,0.49530201342282,-0.1060442001289,-79.002929096028,-0.59664429530206,-444.50000000003,0.81973314331089,82.759481888162,251,494,0,0,745,-0.073584534758015,0.078698898868985,-104.4895945936,924.79366979866,1,745,100,0.38930120541769,6,89,0,-0.15097397799298,0.47858481185088,-103.18537979734,True,False,False
ELASTICNET,FULL486,900,25,ROLLING_200,944,0.48199152542373,-0.12018214131489,-113.45194140126,-0.72902542372882,-688.2,0.79361304664433,114.8988411836,315,629,0,0,944,-0.087626411287912,0.077535352532891,-138.86517695935,922.53442478814,1,944,102,0.35171415151944,7,110,0,-0.1825872561192,0.49715611009743,-144.18455054672,True,False,False
ELASTICNET,FULL486,900,25,ROLLING_300,1319,0.4814253222138,-0.096021767631397,-126.65271150581,-0.5912812736922,-779.90000000001,0.82872564778961,145.54619573119,471,848,0,0,1319,-0.062319592247242,0.11734923935693,-154.57096525412,925.71183775588,1,1319,102,0.29824682282207,13,155,1,-0.23494155967928,0.48404636008262,-171.10588083751,True,False,False
ELASTICNET,FULL486,900,25,ROLLING_500,1985,0.48060453400504,-0.077498658031224,-153.83483619198,-0.45919395465994,-911.49999999999,0.862534221093,180.17071103927,771,1214,0,0,1985,-0.043651048396981,0.1094095318835,-192.537245166,1094.2055178841,1,1985,103,0.22697017172853,13,234,1,-0.19611583728011,0.50107868501523,-221.02234131595,True,False,False
ELASTICNET,FULL486,900,25,ZERO,2526,0.47347585114806,-0.069363264697519,-175.21160662593,-0.39730799683293,-1003.6,0.87589448837,218.50470057231,1059,1467,0,0,2526,-0.035707949318763,0.068635072108111,-214.44414590108,1053.840821061,1,2526,103,0.17753758219797,13,212,0,-0.18444435756581,0.52890850456853,-260.22493327267,True,False,False
ELASTICNET,FULL486,900,50,FREQUENCY_100,565,0.47256637168142,-0.14276949165558,-80.664762785401,-0.75362831858412,-425.80000000003,0.78222611522384,90.725224711185,178,387,0,0,565,-0.10910523987746,0.091221326857015,-106.15142828297,929.21767610619,1,565,101,0.38783993321334,6,68,1,-0.2071125238783,0.45682444291706,-99.685065040039,True,False,False
ELASTICNET,FULL486,900,50,FREQUENCY_150,867,0.46482122260669,-0.12799346547831,-110.97033456969,-0.77820069204154,-674.70000000001,0.78995252247027,118.98540366224,284,583,0,0,867,-0.092475372779884,0.12036779948716,-138.7947694486,924.58061361015,1,867,102,0.32290921338046,6,87,0,-0.2676380336989,0.40655079927447,-141.76452093922,True,False,False
ELASTICNET,FULL486,900,50,FREQUENCY_200,1084,0.46494464944649,-0.11023502345028,-119.49476542011,-0.72195571955724,-782.60000000004,0.81640996465993,134.70884049129,367,717,0,0,1084,-0.074778687534033,0.13506290311481,-148.48131477912,928.07078597786,1,1084,103,0.28220856133267,9,118,2,-0.27726153246607,0.3989808236486,-157.92943355332,True,False,False
ELASTICNET,FULL486,900,50,FREQUENCY_300,1672,0.47966507177033,-0.063108775680111,-105.51787293715,-0.34880382775119,-583.19999999999,0.89083424180222,127.2307111899,616,1056,0,0,1672,-0.027072057853644,0.13482923420756,-135.87203860574,1128.2790753589,1,1672,103,0.19976990629782,11,194,1,-0.21057854712653,0.45716415726969,-165.771265143,True,False,False
ELASTICNET,FULL486,900,50,FREQUENCY_500,2582,0.46165762974438,-0.12314302690796,-317.95529547635,-0.610302091402,-1575.8,0.79481369451052,322.53580814628,1072,1510,0,0,2582,-0.084388795610251,0.085019899537389,-354.81185345821,1184.0172869868,1,2582,105,0.077471260892507,11,305,0,-0.17971505115607,0.42962542737484,-418.01872068703,True,False,False
ELASTICNET,FULL486,900,50,PERCENTILE_100,469,0.49040511727079,-0.082297541582959,-38.597547002408,-0.39275053304908,-184.20000000002,0.87110209645934,61.975742222222,135,334,0,0,469,-0.048789375435706,0.088370748327152,-66.680147839939,929.19523240938,1,469,100,0.40974416884801,9,55,2,-0.20017004304558,0.40233523711391,-54.312876925469,True,False,False
ELASTICNET,FULL486,900,50,PERCENTILE_150,680,0.46617647058824,-0.14850894368856,-100.98608170822,-0.84029411764709,-571.40000000002,0.76555245660192,105.1076587263,212,468,0,0,680,-0.11439507532703,0.070063936529163,-126.39931726631,926.81771617647,1,680,101,0.36247760515518,6,79,0,-0.2315045865405,0.43800166763055,-124.18351219405,True,False,False
ELASTICNET,FULL486,900,50,PERCENTILE_200,894,0.46532438478747,-0.11565997690873,-103.40001935641,-0.73791946308728,-659.70000000003,0.8077707439337,114.17195714915,288,606,0,0,894,-0.080414709021424,0.11051613364334,-131.22445423531,928.59000559284,1,894,102,0.31461575860065,6,103,0,-0.22974040293141,0.4078639220968,-134.90928884766,True,False,False
ELASTICNET,FULL486,900,50,PERCENTILE_300,1264,0.46360759493671,-0.13788212389898,-174.28300460831,-0.83338607594939,-1053.4,0.77833601542844,182.63284385789,445,819,0,0,1264,-0.10208914952643,0.13303995768718,-203.26955396733,1063.4455609177,1,1264,103,0.25532258086483,13,140,0,-0.34604177301606,0.4237552480116,-219.52532421522,True,False,False
ELASTICNET,FULL486,900,50,PERCENTILE_500,1851,0.47649918962723,-0.081672063439741,-151.17498942696,-0.47401404646137,-877.4,0.85989269495373,171.59813992003,715,1136,0,0,1851,-0.045583469109277,0.12733474340745,-181.52915509555,1106.9834916261,1,1851,103,0.17728965994153,11,215,0,-0.15866037724999,0.45051495060049,-217.97497753265,True,False,False
ELASTICNET,FULL486,900,50,ROLLING_100,538,0.4814126394052,-0.12503993852018,-67.271486923857,-0.61412639405213,-330.40000000005,0.80646586573391,73.709834694293,159,379,0,0,538,-0.090492565788561,0.073780531158177,-92.758152421429,928.25599628253,1,538,98,0.39792755097775,6,48,0,-0.17932422051561,0.44580622879839,-85.857973453469,True,False,False
ELASTICNET,FULL486,900,50,ROLLING_150,747,0.46586345381526,-0.14881754809245,-111.16670842506,-0.86171352074971,-643.70000000004,0.76406152836536,117.61536904352,225,522,0,0,747,-0.11359327198167,0.088238104439857,-136.57994398315,925.57268808568,1,747,101,0.34476884558107,7,70,0,-0.22834570971581,0.43891517633093,-137.47924267981,True,False,False
ELASTICNET,FULL486,900,50,ROLLING_200,947,0.46462513199578,-0.13447082180699,-127.34386825122,-0.77001055966213,-729.20000000004,0.78246166436659,145.12995672544,299,648,0,0,947,-0.09826840436992,0.15255264122059,-155.26212199953,929.37438014784,1,947,102,0.30266424197691,11,90,1,-0.32349480639227,0.43255516741879,-161.62755756413,True,False,False
ELASTICNET,FULL486,900,50,ROLLING_300,1314,0.47488584474886,-0.084444990934459,-110.96071808788,-0.42313546423137,-556.00000000002,0.85768116856441,127.62907208248,456,858,0,0,1314,-0.048388713332136,0.1459513084808,-139.70004965653,1054.8205228311,1,1314,103,0.24526667706357,11,142,1,-0.22826680890735,0.45422937449883,-158.33866685733,True,False,False
ELASTICNET,FULL486,900,50,ROLLING_500,1916,0.47599164926931,-0.072893841498567,-139.66460031125,-0.40668058455114,-779.19999999999,0.87355938124062,161.97207995899,750,1166,0,0,1916,-0.036759856738906,0.12240579709632,-170.01876597985,1104.4712077244,1,1916,103,0.16725631017166,11,239,0,-0.11918756980554,0.44850717613041,-208.89731511076,True,False,False
ELASTICNET,FULL486,900,50,ZERO,1803,0.47476428175263,-0.082823999164199,-149.33167049305,-0.52545757071548,-947.40000000001,0.86079966438136,184.34579087879,703,1100,0,0,1803,-0.046310149465842,0.11727889615158,-181.82803653797,1109.5389972268,1,1803,103,0.18065531517922,11,156,0,-0.2266555084462,0.44111834264558,-215.16614149919,True,False,False
ELASTICNET,SCALE_FREE,300,0,FREQUENCY_100,668,0.45508982035928,-0.15812688999591,-105.62876251727,-0.96437125748504,-644.20000000001,0.63426829750427,112.08178311111,290,378,0,0,668,-0.12949728256236,0.13384566313695,-121.61790341476,313.61738622754,1,668,88,0.37847484301408,10,22,0,-0.23306597886463,0.36358754067633,-124.75334028288,True,False,False
ELASTICNET,SCALE_FREE,300,0,FREQUENCY_150,997,0.4332998996991,-0.14878570046091,-148.33934335953,-0.87673019057171,-874.1,0.64470776383913,158.38160660105,400,597,0,0,997,-0.11826389621845,0.21278625230966,-169.89087546122,312.16387261785,1,997,98,0.34175654627614,11,60,0,-0.20538309237244,0.37385986116043,-178.76958218926,True,False,False
ELASTICNET,SCALE_FREE,300,0,FREQUENCY_200,1396,0.43409742120344,-0.13946318790989,-194.69061032221,-0.84570200573065,-1180.6,0.65080513634871,210.90676966398,583,813,0,0,1396,-0.10968319235111,0.18743114314249,-219.49925385986,311.19034312321,1,1396,102,0.28345855177411,10,85,0,-0.16907785287985,0.39907277815479,-236.26348412227,True,False,False
ELASTICNET,SCALE_FREE,300,0,FREQUENCY_300,1943,0.4390118373649,-0.11151935660848,-216.68210989027,-0.67745753988677,-1316.3,0.70047946048735,235.78151435737,805,1138,0,0,1943,-0.08151621666977,0.13444116190845,-246.07929015536,309.6398502316,1,1943,104,0.23926309944516,13,132,1,-0.14799279630839,0.37667311262313,-274.97821079118,True,False,False
ELASTICNET,SCALE_FREE,300,0,FREQUENCY_500,3278,0.454240390482,-0.094516324854233,-309.82451287217,-0.5068639414277,-1661.5,0.73481537554205,335.33722860454,1351,1927,0,0,3278,-0.063481960318273,0.12639082545138,-337.56680296926,309.96322849298,1,3278,105,0.17996847261921,17,233,1,-0.12816842864187,0.42458580712728,-411.55515982105,True,False,False
ELASTICNET,SCALE_FREE,300,0,PERCENTILE_100,529,0.44045368620038,-0.18336419593615,-96.999659650224,-1.1338374291116,-599.80000000002,0.59990977879032,101.36551791878,217,312,0,0,529,-0.15426842474185,0.15988879450045,-115.12829090868,314.51168241966,1,529,90,0.38351073952374,7,30,0,-0.29860429894156,0.3293968107407,-112.39132261201,True,False,False
ELASTICNET,SCALE_FREE,300,0,PERCENTILE_150,831,0.4488567990373,-0.13443097790075,-111.71214263553,-0.81275571600483,-675.40000000001,0.67558133187097,116.25845754407,334,497,0,0,831,-0.10460129501246,0.12045942801109,-130.76041513734,313.90924187726,1,831,98,0.34567040905261,10,49,0,-0.15215336320247,0.37197966375848,-136.5006091157,True,False,False
ELASTICNET,SCALE_FREE,300,0,PERCENTILE_200,1112,0.42895683453237,-0.14248072031028,-158.43856098503,-0.89127697841726,-991.09999999999,0.65562267688864,174.07345101074,458,654,0,0,1112,-0.11252203870947,0.25993753974559,-183.24720452268,313.35291546763,1,1112,100,0.31564910144964,11,69,1,-0.19545789047775,0.37534429785166,-191.75261492514,True,False,False
ELASTICNET,SCALE_FREE,300,0,PERCENTILE_300,1662,0.43742478941035,-0.12081661441839,-200.79721316336,-0.73718411552346,-1225.2,0.6851760553117,219.8952464482,694,968,0,0,1662,-0.090819610560128,0.1651265381529,-229.48680556723,312.2244253911,1,1662,103,0.26560556726288,14,98,0,-0.15853924331922,0.38209599716444,-250.65223357579,True,False,False
ELASTICNET,SCALE_FREE,300,0,PERCENTILE_500,2559,0.44470496287612,-0.10401217896617,-266.16716597444,-0.5819851504494,-1489.3,0.71584534675127,297.62402946332,1058,1501,0,0,2559,-0.073473983204,0.16580153839355,-293.90945607152,309.56704572098,1,2559,104,0.21328732480051,13,159,1,-0.14456256590658,0.41438426516862,-344.31440892984,True,False,False
ELASTICNET,SCALE_FREE,300,0,ROLLING_100,606,0.43069306930693,-0.18789016080103,-113.86143744542,-1.0955445544555,-663.90000000002,0.58888882172247,117.52017621155,250,356,0,0,606,-0.1572132320968,0.13481710872813,-132.13774701106,313.56105280528,1,606,95,0.36195118996696,8,35,0,-0.28909185702267,0.34625011545107,-132.45165624019,True,False,False
ELASTICNET,SCALE_FREE,300,0,ROLLING_150,890,0.42696629213483,-0.15014572876195,-133.62969859814,-0.81853932584271,-728.50000000001,0.64809978011508,141.31054055481,358,532,0,0,890,-0.11943419857734,0.14318854882704,-156.19838225979,312.35783595506,1,890,97,0.32843649385204,10,55,0,-0.19240444026021,0.37925975942652,-160.96296046244,True,False,False
ELASTICNET,SCALE_FREE,300,0,ROLLING_200,1186,0.43844856661046,-0.12918241709567,-153.21034667547,-0.75573355817875,-896.3,0.67901589469231,166.46311934727,482,704,0,0,1186,-0.098641849974508,0.22161802944119,-178.01899021311,312.4605084317,1,1186,99,0.30072021389511,10,84,0,-0.17469151596789,0.36450654234763,-189.43145928117,True,False,False
ELASTICNET,SCALE_FREE,300,0,ROLLING_300,1688,0.43364928909953,-0.12315729245478,-207.88950966367,-0.81208530805686,-1370.8,0.67996899395249,224.48751276636,687,1001,0,0,1688,-0.092476642345652,0.1706717941512,-236.57910206755,311.22966172986,1,1688,103,0.2658108984856,14,106,0,-0.15596526563621,0.37469356672164,-259.67844704789,True,False,False
ELASTICNET,SCALE_FREE,300,0,ROLLING_500,2597,0.44397381594147,-0.10447770457387,-271.32859877833,-0.5553715825953,-1442.3,0.71370029572083,314.63895197009,1065,1532,0,0,2597,-0.073561545939853,0.17760322252778,-299.07088887542,311.15173276858,1,2597,104,0.21159712376523,12,184,1,-0.14278863695391,0.42681346993472,-351.61786275086,True,False,False
ELASTICNET,SCALE_FREE,300,0,ZERO,3510,0.44615384615385,-0.095136891396018,-333.93048880002,-0.51994301994301,-1825,0.73343038929941,339.07470741059,1527,1983,0,0,3510,-0.062024168095482,0.16508501241979,-361.12419623182,306.38933960114,1,3510,100,0.17864660261216,14,59,0,-0.10583204343391,0.45171572544618,-450.1561475849,True,False,False
ELASTICNET,SCALE_FREE,300,25,FREQUENCY_100,591,0.4585448392555,-0.12341987735361,-72.941147515983,-0.84534686971234,-499.59999999999,0.72214222911474,83.460560228439,181,410,0,0,591,-0.090373376650215,0.18526835004286,-94.492679617675,315.37990186125,1,591,96,0.39304428945857,9,46,0,-0.18195847652303,0.36064677366102,-92.471629431689,True,False,False
ELASTICNET,SCALE_FREE,300,25,FREQUENCY_150,948,0.43670886075949,-0.15195542989721,-144.05374754256,-0.98343881856538,-932.29999999998,0.64889908927881,158.99228795669,309,639,0,0,948,-0.11928692844708,0.18947330915058,-168.8623910802,313.39946518987,1,948,99,0.31253943365509,12,76,0,-0.20219563577162,0.38218611739536,-175.02348691728,True,False,False
ELASTICNET,SCALE_FREE,300,25,FREQUENCY_200,1230,0.44065040650407,-0.12330106612111,-151.66031132897,-0.77674796747967,-955.4,0.69978695418647,176.05429291122,424,806,0,0,1230,-0.091023191501969,0.13964895371257,-180.34990373284,311.76951463415,1,1230,101,0.27721390633319,12,93,0,-0.1429724740081,0.38015553953873,-191.36209711051,True,False,False
ELASTICNET,SCALE_FREE,300,25,FREQUENCY_300,1797,0.4457429048414,-0.11740907879156,-210.98411458843,-0.7349471341124,-1320.7,0.70417356550156,240.16615732635,630,1167,0,0,1797,-0.084602725120676,0.18149455325469,-239.6737069923,310.42192710072,1,1797,102,0.2278484137183,10,129,0,-0.15021496758364,0.38305220891698,-269.937132135,True,False,False
ELASTICNET,SCALE_FREE,300,25,FREQUENCY_500,2996,0.4652870493992,-0.077865362383458,-233.28462570084,-0.42626835781042,-1277.1,0.78274147263652,264.65495713629,1094,1902,0,0,2996,-0.044518404939354,0.12396944985069,-261.44416107584,310.60772696929,1,2996,104,0.15504982871246,15,235,0,-0.091596158385632,0.40712821813139,-333.19211020338,True,False,False
ELASTICNET,SCALE_FREE,300,25,PERCENTILE_100,445,0.45168539325843,-0.16693334436903,-74.285338244217,-1.125393258427,-500.80000000001,0.65790300020291,77.865661676764,140,305,0,0,445,-0.13415633668537,0.16048744617185,-93.232951902911,318.86983820225,1,445,90,0.40342780667594,9,31,0,-0.19721875856554,0.35100463578918,-88.871106663445,True,False,False
ELASTICNET,SCALE_FREE,300,25,PERCENTILE_150,734,0.43869209809264,-0.14613481615541,-107.26295505807,-1.0062670299727,-738.59999999998,0.6717807745029,117.64354052686,239,495,0,0,734,-0.11349311860042,0.18156575749921,-128.81448715976,313.52950544959,1,734,97,0.3477492937982,12,56,0,-0.21462925045651,0.35719922781758,-131.22196106343,True,False,False
ELASTICNET,SCALE_FREE,300,25,PERCENTILE_200,1034,0.43133462282398,-0.14624248539452,-151.21472989793,-0.93094777562862,-962.59999999999,0.65544313876426,169.01095691545,346,688,0,0,1034,-0.11357577958509,0.17447712900751,-176.02337343557,312.7050696325,1,1034,99,0.30268138735523,11,77,0,-0.18712366615994,0.37972091304881,-184.99210370487,True,False,False
ELASTICNET,SCALE_FREE,300,25,PERCENTILE_300,1473,0.44670739986422,-0.1085622485997,-159.91219218735,-0.64392396469788,-948.49999999998,0.72471497819551,187.15107743677,507,966,0,0,1473,-0.075744410588272,0.13906426137652,-188.60178459123,311.47401425662,1,1473,102,0.25641391772305,11,101,0,-0.13325071507906,0.39324425463478,-208.25286757818,True,False,False
ELASTICNET,SCALE_FREE,300,25,PERCENTILE_500,2399,0.46394330971238,-0.090240387257485,-216.48668903071,-0.47886619424761,-1148.8,0.75808403695259,254.14162002307,863,1536,0,0,2399,-0.057444904913526,0.15533071034189,-244.6462244057,312.2144947895,1,2399,104,0.19080671717301,15,175,1,-0.13169116944848,0.39893848190355,-295.16305117387,True,False,False
ELASTICNET,SCALE_FREE,300,25,ROLLING_100,574,0.42160278745645,-0.19457932982417,-111.68853531907,-1.2747386759582,-731.70000000001,0.59596404656096,115.26885875162,182,392,0,0,574,-0.16094641958348,0.18957617883282,-130.63614897777,314.9653989547,1,574,95,0.35482361748745,13,44,0,-0.23948422426849,0.37100782465971,-130.99382579723,True,False,False
ELASTICNET,SCALE_FREE,300,25,ROLLING_150,884,0.44117647058824,-0.13792127260343,-121.92240498143,-0.83699095022623,-739.89999999999,0.67991502192707,136.50468931483,284,600,0,0,884,-0.10474127277843,0.17361689346534,-146.73104851908,314.06544457014,1,884,97,0.31201165466954,13,80,0,-0.18605235482188,0.35672406077816,-151.25352482674,True,False,False
ELASTICNET,SCALE_FREE,300,25,ROLLING_200,1130,0.44955752212389,-0.10416800018073,-117.70984020422,-0.6508849557522,-735.49999999998,0.73831947215692,143.38693419367,377,753,0,0,1130,-0.071174972129764,0.13639645458937,-146.3994326081,312.8514460177,1,1130,99,0.28674727209898,10,92,0,-0.14388014198163,0.36258677881621,-154.99196190182,True,False,False
ELASTICNET,SCALE_FREE,300,25,ROLLING_300,1631,0.43960760269773,-0.11835232722067,-193.03264569691,-0.68436541998772,-1116.2,0.7032978828114,225.90766363755,569,1062,0,0,1631,-0.085290447627491,0.17598242252765,-221.72223810078,311.09631820969,1,1631,102,0.23726319228072,13,137,1,-0.18637745498986,0.39988342247992,-246.95657131339,True,False,False
ELASTICNET,SCALE_FREE,300,25,ROLLING_500,2574,0.45959595959596,-0.09431112831865,-242.75684429221,-0.506993006993,-1305,0.74592597539619,270.73749185062,931,1643,0,0,2574,-0.061193730021011,0.14130614174785,-270.9163796672,312.8665982906,1,2574,104,0.17782036283682,15,232,0,-0.13055927439918,0.40513161384016,-328.00102751033,True,False,False
ELASTICNET,SCALE_FREE,300,25,ZERO,2674,0.44764397905759,-0.094993081861477,-254.01150089759,-0.53448017950637,-1429.2,0.74618408532178,263.59278855987,1025,1649,0,0,2674,-0.059835112924914,0.23321608858676,-281.6224536073,307.4725276739,1,2674,98,0.18141750818817,13,55,0,-0.11111708685895,0.41832270425247,-348.02390983396,True,False,False
ELASTICNET,SCALE_FREE,300,50,FREQUENCY_100,562,0.42348754448399,-0.16177301806946,-90.916436155039,-1.0250889679715,-576.10000000001,0.66809888651576,108.76711864963,152,410,0,0,562,-0.12690934668246,0.17418300843847,-115.72507969268,318.92526690391,1,562,95,0.34256136200218,10,51,0,-0.26025503762757,0.33789160800414,-110.50981947454,True,False,False
ELASTICNET,SCALE_FREE,300,50,FREQUENCY_150,877,0.42759407069555,-0.15842921425691,-138.94242090331,-1.0111744583809,-886.80000000003,0.6477680900177,151.52872147284,257,620,0,0,877,-0.12288717863166,0.19831424625942,-164.59411793275,313.15991676169,1,877,99,0.29923148056393,10,64,0,-0.26299698739783,0.33621698521766,-170.11278614665,True,False,False
ELASTICNET,SCALE_FREE,300,50,FREQUENCY_200,1171,0.43637916310845,-0.14610351550146,-171.08721665221,-0.86746370623402,-1015.8,0.66636469343734,197.65847105809,364,807,0,0,1171,-0.11091432934358,0.20082995814513,-199.2467520272,311.99920153715,1,1171,101,0.25689883232582,12,88,0,-0.18095354113103,0.33907737616789,-212.29375364307,True,False,False
ELASTICNET,SCALE_FREE,300,50,FREQUENCY_300,1781,0.45311622683885,-0.10799122709265,-192.332375452,-0.61426165075801,-1094,0.7308096503427,234.474652976,586,1195,0,0,1781,-0.07267851232662,0.15471571846819,-220.491910827,313.7693144301,1,1781,104,0.18948728110237,19,134,1,-0.16210187986315,0.36735116711665,-255.22432045029,True,False,False
ELASTICNET,SCALE_FREE,300,50,FREQUENCY_500,2978,0.46037609133647,-0.094280818105446,-280.76827631802,-0.54590329079921,-1625.7,0.74973742009193,296.19463029343,1090,1888,0,0,2978,-0.0583159231743,0.17434847052329,-310.99987912424,371.61335258563,1,2978,105,0.10115892527863,11,276,0,-0.13861175138249,0.37420147398204,-387.87173342297,True,False,False
ELASTICNET,SCALE_FREE,300,50,PERCENTILE_100,434,0.44930875576037,-0.1656903338383,-71.909604885821,-1.0039170506913,-435.70000000001,0.6634189308199,80.38626515876,112,322,0,0,434,-0.130224269576,0.10105813097232,-90.95787738763,321.10150460829,1,434,92,0.38373666454997,8,39,0,-0.22935365088385,0.34863377523946,-87.301876775658,True,False,False
ELASTICNET,SCALE_FREE,300,50,PERCENTILE_150,702,0.42165242165242,-0.18797257387073,-131.95674685726,-1.2031339031339,-844.60000000002,0.60899558308191,146.47694538164,198,504,0,0,702,-0.15298811152236,0.20268181735087,-156.7653903949,316.40420940171,1,702,98,0.31676645696982,10,59,0,-0.28543973167085,0.33449401879006,-156.51583942581,True,False,False
ELASTICNET,SCALE_FREE,300,50,PERCENTILE_200,952,0.43487394957983,-0.14328804715029,-136.41022088707,-0.86008403361347,-818.80000000003,0.67745625302757,155.97921727542,284,668,0,0,952,-0.10842945080532,0.16221841876089,-165.09981329094,312.7641039916,1,952,99,0.27738680148962,10,72,0,-0.22932683403065,0.34282239149534,-169.59560460748,True,False,False
ELASTICNET,SCALE_FREE,300,50,PERCENTILE_300,1429,0.44366689993002,-0.12902219229423,-184.37271278845,-0.77067879636111,-1101.3,0.69262075099392,208.09939351423,462,967,0,0,1429,-0.094100860668078,0.17331338044045,-212.53224816345,311.79699930021,1,1429,101,0.22362645637982,15,103,0,-0.16852359721911,0.35092863346683,-234.27529568222,True,False,False
ELASTICNET,SCALE_FREE,300,50,PERCENTILE_500,2349,0.46232439335888,-0.086825575858105,-203.95327769069,-0.49842486164325,-1170.8,0.77302225432329,242.63545390861,810,1539,0,0,2349,-0.051399619406463,0.11809475837296,-232.11281306569,314.95543252448,1,2349,104,0.14432866348081,12,204,1,-0.12832314346193,0.37400115499007,-287.1688493956,True,False,False
ELASTICNET,SCALE_FREE,300,50,ROLLING_100,636,0.43238993710692,-0.17332459649005,-110.23444336767,-1.1114779874214,-706.90000000001,0.63489807056833,124.74195498395,176,460,0,0,636,-0.13795766897413,0.19081937561656,-135.04308690532,317.47135534591,1,636,95,0.32204412555652,12,60,0,-0.22636866453959,0.31740804615813,-132.7278092678,True,False,False
ELASTICNET,SCALE_FREE,300,50,ROLLING_150,888,0.43468468468468,-0.13928166264857,-123.68211643193,-0.88006756756759,-781.50000000002,0.68531927416464,140.74152274595,261,627,0,0,888,-0.10406559887633,0.16213706068304,-152.37170883581,316.27016779279,1,888,99,0.28382065045572,11,78,0,-0.22512743499963,0.32765287878492,-154.95398106168,True,False,False
ELASTICNET,SCALE_FREE,300,50,ROLLING_200,1153,0.43365134431917,-0.13412869994429,-154.65039103576,-0.73920208152646,-852.30000000001,0.68962978423452,181.5494981228,358,795,0,0,1153,-0.098788145959009,0.15838714255989,-183.33998343964,313.7862272333,1,1153,101,0.24538256932608,10,106,1,-0.22686792430336,0.34967045571618,-195.39804978079,True,False,False
ELASTICNET,SCALE_FREE,300,50,ROLLING_300,1645,0.44620060790274,-0.12694867821442,-208.83057566272,-0.74966565349546,-1233.2,0.69582778411363,241.68334459218,536,1109,0,0,1645,-0.09186753137791,0.15454515110775,-236.99011103771,315.07801823708,1,1645,103,0.19808184303511,15,152,1,-0.21158009257512,0.36281436542223,-266.53906220877,True,False,False
ELASTICNET,SCALE_FREE,300,50,ROLLING_500,2562,0.4519906323185,-0.09572649698585,-245.25128527775,-0.57271662763467,-1467.3,0.74733604490239,261.79366043503,899,1663,0,0,2562,-0.06022795127036,0.1333428434588,-273.41082065274,315.13458899297,1,2562,104,0.12912456412168,12,255,0,-0.13514293756387,0.37958406178931,-336.19855940083,True,False,False
ELASTICNET,SCALE_FREE,300,50,ZERO,1912,0.44665271966527,-0.11734515538313,-224.36393709255,-0.671809623431,-1284.5000000001,0.70874352872502,233.17655760194,700,1212,0,0,1912,-0.080063492560682,0.25602505600902,-251.97488980226,308.66322228033,1,1912,97,0.18684558405176,10,44,0,-0.15842685681233,0.3750704173335,-295.64647640907,True,False,False
ELASTICNET,SCALE_FREE,600,0,FREQUENCY_100,808,0.48391089108911,-0.055693354233796,-45.000230220907,-0.18428217821783,-148.9,0.88162128930801,60.381751019901,438,370,0,0,808,-0.029178409215573,0.1132136928933,-76.916147529347,621.60833415842,1,808,96,0.3012560763524,8,54,1,-0.18809142630637,0.32065817823198,-66.424305795631,True,False,False
ELASTICNET,SCALE_FREE,600,0,FREQUENCY_150,1087,0.47378104875805,-0.06687877877848,-72.697232532207,-0.38012879484819,-413.19999999999,0.85810961782529,98.048202614758,547,540,0,0,1087,-0.038356388910154,0.10498493558998,-103.00924844082,617.18073597056,1,1087,97,0.2945674207494,10,54,1,-0.19674877986907,0.33377198120635,-103.70107031908,True,False,False
ELASTICNET,SCALE_FREE,600,0,FREQUENCY_200,1381,0.47574221578566,-0.094796236551643,-130.91360267782,-0.63287472845763,-873.99999999999,0.80321514009342,139.44785054947,692,689,0,0,1381,-0.066037434927305,0.1102226369717,-156.89875387372,618.462564084,1,1381,98,0.25741154642459,8,84,0,-0.18606573409099,0.37061726119082,-170.62950772103,True,False,False
ELASTICNET,SCALE_FREE,600,0,FREQUENCY_300,1989,0.473604826546,-0.075231747494599,-149.63594576676,-0.38652589240822,-768.79999999994,0.83675841203624,158.79322490153,957,1032,0,0,1989,-0.045427407452161,0.12386284027754,-179.58147664897,621.46471342383,1,1989,103,0.20911703431409,9,148,0,-0.1480482585914,0.39804431327526,-208.91677811117,True,False,False
ELASTICNET,SCALE_FREE,600,0,FREQUENCY_500,3135,0.46602870813397,-0.090282962291265,-283.03708678312,-0.55996810207334,-1755.4999999999,0.80424859600561,285.66744600754,1436,1699,0,0,3135,-0.059555458582084,0.082792452287166,-320.1207453435,672.44756331738,1,3135,105,0.14663835429956,17,268,0,-0.13155995769143,0.45574177847734,-379.3678109114,True,False,False
ELASTICNET,SCALE_FREE,600,0,PERCENTILE_100,662,0.50151057401813,-0.060138585420568,-39.811743548416,-0.084290030211491,-55.800000000007,0.87151835322506,53.389398786765,354,308,0,0,662,-0.033780818968248,0.14405272582488,-66.054975391876,619.98747129909,1,662,92,0.31808530036808,7,33,1,-0.35517035325651,0.33419351200936,-57.260584939852,True,False,False
ELASTICNET,SCALE_FREE,600,0,PERCENTILE_150,930,0.48387096774194,-0.055881535569627,-51.969828079753,-0.18806451612901,-174.89999999998,0.8821284927548,75.544092763459,484,446,0,0,930,-0.027991576940372,0.099631376627698,-85.50104411617,619.47708387097,1,930,95,0.29361628114062,9,47,1,-0.17608562581159,0.31912493808069,-77.907489604961,True,False,False
ELASTICNET,SCALE_FREE,600,0,PERCENTILE_200,1163,0.47033533963886,-0.076515773626067,-88.987844727116,-0.52519346517625,-610.79999999998,0.83922426434592,117.58141746375,590,573,0,0,1163,-0.048226726503922,0.098040829736792,-119.29986063573,616.31749527085,1,1163,98,0.27975232980686,12,62,1,-0.22193363497697,0.33818445191817,-121.88800653017,True,False,False
ELASTICNET,SCALE_FREE,600,0,PERCENTILE_300,1586,0.47477931904161,-0.080826872482563,-128.19141975735,-0.46349306431272,-735.09999999997,0.82852349329933,143.88759820575,773,813,0,0,1586,-0.051641500421234,0.097034080599655,-154.17657095325,619.62016645649,1,1586,99,0.24165504723111,11,91,0,-0.24259804739952,0.36917915442453,-174.47941984661,True,False,False
ELASTICNET,SCALE_FREE,600,0,PERCENTILE_500,2345,0.463539445629,-0.10018578047265,-234.93565520836,-0.60571428571427,-1420.4,0.7862125955934,238.27675696849,1098,1247,0,0,2345,-0.069813178626031,0.098200192810074,-264.28396463762,618.84601577825,1,2345,104,0.19196394483783,13,183,0,-0.16220713876302,0.42755185323287,-306.15940653868,True,False,False
ELASTICNET,SCALE_FREE,600,0,ROLLING_100,626,0.49680511182109,-0.093266212066907,-58.384648753884,-0.4658146964856,-291.59999999999,0.80971549902004,75.400137752981,312,314,0,0,626,-0.064579043965377,0.13213409328972,-85.954582951238,613.32209744409,1,626,86,0.34473785007892,9,38,1,-0.38317470236077,0.35433320885449,-76.342815985442,True,False,False
ELASTICNET,SCALE_FREE,600,0,ROLLING_150,867,0.47866205305652,-0.061244391542752,-53.098887467566,-0.29596309111879,-256.59999999999,0.87236222083116,71.245420602676,432,435,0,0,867,-0.032167133536992,0.10576700219696,-86.630103503983,614.35375432526,1,867,94,0.31579147000888,9,58,1,-0.17088147496339,0.35353172784693,-78.30887015856,True,False,False
ELASTICNET,SCALE_FREE,600,0,ROLLING_200,1113,0.47259658580413,-0.093722877121452,-104.31356223618,-0.56711590296496,-631.2,0.806955586214,114.34249326151,545,568,0,0,1113,-0.064334499084207,0.12195235025026,-134.62557814479,617.13511859838,1,1113,96,0.29060132823023,10,75,0,-0.22898112885901,0.36875673763529,-137.02282699163,True,False,False
ELASTICNET,SCALE_FREE,600,0,ROLLING_300,1516,0.46965699208443,-0.10448880781371,-158.40503264559,-0.5924142480211,-898.09999999999,0.78449655570032,174.10121109399,737,779,0,0,1516,-0.074577739264806,0.10885340181449,-184.39018384149,618.65419327177,1,1516,98,0.25142911627126,9,108,0,-0.24324225200724,0.40488312175962,-203.75021256573,True,False,False
ELASTICNET,SCALE_FREE,600,0,ROLLING_500,2256,0.46852836879433,-0.077195556224528,-174.15317484253,-0.45234929078013,-1020.5,0.83300017847418,178.29480448831,1071,1185,0,0,2256,-0.046589098968152,0.10623868908823,-200.98294938846,617.19617065603,1,2256,104,0.19871690838701,16,191,0,-0.13612700046522,0.43830497073481,-243.20134241292,True,False,False
ELASTICNET,SCALE_FREE,600,0,ZERO,3126,0.45777351247601,-0.094225564803781,-294.54911557662,-0.61567498400511,-1924.6,0.79903547828655,312.92470834335,1471,1655,0,0,3126,-0.062074323972393,0.10742313997644,-326.58081922212,722.10082053743,1,3126,101,0.15041334343133,19,106,0,-0.17375430960928,0.46539128425919,-395.05389441554,True,False,False
ELASTICNET,SCALE_FREE,600,25,FREQUENCY_100,652,0.47699386503067,-0.074489071655497,-48.566874719384,-0.42638036809812,-277.99999999997,0.85716909761175,67.577200232405,250,402,0,0,652,-0.042992760380598,0.12334370664624,-78.878890628001,627.82889263804,1,652,95,0.32166983817095,8,44,1,-0.25933143223192,0.3141903961198,-69.102469670618,True,False,False
ELASTICNET,SCALE_FREE,600,25,FREQUENCY_150,952,0.47689075630252,-0.090870166334475,-86.50839835042,-0.62268907563023,-592.79999999998,0.82387808460583,95.487525220612,385,567,0,0,952,-0.059346898630087,0.10714896023419,-116.82041425904,623.62745273109,1,952,97,0.27243476418712,11,62,0,-0.21703923407079,0.33959734678036,-116.518549205,True,False,False
ELASTICNET,SCALE_FREE,600,25,FREQUENCY_200,1243,0.45937248592116,-0.11924694390618,-148.22395127538,-0.73515687851967,-913.79999999995,0.77023104540287,154.40684122539,490,753,0,0,1243,-0.086860393883298,0.084557735978534,-174.20910247128,624.85297345133,1,1243,98,0.23908690669998,10,80,0,-0.23401737981898,0.35143964380481,-188.48043295382,True,False,False
ELASTICNET,SCALE_FREE,600,25,FREQUENCY_300,1850,0.46108108108108,-0.10214981969265,-188.9771664314,-0.58189189189185,-1076.4999999999,0.78953836491201,188.9771664314,737,1113,0,0,1850,-0.069929805069063,0.11295539523464,-218.92269731362,621.44161351351,1,1850,103,0.18733614727342,9,176,0,-0.1801035903821,0.39477578302258,-248.58419348504,True,False,False
ELASTICNET,SCALE_FREE,600,25,FREQUENCY_500,2915,0.46140651801029,-0.079257911375387,-231.03681165925,-0.51873070325899,-1512.1,0.83209024961892,233.66775820496,1200,1715,0,0,2915,-0.045927731885583,0.075389851411156,-264.63654903424,677.92668233276,1,2915,105,0.11957550833653,11,282,0,-0.1004805057401,0.42024793116646,-328.19428487203,True,False,False
ELASTICNET,SCALE_FREE,600,25,PERCENTILE_100,546,0.49084249084249,-0.083387107988805,-45.529360961887,-0.40091575091574,-218.9,0.83990662366817,62.456246966009,213,333,0,0,546,-0.052333221754885,0.12460063244399,-73.292831936586,629.83552380952,1,546,91,0.32054657927891,8,36,1,-0.31747075107829,0.32037720882386,-62.484782845608,True,False,False
ELASTICNET,SCALE_FREE,600,25,PERCENTILE_150,779,0.46726572528883,-0.082298972994216,-64.110899962494,-0.61604621309367,-479.89999999997,0.84176590961163,82.275413568386,313,466,0,0,779,-0.050710203184888,0.10903620792034,-94.422915871111,624.21476123235,1,779,97,0.29780070147635,9,51,1,-0.20664811149599,0.31047946121086,-88.718551643961,True,False,False
ELASTICNET,SCALE_FREE,600,25,PERCENTILE_200,1024,0.478515625,-0.077898891191497,-79.768464580093,-0.52558593749997,-538.19999999997,0.84777695570443,89.857555910813,416,608,0,0,1024,-0.046253688163231,0.10200327700166,-110.08048048871,622.57135546875,1,1024,97,0.26709466467095,8,66,0,-0.18404368851918,0.34172021548721,-112.17315248104,True,False,False
ELASTICNET,SCALE_FREE,600,25,PERCENTILE_300,1430,0.46643356643357,-0.10298503606573,-147.26860157399,-0.64055944055939,-915.99999999993,0.792082191569,150.33355735962,572,858,0,0,1430,-0.070649068916903,0.10271859267734,-173.25375276989,623.0708972028,1,1430,98,0.22136435184419,8,103,0,-0.16609775980736,0.37584955625129,-193.50903459682,True,False,False
ELASTICNET,SCALE_FREE,600,25,PERCENTILE_500,2150,0.45627906976744,-0.093622789788346,-201.28899804494,-0.56934883720927,-1224.0999999999,0.80450166562665,201.28899804494,852,1298,0,0,2150,-0.061009963912208,0.094992099702296,-232.57067201057,619.02830697674,1,2150,103,0.16901094804659,9,191,0,-0.13957511285904,0.41468515044446,-271.40657367864,True,False,False
ELASTICNET,SCALE_FREE,600,25,ROLLING_100,559,0.4865831842576,-0.039157071028898,-21.888802705154,-0.052057245080474,-29.099999999985,0.92185112198258,44.328625730092,209,350,0,0,559,-0.0062962754489911,0.10738186951703,-51.473624848359,616.82544186047,1,559,87,0.32386596261173,8,47,2,-0.27253441937596,0.3474022772622,-40.257987434322,True,False,False
ELASTICNET,SCALE_FREE,600,25,ROLLING_150,809,0.47095179233622,-0.10195784466005,-82.483896329978,-0.67144622991347,-543.19999999999,0.80515600536439,87.188538805637,312,497,0,0,809,-0.069531919040179,0.1159058366053,-112.7959122386,621.90779728059,1,809,94,0.29048815086167,8,67,0,-0.24833579129092,0.34973271205109,-108.71647015645,True,False,False
ELASTICNET,SCALE_FREE,600,25,ROLLING_200,1025,0.46829268292683,-0.11434540159055,-117.20403663031,-0.75453658536582,-773.39999999997,0.7798849944382,120.39332660603,400,625,0,0,1025,-0.081457721234483,0.1199852867503,-143.18918782621,619.2291004878,1,1025,96,0.26721146321231,8,82,0,-0.23650139988325,0.37284267123556,-150.91390899528,True,False,False
ELASTICNET,SCALE_FREE,600,25,ROLLING_300,1444,0.46468144044321,-0.10520069877378,-151.90980902933,-0.58587257617725,-845.99999999996,0.7878585687035,152.50872762604,579,865,0,0,1444,-0.072399047196497,0.12882371817343,-177.89496022523,622.28331855956,1,1444,102,0.21983330393446,11,144,0,-0.17941116854842,0.40769454306655,-199.27539390692,True,False,False
ELASTICNET,SCALE_FREE,600,25,ROLLING_500,2183,0.46449839670179,-0.072289798336323,-157.80862976819,-0.37237746220792,-812.89999999989,0.84643472259373,158.53190708739,881,1302,0,0,2183,-0.039469600911485,0.093613551395676,-189.09030373382,620.28014887769,1,2183,103,0.16593336117444,9,212,0,-0.12700577511339,0.42528280992458,-229.45512074661,True,False,False
ELASTICNET,SCALE_FREE,600,25,ZERO,2462,0.45653939886271,-0.090302868798442,-222.32566298176,-0.64853777416733,-1596.7,0.81152030294891,234.18521854171,1027,1435,0,0,2462,-0.055994258798918,0.082828125550056,-253.51699818312,684.32155158408,1,2462,99,0.14857786910986,9,96,0,-0.1704818429195,0.43085717513008,-306.79346080059,True,False,False
ELASTICNET,SCALE_FREE,600,50,FREQUENCY_100,621,0.46054750402576,-0.09371184842484,-58.195057871825,-0.77246376811596,-479.70000000001,0.83259768775289,73.434916255404,229,392,0,0,621,-0.059788980341498,0.11218421867338,-88.507073780442,623.4420273752,1,621,95,0.29706622408863,10,48,1,-0.21741070833665,0.32643099272518,-79.261158951581,True,False,False
ELASTICNET,SCALE_FREE,600,50,FREQUENCY_150,926,0.46112311015119,-0.12643327580092,-117.07721339165,-0.92311015118788,-854.79999999998,0.76687177269294,123.78191751626,336,590,0,0,926,-0.092493177646707,0.13012408028978,-143.06236458755,626.14861231102,1,926,96,0.23972725592103,10,78,0,-0.24920188924446,0.31091606234943,-148.50574428245,True,False,False
ELASTICNET,SCALE_FREE,600,50,FREQUENCY_200,1189,0.45416316232128,-0.13534915092402,-160.93014044866,-0.90201850294364,-1072.5,0.74551192799381,164.80416933745,451,738,0,0,1189,-0.10138891128314,0.11158348574789,-187.75991499459,627.40526576955,1,1189,100,0.20554386115191,9,103,0,-0.23501730498631,0.34901834404064,-201.30886538167,True,False,False
ELASTICNET,SCALE_FREE,600,50,FREQUENCY_300,1785,0.44593837535014,-0.12594344337878,-224.80904643112,-0.79658263305321,-1421.9,0.75983607073542,234.04629046539,690,1095,0,0,1785,-0.090925858265996,0.14329046053788,-251.63882097705,623.36192885154,1,1785,103,0.14943020005887,9,171,0,-0.18629929327589,0.37649779320222,-287.31543585744,True,False,False
ELASTICNET,SCALE_FREE,600,50,FREQUENCY_500,2842,0.45636875439831,-0.12309623637417,-349.8395037754,-0.69838142153413,-1984.8,0.7583179821366,359.72367398407,1176,1666,0,0,2842,-0.085654050807438,0.07858289539082,-377.34120481648,616.24728712175,1,2842,105,0.058211927351094,14,304,0,-0.18477777916585,0.37941449618778,-456.25019515605,True,False,False
ELASTICNET,SCALE_FREE,600,50,PERCENTILE_100,489,0.46830265848671,-0.082503066035402,-40.343999291311,-0.58179959100208,-284.50000000002,0.85212949083852,57.013700452208,174,315,0,0,489,-0.048524610572055,0.1165244636432,-73.875215327728,628.07865644172,1,489,92,0.31724118424758,8,41,2,-0.30975026516109,0.34371640645125,-56.959464012888,True,False,False
ELASTICNET,SCALE_FREE,600,50,PERCENTILE_150,744,0.46908602150538,-0.095224270500082,-70.846857252061,-0.72809139784947,-541.7,0.82861319238171,79.666789361473,274,470,0,0,744,-0.061537203361948,0.10157242911009,-101.15887316068,628.56140591398,1,744,96,0.26918054422718,9,56,0,-0.25539486647878,0.30692104978106,-95.910035202834,True,False,False
ELASTICNET,SCALE_FREE,600,50,PERCENTILE_200,970,0.46185567010309,-0.13491753137584,-130.87000543457,-0.96175257731956,-932.89999999998,0.75327147144896,137.11337174976,358,612,0,0,970,-0.10076557324698,0.12124235233795,-156.85515663047,626.64971958763,1,970,97,0.23257129176495,10,72,0,-0.27708827032193,0.31192343706138,-163.99740481956,True,False,False
ELASTICNET,SCALE_FREE,600,50,PERCENTILE_300,1358,0.4499263622975,-0.12266822165869,-166.5834450125,-0.81561119293078,-1107.6,0.76391727843307,169.95912140868,506,852,0,0,1358,-0.088265367048628,0.11427731638975,-194.85080945553,626.1371443299,1,1358,102,0.18771565484365,9,130,0,-0.22919889580195,0.3483306051453,-213.30252157296,True,False,False
ELASTICNET,SCALE_FREE,600,50,PERCENTILE_500,2037,0.44968090328915,-0.12758515563032,-259.89096201896,-0.83058419243986,-1691.9,0.75431653633619,262.61812122395,787,1250,0,0,2037,-0.092087955017717,0.11612964662302,-286.72073656488,620.73919194894,1,2037,103,0.12637476075874,10,200,0,-0.19786941609196,0.35724900035258,-332.19875966682,True,False,False
ELASTICNET,SCALE_FREE,600,50,ROLLING_100,594,0.46296296296296,-0.12516341812653,-74.34707036716,-0.86784511784515,-515.50000000002,0.78100971411478,74.677441652024,208,386,0,0,594,-0.090597487442525,0.13694925459742,-104.65908627578,625.39068013468,1,594,91,0.29278496768324,11,59,0,-0.3604088568727,0.29666800003406,-94.879233193459,True,False,False
ELASTICNET,SCALE_FREE,600,50,ROLLING_150,827,0.453446191052,-0.16075893182242,-132.94763661714,-1.1216444981862,-927.6,0.71927528958458,142.13493336469,297,530,0,0,827,-0.12602927367177,0.14508291938822,-158.93278781304,624.35277025393,1,827,95,0.25198278585133,10,85,0,-0.25983918041234,0.31841816450123,-161.66906390773,True,False,False
ELASTICNET,SCALE_FREE,600,50,ROLLING_200,1050,0.45619047619048,-0.14586467345708,-153.15790712993,-0.98438095238095,-1033.6,0.73186982320376,158.07753533507,393,657,0,0,1050,-0.11123087041204,0.12538875588901,-179.14305832583,625.14502,1,1050,100,0.22058349247213,9,116,0,-0.22356091796302,0.35163756998541,-189.52340032722,True,False,False
ELASTICNET,SCALE_FREE,600,50,ROLLING_300,1449,0.45272601794341,-0.12191566697525,-176.65580144713,-0.7567977915804,-1096.6,0.76758073585831,179.2571424973,540,909,0,0,1449,-0.087051945746104,0.10791847310374,-203.48557599306,620.91248930297,1,1449,102,0.17785919920917,9,165,0,-0.19432090541421,0.38183076822912,-227.17333350816,True,False,False
ELASTICNET,SCALE_FREE,600,50,ROLLING_500,2139,0.45021037868163,-0.12028911215489,-257.2984108993,-0.73824216923796,-1579.1,0.76493634494205,260.61618320106,833,1306,0,0,2139,-0.084611432186134,0.11710785579238,-284.80011194039,622.1980172978,1,2139,104,0.11576329802396,12,247,0,-0.19090538007906,0.38160835507302,-333.61296835246,True,False,False
ELASTICNET,SCALE_FREE,600,50,ZERO,1764,0.45578231292517,-0.10677346359712,-188.34838978532,-0.70742630385487,-1247.9,0.79011974460832,201.16002766176,694,1070,0,0,1764,-0.070305605869104,0.10715410740239,-215.17816433125,617.56755328798,1,1764,98,0.15042744118706,10,82,0,-0.24300943984274,0.36349417036106,-252.67769081755,True,False,False
ELASTICNET,SCALE_FREE,900,0,FREQUENCY_100,830,0.49397590361446,-0.05266251867341,-43.70989049893,-0.14939759036145,-124.00000000001,0.9040366915601,63.632797597882,426,404,0,0,830,-0.025770768307775,0.1268656211143,-77.249584790998,1126.653126506,1,830,97,0.37923792696818,8,74,1,-0.23103859737875,0.36137371092317,-66.030043302407,True,False,False
ELASTICNET,SCALE_FREE,900,0,FREQUENCY_150,1089,0.48393021120294,-0.088573863229135,-96.456937056528,-0.28512396694215,-310.5,0.84060273296171,105.25884247436,528,561,0,0,1089,-0.060034597995356,0.12668899591321,-129.37725316928,1075.4766271809,1,1089,99,0.3688437759834,9,74,0,-0.23173955651877,0.3924213933202,-127.53619689611,True,False,False
ELASTICNET,SCALE_FREE,900,0,FREQUENCY_200,1343,0.47505584512286,-0.099620692485893,-133.79059000855,-0.38220402084884,-513.3,0.82102440597704,139.89725127165,652,691,0,0,1343,-0.070389137967033,0.11243895096218,-166.25998637111,1046.0598145942,1,1343,99,0.34012510858448,10,96,0,-0.20509594526008,0.4141647978958,-173.04856772738,True,False,False
ELASTICNET,SCALE_FREE,900,0,FREQUENCY_300,1949,0.47562852744997,-0.089691317121598,-174.80837706999,-0.49620318111851,-967.09999999997,0.83358095106608,195.61008852044,922,1027,0,0,1949,-0.058848780324418,0.094466390338275,-214.08244834734,1006.1587809133,1,1949,104,0.28230147551133,13,175,0,-0.21461487586745,0.42675913232131,-234.9204812877,True,False,False
ELASTICNET,SCALE_FREE,900,0,FREQUENCY_500,3021,0.47864945382324,-0.083006503571358,-250.76264728907,-0.4712677921218,-1423.7,0.84715085638474,269.71521289817,1398,1623,0,0,3021,-0.051514451735799,0.092303968971208,-293.29499046501,1089.3700850712,1,3021,104,0.19752779934008,14,314,0,-0.1978469944967,0.49294334075273,-345.90013588429,True,False,False
ELASTICNET,SCALE_FREE,900,0,PERCENTILE_100,664,0.49849397590361,-0.075263939588477,-49.975255886749,-0.32816265060242,-217.9,0.86458702492415,61.424520776314,335,329,0,0,664,-0.048417461708068,0.07518257493478,-74.453213376571,1178.1119186747,1,664,93,0.40565234690442,9,33,1,-0.36899718585931,0.36333335924984,-67.80131719934,True,False,False
ELASTICNET,SCALE_FREE,900,0,PERCENTILE_150,943,0.48992576882291,-0.070711577937846,-66.681017995389,-0.10275715800636,-96.9,0.87432690616449,93.645888272977,463,480,0,0,943,-0.042773319039792,0.12253581172496,-100.22071228746,1099.4770360551,1,943,99,0.37156164329981,8,62,1,-0.24497454080749,0.39185497888414,-93.026796136254,True,False,False
ELASTICNET,SCALE_FREE,900,0,PERCENTILE_200,1152,0.48350694444444,-0.085884806381778,-98.939296951808,-0.27951388888888,-321.99999999999,0.8432435363742,107.73404091943,564,588,0,0,1152,-0.057508139490545,0.10559734346932,-131.85961306456,1067.4130833333,1,1152,99,0.3575335970996,10,78,0,-0.20292910588838,0.40634185463979,-131.62921721051,True,False,False
ELASTICNET,SCALE_FREE,900,0,PERCENTILE_300,1553,0.47907276239536,-0.091931001559066,-142.76884542123,-0.45267224726333,-702.99999999995,0.83225142131096,146.89287810364,749,804,0,0,1553,-0.062100135816574,0.11214099172597,-176.41845039062,1026.7561468126,1,1553,99,0.32239838907823,9,110,0,-0.24780462468419,0.4173518597395,-189.09617991932,True,False,False
ELASTICNET,SCALE_FREE,900,0,PERCENTILE_500,2188,0.47760511882998,-0.087761367681014,-192.02187248606,-0.46329981718465,-1013.7,0.83738997495283,208.31174200538,1036,1152,0,0,2188,-0.056489750774604,0.082738537892875,-231.29594376341,1074.5410278793,1,2188,104,0.26162423671799,12,172,0,-0.20848803380849,0.42162883731477,-260.44417027728,True,False,False
ELASTICNET,SCALE_FREE,900,0,ROLLING_100,608,0.49671052631579,-0.092042976590262,-55.96212976688,-0.44802631578944,-272.39999999998,0.8400542733739,78.516546177587,288,320,0,0,608,-0.063294533569793,0.093242102970584,-82.020912746623,1196.4627911184,1,608,90,0.44628107065722,9,37,1,-0.33914768108171,0.38060665066735,-73.441183123325,True,False,False
ELASTICNET,SCALE_FREE,900,0,ROLLING_150,869,0.48561565017261,-0.097604414243382,-84.818235977499,-0.27514384349828,-239.1,0.82838016262389,105.88613222136,414,455,0,0,869,-0.06882122641151,0.076227739872648,-112.8041185903,1116.1824188723,1,869,96,0.40064745041773,9,68,1,-0.19044437851806,0.40384056317875,-109.8308262034,True,False,False
ELASTICNET,SCALE_FREE,900,0,ROLLING_200,1080,0.49444444444444,-0.096769595740884,-104.51116340015,-0.20777777777779,-224.40000000001,0.82420412219751,120.74533080407,508,572,0,0,1080,-0.067172748355317,0.089500676277721,-130.24011742706,1076.1753601852,1,1080,97,0.37925960070006,9,83,0,-0.2198700708462,0.43362018354921,-136.47575857657,True,False,False
ELASTICNET,SCALE_FREE,900,0,ROLLING_300,1472,0.47758152173913,-0.10305544781414,-151.69761918241,-0.51956521739127,-764.79999999995,0.81467063558555,156.68929887917,680,792,0,0,1472,-0.07230459166313,0.11253867312881,-184.16701554496,1032.9187697011,1,1472,102,0.33331179296806,9,125,1,-0.25095605171765,0.42419272197087,-196.96287943669,True,False,False
ELASTICNET,SCALE_FREE,900,0,ROLLING_500,2096,0.47709923664122,-0.088329760333239,-185.13917765847,-0.52266221374045,-1095.5,0.83858794436836,202.27830394154,956,1140,0,0,2096,-0.05677069875099,0.063609372577954,-224.75630060381,1081.3096793893,1,2096,104,0.27012076621897,13,184,0,-0.18752675524344,0.45843004273107,-251.28697073486,True,False,False
ELASTICNET,SCALE_FREE,900,0,ZERO,3172,0.47446406052963,-0.077127056975485,-244.64702472624,-0.43048549810846,-1365.5,0.85714492507227,267.05884059665,1531,1641,0,0,3172,-0.045790689381613,0.066047583335055,-287.57540682577,1130.0116343001,1,3172,104,0.18395398093265,14,170,0,-0.21548948679388,0.53411730780144,-344.045982734,True,False,False
ELASTICNET,SCALE_FREE,900,25,FREQUENCY_100,598,0.5066889632107,-0.058686069045258,-35.094269289064,-0.16755852842812,-100.20000000001,0.89946182837068,61.861299058136,199,399,0,0,598,-0.026761259244666,0.068005491929312,-61.300526600955,926.46093143813,1,598,97,0.38226099678382,7,59,1,-0.12361592887554,0.37253743280227,-54.185305549819,True,False,False
ELASTICNET,SCALE_FREE,900,25,FREQUENCY_150,888,0.48085585585586,-0.10266112857536,-91.163082174924,-0.59617117117121,-529.40000000003,0.81972183996039,103.68720668829,320,568,0,0,888,-0.069950915204009,0.07593845711722,-115.55317740565,926.08298648649,1,888,99,0.36312719264046,6,81,0,-0.14218903833909,0.39062092040718,-120.20975164869,True,False,False
ELASTICNET,SCALE_FREE,900,25,FREQUENCY_200,1176,0.48639455782313,-0.078527370228011,-92.348187388141,-0.49353741496597,-580.39999999998,0.85771005072677,102.79423929604,435,741,0,0,1176,-0.044766076673089,0.077223387149792,-119.71475824759,922.35696003401,1,1176,99,0.31991237697854,9,106,0,-0.13064702504852,0.38291006819963,-132.05146860873,True,False,False
ELASTICNET,SCALE_FREE,900,25,FREQUENCY_300,1738,0.48043728423475,-0.073122670337387,-127.08720104638,-0.44666283084005,-776.30000000001,0.86641511958676,141.70576309143,689,1049,0,0,1738,-0.039036081850552,0.092449638172751,-165.92370139793,1021.1042813579,1,1738,103,0.25130139852592,12,172,1,-0.20504484516266,0.40061585289914,-186.3296918365,True,False,False
ELASTICNET,SCALE_FREE,900,25,FREQUENCY_500,2807,0.48058425365159,-0.049103754568317,-137.83423907327,-0.23573209832561,-661.7,0.90954309937014,168.85910016155,1185,1622,0,0,2807,-0.014979385361856,0.056220978147941,-178.60257861938,1041.1479775561,1,2807,104,0.15148658711766,12,328,1,-0.15338145023793,0.47145222691322,-233.6213434358,True,False,False
ELASTICNET,SCALE_FREE,900,25,PERCENTILE_100,514,0.50583657587549,-0.050643229194517,-26.030619805982,-0.083073929961107,-42.700000000009,0.91478346858291,48.505575886245,170,344,0,0,514,-0.018455639636909,0.074309556585416,-53.402092339567,929.44940661479,1,514,94,0.40758939161507,7,48,2,-0.12413942046371,0.34743799358842,-42.575040838593,True,False,False
ELASTICNET,SCALE_FREE,900,25,PERCENTILE_150,748,0.48262032085561,-0.095970997375029,-71.786306036522,-0.51844919786099,-387.80000000002,0.83505529747326,90.814577004626,263,485,0,0,748,-0.063819929200094,0.064088029228784,-99.772188649324,929.03549197861,1,748,99,0.37873190867734,6,72,1,-0.15301871687234,0.35952253820154,-95.835305031373,True,False,False
ELASTICNET,SCALE_FREE,900,25,PERCENTILE_200,940,0.48191489361702,-0.10411690442584,-97.869890160291,-0.6367021276596,-598.50000000002,0.81592221416507,105.35696534491,351,589,0,0,940,-0.07137134187307,0.082318168440027,-122.11791049669,925.12567340426,1,940,99,0.35603188362584,7,85,0,-0.15396365130696,0.39340026438316,-128.6507189599,True,False,False
ELASTICNET,SCALE_FREE,900,25,PERCENTILE_300,1333,0.48462115528882,-0.07289369658502,-97.167297547832,-0.44448612153039,-592.50000000001,0.86358520528214,106.03652502928,506,827,0,0,1333,-0.038729109678941,0.091913331324708,-127.21487856224,922.02938409602,1,1333,101,0.29695783684519,10,125,0,-0.13808655304733,0.37183859713431,-142.70869189364,True,False,False
ELASTICNET,SCALE_FREE,900,25,PERCENTILE_500,1933,0.48111743404035,-0.0730521779067,-141.20985989365,-0.4268494568029,-825.10000000001,0.86748832809956,160.63219259347,785,1148,0,0,1933,-0.038747390574423,0.081801802237863,-180.0463602452,1009.0969306777,1,1933,103,0.23152456805453,13,186,1,-0.22843450842135,0.41700799394708,-207.52101380694,True,False,False
ELASTICNET,SCALE_FREE,900,25,ROLLING_100,533,0.50844277673546,-0.062950760729842,-33.552755469006,-0.10694183864916,-57.000000000003,0.89339342419278,59.235470964342,172,361,0,0,533,-0.029669083156077,0.079626660100144,-60.924228002591,926.54840525328,1,533,93,0.42315592285311,7,57,2,-0.13727993067901,0.37065864682742,-51.291889615823,True,False,False
ELASTICNET,SCALE_FREE,900,25,ROLLING_150,758,0.49208443271768,-0.085124081558661,-64.524053821465,-0.33007915567285,-250.20000000002,0.85150892946072,84.627136089734,255,503,0,0,758,-0.051909795250735,0.063239365891631,-91.276148175737,924.17127968338,1,758,97,0.3856162684484,6,81,1,-0.1306571719951,0.38916439277155,-89.700482842873,True,False,False
ELASTICNET,SCALE_FREE,900,25,ROLLING_200,971,0.4778578784758,-0.102702371763,-99.724002981877,-0.59011328527292,-573.00000000001,0.82082083654962,103.03060615477,329,642,0,0,971,-0.068935428093739,0.089743576560625,-124.9286073191,922.08839855819,1,971,99,0.35097203734495,9,107,0,-0.19136628832954,0.42243640838368,-132.51170528473,True,False,False
ELASTICNET,SCALE_FREE,900,25,ROLLING_300,1334,0.48500749625187,-0.096226330877353,-128.36592539039,-0.54107946026987,-721.8,0.82754889259465,138.93472003178,502,832,0,0,1334,-0.061637429124214,0.07176365721301,-153.83376471303,922.73184707646,1,1334,102,0.29845318962501,10,154,0,-0.23035828948844,0.40191740631458,-174.50752032908,True,False,False
ELASTICNET,SCALE_FREE,900,25,ROLLING_500,1964,0.4847250509165,-0.065416496920309,-128.47799995149,-0.32550916496945,-639.3,0.88040456348697,149.38021787301,780,1184,0,0,1964,-0.030876061133494,0.082494483327438,-167.31450030304,1099.85974389,1,1964,103,0.22835201872347,14,221,2,-0.21239985060361,0.43907540752053,-196.31541583679,True,False,False
ELASTICNET,SCALE_FREE,900,25,ZERO,2453,0.47778230737872,-0.049221951962736,-120.74144816459,-0.24985731757033,-612.90000000002,0.90918480577197,163.15045157956,1051,1402,0,0,2453,-0.01492468754746,0.066800236440821,-161.50978771071,1057.3968899307,1,2453,103,0.17921007813666,13,161,1,-0.22914577696582,0.47007822910135,-204.87263777526,True,False,False
ELASTICNET,SCALE_FREE,900,50,FREQUENCY_100,594,0.46969696969697,-0.12800238920286,-76.033419186497,-0.74680134680139,-443.60000000003,0.79632167408553,90.545889615941,184,410,0,0,594,-0.093261413385919,0.068253268884599,-102.78551354077,929.93337710438,1,594,98,0.37606433211164,8,58,0,-0.19817210689363,0.35262993772444,-96.669558821757,True,False,False
ELASTICNET,SCALE_FREE,900,50,FREQUENCY_150,897,0.4659977703456,-0.11927459025262,-106.9893074566,-0.77369007803792,-694.00000000001,0.80245142384475,123.30394153548,294,603,0,0,897,-0.08330231930371,0.067758040029953,-134.56450953691,924.84386176143,1,897,100,0.31090255694447,9,91,0,-0.21191151646264,0.33527794943029,-139.25643449777,True,False,False
ELASTICNET,SCALE_FREE,900,50,FREQUENCY_200,1145,0.46113537117904,-0.13482361831643,-154.37304297231,-0.8203493449782,-939.30000000004,0.77581648709414,168.70711485261,400,745,0,0,1145,-0.098432569059152,0.07086575618725,-181.94824505263,1074.4000052402,1,1145,102,0.26786515234916,9,127,1,-0.25478925993011,0.35089926993691,-196.0407943719,True,False,False
ELASTICNET,SCALE_FREE,900,50,FREQUENCY_300,1699,0.47969393761036,-0.077467502259433,-131.61728633878,-0.41236021188936,-700.60000000002,0.86733419419982,149.96799671357,645,1054,0,0,1699,-0.040708601818029,0.1275339334274,-164.11365238369,1128.460841083,1,1699,103,0.19566014312596,13,185,0,-0.2369209172396,0.38554522813011,-194.07065818872,True,False,False
ELASTICNET,SCALE_FREE,900,50,FREQUENCY_500,2668,0.46289355322339,-0.12288910022729,-327.86811940641,-0.66675412293852,-1778.9,0.795461266213,339.08314788293,1109,1559,0,0,2668,-0.083864404612835,0.10107992125092,-364.72467738827,1174.1105993253,1,2668,105,0.07184635209518,9,333,0,-0.16191263037351,0.39398514310736,-431.98600730579,True,False,False
ELASTICNET,SCALE_FREE,900,50,PERCENTILE_100,464,0.48491379310345,-0.085021771242433,-39.450101856489,-0.39030172413803,-181.10000000005,0.86573205022491,69.94188930612,137,327,0,0,464,-0.050569263348287,0.079793712547874,-67.53270269402,928.51110991379,1,464,93,0.40136300915125,6,43,2,-0.19879546759042,0.3315803794991,-55.436065519372,True,False,False
ELASTICNET,SCALE_FREE,900,50,PERCENTILE_150,703,0.46657183499289,-0.13467360196074,-94.675542178399,-0.87908961593177,-618.00000000003,0.78038585419278,111.82347890073,228,475,0,0,703,-0.099448973694001,0.082983946335022,-120.08877773649,926.74147652916,1,703,98,0.3591506336981,12,63,0,-0.22878919968319,0.36603102446918,-119.43845584992,True,False,False
ELASTICNET,SCALE_FREE,900,50,PERCENTILE_200,909,0.46974697469747,-0.09299025779334,-84.528144334146,-0.58096809680971,-528.10000000003,0.84006440286367,110.03179741911,298,611,0,0,909,-0.056909852809128,0.062197018620746,-112.10334641446,925.11906380638,1,909,100,0.31149326524957,9,86,1,-0.22584590502125,0.32697811432819,-117.3252324648,True,False,False
ELASTICNET,SCALE_FREE,900,50,PERCENTILE_300,1268,0.46845425867508,-0.12682753852018,-160.81731884359,-0.7862776025237,-997.00000000005,0.78833480889625,171.28995201069,458,810,0,0,1268,-0.090140644013737,0.11273469457631,-189.80386820261,1058.0735867508,1,1268,102,0.25219173425423,11,128,1,-0.28234004199376,0.36097174459222,-207.33630107777,True,False,False
ELASTICNET,SCALE_FREE,900,50,PERCENTILE_500,1860,0.48118279569892,-0.075243345024308,-139.95262174521,-0.45752688172044,-851.00000000001,0.87000538526468,161.79487374262,704,1156,0,0,1860,-0.038592744431727,0.10868906277038,-172.18563935277,1109.1061736559,1,1860,103,0.17355605112581,11,199,1,-0.26755712376916,0.3916326567378,-208.12273884741,True,False,False
ELASTICNET,SCALE_FREE,900,50,ROLLING_100,552,0.47644927536232,-0.12837258717328,-70.861668119648,-0.65670289855078,-362.50000000003,0.79811680745114,88.44322627459,162,390,0,0,552,-0.092973127459674,0.072524276240128,-97.61376247392,925.76894202899,1,552,96,0.38875183779761,6,57,1,-0.19016254569085,0.37374266668419,-90.402169881556,True,False,False
ELASTICNET,SCALE_FREE,900,50,ROLLING_150,778,0.46786632390746,-0.11656730032283,-90.689359651159,-0.7005141388175,-545.00000000002,0.80960515059707,102.13280380153,234,544,0,0,778,-0.080121910411842,0.095767687932268,-116.99053425523,924.47519794344,1,778,100,0.33656449977822,8,78,1,-0.23709523581448,0.35991656974218,-119.0438730019,True,False,False
ELASTICNET,SCALE_FREE,900,50,ROLLING_200,983,0.4587995930824,-0.14913322316533,-146.59795837152,-0.84740590030523,-833.00000000004,0.75933691404401,159.10768788764,327,656,0,0,983,-0.11235489911733,0.08056116739461,-172.99295184499,925.22019735504,1,983,101,0.29593885704734,10,110,0,-0.28235836020622,0.35963206282219,-182.7510509107,True,False,False
ELASTICNET,SCALE_FREE,900,50,ROLLING_300,1332,0.47747747747748,-0.10214871337212,-136.06208621166,-0.66831831831836,-890.20000000006,0.82721501993937,141.55406393862,480,852,0,0,1332,-0.065202879845071,0.11403574628231,-164.72806626142,1055.9790765766,1,1332,103,0.24199552964033,12,157,0,-0.22670062747228,0.37931968932866,-185.27393646969,True,False,False
ELASTICNET,SCALE_FREE,900,50,ROLLING_500,1917,0.47574334898279,-0.057928028916416,-111.04803143277,-0.38502869066249,-738.1,0.89846776009177,139.40962596718,736,1181,0,0,1917,-0.021234033892073,0.10088269320796,-147.94687082341,1101.6731309338,1,1917,103,0.16510028154764,8,228,0,-0.16319221397444,0.39183829411033,-181.39041989444,True,False,False
ELASTICNET,SCALE_FREE,900,50,ZERO,1783,0.47672462142457,-0.068582617792289,-122.28280752365,-0.43774537296693,-780.50000000004,0.88235508231456,152.83588664535,692,1091,0,0,1783,-0.031370976158623,0.10205201603463,-155.18743322186,1113.158258553,1,1783,103,0.1801419256004,12,128,0,-0.25733779324216,0.38053077087229,-188.63116455648,True,False,False
EXTRA_TREES,FULL486,300,0,FREQUENCY_100,431,0.45243619489559,-0.10044165105174,-43.2903516033,-0.21879350348023,-94.299999999977,0.72384382554394,51.713527785328,12,419,0,0,431,-0.0637259629412,0.12322086503253,-55.366919658173,305.58965197216,1,431,82,0.081611911298605,8,16,1,-0.20065777233024,0.45826477455817,-59.114813178943,True,False,False
EXTRA_TREES,FULL486,300,0,FREQUENCY_150,725,0.47448275862069,-0.067926602711721,-49.246786965998,-0.061379310344823,-44.499999999997,0.79992679329391,66.768580093904,57,668,0,0,725,-0.035075656069797,0.066598746593489,-62.122215653383,304.87301793103,1,725,98,0.048642908305394,8,39,1,-0.14001125748201,0.51407283792671,-73.063723281392,True,False,False
EXTRA_TREES,FULL486,300,0,FREQUENCY_200,1068,0.47284644194757,-0.057849498834538,-61.783264755286,-0.15140449438201,-161.69999999998,0.82559664387114,79.341777088633,116,952,0,0,1068,-0.025535694548777,0.091307880941291,-76.364565850088,304.73807490637,1,1068,98,0.033321077482651,8,39,1,-0.1173762609043,0.49834391481252,-96.294407732479,True,False,False
EXTRA_TREES,FULL486,300,0,FREQUENCY_300,1639,0.46308724832215,-0.073166721403737,-119.92025638073,-0.23258084197679,-381.19999999996,0.78588810385375,144.90564774817,269,1370,0,0,1639,-0.042855920585224,0.10291847199642,-150.75867525472,306.54670530811,1,1639,102,0.0092214037145161,11,131,1,-0.10180163131674,0.6217797316228,-169.59965892227,True,False,False
EXTRA_TREES,FULL486,300,0,FREQUENCY_500,2718,0.46063281824871,-0.077239896872189,-209.93803969861,-0.30474613686535,-828.30000000002,0.77415995137567,241.8591700646,595,2123,0,0,2718,-0.04835638448349,0.10089599571741,-241.28979037198,308.65060743194,1,2718,105,-0.017572946628824,12,215,1,-0.11661975001949,0.67420618375551,-288.4434263711,True,False,False
EXTRA_TREES,FULL486,300,0,PERCENTILE_100,429,0.46153846153846,-0.094848528955433,-40.690018921881,-0.27902097902093,-119.69999999998,0.73217614472219,47.250904757563,16,413,0,0,429,-0.0591633799821,0.10494844580211,-51.668232679996,305.73377389277,1,429,87,0.067559777183623,9,23,1,-0.170152704971,0.45433855878843,-55.99894783144,True,False,False
EXTRA_TREES,FULL486,300,0,PERCENTILE_150,651,0.46236559139785,-0.081719939345501,-53.199680513921,-0.19216589861749,-125.09999999998,0.7658071653517,66.804092130005,43,608,0,0,651,-0.048379977050232,0.078605693944199,-66.075109201306,305.19970506912,1,651,94,0.053329941979489,8,32,1,-0.15538500535723,0.49241325864696,-74.903995968142,True,False,False
EXTRA_TREES,FULL486,300,0,PERCENTILE_200,942,0.47027600849257,-0.059341793966388,-55.899969916337,-0.10382165605094,-97.799999999981,0.81966776644371,73.095472796901,92,850,0,0,942,-0.027277924023803,0.098773256506718,-70.382654727224,304.84950318471,1,942,99,0.035618766342601,8,52,2,-0.1469863486943,0.50363620758903,-86.104135402252,True,False,False
EXTRA_TREES,FULL486,300,0,PERCENTILE_300,1429,0.46536039188244,-0.067926202444542,-97.066543293251,-0.27557732680195,-393.79999999999,0.79398425595776,111.89196884231,227,1202,0,0,1429,-0.037562820041399,0.095669865997005,-119.76042820821,305.80981945416,1,1429,102,0.0160690033534,9,100,1,-0.10328014896184,0.56968988980686,-140.45581674734,True,False,False
EXTRA_TREES,FULL486,300,0,PERCENTILE_500,2378,0.46761984861228,-0.071607683037528,-170.28307026324,-0.25370058873003,-603.30000000002,0.79133321008712,203.44768566128,511,1867,0,0,2378,-0.042720298851932,0.11188973858077,-201.63482093661,308.20971656854,1,2378,105,-0.0105108535283,10,206,1,-0.11255788121463,0.66949978102275,-238.97726985659,True,False,False
EXTRA_TREES,FULL486,300,0,ROLLING_100,599,0.47245409015025,-0.080734398480557,-48.359904689854,-0.12470784641066,-74.699999999983,0.76747865779683,56.714223189152,53,546,0,0,599,-0.047929592927439,0.08908788895412,-59.338118447969,305.123918197,1,599,96,0.045956424793201,7,39,1,-0.2516162728287,0.50853376957309,-68.009983216172,True,False,False
EXTRA_TREES,FULL486,300,0,ROLLING_150,897,0.47491638795987,-0.07034533382294,-63.099764439178,-0.21382385730211,-191.79999999999,0.79348310293218,82.073818732755,105,792,0,0,897,-0.039211290517125,0.098653170211631,-76.224705087671,305.70040022297,1,897,100,0.033116876929718,8,65,2,-0.16101179921058,0.53092023087528,-91.027001284494,True,False,False
EXTRA_TREES,FULL486,300,0,ROLLING_200,1205,0.4655601659751,-0.064659294231004,-77.91444954836,-0.2287966804979,-275.69999999997,0.80606289570807,87.940827372709,185,1020,0,0,1205,-0.03458703060656,0.096305548400149,-100.60833446332,305.91760580913,1,1205,100,0.020943587436661,9,88,0,-0.12836479757492,0.5534338597627,-114.15152721581,True,False,False
EXTRA_TREES,FULL486,300,0,ROLLING_300,1767,0.47028862478778,-0.069890098127285,-123.49580339091,-0.21675155631011,-382.99999999997,0.79153792097585,145.20440933079,350,1417,0,0,1767,-0.040708383662896,0.083463279862356,-146.89245751744,307.29493152235,1,1767,102,0.0034734378763488,11,140,1,-0.10616399726785,0.63610605815374,-175.05989284949,True,False,False
EXTRA_TREES,FULL486,300,0,ROLLING_500,2687,0.46148120580573,-0.071562538316841,-192.28854045735,-0.29225902493488,-785.30000000001,0.79089193500343,229.14216178774,613,2074,0,0,2687,-0.043086362600616,0.10110729744057,-226.38398719174,309.42379158913,1,2687,105,-0.017747544230327,12,225,1,-0.11499207364459,0.6661086098972,-268.80402460685,True,False,False
EXTRA_TREES,FULL486,300,0,ZERO,780,0.46410256410256,-0.062225880686705,-48.53618693563,-0.017307692307709,-13.500000000013,0.82255362706962,66.923100911227,22,758,0,0,780,-0.024951351250753,0.15213136256479,-71.060635627937,304.12309487179,1,780,66,0.060771280908308,8,0,0,-0.2220287109357,0.48303026550277,-77.610319895672,True,False,False
EXTRA_TREES,FULL486,300,25,FREQUENCY_100,508,0.4507874015748,-0.12032116493508,-61.123151787019,-0.42086614173229,-213.8,0.68716701520146,74.195493110768,32,476,0,0,508,-0.084480212406524,0.07837184178524,-73.199719841893,306.26243503937,1,508,92,0.051666510613529,11,30,1,-0.22155744127985,0.36779885406188,-79.330355671525,True,False,False
EXTRA_TREES,FULL486,300,25,FREQUENCY_150,790,0.45949367088608,-0.087180728936116,-68.872775859531,-0.24772151898735,-195.70000000001,0.76062292910692,82.71710010896,79,711,0,0,790,-0.052263141698381,0.12070002298585,-83.355460670418,305.43561139241,1,790,92,0.036556694229078,10,30,1,-0.15636283728369,0.37404792720075,-96.457669777342,True,False,False
EXTRA_TREES,FULL486,300,25,FREQUENCY_200,1057,0.46452223273415,-0.075818671587662,-80.140335868159,-0.20719016083253,-218.99999999998,0.78574506308079,100.91319771683,152,905,0,0,1057,-0.042792255394056,0.095609097343415,-102.83422078312,305.87859508042,1,1057,100,0.022892712020793,8,52,2,-0.12650982472685,0.45628954618882,-115.0492577848,True,False,False
EXTRA_TREES,FULL486,300,25,FREQUENCY_300,1632,0.45710784313725,-0.1040421208166,-169.79674117269,-0.36740196078431,-599.59999999999,0.71946573611778,192.56193383497,287,1345,0,0,1632,-0.071532234180456,0.096855315020755,-196.559566773,306.65579595588,1,1632,103,-0.00057391158839543,12,130,1,-0.15585760305253,0.52622126198693,-222.85287616288,True,False,False
EXTRA_TREES,FULL486,300,25,FREQUENCY_500,2787,0.44886975242196,-0.10169126792038,-283.4135636941,-0.40229637603157,-1121.2,0.72871295502877,313.84279053834,641,2146,0,0,2787,-0.070556120421754,0.08563442042257,-315.37051354046,309.80539504844,1,2787,106,-0.03162306656349,13,229,1,-0.21812458873471,0.60016297901164,-370.18721977277,True,False,False
EXTRA_TREES,FULL486,300,25,PERCENTILE_100,426,0.44600938967136,-0.12175643990817,-51.868243400882,-0.38262910798121,-163,0.68775812034413,63.291337843253,18,408,0,0,426,-0.084489817984648,0.11121827172376,-63.944811455756,306.00417840376,1,426,87,0.062363139834709,10,23,1,-0.21093313113279,0.3626753977419,-67.743824340305,True,False,False
EXTRA_TREES,FULL486,300,25,PERCENTILE_150,692,0.45375722543353,-0.09803556763413,-67.840612802818,-0.29291907514452,-202.70000000001,0.73880422238864,85.127891547881,63,629,0,0,692,-0.063016228686916,0.098388831805727,-82.323297613704,306.23146242775,1,692,94,0.041210439641398,11,33,1,-0.17602717391049,0.36979920227076,-92.07399535429,True,False,False
EXTRA_TREES,FULL486,300,25,PERCENTILE_200,936,0.4732905982906,-0.070405237427756,-65.89930223238,-0.19583333333332,-183.29999999999,0.79820214598545,83.950961374324,118,818,0,0,936,-0.036893169401387,0.095597493859317,-80.381987043266,305.64902350427,1,936,100,0.026442281403707,9,54,2,-0.13921503569313,0.409759554476,-97.266597905061,True,False,False
EXTRA_TREES,FULL486,300,25,PERCENTILE_300,1440,0.45555555555556,-0.09388070417235,-135.18821400818,-0.34631944444445,-498.7,0.73756167818235,151.2973814733,266,1174,0,0,1440,-0.062017234029185,0.11234434450358,-158.58486813471,306.88540069444,1,1440,102,0.0057254208169796,10,112,1,-0.14734668375666,0.5239316684711,-181.07161101434,True,False,False
EXTRA_TREES,FULL486,300,25,PERCENTILE_500,2360,0.45423728813559,-0.094794325708246,-223.71460867146,-0.35889830508474,-846.99999999998,0.7389802894591,251.56199304132,529,1831,0,0,2360,-0.064288183599635,0.08105065552372,-252.91596675404,310.49821949153,1,2360,105,-0.021463251071647,13,223,1,-0.16076560714656,0.60132391930627,-295.70910404778,True,False,False
EXTRA_TREES,FULL486,300,25,ROLLING_100,681,0.45374449339207,-0.10375658990974,-70.658237728533,-0.37327459618211,-254.20000000002,0.72055095453472,83.020767703435,79,602,0,0,681,-0.071001235967113,0.08941323217375,-83.048064124811,306.10603817915,1,681,99,0.034289711963785,11,55,1,-0.24945361601927,0.44543310614255,-92.964633763463,True,False,False
EXTRA_TREES,FULL486,300,25,ROLLING_150,1054,0.46394686907021,-0.077733441497293,-81.931047338147,-0.2824478178368,-297.69999999999,0.77911778980523,92.744906444472,181,873,0,0,1054,-0.046639804639837,0.10017579805471,-104.62493225311,306.70652751423,1,1054,100,0.017044273887638,9,87,0,-0.14171184468912,0.48805263430669,-114.70374058591,True,False,False
EXTRA_TREES,FULL486,300,25,ROLLING_200,1365,0.47619047619048,-0.068137566354352,-93.00777807369,-0.20461538461537,-279.29999999998,0.80011858233993,113.95680475077,276,1089,0,0,1365,-0.037547615703321,0.099898276344897,-115.70166298865,307.67725567766,1,1365,102,0.0059112858886319,10,126,1,-0.13128952488436,0.54117490895549,-134.76306071235,True,False,False
EXTRA_TREES,FULL486,300,25,ROLLING_300,1936,0.46694214876033,-0.086370900005931,-167.21406241148,-0.24870867768595,-481.5,0.76008203699752,196.90840514533,433,1503,0,0,1936,-0.055983122128872,0.089116122114043,-193.97688801179,310.15407902893,1,1936,104,-0.01095969226549,12,181,1,-0.15418120589993,0.600246278808,-226.04480038147,True,False,False
EXTRA_TREES,FULL486,300,25,ROLLING_500,2856,0.45553221288515,-0.074986106986233,-214.16032155268,-0.2719537815126,-776.69999999999,0.78851173804051,251.44220342727,690,2166,0,0,2856,-0.044925356752714,0.12408530969487,-247.5349798769,310.73328116247,1,2856,106,-0.03247620125189,11,292,1,-0.1528578788483,0.61544090560922,-300.01382421961,True,False,False
EXTRA_TREES,FULL486,300,25,ZERO,629,0.44356120826709,-0.10435701914148,-65.640565039991,-0.22289348171704,-140.20000000002,0.73454298755156,77.940448403811,20,609,0,0,629,-0.063901049977448,0.13284218050762,-83.25759764222,305.00086486486,1,629,66,0.060501102732144,8,0,0,-0.2220287109357,0.34126141856554,-91.087369644167,True,False,False
EXTRA_TREES,FULL486,300,50,FREQUENCY_100,554,0.44945848375451,-0.12182085968773,-67.488756267003,-0.40938628158843,-226.79999999999,0.69702755852837,75.935527908425,52,502,0,0,554,-0.084370110445305,0.1381983372778,-79.617616843306,307.11443501805,1,554,83,0.041707150049776,11,19,1,-0.28766767397626,0.26062417749093,-88.236471347308,True,False,False
EXTRA_TREES,FULL486,300,50,FREQUENCY_150,818,0.46088019559902,-0.10654838361796,-87.156577799493,-0.41051344743274,-335.79999999998,0.71872720436819,93.553925885103,113,705,0,0,818,-0.070063378226781,0.1286978049639,-99.46897599779,307.44990709046,1,818,96,0.021411365790848,13,47,1,-0.2522833968447,0.31288185090281,-117.00131220948,True,False,False
EXTRA_TREES,FULL486,300,50,FREQUENCY_200,1183,0.44632290786137,-0.1277469621995,-151.12465628201,-0.45240912933221,-535.20000000001,0.67884746884898,167.69786034993,216,967,0,0,1183,-0.091893838635567,0.11269398803187,-176.58903880175,307.61119357566,1,1183,98,0.0022806949037032,11,71,1,-0.19347866499772,0.3861877203184,-193.53890145815,True,False,False
EXTRA_TREES,FULL486,300,50,FREQUENCY_300,1695,0.44778761061947,-0.11112021559598,-188.34876543518,-0.30920353982299,-524.09999999997,0.71682421756167,209.40693125903,344,1351,0,0,1695,-0.075013499845218,0.093045311371338,-217.96326932074,309.78405545723,1,1695,101,-0.020351394807293,11,118,1,-0.18176848996734,0.3960319370033,-249.54964863273,True,False,False
EXTRA_TREES,FULL486,300,50,FREQUENCY_500,3106,0.4307791371539,-0.12497311332217,-388.16648997866,-0.4149388280747,-1288.8,0.68246915011924,402.77900606877,789,2317,0,0,3106,-0.085254675538991,0.12301871592454,-421.92113713328,366.70799323889,1,3106,104,-0.07423984674562,15,260,0,-0.25595342861208,0.34397862644145,-511.53195773322,True,False,False
EXTRA_TREES,FULL486,300,50,PERCENTILE_100,440,0.44545454545455,-0.13944381244484,-61.355277475728,-0.57204545454543,-251.69999999999,0.66894547011302,68.829999903615,33,407,0,0,440,-0.10208849779597,0.11916991485025,-72.747127881503,308.12133863636,1,440,82,0.04916211103456,11,22,1,-0.37371777560375,0.28093307306757,-77.791615921228,True,False,False
EXTRA_TREES,FULL486,300,50,PERCENTILE_150,720,0.46527777777778,-0.10472103719296,-75.399146778931,-0.40152777777775,-289.09999999998,0.72617574117033,84.112524068822,97,623,0,0,720,-0.068591020175817,0.13819247237739,-87.711544977227,307.09371111111,1,720,94,0.027128794397429,11,38,1,-0.25146575820942,0.3128067224874,-101.41275903127,True,False,False
EXTRA_TREES,FULL486,300,50,PERCENTILE_200,976,0.44774590163934,-0.12562083761769,-122.60593751487,-0.45624999999997,-445.29999999997,0.67790715707261,130.655571538,163,813,0,0,976,-0.090059395543865,0.1232279143108,-143.4678542815,307.17703586066,1,976,98,0.011884324166237,14,62,1,-0.24801266259681,0.37378365552087,-157.31390497892,True,False,False
EXTRA_TREES,FULL486,300,50,PERCENTILE_300,1484,0.45619946091644,-0.11529305123045,-171.09488802599,-0.32951482479784,-488.99999999999,0.70600841653806,189.26858531318,302,1182,0,0,1484,-0.08053099914075,0.094492430464225,-196.55927054573,310.21376145553,1,1484,101,-0.011460284854932,11,119,1,-0.22314106639386,0.43397217213728,-222.68177332711,True,False,False
EXTRA_TREES,FULL486,300,50,PERCENTILE_500,2394,0.44736842105263,-0.11048478073762,-264.50056508587,-0.38567251461986,-923.29999999996,0.71787867925524,285.67383064092,551,1843,0,0,2394,-0.074711848424712,0.097388415715339,-298.25521224048,312.00093567251,1,2394,104,-0.043991241907059,15,233,1,-0.30611967425098,0.4148171811244,-350.14096504298,True,False,False
EXTRA_TREES,FULL486,300,50,ROLLING_100,797,0.4642409033877,-0.096415645897052,-76.84326977995,-0.32685069008781,-260.49999999998,0.74743413894456,82.519303974907,132,665,0,0,797,-0.062543603058459,0.125434342726,-97.70518654658,308.42647051443,1,797,96,0.018578564446288,10,63,1,-0.26329307055131,0.39188381527667,-103.83928792231,True,False,False
EXTRA_TREES,FULL486,300,50,ROLLING_150,1121,0.46119536128457,-0.10685944364876,-119.78943633026,-0.31775200713646,-356.19999999997,0.72200160275234,132.95903567492,229,892,0,0,1121,-0.073001143775777,0.10422608947477,-140.67921133016,309.98194915254,1,1121,100,0.0029478497432721,14,94,1,-0.21940932994567,0.45299082107666,-157.74459048787,True,False,False
EXTRA_TREES,FULL486,300,50,ROLLING_200,1393,0.45800430725054,-0.10742502281745,-149.64305678471,-0.32110552763819,-447.3,0.72210937474664,172.90581704689,297,1096,0,0,1393,-0.073509062307042,0.10336867426892,-175.10743930445,312.39023977028,1,1393,100,-0.0078737722864581,11,122,1,-0.18466639079194,0.47148129780625,-196.88798977571,True,False,False
EXTRA_TREES,FULL486,300,50,ROLLING_300,1835,0.45177111716621,-0.096536780934502,-177.14499301481,-0.29749318801088,-545.89999999996,0.74531370676876,201.59352057734,426,1409,0,0,1835,-0.062862993733312,0.087759273370272,-208.96254378377,312.63025558583,1,1835,103,-0.024282078220644,12,181,1,-0.17351513655596,0.46224636144369,-238.936392529,True,False,False
EXTRA_TREES,FULL486,300,50,ROLLING_500,2629,0.44960060859642,-0.10158458436304,-267.06587229043,-0.30182578927349,-793.49999999999,0.73473912540874,285.35986583677,670,1959,0,0,2629,-0.066486566106874,0.081985305276635,-300.82051944504,313.39225713199,1,2629,104,-0.050094954970812,15,259,0,-0.27294159524327,0.3938586463235,-359.33856228588,True,False,False
EXTRA_TREES,FULL486,300,50,ZERO,484,0.43595041322314,-0.12765958086458,-61.787237138455,-0.36115702479338,-174.8,0.68839213689605,68.884654038353,18,466,0,0,484,-0.08368579863256,0.1739919983674,-77.600159825621,306.34568181818,1,484,62,0.059130863871772,9,0,0,-0.2220287109357,0.26763572633947,-83.070547738751,True,False,False
EXTRA_TREES,FULL486,600,0,FREQUENCY_100,419,0.49164677804296,-0.011429114557524,-4.7887989996025,0.29689737470174,124.40000000003,0.97378845194063,36.420073504365,6,413,0,0,419,0.019501583996095,0.070961762658918,-20.460280470923,613.03363961814,1,419,91,0.07615481432318,7,27,3,-0.17261081523026,0.60797838682256,-17.748761693569,True,False,False
EXTRA_TREES,FULL486,600,0,FREQUENCY_150,767,0.50847457627119,-0.011041334641698,-8.4687036701822,0.022033898305158,16.900000000056,0.97416413570738,33.769526881522,47,720,0,0,767,0.01905536950182,0.061400765510692,-29.261028825409,611.08752933507,1,767,99,0.046280796010879,7,57,1,-0.05065680642828,0.58676863565515,-31.55287574826,True,False,False
EXTRA_TREES,FULL486,600,0,FREQUENCY_200,968,0.49690082644628,-0.013522073373397,-13.089367025448,-0.059814049586751,-57.899999999975,0.96863909970408,39.224903935021,100,868,0,0,968,0.015751948410257,0.070780786275398,-34.957264446494,610.65019938017,1,968,99,0.035053097013357,7,57,2,-0.079749645400426,0.5858008186128,-41.426620112025,True,False,False
EXTRA_TREES,FULL486,600,0,FREQUENCY_300,1584,0.48358585858586,-0.040031553364827,-63.409980529886,-0.25757575757575,-408,0.90874676387255,72.439883033772,284,1300,0,0,1584,-0.010920929371313,0.087141743377761,-90.427489710682,719.03982449495,1,1584,104,0.0090524340486785,7,132,1,-0.1343508175448,0.64552340593481,-109.52120893561,True,False,False
EXTRA_TREES,FULL486,600,0,FREQUENCY_500,2596,0.47342064714946,-0.068689009971712,-178.31666988656,-0.47257318952235,-1226.8,0.8455533370779,195.50820101507,740,1856,0,0,2596,-0.040762245675188,0.079939701547034,-215.882097554,678.95740331279,1,2596,105,-0.019111624431163,10,218,0,-0.1456898211327,0.7098759887992,-250.81455000034,True,False,False
EXTRA_TREES,FULL486,600,0,PERCENTILE_100,430,0.48604651162791,-0.021523026369721,-9.2549013389801,0.023488372093093,10.10000000003,0.94960348735674,40.415068821901,8,422,0,0,430,0.0078133190337558,0.074963022865124,-24.609912305381,618.23096744186,1,430,96,0.067747706804909,7,36,3,-0.12894941707106,0.64007553563759,-21.869529862475,True,False,True
EXTRA_TREES,FULL486,600,0,PERCENTILE_150,645,0.51007751937984,0.0089173037447425,5.7516609153589,0.28186046511636,181.80000000005,1.0213311810138,39.4445957194,27,618,0,0,645,0.038395866453279,0.063393932053533,-15.040664239868,611.27875658915,1,645,99,0.052060550016315,7,50,2,-0.068456203754779,0.61869234385354,-13.262012031647,True,False,False
EXTRA_TREES,FULL486,600,0,PERCENTILE_200,840,0.50238095238095,-0.020983290671579,-17.625964164126,-0.012857142857092,-10.799999999957,0.95150934830909,39.97341568647,66,774,0,0,840,0.0082328014960976,0.057834355744514,-38.418289319353,611.76805714286,1,840,101,0.040143530385837,8,71,1,-0.056223083675804,0.61212182266282,-42.167481584974,True,False,False
EXTRA_TREES,FULL486,600,0,PERCENTILE_300,1288,0.4945652173913,-0.025934587582487,-33.403748806244,-0.14270186335404,-183.80000000001,0.94009404288084,52.58459893419,188,1100,0,0,1288,0.0029189647369651,0.069805878902086,-57.200194993896,611.42502717391,1,1288,104,0.018693337026811,10,112,1,-0.10179328445498,0.63021434968739,-70.567124193698,True,False,False
EXTRA_TREES,FULL486,600,0,PERCENTILE_500,2128,0.47603383458647,-0.070633816162355,-150.30876079349,-0.46743421052632,-994.70000000001,0.84392002593817,160.36597148431,521,1607,0,0,2128,-0.042793615528577,0.087615685070332,-177.41789193461,695.85283881579,1,2128,105,-0.0087897389039995,8,211,0,-0.1839368891517,0.67787469508952,-209.55270774217,True,False,False
EXTRA_TREES,FULL486,600,0,ROLLING_100,561,0.50623885918004,-0.014906269633904,-8.3624172646203,0.27789661319078,155.90000000003,0.96549246811734,38.89180343295,14,547,0,0,561,0.014916005971282,0.082122356934719,-23.717428231021,611.31159180036,1,561,98,0.056434644916531,7,42,2,-0.082875790529187,0.6163059352757,-25.09271387913,True,False,False
EXTRA_TREES,FULL486,600,0,ROLLING_150,790,0.50253164556962,-0.017742196009834,-14.016334847769,0.0031645569620786,2.5000000000421,0.95890427487895,43.226401850594,51,739,0,0,790,0.011394098617618,0.059398002668106,-34.808660002995,612.65573164557,1,790,101,0.040821114502854,7,66,2,-0.070780531099657,0.61757061419155,-37.034007603455,True,False,False
EXTRA_TREES,FULL486,600,0,ROLLING_200,1056,0.49337121212121,-0.032819129737772,-34.657001003087,-0.15331439393937,-161.89999999998,0.9242241172299,56.087458947797,112,944,0,0,1056,-0.0039825452038078,0.068500580353093,-56.074883865343,611.34534280303,1,1056,104,0.027136599807,8,88,2,-0.088811373620887,0.6192418577111,-65.108434270953,True,False,False
EXTRA_TREES,FULL486,600,0,ROLLING_300,1566,0.48659003831418,-0.035941776161605,-56.284821469073,-0.31328224776501,-490.6,0.91752937109157,74.326538415509,286,1280,0,0,1566,-0.0075432127584298,0.072901360018854,-83.302330649869,610.52611621967,1,1566,104,0.0074793721746813,11,139,1,-0.096990209620419,0.65287992427815,-100.75697175845,True,False,False
EXTRA_TREES,FULL486,600,0,ROLLING_500,2397,0.46808510638298,-0.081251671644531,-194.76025693194,-0.55410930329579,-1328.2,0.82216200623688,198.47359117537,625,1772,0,0,2397,-0.05361741250547,0.12830954488126,-230.70020725286,686.72473216521,1,2397,105,-0.015702622456369,8,220,0,-0.18492351226278,0.69505732387516,-260.99957608827,True,False,False
EXTRA_TREES,FULL486,600,0,ZERO,789,0.49683143219265,-0.048893422672823,-38.576910488857,-0.064765525982269,-51.10000000001,0.89291720162359,47.543308077012,93,696,0,0,789,-0.016528517514564,0.10570832724309,-59.011763703922,821.77860202788,1,789,75,0.053886422639513,11,0,2,-0.54393847680302,0.57943236767399,-64.112820658723,True,False,False
EXTRA_TREES,FULL486,600,25,FREQUENCY_100,504,0.49206349206349,-0.068720363002962,-34.635062953493,-0.18015873015864,-90.799999999953,0.8588678459871,51.024427251617,20,484,0,0,504,-0.037574135700357,0.077214981269743,-50.306544424813,613.48251785714,1,504,95,0.052360109170645,7,40,2,-0.19650264689062,0.53126570246837,-50.332761514006,True,False,False
EXTRA_TREES,FULL486,600,25,FREQUENCY_150,724,0.48618784530387,-0.050199026388724,-36.344095105436,-0.14281767955794,-103.39999999995,0.89283862896201,56.853650693327,56,668,0,0,724,-0.018086020569131,0.086768631552945,-53.574162022893,612.93479281768,1,724,96,0.040363968851725,7,40,1,-0.16995228765074,0.50571679315425,-59.593911318821,True,False,False
EXTRA_TREES,FULL486,600,25,FREQUENCY_200,1027,0.49561830574489,-0.032897966287272,-33.786211377028,-0.12716650438169,-130.6,0.92787933881979,52.741324710389,132,895,0,0,1027,-0.0012063294508793,0.07651975231007,-57.073991715994,611.90636027264,1,1027,101,0.021449172440977,10,68,2,-0.20716040477125,0.53504903928337,-66.333522408003,True,False,False
EXTRA_TREES,FULL486,600,25,FREQUENCY_300,1593,0.47583176396736,-0.074766925829761,-119.10371284681,-0.44978028876334,-716.49999999999,0.84131212637676,131.2584398156,331,1262,0,0,1593,-0.044206345670053,0.094523339493444,-144.4150789145,610.38371876962,1,1593,105,-0.0033870508792676,9,129,0,-0.25713133720824,0.58130114460054,-167.78671704122,True,False,False
EXTRA_TREES,FULL486,600,25,FREQUENCY_500,2706,0.45084996304509,-0.10817822427196,-292.73027487994,-0.69305247597931,-1875.4,0.77546969277438,294.93060645861,787,1919,0,0,2706,-0.077710997727348,0.13111114309552,-330.66950447406,616.47276644494,1,2706,105,-0.03824920350217,11,267,0,-0.19966738011594,0.63227624450679,-375.17458990967,True,False,False
EXTRA_TREES,FULL486,600,25,PERCENTILE_100,423,0.47517730496454,-0.073071883643547,-30.90940678122,-0.24326241134741,-102.89999999995,0.84609475849081,54.012089902473,9,414,0,0,423,-0.041756226065511,0.11089690440078,-46.264417747621,614.12097163121,1,423,93,0.058648560217104,7,37,1,-0.14228502409563,0.54907216777189,-44.15592993673,True,False,False
EXTRA_TREES,FULL486,600,25,PERCENTILE_150,622,0.4951768488746,-0.048006138285932,-29.859818013849,-0.24389067524106,-151.69999999994,0.89723967069634,43.15572787424,37,585,0,0,622,-0.016966485076736,0.076436631588909,-47.404486485844,613.87241800643,1,622,97,0.042677045118446,7,50,1,-0.19944633209428,0.49441561738048,-49.166482309969,True,False,False
EXTRA_TREES,FULL486,600,25,PERCENTILE_200,821,0.48599269183922,-0.040006393051391,-32.845248695192,-0.15846528623625,-130.09999999996,0.91282546880538,49.001114996716,77,744,0,0,821,-0.009316950331687,0.081245748455199,-50.925418771112,613.00168574909,1,821,101,0.03043676454926,9,70,1,-0.16637823380887,0.53304819845564,-58.041281168069,True,False,False
EXTRA_TREES,FULL486,600,25,PERCENTILE_300,1279,0.48084440969507,-0.051084281000532,-65.33679539968,-0.42462861610633,-543.09999999999,0.88857470741211,79.505028344051,210,1069,0,0,1279,-0.020747900229968,0.087220085172056,-90.15695028918,611.08194839719,1,1279,104,0.0079565947764784,8,123,1,-0.22252000860286,0.56771698685883,-104.13702640523,True,False,False
EXTRA_TREES,FULL486,600,25,PERCENTILE_500,2113,0.45906294368197,-0.093418997400707,-197.39434150769,-0.6155229531472,-1300.6,0.8035575928588,203.27623500877,539,1574,0,0,2113,-0.064181802886491,0.13123341896235,-231.53652675519,617.21134548036,1,2113,105,-0.020209585326995,9,236,0,-0.25110609675024,0.63814704619125,-259.17253351623,True,False,False
EXTRA_TREES,FULL486,600,25,ROLLING_100,618,0.50161812297735,-0.026253813507568,-16.224856747677,-0.030258899676257,-18.699999999927,0.94329198955807,41.293564397001,39,579,0,0,618,0.0042107076770421,0.063736760524082,-33.769525219672,613.38211003236,1,618,97,0.040205869377909,7,51,2,-0.17122033023519,0.53586825379402,-35.051930839766,True,False,False
EXTRA_TREES,FULL486,600,25,ROLLING_150,910,0.48351648351648,-0.064450345994264,-58.64981485478,-0.39879120879116,-362.89999999995,0.86066907437779,73.846933441648,95,815,0,0,910,-0.034218624203816,0.083217695124607,-76.7299849307,613.34490879121,1,910,103,0.022897614819458,9,83,1,-0.21317695760033,0.53743020965133,-86.160681684088,True,False,False
EXTRA_TREES,FULL486,600,25,ROLLING_200,1196,0.48996655518395,-0.039752406408284,-47.543878064308,-0.33528428093645,-400.99999999999,0.91195313262307,71.130307887146,193,1003,0,0,1196,-0.0097787052022935,0.073182024019279,-71.157857906517,613.0738729097,1,1196,103,0.0093787423682389,9,110,2,-0.23038014183943,0.56340001336799,-83.392424706673,True,False,False
EXTRA_TREES,FULL486,600,25,ROLLING_300,1717,0.47874199184624,-0.061543984095948,-105.67102069274,-0.4828188701223,-828.99999999998,0.86601126709611,125.2409720816,380,1337,0,0,1717,-0.032334700958149,0.08900181450438,-130.98238676044,615.22342865463,1,1717,104,-0.0097324509573856,9,177,1,-0.24024202549753,0.5941941147678,-155.82335984034,True,False,False
EXTRA_TREES,FULL486,600,25,ROLLING_500,2521,0.45815152717176,-0.10600977933391,-267.2506537008,-0.76699722332408,-1933.6,0.77619790687648,269.86833086572,696,1825,0,0,2521,-0.077018240418113,0.13731469425049,-302.04039697475,619.46522372075,1,2521,105,-0.031171884212428,10,278,0,-0.24607634302878,0.63680683668829,-340.33832330753,True,False,False
EXTRA_TREES,FULL486,600,25,ZERO,628,0.47929936305732,-0.099160048320229,-62.272510345104,-0.47197452229297,-296.39999999998,0.80372521911201,67.974484353198,63,565,0,0,628,-0.064191991129315,0.12543718863304,-79.459706876936,603.56288375796,1,628,74,0.052619990934713,12,0,1,-0.56440397817521,0.45157344436818,-84.232450260997,True,False,False
EXTRA_TREES,FULL486,600,50,FREQUENCY_100,481,0.47609147609148,-0.071868991948518,-34.568985127237,-0.17920997920997,-86.199999999995,0.85809772781924,50.91868178137,25,456,0,0,481,-0.036818620413044,0.082767913549187,-50.123750311081,614.06725571726,1,481,86,0.04660791394498,8,28,2,-0.22553012628182,0.37415103025764,-51.428213835801,True,False,False
EXTRA_TREES,FULL486,600,50,FREQUENCY_150,783,0.48659003831418,-0.033628987960092,-26.331497572752,-0.026692209450854,-20.900000000019,0.92728869928945,45.10454052215,79,704,0,0,783,0.0013751400346245,0.096650628475153,-47.59355425277,614.69504597701,1,783,97,0.019069313744377,9,57,2,-0.33283770697857,0.40145787039012,-53.739729792615,True,False,False
EXTRA_TREES,FULL486,600,50,FREQUENCY_200,1088,0.46323529411765,-0.10158801861763,-110.52776425598,-0.56332720588235,-612.9,0.80081933451927,119.81056843875,174,914,0,0,1088,-0.06739735947992,0.11508176947982,-133.73451602308,615.49579963235,1,1088,99,-0.00017983083146703,10,86,0,-0.43612947415103,0.41495924655553,-147.7272013978,True,False,False
EXTRA_TREES,FULL486,600,50,FREQUENCY_300,1675,0.46149253731343,-0.10147537575826,-169.97125439509,-0.47558208955222,-796.59999999997,0.79670872462239,183.55245196654,367,1308,0,0,1675,-0.067357850098404,0.10085640414684,-202.08138355319,619.36060835821,1,1675,101,-0.028308853492343,13,154,0,-0.36927692187714,0.46134916724065,-227.11810987536,True,False,False
EXTRA_TREES,FULL486,600,50,FREQUENCY_500,2897,0.44183638246462,-0.15652139700194,-453.44248711463,-0.67069382119432,-1942.9999999999,0.70765151370487,458.08969579171,794,2103,0,0,2897,-0.11679524096328,0.11239981826048,-493.61819285493,918.27897031412,1,2897,104,-0.089189500302498,13,272,0,-0.2862948574786,0.37566882522264,-568.52916115864,True,False,False
EXTRA_TREES,FULL486,600,50,PERCENTILE_100,414,0.49275362318841,-0.071284728111884,-29.51187743832,-0.1739130434782,-71.999999999974,0.85789236642029,54.392573223672,17,397,0,0,414,-0.037383876223246,0.095697046533154,-44.015292565449,615.29289855072,1,414,85,0.0487129273211,10,30,1,-0.14752075242502,0.39352779410885,-43.546830120216,True,False,False
EXTRA_TREES,FULL486,600,50,PERCENTILE_150,624,0.48397435897436,-0.05188831306978,-32.378307355543,-0.28445512820514,-177.50000000001,0.89342744551106,47.788978346628,58,566,0,0,624,-0.018259051728622,0.095239886509525,-50.088484643199,617.38070673077,1,624,94,0.029767492936608,9,51,1,-0.25064629191051,0.40379979297449,-53.362966432426,True,False,False
EXTRA_TREES,FULL486,600,50,PERCENTILE_200,866,0.4838337182448,-0.039348348943082,-34.075670184709,-0.17251732101619,-149.40000000002,0.91526190921004,46.609048836545,115,751,0,0,866,-0.0057982088630427,0.094583778341634,-56.246867415488,615.3180404157,1,866,99,0.012262953345926,9,77,1,-0.29599642066761,0.42566597059217,-63.130091494024,True,False,False
EXTRA_TREES,FULL486,600,50,PERCENTILE_300,1288,0.46816770186335,-0.09940858418689,-128.03825643271,-0.49844720496896,-642.00000000002,0.80253514193132,138.01713124439,237,1051,0,0,1288,-0.06662541444708,0.11374439227515,-150.20945366349,620.70290372671,1,1288,99,-0.0098961139204975,9,137,0,-0.43972820575657,0.45506543392981,-170.26297905759,True,False,False
EXTRA_TREES,FULL486,600,50,PERCENTILE_500,2042,0.45739471106758,-0.12267215896835,-250.49654861336,-0.69843290891281,-1426.2,0.75637085556525,250.71257383941,502,1540,0,0,2042,-0.088905452916874,0.12208913367682,-282.60667777146,623.58696865818,1,2042,103,-0.041825246023966,16,223,0,-0.386994897485,0.46785602414806,-319.44816237047,True,False,False
EXTRA_TREES,FULL486,600,50,ROLLING_100,667,0.4767616191904,-0.06544129919219,-43.64934656119,-0.30569715142428,-203.9,0.86580736249777,57.120303250749,66,601,0,0,667,-0.032464870981652,0.092753770880703,-61.359523848847,616.78839130435,1,667,95,0.023830673253877,9,61,1,-0.27090369374674,0.42970201875167,-65.644624177619,True,False,False
EXTRA_TREES,FULL486,600,50,ROLLING_150,969,0.47574819401445,-0.072355469183325,-70.112449638642,-0.50247678018577,-486.90000000001,0.85091591721365,75.74790409109,163,806,0,0,969,-0.040072006321031,0.096566486495068,-92.28364686942,616.44901444788,1,969,99,0.0047893950030115,10,93,1,-0.31666746968252,0.46881666491431,-101.3951251522,True,False,False
EXTRA_TREES,FULL486,600,50,ROLLING_200,1233,0.47688564476886,-0.068975210581805,-85.046434647366,-0.39497161394972,-487.00000000001,0.85835081620979,103.3159104098,243,990,0,0,1233,-0.037017151611194,0.10095034542376,-108.25318641447,621.45085644769,1,1233,99,-0.0083637902640811,9,117,1,-0.35747489064413,0.47293336863816,-124.45072135813,True,False,False
EXTRA_TREES,FULL486,600,50,ROLLING_300,1611,0.45561762880199,-0.10866108429582,-175.05300680057,-0.59099937926752,-952.09999999998,0.78455033938222,177.25904839074,369,1242,0,0,1611,-0.076715076573404,0.11065843282002,-207.16313595866,626.89002793296,1,1611,103,-0.024081098413101,10,164,0,-0.4196338569276,0.5022303143799,-226.51802524138,True,False,False
EXTRA_TREES,FULL486,600,50,ROLLING_500,2265,0.46401766004415,-0.10663035432889,-241.51775255493,-0.53536423841058,-1212.6,0.7859404142574,245.73066346064,602,1663,0,0,2265,-0.072871984756325,0.0940883782491,-274.59659982872,622.90038498896,1,2265,104,-0.050179757539803,10,249,0,-0.38023137738208,0.44027661467492,-317.98045963678,True,False,False
EXTRA_TREES,FULL486,600,50,ZERO,448,0.45982142857143,-0.13966777677194,-62.571163993828,-0.64352678571429,-288.3,0.74299067444848,68.197888471653,18,430,0,0,448,-0.10096297917551,0.15722054588209,-77.218358561031,604.88468526786,1,448,70,0.054889825887037,11,0,0,-0.58499239081098,0.25658951297318,-79.910913317027,True,False,False
EXTRA_TREES,FULL486,900,0,FREQUENCY_100,420,0.49047619047619,-0.016114105933411,-6.7679244920324,-0.014285714285738,-6.0000000000099,0.96737685220189,31.920039599477,4,416,0,0,420,0.015307090831224,0.1146093425929,-29.59157831296,917.3535547619,1,420,91,0.096331796128898,8,30,4,-0.22248639320527,0.57635899531719,-19.964827133179,True,False,True
EXTRA_TREES,FULL486,900,0,FREQUENCY_150,818,0.50122249388753,0.019165083017036,15.677037907936,0.15843520782397,129.60000000001,1.0398526809335,42.164056414878,26,792,0,0,818,0.04919999381185,0.051173277487611,-10.876507778156,919.23569315403,1,818,105,0.060292117900583,7,88,3,-0.07892072324376,0.66030395616489,-8.8915191222216,True,False,False
EXTRA_TREES,FULL486,900,0,FREQUENCY_200,1039,0.48315688161694,-0.033892251607954,-35.214049420664,-0.47006737247354,-488.4,0.93217041158883,74.431670118139,79,960,0,0,1039,-0.0040677990400212,0.081205129368707,-62.460807529692,918.46858614052,1,1039,105,0.052557967994881,8,88,2,-0.17669181826615,0.64574467810954,-66.201655638747,True,False,False
EXTRA_TREES,FULL486,900,0,FREQUENCY_300,1591,0.48397234443746,-0.037488998365214,-59.644996399056,-0.31879321181646,-507.19999999999,0.92462093764922,77.327081044056,181,1410,0,0,1591,-0.0080410649321534,0.067415430813718,-89.925772843151,920.40431992458,1,1591,105,0.027156254017937,10,192,2,-0.13211725306652,0.66556819627612,-106.49665849106,True,False,False
EXTRA_TREES,FULL486,900,0,FREQUENCY_500,2672,0.47080838323353,-0.068095775191465,-181.95191131159,-0.47960329341318,-1281.5,0.86944761585851,221.19246626961,626,2046,0,0,2672,-0.039981381255062,0.071647931324888,-228.06821176938,979.62852170659,1,2672,106,-0.0081345811197428,10,270,1,-0.13533928882756,0.75360563544644,-257.07357190966,True,False,False
EXTRA_TREES,FULL486,900,0,PERCENTILE_100,434,0.49769585253456,-0.0067439892389773,-2.9268913297162,-0.059216589861763,-25.700000000005,0.98628649515757,26.892110687576,3,431,0,0,434,0.023197050887723,0.077450384739204,-25.750545150643,925.09886866359,1,434,94,0.085885810335822,8,42,3,-0.10232721641952,0.60618912059721,-15.921302744704,True,False,True
EXTRA_TREES,FULL486,900,0,PERCENTILE_150,685,0.49489051094891,0.0021675623678773,1.4847802219959,0.0035036496350468,2.4000000000071,1.0045199474894,36.920727908286,17,668,0,0,685,0.031872528982788,0.057050031687683,-21.579407662411,921.48902627737,1,685,101,0.06570286752407,7,74,3,-0.036777694800544,0.61077096933949,-18.863121909218,True,False,False
EXTRA_TREES,FULL486,900,0,PERCENTILE_200,901,0.49056603773585,-0.0057547927285586,-5.1850682484313,-0.23662597114315,-213.19999999998,0.98830362766424,58.022639821844,44,857,0,0,901,0.023552312835249,0.081694123842563,-33.923945864587,925.1846481687,1,901,105,0.054684137214173,8,108,3,-0.14227294843197,0.66933589970569,-31.590770361422,True,False,False
EXTRA_TREES,FULL486,900,0,PERCENTILE_300,1311,0.48970251716247,-0.01890252904692,-24.781215580513,-0.27765064836003,-364,0.96071894074364,57.733460054501,111,1200,0,0,1311,0.010030286792011,0.085480760166718,-55.061992024608,920.58759801678,1,1311,105,0.037502382179045,7,166,2,-0.099951951389933,0.66759935037769,-62.712137145351,True,False,False
EXTRA_TREES,FULL486,900,0,PERCENTILE_500,2085,0.48585131894484,-0.015609185461972,-32.545151688212,-0.11774580335732,-245.50000000001,0.9679516630942,86.94256813363,308,1777,0,0,2085,0.012784925662923,0.062786281972984,-73.780397793233,1001.4439832134,1,2085,106,0.010107151289867,11,265,2,-0.11552999153004,0.71151396765446,-91.746873383619,True,False,False
EXTRA_TREES,FULL486,900,0,ROLLING_100,568,0.49471830985915,0.0014698774245738,0.8348903771579,0.059507042253534,33.800000000007,1.0030691435846,33.797614347932,12,556,0,0,568,0.031236367634334,0.056053089153755,-21.988763443769,920.61257922535,1,568,97,0.071902959006653,7,49,3,-0.08775345790802,0.62221124868888,-16.072476061986,True,False,False
EXTRA_TREES,FULL486,900,0,ROLLING_150,827,0.49334945586457,-0.011780846511827,-9.7427600652811,-0.2869407496977,-237.3,0.97606753363422,59.375494688735,39,788,0,0,827,0.017502336722082,0.047376131660143,-30.946270856317,921.63715961306,1,827,103,0.05507091105494,8,78,3,-0.14149017446932,0.64346884319841,-33.959952599724,True,False,False
EXTRA_TREES,FULL486,900,0,ROLLING_200,1099,0.48862602365787,-0.032547792561596,-35.770024025194,-0.46205641492265,-507.79999999999,0.93398251975878,75.479111777172,77,1022,0,0,1099,-0.0037115032890874,0.090071451693212,-65.034366812516,921.22167879891,1,1099,105,0.043608758526539,7,109,1,-0.15722228569996,0.66809589051434,-67.461105935681,True,False,False
EXTRA_TREES,FULL486,900,0,ROLLING_300,1548,0.48320413436693,-0.018253241328117,-28.256017575925,-0.16666666666666,-257.99999999998,0.96255813779845,68.889698367183,161,1387,0,0,1548,0.010470525109737,0.069022824052251,-67.754285819861,918.10500322997,1,1548,105,0.026970737601061,9,160,2,-0.089138324473993,0.68568887862991,-72.720408021722,True,False,False
EXTRA_TREES,FULL486,900,0,ROLLING_500,2352,0.47746598639456,-0.0375756374352,-88.377899247589,-0.31177721088435,-733.3,0.92515072976282,122.50145936962,385,1967,0,0,2352,-0.0093687272671454,0.057438950289327,-129.61314535261,990.12721598639,1,2352,106,0.0013325282971684,12,268,1,-0.12644599598772,0.71478708484249,-154.72055196285,True,False,False
EXTRA_TREES,FULL486,900,0,ZERO,1026,0.47173489278752,-0.075819870912173,-77.79118755589,-0.67524366471735,-692.8,0.85576336879016,91.102042842981,102,924,0,0,1026,-0.044274973601738,0.079842810833466,-104.86794896441,916.79101169591,1,1026,100,0.057336192899746,8,62,2,-0.21601962681451,0.60043426815098,-110.1562521964,True,False,False
EXTRA_TREES,FULL486,900,25,FREQUENCY_100,537,0.48230912476723,-0.011416831630392,-6.1308385855205,-0.083426443202961,-44.79999999999,0.97760217380693,31.269444292503,11,526,0,0,537,0.019971136993164,0.059269338558026,-29.192777021186,923.41716201117,1,537,101,0.069821921335023,7,66,1,-0.050200948685511,0.5517343381723,-22.98617773637,True,False,False
EXTRA_TREES,FULL486,900,25,FREQUENCY_150,740,0.46621621621622,-0.057442265149364,-42.507276210529,-0.56905405405405,-421.1,0.89422852141325,60.839314097057,43,697,0,0,740,-0.025387615499035,0.079932527574333,-71.444714712418,924.19492702703,1,740,101,0.057942027632959,7,66,1,-0.1338405862312,0.54997942546721,-66.227716951773,True,False,False
EXTRA_TREES,FULL486,900,25,FREQUENCY_200,1018,0.47249508840864,-0.050728715331171,-51.641832207132,-0.58801571709231,-598.59999999997,0.90499103796686,85.285582637422,86,932,0,0,1018,-0.018817259469279,0.090725813327524,-82.071390216148,923.48720825147,1,1018,104,0.041350134889525,7,116,1,-0.18266640875157,0.57821953130013,-84.127694274537,True,False,False
EXTRA_TREES,FULL486,900,25,FREQUENCY_300,1556,0.47814910025707,-0.029595396163232,-46.050436429989,-0.19215938303341,-298.99999999998,0.94210620083462,84.30375404029,200,1356,0,0,1556,0.0017055018761369,0.083755917379233,-88.047436727929,921.28408997429,1,1556,105,0.015627953768071,11,194,2,-0.087049319506809,0.6266295074556,-94.754633779247,True,False,False
EXTRA_TREES,FULL486,900,25,FREQUENCY_500,2639,0.47366426676772,-0.068588893682565,-181.00609042829,-0.42277377794623,-1115.7000000001,0.87473355969258,203.01192616505,599,2040,0,0,2639,-0.038076304959982,0.08962589023723,-227.12239088608,980.645933687,1,2639,106,-0.028517731022005,14,303,1,-0.2020643350166,0.69945482159621,-261.52881206718,True,False,False
EXTRA_TREES,FULL486,900,25,PERCENTILE_100,425,0.46823529411765,-0.059970092572044,-25.487289343119,-0.49576470588233,-210.69999999999,0.88734435514248,41.711757523919,4,421,0,0,425,-0.027900490219826,0.071720719351006,-48.310943164046,925.96883529412,1,425,96,0.077546216121205,10,48,0,-0.12917528336406,0.53666835084103,-39.116870342811,True,False,False
EXTRA_TREES,FULL486,900,25,PERCENTILE_150,655,0.48396946564885,-0.0010509330347063,-0.68836113773266,-0.036183206106856,-23.699999999991,0.9979318551815,41.303078465822,18,637,0,0,655,0.030432887464539,0.062665386800598,-29.100334468454,924.14632366412,1,655,102,0.059132887156262,7,81,2,-0.076587716516739,0.58544769998851,-21.310263564738,True,False,False
EXTRA_TREES,FULL486,900,25,PERCENTILE_200,870,0.46896551724138,-0.053498027154848,-46.543283624718,-0.59471264367815,-517.39999999999,0.89991180602014,78.24600819272,51,819,0,0,870,-0.02250957281276,0.095500846156073,-76.972841633734,927.77677471264,1,870,104,0.046571749960233,7,117,1,-0.14872228839131,0.60318421496157,-73.503238902334,True,False,False
EXTRA_TREES,FULL486,900,25,PERCENTILE_300,1253,0.47645650438947,-0.052218774770344,-65.430124787241,-0.47725458898641,-597.99999999997,0.89968399397615,86.646728877889,115,1138,0,0,1253,-0.021141433322045,0.08488882458465,-95.859682796258,925.80544453312,1,1253,104,0.028046673571231,8,180,1,-0.11514222553008,0.60539993707821,-104.37003362196,True,False,False
EXTRA_TREES,FULL486,900,25,PERCENTILE_500,2011,0.47886623570363,-0.03637212820169,-73.144349813599,-0.18428642466436,-370.60000000002,0.93042483766099,119.81580731573,296,1715,0,0,2011,-0.0061230770150085,0.082612645013939,-115.14135011154,1005.5631029339,1,2011,106,-0.0014977189478929,12,280,1,-0.091816289389735,0.66493017397041,-133.97519175002,True,False,False
EXTRA_TREES,FULL486,900,25,ROLLING_100,646,0.47058823529412,-0.042651597770964,-27.552932160043,-0.4503095975232,-290.89999999999,0.9183377657179,53.680208811524,20,626,0,0,646,-0.011497865034333,0.054965168308692,-50.614870595708,923.13518885449,1,646,101,0.057824017572291,6,67,1,-0.099766878191271,0.56165374317994,-47.678243507906,True,False,False
EXTRA_TREES,FULL486,900,25,ROLLING_150,929,0.47578040904198,-0.058769407333486,-54.596779412809,-0.68062432723357,-632.29999999998,0.88936062440572,86.823228700428,62,867,0,0,929,-0.028195533684729,0.093587828349741,-85.026337421825,925.30037029064,1,929,104,0.040713408892965,8,102,1,-0.17994667652026,0.60283298148092,-82.999908032505,True,False,False
EXTRA_TREES,FULL486,900,25,ROLLING_200,1172,0.48037542662116,-0.028529988574369,-33.437146609161,-0.30921501706483,-362.39999999998,0.94377451455667,69.328347279716,100,1072,0,0,1172,0.0020660109239019,0.080107012740707,-63.866704618177,923.19498805461,1,1172,104,0.029719588600392,8,138,2,-0.089739888432427,0.61735835977911,-69.295658021134,True,False,False
EXTRA_TREES,FULL486,900,25,ROLLING_300,1649,0.48574893875076,-0.016833522148799,-27.758478023369,-0.072407519708913,-119.4,0.96684580145593,76.970791425895,220,1429,0,0,1649,0.013433090251474,0.074863000005005,-68.99372412839,920.11289933293,1,1649,105,0.010709749572741,11,196,2,-0.16323229985505,0.64768623062515,-77.66812187142,True,False,False
EXTRA_TREES,FULL486,900,25,ROLLING_500,2362,0.47502116850127,-0.052910262229073,-124.97403938507,-0.28094834885692,-663.60000000005,0.90025865446481,169.35296441767,436,1926,0,0,2362,-0.02301365541505,0.080686075655774,-166.97103968301,990.28458382727,1,2362,106,-0.014070922075921,12,317,1,-0.10208684109345,0.69732299396744,-195.58982467979,True,False,False
EXTRA_TREES,FULL486,900,25,ZERO,836,0.45933014354067,-0.093926863596986,-78.522857967081,-0.76626794258373,-640.6,0.83177442805846,94.488315687958,80,756,0,0,836,-0.059745368031428,0.086982002998373,-107.46029646897,920.82605382775,1,836,99,0.055693568882244,8,60,1,-0.23890364845225,0.50021879663379,-107.09858825989,True,False,False
EXTRA_TREES,FULL486,900,50,FREQUENCY_100,463,0.47732181425486,-0.023126421186569,-10.707533009381,-0.33585313174941,-155.49999999998,0.95573442328014,40.789292023875,14,449,0,0,463,0.0117069325433,0.060455498012976,-33.572798269592,926.67191144708,1,463,92,0.063593821347782,8,44,2,-0.12298423414917,0.41516055106961,-26.835375786311,True,False,False
EXTRA_TREES,FULL486,900,50,FREQUENCY_150,778,0.48071979434447,-0.02780342488187,-21.631064558095,-0.44974293059121,-349.89999999996,0.9470148618796,63.244138406369,43,735,0,0,778,0.0071680927896427,0.1175653469725,-46.880584372566,929.9858933162,1,778,99,0.037261960700313,8,104,1,-0.10627919102944,0.46224089526036,-48.838905306531,True,False,False
EXTRA_TREES,FULL486,900,50,FREQUENCY_200,1050,0.48285714285714,-0.04999134232979,-52.49090944628,-0.41399999999995,-434.69999999995,0.90582223755986,92.839134261824,88,962,0,0,1050,-0.015104541411501,0.098079112489048,-78.735135902232,928.27694857143,1,1050,102,0.019647697511568,9,139,1,-0.1705903406398,0.46177990032137,-89.122050410483,True,False,False
EXTRA_TREES,FULL486,900,50,FREQUENCY_300,1570,0.46242038216561,-0.089897803423508,-141.13955137491,-0.66528662420383,-1044.5,0.8414610974768,179.73686055991,238,1332,0,0,1570,-0.054948478341456,0.10086076913424,-170.53553373039,1034.4049878981,1,1570,104,-0.012994659057501,10,184,2,-0.23428290173975,0.50863245856777,-196.00999175373,True,False,False
EXTRA_TREES,FULL486,900,50,FREQUENCY_500,2646,0.45238095238095,-0.17642836303579,-466.82944859271,-0.93764172335599,-2480.9999999999,0.72236632063296,475.68145454783,702,1944,0,0,2646,-0.13785352601616,0.1449657799157,-499.7057704131,1310.1020453515,1,2646,104,-0.079472515263287,12,312,0,-0.32863250474115,0.43268732632447,-568.89846734665,True,False,False
EXTRA_TREES,FULL486,900,50,PERCENTILE_100,408,0.48774509803922,0.014860469884996,6.0630717130785,-0.027696078431299,-11.29999999997,1.0292605734852,32.951387868259,8,400,0,0,408,0.049371935789137,0.071245999966379,-16.760582107849,927.65421813725,1,408,92,0.066248463800257,8,41,2,-0.11426412469832,0.44852148875109,-8.017606375811,True,False,False
EXTRA_TREES,FULL486,900,50,PERCENTILE_150,639,0.47261345852895,-0.037588371584032,-24.018969442197,-0.41267605633798,-263.69999999997,0.9305543301605,65.930290973029,28,611,0,0,639,-0.0037234402822316,0.1021302189282,-49.793954427834,934.75870109546,1,639,97,0.045750591859535,9,68,1,-0.16818176363455,0.49416755228176,-45.658660544047,True,False,False
EXTRA_TREES,FULL486,900,50,PERCENTILE_200,836,0.49043062200957,-0.034622349791487,-28.944284425683,-0.27763157894733,-232.09999999997,0.9344796694185,67.613990611381,52,784,0,0,836,-0.00075466130851436,0.11114755773821,-55.188510881635,934.22819976077,1,836,99,0.032072845883932,8,100,1,-0.12156392219163,0.49265286934921,-57.257671997448,True,False,False
EXTRA_TREES,FULL486,900,50,PERCENTILE_300,1256,0.48089171974522,-0.034649550059009,-43.519834874116,-0.274601910828,-344.89999999997,0.93407052180832,89.318147377881,134,1122,0,0,1256,-0.00052094750687341,0.077780617414995,-72.275076730692,1065.5703797771,1,1256,104,0.0079230807142071,11,150,2,-0.14825928601709,0.51766028547262,-86.385359679598,True,False,False
EXTRA_TREES,FULL486,900,50,PERCENTILE_500,1876,0.46321961620469,-0.097014726483602,-181.99962688324,-0.68049040511728,-1276.6,0.83157099851057,193.13941458743,342,1534,0,0,1876,-0.063200810254103,0.10690697949297,-211.50096346886,1015.3023235608,1,1876,104,-0.026319057320894,10,231,0,-0.22358525625231,0.53361995916705,-245.43453372978,True,False,False
EXTRA_TREES,FULL486,900,50,ROLLING_100,670,0.47761194029851,-0.037669404467863,-25.238500993469,-0.48313432835816,-323.69999999997,0.92986749312993,69.060249993798,39,631,0,0,670,-0.0041118342305746,0.099168070151267,-51.013485979106,929.89742089552,1,670,98,0.04159771777773,8,67,1,-0.16035022340271,0.48368060699381,-47.722073052452,True,False,False
EXTRA_TREES,FULL486,900,50,ROLLING_150,920,0.48804347826087,-0.0085199706383214,-7.8383729872556,-0.14423913043474,-132.69999999996,0.98340192663913,63.968708218901,71,849,0,0,920,0.025492257541964,0.094323431735675,-35.263108360573,926.22449021739,1,920,99,0.026164962127108,9,101,2,-0.15099259907903,0.49205635529448,-39.129622913118,True,False,False
EXTRA_TREES,FULL486,900,50,ROLLING_200,1151,0.48305821025195,-0.033186140477039,-38.197247689072,-0.29791485664638,-342.89999999998,0.93743695447316,92.255226521528,117,1034,0,0,1151,0.0006705992667689,0.082088214398571,-66.952489545649,926.17065682016,1,1151,102,0.012784914119349,10,134,2,-0.18465692302974,0.51433501995429,-77.166355134196,True,False,False
EXTRA_TREES,FULL486,900,50,ROLLING_300,1526,0.46723460026212,-0.07606601094593,-116.07673270349,-0.51743119266055,-789.6,0.86400243203972,157.18072342109,217,1309,0,0,1526,-0.042518555183599,0.080259531721948,-145.0742630894,1037.6535950197,1,1526,104,-0.0068673954594401,12,176,2,-0.20593079882213,0.54138980882495,-167.27015019681,True,False,False
EXTRA_TREES,FULL486,900,50,ROLLING_500,2088,0.46599616858238,-0.11770894180342,-245.77627048555,-0.73280651340996,-1530.1,0.7997346078902,258.29417465222,450,1638,0,0,2088,-0.08376463922293,0.13150943600237,-274.39572261826,1007.527079023,1,2088,104,-0.036773977095043,10,256,0,-0.23250475208746,0.50758455596004,-316.65197427361,True,False,False
EXTRA_TREES,FULL486,900,50,ZERO,604,0.45695364238411,-0.084898066884178,-51.278432398043,-0.77450331125822,-467.79999999996,0.8470224199401,76.655059227322,38,566,0,0,604,-0.047395284599548,0.090160460650292,-74.865836004876,925.16579801324,1,604,97,0.055983513215051,8,48,1,-0.29648021993225,0.3340789847704,-73.930112897959,True,False,False
EXTRA_TREES,SCALE_FREE,300,0,FREQUENCY_100,512,0.49609375,-0.012655049213939,-6.4793851975369,0.27109374999999,138.79999999999,0.96173288063412,18.815109452136,2,510,0,0,512,0.025314087127256,0.121041870616,-21.54934226484,308.36998828125,1,512,94,0.048239961679965,7,48,1,-0.046862682826987,0.29865143852746,-25.919583004229,True,False,False
EXTRA_TREES,SCALE_FREE,300,0,FREQUENCY_150,886,0.47742663656885,-0.049395964998188,-43.764824988395,0.10665914221219,94.499999999996,0.85550500835911,51.818110593147,15,871,0,0,886,-0.014056146413362,0.14147620486091,-59.27171680387,308.44926749436,1,886,100,0.02411880073595,10,92,1,-0.10714698806702,0.34203990919975,-75.075904254551,True,False,False
EXTRA_TREES,SCALE_FREE,300,0,FREQUENCY_200,1324,0.4607250755287,-0.061339003930485,-81.212841203962,-0.093580060422963,-123.9,0.82252234259102,94.729379003995,33,1291,0,0,1324,-0.026811509970228,0.11324268231323,-103.89238658631,308.02758836858,1,1324,100,0.0074642693040789,9,136,1,-0.13096325754715,0.34993219323546,-126.92724320734,True,False,False
EXTRA_TREES,SCALE_FREE,300,0,FREQUENCY_300,1777,0.45863815419246,-0.066765931869996,-118.64306093298,-0.16167698368036,-287.3,0.8063270757404,136.66735430792,82,1695,0,0,1777,-0.032595300499023,0.12273022052642,-145.96905658544,307.26712324142,1,1777,102,-0.0048117978482737,10,170,1,-0.11548916920294,0.36068198451472,-179.3642728792,True,False,False
EXTRA_TREES,SCALE_FREE,300,0,FREQUENCY_500,3047,0.437479488021,-0.10833722212791,-330.10351582374,-0.52156219232031,-1589.2,0.69665344469204,342.88195383799,278,2769,0,0,3047,-0.074845290406152,0.14170540808274,-357.84550560342,308.47573285199,1,3047,105,-0.033471508564851,13,315,0,-0.12934264468128,0.38515073107065,-432.15343177993,True,False,False
EXTRA_TREES,SCALE_FREE,300,0,PERCENTILE_100,557,0.49371633752244,-0.0251265281049,-13.995476154429,0.20197486535006,112.49999999998,0.92706905408245,23.215030581308,4,553,0,0,557,0.012508302266004,0.11485479470398,-29.78950426747,307.9317037702,1,557,96,0.042807341713061,9,55,1,-0.061817782053022,0.30007201363775,-34.958076671022,True,False,False
EXTRA_TREES,SCALE_FREE,300,0,PERCENTILE_150,809,0.47466007416564,-0.045201339767695,-36.567883872066,0.1161928306551,93.999999999979,0.86867811622213,44.072070431915,6,803,0,0,809,-0.0093994246787899,0.13966100383139,-52.460528269022,309.45136341162,1,809,99,0.025946837539789,10,82,2,-0.095246072356549,0.31245324033112,-65.53163317899,True,False,False
EXTRA_TREES,SCALE_FREE,300,0,PERCENTILE_200,1076,0.46561338289963,-0.061578256909257,-66.258204434361,-0.13791821561339,-148.4,0.82033132822835,73.027247159496,17,1059,0,0,1076,-0.026554043395947,0.15550522450411,-82.745048313387,308.31706784387,1,1076,100,0.016054630518023,8,111,0,-0.12828756784492,0.33362225695629,-103.94425817468,True,False,False
EXTRA_TREES,SCALE_FREE,300,0,PERCENTILE_300,1577,0.45909955611921,-0.067181968836807,-105.94596485565,-0.18440076093849,-290.79999999999,0.80503271655744,117.75856905967,55,1522,0,0,1577,-0.032986897011033,0.14430476865172,-128.68303543504,307.67057894737,1,1577,101,2.3281309690194e-05,9,153,1,-0.099263084202877,0.35072053632918,-159.87159312489,True,False,False
EXTRA_TREES,SCALE_FREE,300,0,PERCENTILE_500,2445,0.4519427402863,-0.080568872958544,-196.99089438364,-0.33942740286298,-829.9,0.7656703953071,207.92970416107,175,2270,0,0,2445,-0.047092855561047,0.093753447379407,-224.73288416333,308.12940204499,1,2445,105,-0.021935834956756,10,246,0,-0.10781826739012,0.38551058068001,-278.83975692052,True,False,False
EXTRA_TREES,SCALE_FREE,300,0,ROLLING_100,614,0.48045602605863,-0.034172620855327,-20.981989205171,0.18680781758953,114.69999999997,0.90174911927351,33.671762549361,4,610,0,0,614,0.003119584790373,0.13969716856278,-36.874633602127,307.68694625407,1,614,95,0.043075552861445,9,48,1,-0.08792285133374,0.31964686778199,-43.87940347163,True,False,False
EXTRA_TREES,SCALE_FREE,300,0,ROLLING_150,873,0.46849942726231,-0.048529819852082,-42.366532730868,0.073997709049233,64.59999999998,0.85975779584937,49.870719290717,10,863,0,0,873,-0.01278114722216,0.14571839555582,-59.140512907461,307.23002405498,1,873,99,0.02659115245698,10,70,0,-0.14880792548833,0.3235020860741,-73.57512393679,True,False,False
EXTRA_TREES,SCALE_FREE,300,0,ROLLING_200,1154,0.45840554592721,-0.066617205645483,-76.876255314887,-0.14254766031197,-164.50000000002,0.80616634456773,83.645298040022,22,1132,0,0,1154,-0.031711604470628,0.12796822187194,-93.363099193914,307.8495389948,1,1154,100,0.015755401324206,9,97,0,-0.16058705219163,0.34197095174423,-117.15731907067,True,False,False
EXTRA_TREES,SCALE_FREE,300,0,ROLLING_300,1663,0.45941070354781,-0.074746710063044,-124.30377883484,-0.22778111846061,-378.8,0.78591131408002,136.3994810875,70,1593,0,0,1663,-0.040628287407224,0.15116617548892,-147.04084941424,307.26457967529,1,1663,101,-0.00093883169426644,10,140,1,-0.12766990881853,0.34327304390529,-181.04271571147,True,False,False
EXTRA_TREES,SCALE_FREE,300,0,ROLLING_500,2552,0.44827586206897,-0.091541224824471,-233.61320575205,-0.38840125391849,-991.19999999998,0.7382464754005,244.6354550969,181,2371,0,0,2552,-0.058040542027634,0.093156644832195,-261.35519553173,307.97167241379,1,2552,105,-0.023076340616257,12,223,0,-0.11883728699719,0.39511324508626,-319.10694824958,True,False,False
EXTRA_TREES,SCALE_FREE,300,0,ZERO,767,0.44980443285528,-0.050739506268427,-38.917201307884,-0.014732724902231,-11.300000000011,0.85559648831201,67.864787751656,20,747,0,0,767,-0.01245004759966,0.14035281262621,-61.825928194729,304.61601564537,1,767,69,0.056944474336646,8,3,2,-0.09666292234854,0.44255415592847,-68.285216106828,True,False,False
EXTRA_TREES,SCALE_FREE,300,25,FREQUENCY_100,677,0.48005908419498,-0.038242985064477,-25.890500888651,0.15509601181682,104.99999999998,0.8909255047689,32.839976314339,5,672,0,0,677,-0.0015742631700975,0.13264784700187,-41.783145285607,307.34697488922,1,677,98,0.030430808318592,10,71,2,-0.10842231910838,0.30984376522028,-50.715225611145,True,False,False
EXTRA_TREES,SCALE_FREE,300,25,FREQUENCY_150,1043,0.46883988494727,-0.049709837328478,-51.847360333603,0.004410354745929,4.600000000004,0.85239175681819,59.900645938355,17,1026,0,0,1043,-0.014072929866522,0.14349142291855,-68.334204212629,307.93073441994,1,1043,99,0.016037258558689,8,105,0,-0.10824699810909,0.32695204509029,-89.016654816423,True,False,False
EXTRA_TREES,SCALE_FREE,300,25,FREQUENCY_200,1287,0.46386946386946,-0.066717760767751,-85.865758108095,-0.15167055167055,-195.2,0.80737495179642,95.476825749661,33,1254,0,0,1287,-0.031682503783641,0.12271670333346,-102.84965957222,307.78341103341,1,1287,101,0.0086532530435469,8,132,0,-0.11066558769545,0.33648146089988,-130.95613384664,True,False,False
EXTRA_TREES,SCALE_FREE,300,25,FREQUENCY_300,1909,0.46673651126244,-0.068964819484981,-131.65384039683,-0.21016238868516,-401.19999999998,0.80602544889516,151.97059439428,107,1802,0,0,1909,-0.034392782694792,0.090441340842206,-161.13423177707,307.01880041907,1,1909,104,-0.011540500343575,9,193,1,-0.11927179952435,0.37671927517317,-197.6518586293,True,False,False
EXTRA_TREES,SCALE_FREE,300,25,FREQUENCY_500,3186,0.44256120527307,-0.10273756911459,-327.32189519907,-0.40634023854362,-1294.6,0.71596777005501,339.0096465607,354,2832,0,0,3186,-0.06862192564685,0.1207043201946,-355.06388497876,308.59296076585,1,3186,106,-0.041303738051644,15,328,0,-0.12335995095471,0.39335860885489,-436.01433528728,True,False,False
EXTRA_TREES,SCALE_FREE,300,25,PERCENTILE_100,562,0.48576512455516,-0.030329130193043,-17.04497116849,0.23113879003554,129.89999999997,0.91416861998749,30.100087859361,4,558,0,0,562,0.007425926262863,0.13140358507716,-32.937615565447,307.03410854093,1,562,95,0.042062045350138,9,54,1,-0.075681223164139,0.32344946198965,-38.26331289671,True,False,False
EXTRA_TREES,SCALE_FREE,300,25,PERCENTILE_150,836,0.47966507177033,-0.030053093105951,-25.124385836575,0.2266746411483,189.49999999998,0.91152984441262,34.389925035534,12,824,0,0,836,0.0060826578034868,0.13750393793497,-41.611229715602,309.52688157895,1,836,98,0.023762584115591,8,79,2,-0.077111757544171,0.29771695336474,-55.333873596866,True,False,False
EXTRA_TREES,SCALE_FREE,300,25,PERCENTILE_200,1116,0.46326164874552,-0.058549544346588,-65.341291490792,-0.087096774193556,-97.200000000008,0.8271884054282,76.506553287892,19,1097,0,0,1116,-0.023159673165319,0.13445980020417,-81.828135369819,307.82629749104,1,1116,99,0.013291963345722,8,111,1,-0.13908542007915,0.33314494229077,-104.83638772909,True,False,False
EXTRA_TREES,SCALE_FREE,300,25,PERCENTILE_300,1624,0.46551724137931,-0.066216473212134,-107.53555249651,-0.15665024630541,-254.39999999998,0.81109021743616,122.22642484687,69,1555,0,0,1624,-0.031626909641949,0.13263198998048,-130.2726230759,307.47552093596,1,1624,101,-0.0042432259738023,10,153,1,-0.13725611548518,0.33567593665036,-163.70900373449,True,False,False
EXTRA_TREES,SCALE_FREE,300,25,PERCENTILE_500,2512,0.44944267515924,-0.096932998287868,-243.49569169912,-0.38248407643311,-960.79999999998,0.73064256405514,258.49777385144,200,2312,0,0,2512,-0.062641056653691,0.12492135249858,-271.23768147881,309.31534076433,1,2512,105,-0.026883710443432,13,240,0,-0.12547481950461,0.38193805706146,-329.63704908418,True,False,False
EXTRA_TREES,SCALE_FREE,300,25,ROLLING_100,731,0.48290013679891,-0.021569277240946,-15.767141663131,0.24760601915182,180.99999999998,0.93584206328511,34.417757199292,7,724,0,0,731,0.014947502467508,0.13897387258758,-31.659786060088,306.70950889193,1,731,97,0.031254455835611,10,62,2,-0.069267872219104,0.29657380629038,-42.460907630011,True,False,False
EXTRA_TREES,SCALE_FREE,300,25,ROLLING_150,1066,0.46341463414634,-0.058403151105861,-62.257759078848,-0.069324577861173,-73.90000000001,0.83029063815403,71.051376157176,21,1045,0,0,1066,-0.023084683981495,0.11903460913108,-78.744602957875,307.87822420263,1,1066,99,0.016311277406783,8,94,0,-0.16401856506386,0.32717758646799,-99.907245033422,True,False,False
EXTRA_TREES,SCALE_FREE,300,25,ROLLING_200,1382,0.46309696092619,-0.067130116654099,-92.773821215964,-0.16005788712012,-221.20000000001,0.80985741014579,110.88292502944,52,1330,0,0,1382,-0.032347434881397,0.12685850296468,-115.51089179536,307.62452387844,1,1382,101,0.0047347493903389,8,122,1,-0.13965179741724,0.33700343996475,-140.84348742584,True,False,False
EXTRA_TREES,SCALE_FREE,300,25,ROLLING_300,1926,0.46728971962617,-0.064340985502913,-123.92073807861,-0.20965732087226,-403.79999999997,0.81592836810626,143.6832182597,117,1809,0,0,1926,-0.030189026675697,0.091973108588832,-151.6627278583,307.07188992731,1,1926,103,-0.013156347042985,10,179,0,-0.12202122185087,0.36862323140935,-189.69741077983,True,False,False
EXTRA_TREES,SCALE_FREE,300,25,ROLLING_500,2949,0.44523567310953,-0.10274356849433,-302.99078348977,-0.42421159715157,-1251,0.71571832816706,318.72100656658,304,2645,0,0,2949,-0.068629780151316,0.13796984688468,-330.73277326945,308.82016208884,1,2949,105,-0.036642885423523,15,280,0,-0.12505962671406,0.38165553803665,-403.5923453133,True,False,False
EXTRA_TREES,SCALE_FREE,300,25,ZERO,696,0.45114942528736,-0.044622797703659,-31.057467201747,0.049856321839078,34.699999999998,0.87445862041086,60.295241748429,19,677,0,0,696,-0.0055772124431695,0.13074536303582,-53.966194088593,304.17994109195,1,696,68,0.059300055235835,8,3,2,-0.096496835690693,0.42973325150077,-58.233194543048,True,False,False
EXTRA_TREES,SCALE_FREE,300,50,FREQUENCY_100,666,0.45345345345345,-0.08529114127217,-56.803900087265,-0.16576576576578,-110.40000000001,0.76603505987807,63.902361334035,7,659,0,0,666,-0.047147302609288,0.1087274690703,-69.630946171173,308.87374624625,1,666,97,0.022979486901103,12,70,0,-0.11522485599728,0.26675280746309,-82.207696636744,True,False,False
EXTRA_TREES,SCALE_FREE,300,50,FREQUENCY_150,955,0.45235602094241,-0.079452559311972,-75.877194142934,-0.21654450261779,-206.79999999999,0.77856806810315,99.573360458274,21,934,0,0,955,-0.042005389775239,0.094733849066636,-96.117373334029,308.39456439791,1,955,99,0.010271111554585,15,92,1,-0.1762943979508,0.2954067979436,-111.63924105051,True,False,False
EXTRA_TREES,SCALE_FREE,300,50,FREQUENCY_200,1304,0.47009202453988,-0.074840334797862,-97.591796576412,-0.18021472392638,-235,0.79420333998985,124.54577496859,55,1249,0,0,1304,-0.03824399238963,0.097637351867034,-123.01657470958,308.23840720859,1,1304,101,-0.0060831708489599,11,134,2,-0.13157852776172,0.33545967664537,-145.31342707675,True,False,False
EXTRA_TREES,SCALE_FREE,300,50,FREQUENCY_300,1856,0.44396551724138,-0.11019366319539,-204.51943889064,-0.43394396551724,-805.39999999999,0.70975226041935,216.77108429314,143,1713,0,0,1856,-0.073933333434887,0.10464960150271,-231.00112990061,307.65926778017,1,1856,103,-0.02642975691624,16,193,0,-0.1615724379068,0.35814517553329,-271.81861092612,True,False,False
EXTRA_TREES,SCALE_FREE,300,50,FREQUENCY_500,3134,0.43873643905552,-0.11589553999607,-363.2166223477,-0.50392469687302,-1579.3,0.69836275282841,377.75375357355,506,2628,0,0,3134,-0.079786319985868,0.086929409859634,-392.20626673974,309.80533567326,1,3134,105,-0.063520876839464,14,309,0,-0.1767190000911,0.3696705852392,-476.38291785968,True,False,False
EXTRA_TREES,SCALE_FREE,300,50,PERCENTILE_100,563,0.46714031971581,-0.070789541853138,-39.854512063317,-0.11172291296627,-62.900000000008,0.80521509097565,47.159818604271,4,559,0,0,563,-0.032157333801119,0.093408479839426,-53.45401179644,307.21623978686,1,563,94,0.030958703236924,11,56,0,-0.10833393264156,0.27452642749523,-61.604445196604,True,False,False
EXTRA_TREES,SCALE_FREE,300,50,PERCENTILE_150,831,0.45487364620939,-0.088601795163539,-73.628091780901,-0.26486161251504,-220.1,0.75334049935255,81.665783998334,16,815,0,0,831,-0.051161673686762,0.10336317152243,-86.7023416728,309.15306137184,1,831,99,0.013502210251225,12,78,1,-0.15277390484088,0.28570872087983,-104.7408327281,True,False,False
EXTRA_TREES,SCALE_FREE,300,50,PERCENTILE_200,1102,0.46098003629764,-0.075008225034058,-82.659063987532,-0.15607985480942,-171.99999999998,0.79084368352869,106.29758063116,36,1066,0,0,1102,-0.038401067210422,0.085608949974023,-102.89924317863,308.26303176044,1,1102,100,0.0010522253179099,10,110,1,-0.17159845795487,0.3033047388467,-123.00015190918,True,False,False
EXTRA_TREES,SCALE_FREE,300,50,PERCENTILE_300,1543,0.4549578742709,-0.10233146377643,-157.89744860704,-0.3901490602722,-602,0.7311781908439,186.39134933593,93,1450,0,0,1543,-0.06612305331266,0.084697844104138,-186.11754121757,307.63006221646,1,1543,102,-0.016362041376491,17,157,1,-0.15167314990799,0.35391202783191,-213.76702595264,True,False,False
EXTRA_TREES,SCALE_FREE,300,50,PERCENTILE_500,2397,0.43763037129746,-0.12242860316171,-293.46136177861,-0.49566124322069,-1188.1,0.68251426174029,304.23433116934,274,2123,0,0,2397,-0.086629182127309,0.1076456766858,-320.78610628039,309.67309762203,1,2397,105,-0.043862565393716,15,246,0,-0.18124049549718,0.36623214539287,-379.27257399807,True,False,False
EXTRA_TREES,SCALE_FREE,300,50,ROLLING_100,789,0.45247148288973,-0.098038478827462,-77.352359794868,-0.31432192648923,-248,0.7351376147069,83.57401960932,19,770,0,0,789,-0.061291514311401,0.084955732179399,-90.426609686767,309.6145095057,1,789,99,0.016587956810131,11,79,0,-0.21166243454902,0.29970246064602,-106.34571479804,True,False,False
EXTRA_TREES,SCALE_FREE,300,50,ROLLING_150,1118,0.46064400715564,-0.085986897736618,-96.133351669539,-0.25930232558139,-289.9,0.76719186481446,115.93677524873,57,1061,0,0,1118,-0.050024942007784,0.075568534526193,-116.37353086063,308.92677370304,1,1118,100,0.0011164896285673,15,113,1,-0.16583498620153,0.3117697744018,-136.33881817438,True,False,False
EXTRA_TREES,SCALE_FREE,300,50,ROLLING_200,1404,0.46438746438746,-0.08055825829878,-113.10379465149,-0.30377492877491,-426.49999999998,0.78089010324665,133.83806409766,94,1310,0,0,1404,-0.044902890945659,0.10108290412699,-139.58548566146,308.13499358974,1,1404,101,-0.011273675599768,11,146,1,-0.15274975376922,0.35715086251937,-163.16393041527,True,False,False
EXTRA_TREES,SCALE_FREE,300,50,ROLLING_300,1930,0.4419689119171,-0.12399949319436,-239.31902186512,-0.53720207253886,-1036.8,0.67938032039712,252.9580358652,186,1744,0,0,1930,-0.088419400150521,0.110734434565,-265.8007128751,309.99353005181,1,1930,105,-0.029214857567741,18,187,0,-0.16569701557987,0.34691550506566,-307.98860143974,True,False,False
EXTRA_TREES,SCALE_FREE,300,50,ROLLING_500,2821,0.43920595533499,-0.11873999923085,-334.96553783022,-0.5362282878412,-1512.7,0.69039234649047,349.31453775493,415,2406,0,0,2821,-0.083136290822379,0.11854227540034,-362.29028233199,310.40948103509,1,2821,105,-0.055011583994565,19,285,0,-0.17659632038554,0.3666299385515,-435.4035992505,True,False,False
EXTRA_TREES,SCALE_FREE,300,50,ZERO,500,0.438,-0.080094920389445,-40.047460194723,-0.1512,-75.600000000002,0.79236961032324,69.524170814437,14,486,0,0,500,-0.038718601666322,0.15196017526732,-61.976235018016,304.589084,1,500,67,0.064653373294169,11,3,2,-0.11413312796355,0.40388493056366,-60.735619556284,True,False,False
EXTRA_TREES,SCALE_FREE,600,0,FREQUENCY_100,474,0.51054852320675,0.026089737576402,12.366535611215,0.66687763713082,316.10000000001,1.0620708375363,16.966207770143,19,455,0,0,474,0.061558869594038,0.091946813248423,-4.3205133928372,618.30886075949,1,474,92,0.06147285456792,8,43,3,-0.25398205395924,0.32809103258845,-4.4458329651448,True,False,False
EXTRA_TREES,SCALE_FREE,600,0,FREQUENCY_150,804,0.50124378109453,-0.028440200130081,-22.865920904585,0.13121890547259,105.49999999996,0.93475169752936,34.139498723709,54,750,0,0,804,0.0062159141851679,0.13762825707534,-45.997545349467,616.79227860697,1,804,100,0.032237815516034,7,87,2,-0.15560371286564,0.34285511874237,-50.729436814045,True,False,False
EXTRA_TREES,SCALE_FREE,600,0,FREQUENCY_200,1257,0.49005568814638,-0.041304542549627,-51.919809984881,0.11264916467777,141.59999999996,0.90590575407841,64.381920696049,140,1117,0,0,1257,-0.0067879733135744,0.10983657212821,-77.241058433723,619.40838424821,1,1257,101,0.013373243698329,8,129,1,-0.15163328285733,0.39445455670119,-95.307137514598,True,False,False
EXTRA_TREES,SCALE_FREE,600,0,FREQUENCY_300,1821,0.48599670510708,-0.084145048318049,-153.22813298717,-0.33602416254806,-611.90000000001,0.81535445470072,161.91058222085,284,1537,0,0,1821,-0.050008378594321,0.11929115860084,-178.54938143601,617.7312542559,1,1821,106,-0.0090340924824745,9,194,0,-0.15470257473878,0.38387062533452,-215.39100855407,True,False,False
EXTRA_TREES,SCALE_FREE,600,0,FREQUENCY_500,2980,0.45906040268456,-0.1499857015636,-446.95739065952,-0.87929530201344,-2620.3,0.69294267218997,452.07296313076,684,2296,0,0,2980,-0.1166146917904,0.1159291091816,-475.02263523386,731.23587751678,1,2980,106,-0.041370175320377,11,313,0,-0.23358231557623,0.42312880119501,-546.40299978364,True,False,False
EXTRA_TREES,SCALE_FREE,600,0,PERCENTILE_100,484,0.51652892561983,0.033001198581813,15.972580113598,0.75082644628099,363.4,1.0786950956591,20.927409407431,15,469,0,0,484,0.067688143729254,0.17255188743998,-3.1869240738474,620.83352066116,1,484,92,0.049836709354983,8,49,4,-0.26911390081732,0.33180071779388,-0.81590133776385,True,False,False
EXTRA_TREES,SCALE_FREE,600,0,PERCENTILE_150,745,0.50604026845638,-0.021737651559668,-16.194550411953,0.22644295302008,168.69999999996,0.94939051534976,28.570802434167,37,708,0,0,745,0.013291811179635,0.1484860380973,-35.793798134587,617.52138791946,1,745,100,0.034033106969516,6,82,1,-0.16404671939722,0.31920013763261,-42.291500152733,True,False,False
EXTRA_TREES,SCALE_FREE,600,0,PERCENTILE_200,977,0.49744114636643,-0.031527206180414,-30.802080438265,0.17041965199586,166.49999999996,0.92667553933865,48.549668785338,77,900,0,0,977,0.0030333544208977,0.10844742370858,-55.076983537626,615.68139713408,1,977,101,0.022803685306745,7,98,1,-0.11243185949687,0.3581717488181,-64.567748145747,True,False,False
EXTRA_TREES,SCALE_FREE,600,0,PERCENTILE_300,1417,0.48835568101623,-0.064678010487739,-91.648740861126,-0.083274523641514,-118.00000000002,0.85808246777506,104.1228779888,173,1244,0,0,1417,-0.03039080130732,0.11752592435355,-116.96998930997,619.0402900494,1,1417,102,0.0049423019059196,8,147,0,-0.17707268442221,0.37947796253084,-140.23371626978,True,False,False
EXTRA_TREES,SCALE_FREE,600,0,PERCENTILE_500,2062,0.48254122211445,-0.094225546605802,-194.29307710116,-0.4502424830262,-928.40000000003,0.79378063914399,201.40548695949,349,1713,0,0,2062,-0.060112720460678,0.08421991835274,-219.71760806608,616.07342046557,1,2062,106,-0.017108067910629,10,213,0,-0.15663301570738,0.38867833741866,-264.63372461241,True,False,False
EXTRA_TREES,SCALE_FREE,600,0,ROLLING_100,555,0.5027027027027,-0.014322600232058,-7.9490431287921,0.3209009009009,178.1,0.96720593715993,20.929835544835,24,531,0,0,555,0.021044639693926,0.16573654190996,-27.108547316237,618.95898558559,1,555,92,0.051073472149747,8,45,2,-0.22504651794308,0.32866576501578,-27.577861287713,True,False,False
EXTRA_TREES,SCALE_FREE,600,0,ROLLING_150,819,0.49328449328449,-0.044673889528839,-36.587915524119,0.042612942612918,34.89999999998,0.89771222381796,40.560392155173,51,768,0,0,819,-0.0097282217114078,0.14865510426225,-56.117412499827,616.13953846154,1,819,98,0.033872228513548,7,66,1,-0.1598956791094,0.32602812225894,-65.208417466595,True,False,False
EXTRA_TREES,SCALE_FREE,600,0,ROLLING_200,1065,0.49107981220657,-0.051603298108716,-54.957512485782,0.044788732394335,47.699999999967,0.88508832366564,59.120662196364,101,964,0,0,1065,-0.016768105916111,0.1280500269851,-79.346488914367,614.54480751174,1,1065,100,0.022035948475669,7,85,0,-0.18012098582138,0.36034546953932,-92.056992170907,True,False,False
EXTRA_TREES,SCALE_FREE,600,0,ROLLING_300,1500,0.49,-0.056300887353646,-84.451331030469,-0.034600000000026,-51.900000000039,0.8737891248013,98.288832958071,205,1295,0,0,1500,-0.021541821036313,0.14265305883147,-109.77257947931,617.58238466667,1,1500,101,0.003666925184756,9,130,0,-0.14785170100338,0.37795254283192,-136.58993050647,True,False,False
EXTRA_TREES,SCALE_FREE,600,0,ROLLING_500,2154,0.47307335190344,-0.11050724197872,-238.03259922216,-0.5540389972145,-1193.4,0.76464703173845,239.10946705614,389,1765,0,0,2154,-0.076384628624429,0.089638453598038,-265.07242891505,695.75469266481,1,2154,105,-0.019134754917965,14,204,0,-0.21360955775233,0.39970100424336,-311.53270838731,True,False,False
EXTRA_TREES,SCALE_FREE,600,0,ZERO,796,0.48743718592965,-0.036482831037937,-29.040333506197,0.10452261306531,83.199999999985,0.91785561513226,53.469890497069,103,693,0,0,796,0.00023562236970352,0.1032480437148,-52.382162690455,608.48614070352,1,796,77,0.053398739138542,7,4,2,-0.23930332501922,0.43825262081631,-58.268222418679,True,False,False
EXTRA_TREES,SCALE_FREE,600,25,FREQUENCY_100,620,0.49354838709677,-0.038957299995168,-24.153525997004,0.14064516129029,87.199999999978,0.91157524084239,32.37505310308,32,588,0,0,620,-0.0038791303869419,0.099234390881784,-40.828968558087,620.27986612903,1,620,98,0.041550566644374,8,67,1,-0.1689901396621,0.34079407678455,-45.901991154105,True,False,False
EXTRA_TREES,SCALE_FREE,600,25,FREQUENCY_150,954,0.4979035639413,-0.050601467765587,-48.27380024837,0.027358490566005,26.099999999969,0.88640869951216,53.922174229422,81,873,0,0,954,-0.015030389541921,0.085578837275775,-70.957212745271,615.25219077568,1,954,100,0.024030437292495,7,93,1,-0.13700730731664,0.37560759346166,-82.208608873748,True,False,False
EXTRA_TREES,SCALE_FREE,600,25,FREQUENCY_200,1257,0.49164677804296,-0.04330202816598,-54.430649404637,0.082418456642779,103.59999999997,0.90371207957163,68.855391521986,150,1107,0,0,1257,-0.0075058967723731,0.087914049391264,-78.938656941683,616.90447494033,1,1257,101,0.010012962498542,7,126,1,-0.13609337429129,0.38680765914955,-99.4263865664,True,False,False
EXTRA_TREES,SCALE_FREE,600,25,FREQUENCY_300,1791,0.47962032384143,-0.10279202372799,-184.10051449684,-0.43740926856505,-783.4,0.78129645563497,186.14896025762,291,1500,0,0,1791,-0.067823882388609,0.088116403686748,-208.37461570135,615.93038637633,1,1791,104,-0.013614763369471,8,196,0,-0.19908670351564,0.38364103086586,-246.72845563568,True,False,False
EXTRA_TREES,SCALE_FREE,600,25,FREQUENCY_500,2995,0.4550918196995,-0.14774431116617,-442.49421194268,-0.80420701168616,-2408.6,0.69853959925808,447.76466447547,723,2272,0,0,2995,-0.1129664351349,0.15077509554609,-468.21563775861,671.77630751252,1,2995,105,-0.049599196584305,9,323,0,-0.22500728865531,0.41474798634417,-546.65395065633,True,False,False
EXTRA_TREES,SCALE_FREE,600,25,PERCENTILE_100,498,0.5140562248996,0.0075708926814739,3.770304555374,0.47650602409639,237.3,1.0179765992869,19.728316789032,17,481,0,0,498,0.043137986535173,0.10782501443274,-12.905138005709,621.02215461847,1,498,92,0.049030935118974,7,50,4,-0.23894280444031,0.33268626260991,-13.942108183768,True,False,False
EXTRA_TREES,SCALE_FREE,600,25,PERCENTILE_150,751,0.50066577896138,-0.030439144332087,-22.859797393398,0.15326231691075,115.09999999997,0.92944600533723,31.545245360949,49,702,0,0,751,0.0048168814291758,0.097452483330184,-43.539501416074,617.23474034621,1,751,100,0.033333896833756,6,80,2,-0.15825229887581,0.34514765235013,-49.337072740106,True,False,False
EXTRA_TREES,SCALE_FREE,600,25,PERCENTILE_200,986,0.49797160243408,-0.041311698401943,-40.733334624316,0.16277890466529,160.49999999997,0.90685410250358,43.793491464517,85,901,0,0,986,-0.0058732106426237,0.081763731166445,-63.416747121216,619.97695334686,1,986,100,0.02065965233323,7,97,1,-0.16329440175584,0.35740473484634,-75.675683555005,True,False,False
EXTRA_TREES,SCALE_FREE,600,25,PERCENTILE_300,1431,0.49126484975542,-0.061756069109672,-88.37293489594,-0.096016771488471,-137.4,0.86361995637141,101.38202948994,196,1235,0,0,1431,-0.026167641116377,0.094742465633704,-112.88094243299,616.15380782669,1,1431,101,0.0011046599437394,8,141,0,-0.1725198335874,0.37294460783086,-139.29997535435,True,False,False
EXTRA_TREES,SCALE_FREE,600,25,PERCENTILE_500,2063,0.46485700436258,-0.13730194710922,-283.25391688632,-0.65540475036356,-1352.1,0.72198092711127,285.1955334069,370,1693,0,0,2063,-0.10247453531795,0.086979711980995,-307.52801809084,699.67498691226,1,2063,104,-0.023278933952714,14,207,0,-0.27780872995815,0.38681615871198,-355.10286741171,True,False,False
EXTRA_TREES,SCALE_FREE,600,25,ROLLING_100,680,0.50588235294118,-0.032665325290247,-22.212421197368,0.21955882352938,149.29999999998,0.92375129822285,27.666239646725,38,642,0,0,680,0.0026899231559618,0.11551136993935,-39.257856546714,617.80436617647,1,680,96,0.038774969180751,8,58,1,-0.17952088079855,0.34110520504161,-46.253990140789,True,False,False
EXTRA_TREES,SCALE_FREE,600,25,ROLLING_150,978,0.48977505112474,-0.062245925670909,-60.876515306149,-0.025153374233151,-24.600000000022,0.86361332757668,65.114616685944,92,886,0,0,978,-0.02682725095727,0.092162431191735,-83.55992780305,615.89095092025,1,978,100,0.022064028734337,7,82,1,-0.15978631405319,0.36233051838297,-95.515979176089,True,False,False
EXTRA_TREES,SCALE_FREE,600,25,ROLLING_200,1231,0.49309504467912,-0.048214304092195,-59.351808337492,0.08237205523962,101.39999999997,0.89338163823417,68.490540399272,143,1088,0,0,1231,-0.012755974639862,0.096234469953651,-83.055961354433,617.61766450041,1,1231,100,0.0090513736730173,7,111,0,-0.10696079514677,0.3775163030378,-103.00101189331,True,False,False
EXTRA_TREES,SCALE_FREE,600,25,ROLLING_300,1644,0.4860097323601,-0.085231777517626,-140.12104223898,-0.27591240875912,-453.59999999999,0.81703452805982,148.33718646621,250,1394,0,0,1644,-0.049947750486408,0.080104936850447,-164.39514344349,617.33098418491,1,1644,103,-0.0080489363681149,8,150,0,-0.18611131490616,0.3814912170666,-198.1279826783,True,False,False
EXTRA_TREES,SCALE_FREE,600,25,ROLLING_500,2367,0.45627376425856,-0.16008091616183,-378.91152855505,-0.86911702577102,-2057.2,0.68127668676305,381.40812711523,475,1892,0,0,2367,-0.12532432347615,0.1139238698334,-403.18562975956,688.873582594,1,2367,105,-0.032951269339329,10,234,0,-0.24353801345402,0.38692394486145,-461.18038344205,True,False,False
EXTRA_TREES,SCALE_FREE,600,25,ZERO,715,0.48811188811189,-0.028503719356588,-20.380159339961,0.21370629370628,152.79999999999,0.93610156713973,39.97576350217,79,636,0,0,715,0.0091493826722573,0.11387931385797,-43.721988524218,609.6876,1,715,77,0.054571807534521,6,4,2,-0.23930332501922,0.42881988122536,-47.302127290585,True,False,False
EXTRA_TREES,SCALE_FREE,600,50,FREQUENCY_100,630,0.4968253968254,-0.054160539201605,-34.121139697011,0.074603174603138,46.999999999977,0.88291569545443,38.956606802092,33,597,0,0,630,-0.01643283496389,0.10221378456702,-56.298593160108,620.16591269841,1,630,96,0.032687233806761,6,67,1,-0.19563130293941,0.32761174780759,-57.889593366771,True,False,False
EXTRA_TREES,SCALE_FREE,600,50,FREQUENCY_150,916,0.49235807860262,-0.052161323469984,-47.779772298505,0.14443231441047,132.29999999999,0.88830139147019,65.118218819154,92,824,0,0,916,-0.014604405960273,0.082936907680959,-71.121601482763,621.12151310044,1,916,99,0.014667227281051,7,83,1,-0.14803207531844,0.3596968189092,-82.181908737401,True,False,False
EXTRA_TREES,SCALE_FREE,600,50,FREQUENCY_200,1208,0.4908940397351,-0.088814402812914,-107.287798598,-0.16076158940397,-194.2,0.81648034187093,119.3000771791,174,1034,0,0,1208,-0.051948890156756,0.080058754731139,-131.56189980252,617.80774337748,1,1208,101,-0.0038644243261977,8,115,0,-0.16634782234513,0.36238054332697,-151.82133788664,True,False,False
EXTRA_TREES,SCALE_FREE,600,50,FREQUENCY_300,1802,0.46004439511654,-0.16106985836102,-290.24788476655,-0.73601553829078,-1326.3,0.69065591185547,292.47507157448,359,1443,0,0,1802,-0.12468411361653,0.091336689785775,-314.52198597107,616.55753884573,1,1802,104,-0.031140527447431,9,187,0,-0.30968767804779,0.37169928757522,-355.81499679613,True,False,False
EXTRA_TREES,SCALE_FREE,600,50,FREQUENCY_500,3007,0.45294313269039,-0.16282822236308,-489.62446464579,-0.77422680412372,-2328.1,0.69759313442721,496.47890423905,847,2160,0,0,3007,-0.12431577081624,0.1158231206557,-530.37619922747,785.88533887596,1,3007,104,-0.078772402604822,11,330,0,-0.23513028246752,0.39024780975441,-605.43140644714,True,False,False
EXTRA_TREES,SCALE_FREE,600,50,PERCENTILE_100,480,0.50416666666667,-0.040996052020712,-19.678104969942,0.14479166666664,69.499999999989,0.90968544487988,26.067627467189,17,463,0,0,480,-0.0034061615724104,0.081394462045361,-37.132045225703,623.76424583333,1,480,92,0.040890197161722,7,54,1,-0.161712218662,0.31462366740891,-37.721252385127,True,False,False
EXTRA_TREES,SCALE_FREE,600,50,PERCENTILE_150,725,0.50068965517241,-0.04891914026976,-35.466376695576,0.087172413793073,63.199999999978,0.89354428562747,39.859561448626,45,680,0,0,725,-0.011283077411846,0.088952849991064,-58.149789192477,618.48660689655,1,725,97,0.024914018536083,6,73,1,-0.25104662678169,0.31810252981286,-62.752522267565,True,False,False
EXTRA_TREES,SCALE_FREE,600,50,PERCENTILE_200,955,0.49109947643979,-0.04982507187803,-47.582943643519,0.10481675392669,100.09999999999,0.89315059077437,62.056690150169,96,859,0,0,955,-0.012150890370816,0.075128812401091,-72.090951180565,620.66311204188,1,955,100,0.010425403585542,6,99,0,-0.17076670503666,0.35022254693094,-83.561786982908,True,False,False
EXTRA_TREES,SCALE_FREE,600,50,PERCENTILE_300,1333,0.47786946736684,-0.10937143212797,-145.79211902658,-0.37036759189797,-493.69999999999,0.77856994358811,153.74144186585,206,1127,0,0,1333,-0.072491227438297,0.082986228354211,-170.5574314093,616.30221530383,1,1333,102,-0.010104176320168,8,130,0,-0.24458301156548,0.35660306438456,-194.95343187792,True,False,False
EXTRA_TREES,SCALE_FREE,600,50,PERCENTILE_500,2023,0.45477014335146,-0.16392570514146,-331.62170150117,-0.79347503707365,-1605.2,0.68790162354404,333.8488883091,451,1572,0,0,2023,-0.12696794698136,0.10748853329913,-357.3431273171,615.61659367276,1,2023,104,-0.040173973004993,10,195,0,-0.32756270343194,0.36577613309979,-406.38724625903,True,False,False
EXTRA_TREES,SCALE_FREE,600,50,ROLLING_100,749,0.49265687583445,-0.063829897484906,-47.808593216195,-0.0002670226969532,-0.20000000001794,0.86517306429881,52.201777969244,58,691,0,0,749,-0.026494137379821,0.089606195388747,-70.492005713095,618.71489319092,1,749,97,0.022528288873602,6,69,0,-0.22142234040878,0.32425741909852,-75.773077534903,True,False,False
EXTRA_TREES,SCALE_FREE,600,50,ROLLING_150,1029,0.49076773566569,-0.06606583245803,-67.981741599312,-0.061127308066095,-62.900000000012,0.85924939888198,83.332501943558,124,905,0,0,1029,-0.028698476321598,0.076493552268068,-92.489749136359,620.0511350826,1,1029,99,0.0049388847900794,7,97,0,-0.16684410105795,0.35057807282883,-106.4327510637,True,False,False
EXTRA_TREES,SCALE_FREE,600,50,ROLLING_200,1250,0.488,-0.099896263050405,-124.87032881301,-0.26991999999999,-337.39999999999,0.7973216475421,137.31127298651,182,1068,0,0,1250,-0.063095907963722,0.081084975597513,-149.14443001752,620.385992,1,1250,102,-0.006975424916924,8,117,0,-0.19671638681579,0.36435296793815,-170.87077267136,True,False,False
EXTRA_TREES,SCALE_FREE,600,50,ROLLING_300,1647,0.4669095324833,-0.14824625099649,-244.16157539122,-0.59447480267151,-979.09999999997,0.71263720023478,246.85019385529,315,1332,0,0,1647,-0.11183611256047,0.092292745613877,-268.43567659574,617.92682817243,1,1647,103,-0.025708176612983,9,160,0,-0.33312148796468,0.35874056982429,-304.12907339535,True,False,False
EXTRA_TREES,SCALE_FREE,600,50,ROLLING_500,2337,0.45699614890886,-0.15487417778471,-361.94095348287,-0.73431750106975,-1716.1,0.70137325311672,366.78939092738,575,1762,0,0,2337,-0.1181487224607,0.085716872514797,-387.6623792988,616.60053401797,1,2337,104,-0.051913926373304,10,239,0,-0.31297469536273,0.36073138714325,-447.76834257509,True,False,False
EXTRA_TREES,SCALE_FREE,600,50,ZERO,549,0.48998178506375,-0.032917595166987,-18.071759746676,0.27632058287796,151.7,0.92913140332844,41.452887956345,42,507,0,0,549,0.0070011891819454,0.1146590286626,-41.413588930933,612.04319307832,1,549,75,0.055046197291898,6,4,2,-0.23930332501922,0.39763274489642,-39.987172354239,True,False,False
EXTRA_TREES,SCALE_FREE,900,0,FREQUENCY_100,557,0.48473967684022,-0.06037438227982,-33.62853092986,-0.054757630161598,-30.50000000001,0.89117160022703,51.023812547284,23,534,0,0,557,-0.025322822473172,0.090357854885316,-63.443302572668,924.87905206463,1,557,92,0.070401783005012,6,45,1,-0.2504010128458,0.31224777174088,-53.152249742162,True,False,False
EXTRA_TREES,SCALE_FREE,900,0,FREQUENCY_150,846,0.49408983451537,-0.028354090564056,-23.987560617192,0.15035460992905,127.19999999998,0.94494123766361,53.651558727475,43,803,0,0,846,0.0071504616506501,0.080762539790802,-55.566291128642,920.08780023641,1,846,101,0.049622465299861,8,83,1,-0.12655893796873,0.36650105909342,-54.024411790833,True,False,False
EXTRA_TREES,SCALE_FREE,900,0,FREQUENCY_200,1162,0.47934595524957,-0.062585134565779,-72.723926365435,-0.036833046471651,-42.800000000059,0.87973188617116,89.707795851643,84,1078,0,0,1162,-0.027828489417944,0.09874304523213,-102.40925288032,919.4268777969,1,1162,105,0.029905422488373,10,126,0,-0.16107453420589,0.38804429476204,-113.11114802722,True,False,False
EXTRA_TREES,SCALE_FREE,900,0,FREQUENCY_300,1783,0.47223780145822,-0.081154851205715,-144.69909969979,-0.25535614133485,-455.30000000004,0.84706471440832,153.30780447304,251,1532,0,0,1783,-0.047122477470511,0.092194196283975,-176.33014999152,914.30223948402,1,1783,105,0.0035163550458728,8,180,0,-0.16954725339394,0.41414045542369,-205.37882206966,True,False,False
EXTRA_TREES,SCALE_FREE,900,0,FREQUENCY_500,2997,0.47013680347014,-0.10546350115879,-316.0741129729,-0.55658992325657,-1668.0999999999,0.80682874337782,331.38831474724,715,2282,0,0,2997,-0.072246700074046,0.082100139712073,-352.05603536073,1026.3384901568,1,2997,106,-0.035389274028793,10,328,0,-0.15486616247172,0.45247036750858,-415.62486582388,True,False,False
EXTRA_TREES,SCALE_FREE,900,0,PERCENTILE_100,466,0.48712446351931,-0.051482215900032,-23.990712609415,0.052575107296155,24.500000000008,0.90486919065446,38.12246530761,5,461,0,0,466,-0.015646305078539,0.082561837184866,-49.977119696472,930.25283261803,1,466,91,0.075306374259087,7,46,0,-0.095478163382691,0.31606022154611,-40.690247052231,True,False,False
EXTRA_TREES,SCALE_FREE,900,0,PERCENTILE_150,701,0.490727532097,-0.0341175834641,-23.916426008334,0.071326676176865,49.999999999982,0.93603529306174,53.394930720731,32,669,0,0,701,0.00093766859393009,0.076708852581319,-55.495156519785,922.49417974322,1,701,100,0.055535730741213,6,74,2,-0.079305425744049,0.34102260041168,-48.490157701014,True,False,False
EXTRA_TREES,SCALE_FREE,900,0,PERCENTILE_200,928,0.49030172413793,-0.046814526629586,-43.443880712256,0.056249999999974,52.199999999976,0.91034399754259,66.661501885113,50,878,0,0,928,-0.011940069194428,0.091733650518955,-73.129207227138,922.7689299569,1,928,103,0.04127372576024,8,104,1,-0.19341906479475,0.36120589534603,-75.807377212082,True,False,False
EXTRA_TREES,SCALE_FREE,900,0,PERCENTILE_300,1334,0.47226386806597,-0.084110444573877,-112.20333306155,-0.18598200899554,-248.10000000005,0.84090424096356,129.61047396545,123,1211,0,0,1334,-0.049674821344869,0.093624185528378,-142.9001791201,917.11955622189,1,1334,105,0.020297543872568,10,138,0,-0.21634184104798,0.39638040581974,-158.14045444905,True,False,False
EXTRA_TREES,SCALE_FREE,900,0,PERCENTILE_500,1981,0.47703180212014,-0.085420775131586,-169.21855553567,-0.35259969712267,-698.50000000001,0.83944102195446,177.93785307788,302,1679,0,0,1981,-0.051964789411769,0.088083891076341,-201.92194635204,1001.6598541141,1,1981,105,-0.0043905782055834,9,203,0,-0.1267045092072,0.43018270000501,-235.49486324663,True,False,False
EXTRA_TREES,SCALE_FREE,900,0,ROLLING_100,518,0.4980694980695,-0.042310419473502,-21.916797287274,0.044594594594575,23.09999999999,0.91955193362986,34.555950734772,9,509,0,0,518,-0.0061359067203494,0.081121177669843,-46.07095759146,926.01017181467,1,518,90,0.076751592436723,7,40,2,-0.2720207818189,0.30061924003522,-40.655194893407,True,False,False
EXTRA_TREES,SCALE_FREE,900,0,ROLLING_150,757,0.49669749009247,-0.019428914118002,-14.707687987327,0.19986789960365,151.29999999997,0.96186145288846,44.560696924447,33,724,0,0,757,0.016132959081071,0.078506846054778,-46.286418498778,920.83818626156,1,757,98,0.055071554984008,7,62,2,-0.11271366087588,0.35049309275769,-41.628025999026,True,False,False
EXTRA_TREES,SCALE_FREE,900,0,ROLLING_200,978,0.48568507157464,-0.05020624061541,-49.101703321871,0.019836400817964,19.399999999969,0.9034833792448,69.857565521322,61,917,0,0,978,-0.01513498318238,0.089909910351858,-78.787029836753,917.43832413088,1,978,102,0.041872448497153,7,86,0,-0.20674231418787,0.37401777027088,-83.401393091375,True,False,False
EXTRA_TREES,SCALE_FREE,900,0,ROLLING_300,1370,0.47153284671533,-0.081886437994007,-112.18442005179,-0.19554744525551,-267.90000000005,0.84380843791589,126.7490534055,132,1238,0,0,1370,-0.047511679312043,0.088706885895182,-142.88126611034,916.72751678832,1,1370,105,0.019706052183405,10,127,1,-0.21731236551377,0.39827227639353,-159.27783944608,True,False,False
EXTRA_TREES,SCALE_FREE,900,0,ROLLING_500,2032,0.47736220472441,-0.094548781264757,-192.12312352999,-0.40009842519685,-812.99999999999,0.82391317498561,200.84242107219,320,1712,0,0,2032,-0.061116875457801,0.073582434207976,-224.82651434635,998.7225246063,1,2032,105,-0.0058397013158397,9,190,0,-0.14237468657254,0.43350078146381,-260.05675612972,True,False,False
EXTRA_TREES,SCALE_FREE,900,0,ZERO,891,0.48260381593715,-0.047196991101632,-42.052519071554,-0.1099887766555,-98.000000000049,0.90904699510521,53.922377734222,93,798,0,0,891,-0.011070139326328,0.097587242474799,-73.331665557657,912.50230190797,1,891,80,0.06157729324044,7,5,1,-0.088940948261006,0.43966536765483,-74.24154400335,True,False,False
EXTRA_TREES,SCALE_FREE,900,25,FREQUENCY_100,571,0.48511383537653,-0.049608324101735,-28.326353062091,0.18581436077055,106.09999999999,0.91093276509664,52.390074438494,24,547,0,0,571,-0.013571371726102,0.084777312745245,-60.001801798271,926.42365323993,1,571,99,0.064733560501727,7,64,1,-0.12888269428376,0.34787631089924,-48.903452868578,True,False,False
EXTRA_TREES,SCALE_FREE,900,25,FREQUENCY_150,902,0.48558758314856,-0.058437876604412,-52.710964697179,-0.057317073170768,-51.700000000033,0.88955301443431,71.081912243934,58,844,0,0,902,-0.022656278081131,0.10112011736708,-82.128752799268,919.42280266075,1,902,103,0.042146360163901,8,101,1,-0.220139184844,0.36748511206911,-84.985966565179,True,False,False
EXTRA_TREES,SCALE_FREE,900,25,FREQUENCY_200,1169,0.47390932420873,-0.080799933297292,-94.455122024534,-0.12677502138584,-148.20000000005,0.84980078665626,109.29744913982,94,1075,0,0,1169,-0.044930538037561,0.089329324256076,-125.15196808308,915.90943541488,1,1169,104,0.025962876111428,9,126,0,-0.2558623777044,0.38014673085587,-136.38644508316,True,False,False
EXTRA_TREES,SCALE_FREE,900,25,FREQUENCY_300,1748,0.47654462242563,-0.10181520441446,-177.97297731647,-0.4029176201373,-704.3,0.81728813670176,186.60883529127,222,1526,0,0,1748,-0.066995563507895,0.082820135379564,-209.6040276082,1012.6716086957,1,1748,105,-0.0012974369597004,8,187,0,-0.19421147930992,0.41155609180287,-238.83770962115,True,False,False
EXTRA_TREES,SCALE_FREE,900,25,FREQUENCY_500,2924,0.46853625170999,-0.11679270093268,-341.50185752715,-0.67243502051982,-1966.2,0.7961591586409,354.18867850921,659,2265,0,0,2924,-0.082274706311686,0.097367510363082,-379.41804601503,1030.4187055404,1,2924,106,-0.044857508300533,9,341,0,-0.18016553206093,0.44022532322583,-442.43247379892,True,False,False
EXTRA_TREES,SCALE_FREE,900,25,PERCENTILE_100,466,0.49356223175966,-0.05357701135897,-24.96688729328,0.0530042918455,24.700000000003,0.90099927183589,34.084225597497,9,457,0,0,466,-0.017075712469365,0.077447014502018,-50.953294380336,930.28955364807,1,466,92,0.073176567936229,7,48,1,-0.12572172686259,0.29626465355215,-41.976492575836,True,False,False
EXTRA_TREES,SCALE_FREE,900,25,PERCENTILE_150,695,0.48776978417266,-0.034774368136883,-24.168185855133,0.12302158273378,85.499999999976,0.93556151139057,48.350481761637,34,661,0,0,695,0.0014378073050245,0.068442290365015,-55.746916366584,922.6150647482,1,695,100,0.05324475219231,6,78,2,-0.16559317963369,0.30926972766374,-49.335647787259,True,False,False
EXTRA_TREES,SCALE_FREE,900,25,PERCENTILE_200,927,0.48867313915858,-0.052800620826445,-48.946175506114,0.032146709816579,29.799999999969,0.89889983399438,73.086784872321,55,872,0,0,927,-0.017234341554283,0.096534376654718,-78.363963608203,919.29697842503,1,927,103,0.039095987069347,8,104,1,-0.22429377846263,0.36627050268352,-81.916116391409,True,False,False
EXTRA_TREES,SCALE_FREE,900,25,PERCENTILE_300,1320,0.46818181818182,-0.093562563284544,-123.5025835356,-0.2866666666667,-378.40000000004,0.82732097224357,136.53592143283,129,1191,0,0,1320,-0.058310546621849,0.1004748186688,-154.19942959415,915.28569848485,1,1320,104,0.01701670558247,10,140,0,-0.2291883344277,0.3882868232401,-170.03524553036,True,False,False
EXTRA_TREES,SCALE_FREE,900,25,PERCENTILE_500,1947,0.48125321006677,-0.096570986033822,-188.02370980785,-0.38875192604006,-756.9,0.82541676443073,196.89708317697,276,1671,0,0,1947,-0.061993464342871,0.081006512154477,-219.65476009958,1001.0463703133,1,1947,105,-0.010148770602347,10,206,0,-0.21145433461569,0.41294830430991,-255.34614454014,True,False,False
EXTRA_TREES,SCALE_FREE,900,25,ROLLING_100,625,0.4816,-0.060032638755303,-37.520399222064,0.0011199999999473,0.69999999996709,0.89014601264458,55.53486933927,26,599,0,0,625,-0.023350698991619,0.080433508105508,-69.099129733515,924.4799968,1,625,95,0.06245776962535,8,53,1,-0.16209119479357,0.32023076195241,-60.446611574367,True,False,False
EXTRA_TREES,SCALE_FREE,900,25,ROLLING_150,900,0.47888888888889,-0.05929375571685,-53.364380145165,0.012222222222182,10.999999999964,0.88769229606489,71.487331155938,56,844,0,0,900,-0.023192296055054,0.088310129909514,-82.263144091869,918.60096777778,1,900,102,0.04324372992986,8,85,0,-0.22985686878829,0.37048372259554,-85.855693840781,True,False,False
EXTRA_TREES,SCALE_FREE,900,25,ROLLING_200,1138,0.4780316344464,-0.080387126848795,-91.480550353929,-0.16942003514942,-192.80000000004,0.8509675725897,109.64454013076,89,1049,0,0,1138,-0.044637308745167,0.10279573641905,-122.17739641248,916.40150351494,1,1138,104,0.027743970062001,9,112,1,-0.27639275251428,0.37139729180641,-132.16384335586,True,False,False
EXTRA_TREES,SCALE_FREE,900,25,ROLLING_300,1524,0.47112860892388,-0.10139150949946,-154.52066047717,-0.38963254593178,-593.80000000004,0.81751616645191,163.32036391755,178,1346,0,0,1524,-0.066341909332629,0.094085744138052,-185.21750653572,913.61914566929,1,1524,104,0.0076998947831233,8,144,0,-0.23847243469085,0.3890286239481,-207.93625113141,True,False,False
EXTRA_TREES,SCALE_FREE,900,25,ROLLING_500,2183,0.46999541914796,-0.10894583008703,-237.82874707998,-0.48479157123224,-1058.3,0.80502087404547,249.66475104574,372,1811,0,0,2183,-0.074146531971136,0.068978050531614,-270.2399577409,990.86996655978,1,2183,105,-0.019276777907121,10,220,0,-0.21272880362872,0.40747158153064,-313.79561486698,True,False,False
EXTRA_TREES,SCALE_FREE,900,25,ZERO,811,0.47718865598027,-0.05191569757232,-42.103630731152,-0.07188655980278,-58.300000000055,0.90169784355904,54.346158263483,64,747,0,0,811,-0.014763312656815,0.10211764625339,-73.382777217255,913.59162022195,1,811,80,0.063327560908246,7,5,1,-0.096202520895155,0.42887929841288,-72.234214897626,True,False,False
EXTRA_TREES,SCALE_FREE,900,50,FREQUENCY_100,593,0.49241146711636,-0.033651457069902,-19.955314042452,0.22782462057331,135.09999999998,0.93757872571103,40.790735316582,24,569,0,0,593,0.0046833443267707,0.07750485738646,-51.630762778632,925.64492411467,1,593,98,0.057139452843953,7,65,3,-0.1510156599721,0.31962522988738,-42.687851270679,True,False,False
EXTRA_TREES,SCALE_FREE,900,50,FREQUENCY_150,900,0.47222222222222,-0.088965219375388,-80.06869743785,-0.11233333333335,-101.10000000001,0.84355972353638,100.70297897391,67,833,0,0,900,-0.05080230044851,0.08766771999231,-110.86226172113,918.43069111111,1,900,103,0.027657049928687,9,98,1,-0.26054907323222,0.35517135561321,-114.41532447204,True,False,False
EXTRA_TREES,SCALE_FREE,900,50,FREQUENCY_200,1149,0.46127067014795,-0.1209771305347,-139.00272298437,-0.52567449956485,-604.00000000002,0.79261091175129,148.45345563854,111,1038,0,0,1149,-0.083477821177659,0.090924653603337,-169.79628726765,915.53291818973,1,1149,103,0.012173218877429,10,127,0,-0.2622973836516,0.35551034546925,-182.08942943561,True,False,False
EXTRA_TREES,SCALE_FREE,900,50,FREQUENCY_300,1754,0.46636259977195,-0.11408519204444,-200.10542684595,-0.4461801596351,-782.59999999997,0.80594396203355,213.75000029003,283,1471,0,0,1754,-0.077278744820587,0.09240925949297,-234.63711263534,914.56307297605,1,1754,104,-0.022193218575335,13,206,0,-0.1913178144227,0.38068318302554,-264.66393527659,True,False,False
EXTRA_TREES,SCALE_FREE,900,50,FREQUENCY_500,2788,0.45911047345768,-0.13937045385503,-388.56482534782,-0.64225251076042,-1790.6,0.77359784780753,398.97957053862,703,2085,0,0,2788,-0.10032458326166,0.089633193740484,-428.31179307654,1160.5661441894,1,2788,105,-0.076739158698882,13,354,0,-0.18812341788387,0.40973356565818,-497.42471256214,True,False,False
EXTRA_TREES,SCALE_FREE,900,50,PERCENTILE_100,442,0.49321266968326,-0.042119345451927,-18.616750689752,0.24230769230768,107.1,0.92390069024525,33.916892334954,11,431,0,0,442,-0.0039101593868597,0.080128924242851,-44.942164530876,930.89052714932,1,442,94,0.067832837678223,6,55,1,-0.17976601751915,0.27604985261907,-35.505210930511,True,False,False
EXTRA_TREES,SCALE_FREE,900,50,PERCENTILE_150,681,0.48164464023495,-0.073183441324333,-49.837923541871,0.00014684287807199,0.099999999967025,0.8672021634413,67.515296844646,36,645,0,0,681,-0.03528085675054,0.096215690590907,-79.352429868689,923.66465345081,1,681,100,0.047464588825218,9,75,2,-0.24117139508592,0.32121647158522,-75.649583636624,True,False,False
EXTRA_TREES,SCALE_FREE,900,50,PERCENTILE_200,886,0.47404063205418,-0.086558223666852,-76.690586168831,-0.14537246049664,-128.80000000002,0.84725378536254,94.708103326745,61,825,0,0,886,-0.048324192166026,0.092211803018705,-107.48415045211,918.74188148984,1,886,103,0.029985309392082,9,96,1,-0.25465225967055,0.34257789829718,-110.56593807856,True,False,False
EXTRA_TREES,SCALE_FREE,900,50,PERCENTILE_300,1213,0.46166529266282,-0.12579417995705,-152.5883402879,-0.54773289365212,-664.40000000002,0.78649578024432,155.54455929558,120,1093,0,0,1213,-0.088398324295601,0.087634741675032,-183.38190457118,914.95733223413,1,1213,104,0.0078069394973024,10,127,0,-0.26335914655323,0.36816799481775,-197.94951320523,True,False,False
EXTRA_TREES,SCALE_FREE,900,50,PERCENTILE_500,1827,0.45977011494253,-0.14092801498295,-257.47548337386,-0.65725232621784,-1200.8,0.76701975296297,271.00492245773,316,1511,0,0,1827,-0.10394563134297,0.09178657749809,-292.00716916325,913.94303393541,1,1827,104,-0.02652386197909,11,202,0,-0.19945762084662,0.38737205416436,-325.04229828411,True,False,False
EXTRA_TREES,SCALE_FREE,900,50,ROLLING_100,682,0.47653958944282,-0.082805631514218,-56.473440692697,-0.087536656891545,-59.700000000034,0.85123598020205,74.709575409605,37,645,0,0,682,-0.044787101986457,0.087293756273476,-85.46892286413,922.98934750733,1,682,100,0.048568290791005,9,67,1,-0.25414970909769,0.33335817823498,-82.40207783063,True,False,False
EXTRA_TREES,SCALE_FREE,900,50,ROLLING_150,915,0.47103825136612,-0.091288901791151,-83.529345138903,-0.20153005464483,-184.40000000002,0.83751420156105,100.27705257123,66,849,0,0,915,-0.053212202087302,0.09257679155195,-114.32290942218,918.07146885246,1,915,103,0.02833143280459,10,89,1,-0.29411172533283,0.34834447737919,-118.36952536792,True,False,False
EXTRA_TREES,SCALE_FREE,900,50,ROLLING_200,1115,0.46547085201794,-0.10580927549425,-117.97734217609,-0.4168609865471,-464.80000000002,0.81817772416024,129.0878869963,109,1006,0,0,1115,-0.068506893530803,0.087526113579176,-148.77090645936,915.5920044843,1,1115,103,0.014495652539998,10,104,0,-0.25195889110897,0.35297121773124,-159.56949806533,True,False,False
EXTRA_TREES,SCALE_FREE,900,50,ROLLING_300,1463,0.46684894053315,-0.13269134695467,-194.12744059468,-0.63704716336296,-932.00000000001,0.7769079017733,202.96008556198,188,1275,0,0,1463,-0.09608841328649,0.085459845236048,-225.75849088641,913.41547026658,1,1463,104,-0.0067562678354559,10,146,0,-0.23321011169874,0.38040413084046,-247.67753255122,True,False,False
EXTRA_TREES,SCALE_FREE,900,50,ROLLING_500,2015,0.45806451612903,-0.14491826488248,-292.01030373821,-0.82143920595532,-1655.2,0.76048642213503,305.12830462847,371,1644,0,0,2015,-0.1080689634585,0.11606847237979,-328.95339867317,916.21630124069,1,2015,104,-0.035611929287507,16,219,0,-0.22108760085013,0.38929492691193,-366.26164610754,True,False,False
EXTRA_TREES,SCALE_FREE,900,50,ZERO,619,0.46365105008078,-0.094384035140708,-58.423717752098,-0.34168012924078,-211.50000000004,0.83394216466474,69.998679583585,33,586,0,0,619,-0.055210071774842,0.12263873427807,-89.702864238201,915.4102552504,1,619,78,0.068166770179265,9,5,1,-0.11115869092051,0.3971763423793,-82.67240107557,True,False,False
LIGHTGBM,FULL486,300,0,FREQUENCY_100,634,0.43533123028391,-0.14329452442285,-90.848728484087,-0.49479495268143,-313.70000000002,0.68711180984737,112.99958083201,180,454,0,0,634,-0.099148786502938,0.085195553689887,-112.69003949748,310.63872082019,1,634,98,0.29683039825372,10,32,1,-0.33482530534661,0.31481880702843,-118.83712632531,True,False,False
LIGHTGBM,FULL486,300,0,FREQUENCY_150,926,0.44276457883369,-0.14818386819915,-137.21826195241,-0.58196544276461,-538.90000000003,0.67472696744768,147.2802142577,313,613,0,0,926,-0.10487467985332,0.089125206014898,-159.98214740862,309.99098272138,1,926,103,0.25611215952018,13,57,0,-0.28546156760398,0.34979180254038,-177.32257036064,True,False,False
LIGHTGBM,FULL486,300,0,FREQUENCY_200,1337,0.43754674644727,-0.15611496091142,-208.72570273857,-0.69865370231865,-934.10000000004,0.64958241624163,220.29994985125,459,878,0,0,1337,-0.1146430993928,0.095811652315689,-231.52162649265,439.46751757666,1,1337,103,0.19096995878185,12,92,1,-0.29355909688659,0.35405728053859,-264.17358158897,True,False,False
LIGHTGBM,FULL486,300,0,FREQUENCY_300,1907,0.43995804929208,-0.14359727197426,-273.83999765492,-0.62527530152073,-1192.4,0.65749112212863,283.68842045712,616,1291,0,0,1907,-0.10436330072786,0.10765553433923,-296.63592140901,400.00899737808,1,1907,104,0.13724928326703,8,134,1,-0.21546076218494,0.38667473281309,-348.65918082182,True,False,False
LIGHTGBM,FULL486,300,0,FREQUENCY_500,2978,0.44492948287441,-0.11031495852376,-328.51794648374,-0.50053727333782,-1490.6,0.70740326766629,342.02001795361,935,2043,0,0,2978,-0.074557482940661,0.14627216271855,-358.48263624792,366.97042377435,1,2978,106,0.074884440795019,10,231,1,-0.15272583089006,0.42623451215014,-435.0037087702,True,False,False
LIGHTGBM,FULL486,300,0,PERCENTILE_100,583,0.44082332761578,-0.14485387182259,-84.449807272572,-0.428987993139,-250.10000000004,0.69110365255324,100.44507815632,165,418,0,0,583,-0.098845656737931,0.11816857147581,-106.29111828596,312.02183704974,1,583,99,0.32480723292295,10,38,0,-0.31315605650883,0.31868976353949,-111.27259666693,True,False,False
LIGHTGBM,FULL486,300,0,PERCENTILE_150,862,0.44083526682135,-0.14491791387027,-124.91924175617,-0.53271461716943,-459.20000000005,0.68318263063711,149.57457461554,284,578,0,0,862,-0.10097758561124,0.10142372141529,-147.68312721238,310.24582018561,1,862,103,0.26732633191281,12,52,2,-0.29334536455065,0.34608434122908,-162.79580471545,True,False,False
LIGHTGBM,FULL486,300,0,PERCENTILE_200,1130,0.44690265486726,-0.13697932142029,-154.78663320493,-0.53451327433632,-604.00000000004,0.68691310467005,168.68120231047,377,753,0,0,1130,-0.094526668518865,0.085709291246249,-177.58255695901,462.52642389381,1,1130,103,0.21955756920044,13,70,1,-0.28297113427368,0.34182344190053,-202.75813098353,True,False,False
LIGHTGBM,FULL486,300,0,PERCENTILE_300,1578,0.43662864385298,-0.15370733436967,-242.55017363534,-0.69771863117872,-1101,0.64607458067355,252.64191756151,516,1062,0,0,1578,-0.11317019969046,0.10419894979988,-265.34609738942,419.07609125475,1,1578,103,0.16333699851303,11,118,1,-0.25498076074199,0.35025518313917,-306.51777215912,True,False,False
LIGHTGBM,FULL486,300,0,PERCENTILE_500,2560,0.437890625,-0.12657834065966,-324.04055208873,-0.59953125000001,-1534.8,0.67821856891857,335.72160851413,802,1758,0,0,2560,-0.089689232295327,0.13457805493362,-350.66070343857,376.76774726562,1,2560,106,0.093838822583234,13,231,1,-0.19089211219255,0.41046000105104,-418.47666950143,True,False,False
LIGHTGBM,FULL486,300,0,ROLLING_100,652,0.42791411042945,-0.13212605395526,-86.14618717883,-0.51349693251539,-334.80000000004,0.70637933811337,111.19780238313,197,455,0,0,652,-0.087913868734052,0.10742379162643,-108.91007263504,311.54946779141,1,652,99,0.2802907432615,11,40,2,-0.29719536527021,0.3084540309953,-114.97253194306,True,False,False
LIGHTGBM,FULL486,300,0,ROLLING_150,960,0.44791666666667,-0.12630023819331,-121.24822866558,-0.44718750000004,-429.30000000004,0.71215852550959,144.72410961504,302,658,0,0,960,-0.08382830612244,0.077855475823103,-144.01211412179,309.6995,1,960,103,0.23320851955063,11,57,1,-0.29382037507527,0.34003774267077,-162.02128345361,True,False,False
LIGHTGBM,FULL486,300,0,ROLLING_200,1229,0.44507729861676,-0.14515662092099,-178.39748711189,-0.64483319772177,-792.50000000005,0.67197132410462,193.29811794612,399,830,0,0,1229,-0.10361631418393,0.08975735993462,-201.19341086598,450.87409438568,1,1229,103,0.19653303472449,12,83,1,-0.31199531227107,0.33673343916524,-229.45052409174,True,False,False
LIGHTGBM,FULL486,300,0,ROLLING_300,1749,0.44025157232704,-0.148101678689,-259.02983602706,-0.62567181246427,-1094.3,0.65361352458308,270.11565268202,555,1194,0,0,1749,-0.10842607151124,0.1056181436303,-281.82575978114,408.49935220126,1,1749,103,0.14275537811943,12,141,1,-0.27885728385365,0.36414502843739,-328.42247298095,True,False,False
LIGHTGBM,FULL486,300,0,ROLLING_500,2700,0.44555555555556,-0.11559894935831,-312.11716326743,-0.52155555555557,-1408.2,0.69965622809609,324.95299558841,820,1880,0,0,2700,-0.079256213752513,0.12677884821238,-342.08185303161,373.42479333333,1,2700,106,0.083953627346221,13,232,1,-0.18531033557612,0.40351133586599,-410.24254940308,True,False,False
LIGHTGBM,FULL486,300,0,ZERO,1820,0.43021978021978,-0.14007821883444,-254.94235827867,-0.58818681318682,-1070.5,0.64961881223576,269.9624921236,674,1146,0,0,1820,-0.099508368653023,0.10920195577678,-277.38656458636,400.86430714286,1,1820,98,0.15899866961886,11,25,1,-0.20388476987805,0.45090782955656,-328.77948560885,True,False,False
LIGHTGBM,FULL486,300,25,FREQUENCY_100,642,0.4392523364486,-0.1422755206786,-91.340884275662,-0.56542056074769,-363.00000000002,0.69655873875033,111.54007298874,195,447,0,0,642,-0.09837068726176,0.10844554174465,-114.10476973188,312.77574766355,1,642,102,0.29391209819454,11,44,2,-0.31925794279247,0.33123903330859,-119.52778732927,True,False,False
LIGHTGBM,FULL486,300,25,FREQUENCY_150,1013,0.4461994076999,-0.13531993723975,-137.07909642386,-0.51964461994081,-526.40000000004,0.69583881920655,149.91179923087,325,688,0,0,1013,-0.092664499326472,0.081511821712143,-159.87502017795,480.64754689042,1,1013,103,0.22688183564471,12,68,1,-0.28774582038519,0.3414502504279,-180.28905503001,True,False,False
LIGHTGBM,FULL486,300,25,FREQUENCY_200,1202,0.45091514143095,-0.13508316330378,-162.36996229114,-0.57787021630618,-694.60000000003,0.69244886430125,174.69352250038,382,820,0,0,1202,-0.093896518119459,0.082454327748163,-185.16588604523,454.09216472546,1,1202,103,0.19929741034246,9,95,1,-0.27725243171339,0.34313988906454,-211.87630980269,True,False,False
LIGHTGBM,FULL486,300,25,FREQUENCY_300,1879,0.44544970729111,-0.13208303981004,-248.18403180306,-0.57269824374667,-1076.1,0.68254869636494,259.02428145401,584,1295,0,0,1879,-0.093544864172336,0.11048332424798,-270.97995555714,401.24604310804,1,1879,104,0.12740248462177,10,152,1,-0.21805347079249,0.38359133919301,-320.5972638263,True,False,False
LIGHTGBM,FULL486,300,25,FREQUENCY_500,3007,0.45327569005653,-0.09987790626705,-300.33286414502,-0.45789823744597,-1376.9,0.73580038276293,331.53653648675,903,2104,0,0,3007,-0.065135155243033,0.11244011766636,-330.2975539092,367.56337811773,1,3007,106,0.06278718839127,12,241,1,-0.12973276705437,0.44472542007463,-404.80431647424,True,False,False
LIGHTGBM,FULL486,300,25,PERCENTILE_100,559,0.44543828264758,-0.14151086181146,-79.104571752605,-0.45491949910559,-254.30000000002,0.70325586905001,95.861587115981,156,403,0,0,559,-0.096504953798385,0.11563375849285,-100.94588276599,312.10314847943,1,559,99,0.32359963454133,10,37,0,-0.31653857426222,0.31640593333947,-104.26287433191,True,False,False
LIGHTGBM,FULL486,300,25,PERCENTILE_150,828,0.44806763285024,-0.13742371974093,-113.78683994549,-0.51038647342999,-422.60000000003,0.69994732291279,136.79749502774,269,559,0,0,828,-0.094316298031214,0.081603770266875,-136.5507254017,310.74125724638,1,828,103,0.26163054906117,11,51,1,-0.2836540365253,0.33874307547237,-149.47978512114,True,False,False
LIGHTGBM,FULL486,300,25,PERCENTILE_200,1074,0.45065176908752,-0.13331475543967,-143.18004734221,-0.50297951582871,-540.20000000003,0.69960683804368,155.74696840723,340,734,0,0,1074,-0.091186941698012,0.08456150049856,-165.97597109629,470.75911266294,1,1074,103,0.21781485547867,12,69,1,-0.28412763626576,0.34118194114811,-188.42531930075,True,False,False
LIGHTGBM,FULL486,300,25,PERCENTILE_300,1557,0.44508670520231,-0.14222154757584,-221.43894957558,-0.62562620423893,-974.10000000001,0.67044824204867,235.19087239415,487,1070,0,0,1557,-0.10238758476742,0.098237460224175,-244.23487332967,421.33739049454,1,1557,103,0.15439310696737,9,121,1,-0.2292441406825,0.35932430987506,-283.46042966829,True,False,False
LIGHTGBM,FULL486,300,25,PERCENTILE_500,2468,0.44529983792545,-0.11398024411393,-281.30324247317,-0.53788492706646,-1327.5,0.70751444715206,297.15154445937,722,1746,0,0,2468,-0.07771481817637,0.13203778171106,-307.92339382301,379.34981564019,1,2468,106,0.088306241471751,12,223,1,-0.16210773236823,0.413426663158,-370.80631368707,True,False,False
LIGHTGBM,FULL486,300,25,ROLLING_100,806,0.44292803970223,-0.12131070315005,-97.776426738938,-0.42878411910673,-345.60000000002,0.72817332629987,119.6957515601,244,562,0,0,806,-0.078991897320734,0.090893007499481,-120.54031219515,310.10283002481,1,806,103,0.24877691103109,10,49,2,-0.31257071833415,0.32728152774985,-131.88538423736,True,False,False
LIGHTGBM,FULL486,300,25,ROLLING_150,1126,0.45026642984014,-0.13709792698073,-154.3722657803,-0.6047957371226,-681.00000000004,0.6921503506377,169.87056873332,343,783,0,0,1126,-0.095851986697712,0.085053955406537,-177.16818953439,464.2598383659,1,1126,103,0.19963305015964,11,80,1,-0.31449001972999,0.33226570851248,-200.81519453898,True,False,False
LIGHTGBM,FULL486,300,25,ROLLING_200,1456,0.44574175824176,-0.14091010387671,-205.16511124449,-0.64622252747254,-940.90000000001,0.67628267974856,216.01349042279,446,1010,0,0,1456,-0.10108393711949,0.099373385687934,-227.96103499857,429.72074519231,1,1456,103,0.15821721738213,12,120,1,-0.28321596256342,0.3415523035498,-263.152010043,True,False,False
LIGHTGBM,FULL486,300,25,ROLLING_300,2025,0.44246913580247,-0.13879432894066,-281.05851610483,-0.64306172839506,-1302.2,0.66650246298407,292.57147523746,602,1423,0,0,2025,-0.10126065672791,0.1128306753717,-303.85443985891,395.75017481481,1,2025,104,0.11258605204632,11,173,1,-0.21990605228336,0.39059587075602,-357.06420233564,True,False,False
LIGHTGBM,FULL486,300,25,ROLLING_500,3054,0.44826457105435,-0.099237040592091,-303.06992196824,-0.477472167649,-1458.2000000001,0.7366584034365,332.28404086715,870,2184,0,0,3054,-0.064769266135969,0.1103976348792,-333.03461173242,369.03123248199,1,3054,106,0.059307507232147,12,256,1,-0.14635369592501,0.4348583201642,-408.33450515724,True,False,False
LIGHTGBM,FULL486,300,25,ZERO,1598,0.43178973717146,-0.1363681940739,-217.9163741301,-0.57453066332917,-918.10000000001,0.66460424539298,233.95111275726,531,1067,0,0,1598,-0.095621590790134,0.10109511368993,-240.36058043778,414.24938548185,1,1598,98,0.16709225691251,11,25,1,-0.21842495481126,0.42776307072589,-283.02944617756,True,False,False
LIGHTGBM,FULL486,300,50,FREQUENCY_100,640,0.4484375,-0.14437390663157,-92.399300244206,-0.55796875000004,-357.10000000003,0.69869241703602,111.01947705284,183,457,0,0,640,-0.099957739225739,0.088124948439143,-115.16318570042,312.3600828125,1,640,100,0.29345212645481,12,43,2,-0.30888106297534,0.32285537429133,-120.82564738394,True,False,False
LIGHTGBM,FULL486,300,50,FREQUENCY_150,946,0.44291754756871,-0.14145105503808,-133.81269806603,-0.55655391120512,-526.50000000005,0.69241045921033,147.39176147646,283,663,0,0,946,-0.098438930411587,0.081935929013421,-156.60862182011,493.28163213531,1,946,103,0.22629237483862,16,58,1,-0.29375848803837,0.32193656438625,-174.5021679627,True,False,False
LIGHTGBM,FULL486,300,50,FREQUENCY_200,1178,0.44227504244482,-0.14353754047261,-169.08722267673,-0.63302207130734,-745.70000000005,0.68459912012043,178.45436639143,360,818,0,0,1178,-0.10185122033324,0.087074951124847,-191.88314643082,457.73979032258,1,1178,103,0.18871342126919,11,97,1,-0.28889387097178,0.3169126617764,-218.19370780091,True,False,False
LIGHTGBM,FULL486,300,50,FREQUENCY_300,1802,0.4361820199778,-0.1298286326044,-233.95119595313,-0.57741398446174,-1040.5000000001,0.69350612416292,245.93479193133,534,1268,0,0,1802,-0.090570787397291,0.15263203690462,-259.20222049089,405.67546226415,1,1802,104,0.12018240148089,11,127,1,-0.21314586778043,0.3776741603451,-304.69383301635,True,False,False
LIGHTGBM,FULL486,300,50,FREQUENCY_500,2973,0.45711402623613,-0.11259949458495,-334.75829740105,-0.60225361587622,-1790.5,0.71738071724805,364.27055398548,922,2051,0,0,2973,-0.07612678009333,0.1200718676308,-360.53880869028,371.23808678103,1,2973,105,0.039514881726778,13,229,1,-0.1445849625907,0.43849043719371,-443.19167758464,True,False,False
LIGHTGBM,FULL486,300,50,PERCENTILE_100,538,0.46096654275093,-0.12670465017529,-68.167101794307,-0.32434944237923,-174.50000000002,0.73515347312219,86.748591937626,140,398,0,0,538,-0.081415527235801,0.11121979364042,-90.008412807696,312.2725929368,1,538,98,0.32318525581234,10,37,1,-0.31417876084297,0.33082284195728,-92.532649935754,True,False,False
LIGHTGBM,FULL486,300,50,PERCENTILE_150,799,0.44555694618273,-0.13535354692822,-108.14748399565,-0.49599499374222,-396.30000000003,0.70861478424534,124.88075622986,242,557,0,0,799,-0.091954506048877,0.076333505245176,-130.91136945186,310.91948060075,1,799,103,0.25735128009292,14,50,1,-0.28410937951617,0.33507317175005,-142.82331765825,True,False,False
LIGHTGBM,FULL486,300,50,PERCENTILE_200,1038,0.44605009633911,-0.14079966963567,-146.15005708182,-0.62090558766864,-644.50000000005,0.69406410050667,161.77717360095,319,719,0,0,1038,-0.098360083782139,0.09282910227392,-168.94598083591,477.42777263969,1,1038,103,0.21061295903163,14,71,1,-0.28470927993953,0.32480105472472,-190.20234719779,True,False,False
LIGHTGBM,FULL486,300,50,PERCENTILE_300,1505,0.43920265780731,-0.14527564635118,-218.63984775852,-0.62936877076414,-947.20000000003,0.67065809730928,229.27830727724,470,1035,0,0,1505,-0.1049361691564,0.10665508772853,-241.43577151261,425.47059800664,1,1505,103,0.14874544467413,10,117,1,-0.24324689160695,0.35753046029448,-279.35076093666,True,False,False
LIGHTGBM,FULL486,300,50,PERCENTILE_500,2397,0.45223195661243,-0.11231944571527,-269.22971137949,-0.51973299958282,-1245.8,0.72290727461541,287.69072928836,706,1691,0,0,2397,-0.075070617992387,0.11886900225857,-298.35476108305,384.7252886942,1,2397,105,0.075039863901734,10,184,1,-0.14774604092916,0.42361582964166,-358.51515143123,True,False,False
LIGHTGBM,FULL486,300,50,ROLLING_100,996,0.45180722891566,-0.13124832968829,-130.72333636954,-0.54156626506029,-539.40000000005,0.71158258556175,147.03524926572,290,706,0,0,996,-0.08872786750021,0.083425377018361,-153.51926012362,484.68604016064,1,996,103,0.21078095378473,14,73,1,-0.32034141247634,0.31352080564502,-173.07371670886,True,False,False
LIGHTGBM,FULL486,300,50,ROLLING_150,1364,0.44574780058651,-0.14009579595405,-191.09066568133,-0.5652492668622,-771.00000000003,0.68492212610109,202.59115611864,404,960,0,0,1364,-0.099234446312283,0.093257701405329,-213.88658943541,437.64131158358,1,1364,103,0.16134959020273,13,114,1,-0.29127323563507,0.3396475230125,-246.8255465927,True,False,False
LIGHTGBM,FULL486,300,50,ROLLING_200,1642,0.43848964677223,-0.1508180015735,-247.64315858369,-0.69116930572474,-1134.9,0.65805048594669,258.79785862162,492,1150,0,0,1642,-0.11126374917868,0.11410964951439,-270.43908233778,416.34846711328,1,1642,103,0.13264291876575,9,142,1,-0.23889186862689,0.36788004524318,-312.591241016,True,False,False
LIGHTGBM,FULL486,300,50,ROLLING_300,2109,0.44902797534376,-0.10815923623785,-228.10782922563,-0.48354670459935,-1019.8,0.73414289615353,245.67983875938,628,1481,0,0,2109,-0.070425863209542,0.13278297437744,-257.23287892919,393.75095211,1,2109,104,0.093935199938639,10,177,1,-0.17684565482812,0.39292392168682,-307.68751294233,True,False,False
LIGHTGBM,FULL486,300,50,ROLLING_500,2812,0.45590327169275,-0.10895603138772,-306.38436026227,-0.59278093883357,-1666.9,0.72467503685774,328.25358963896,844,1968,0,0,2812,-0.073035653485433,0.11691339146448,-332.16487155149,375.74482965861,1,2812,105,0.051512036434412,11,247,1,-0.15463500142433,0.43351831810372,-407.3924629235,True,False,False
LIGHTGBM,FULL486,300,50,ZERO,1322,0.42662632375189,-0.14215949002725,-187.93484581602,-0.55083207261725,-728.20000000001,0.66672141076185,204.107201394,422,900,0,0,1322,-0.099385050028386,0.10968255385402,-210.3790521237,437.64438199697,1,1322,97,0.18471969909149,10,24,2,-0.20958956579192,0.39521357323078,-244.48265549451,True,False,False
LIGHTGBM,FULL486,600,0,FREQUENCY_100,560,0.45535714285714,-0.15474519019472,-86.657306509042,-0.33089285714296,-185.30000000006,0.75199672312718,100.51398401825,135,425,0,0,560,-0.11197730320494,0.085914204594709,-106.53846713422,616.86752857143,1,560,95,0.27705425989251,8,28,1,-0.37939428245255,0.277868885634,-110.60732322332,True,False,False
LIGHTGBM,FULL486,600,0,FREQUENCY_150,906,0.44922737306843,-0.19850688187186,-179.84723497591,-0.77516556291398,-702.30000000007,0.67437864506689,192.06266772754,263,643,0,0,906,-0.15706702594093,0.091168514876076,-200.7036699756,806.64477924945,1,906,100,0.21975331760778,9,72,0,-0.36555555987871,0.31436933507869,-217.39174444933,True,False,False
LIGHTGBM,FULL486,600,0,FREQUENCY_200,1212,0.45874587458746,-0.1709583287886,-207.20149449178,-0.66377887788786,-804.50000000008,0.70571451019411,219.64804025954,384,828,0,0,1212,-0.13115854931644,0.087056536957694,-229.2286479495,759.90047277228,1,1212,102,0.17683843742936,10,107,0,-0.29332696532095,0.339548494041,-255.43882721204,True,False,False
LIGHTGBM,FULL486,600,0,FREQUENCY_300,1825,0.4613698630137,-0.14168406653077,-258.57342141865,-0.59512328767127,-1086.1000000001,0.738262544322,267.62455283394,615,1210,0,0,1825,-0.10458202019922,0.11545082364247,-281.55212484852,710.02644876712,1,1825,105,0.12169832251878,9,165,0,-0.33865674894914,0.38202566300464,-326.28465597371,True,False,False
LIGHTGBM,FULL486,600,0,FREQUENCY_500,2986,0.45311453449431,-0.13598536721973,-406.05230651811,-0.71168787675825,-2125.1000000001,0.7307121742226,410.52391049645,1076,1910,0,0,2986,-0.10154814920294,0.12743213201668,-432.76204141872,673.44266510382,1,2986,105,0.060109460546501,10,269,0,-0.20149530897977,0.43555481337557,-508.88183951626,True,False,False
LIGHTGBM,FULL486,600,0,PERCENTILE_100,520,0.42884615384615,-0.22988125914196,-119.53825475382,-1.0298076923078,-535.50000000005,0.65490754760115,128.07924691977,125,395,0,0,520,-0.18532030436859,0.084950284607171,-138.92278987224,618.07664615385,1,520,97,0.29485182051982,8,37,1,-0.37798283978411,0.2594473745778,-142.70995123597,True,False,False
LIGHTGBM,FULL486,600,0,PERCENTILE_150,768,0.43880208333333,-0.22250162189208,-170.88124561312,-0.85885416666675,-659.60000000006,0.65314460234715,178.66625374847,204,564,0,0,768,-0.18034409171248,0.093423447955942,-191.13755862005,615.06348307292,1,768,100,0.23814685589204,9,64,0,-0.42046513154205,0.30198786116212,-203.25822879106,True,False,False
LIGHTGBM,FULL486,600,0,PERCENTILE_200,986,0.45334685598377,-0.19237865836966,-189.68535715248,-0.73620689655178,-725.90000000006,0.67847354520243,200.56296690757,295,691,0,0,986,-0.15203642084808,0.089800230532454,-210.54179215217,790.89662474645,1,986,102,0.20320804745309,9,82,0,-0.356629613852,0.32015928064433,-229.46280334876,True,False,False
LIGHTGBM,FULL486,600,0,PERCENTILE_300,1433,0.46475924633636,-0.14819242174623,-212.35974036234,-0.5634333565946,-807.40000000007,0.73438642293683,227.42605700666,473,960,0,0,1433,-0.1094948022172,0.11171660851206,-234.38689382006,738.73572714585,1,1433,104,0.15498387814656,11,123,0,-0.26567416451274,0.34764747631383,-267.81342914743,True,False,False
LIGHTGBM,FULL486,600,0,PERCENTILE_500,2251,0.45935139937805,-0.1415649379835,-318.66267540087,-0.63847179031543,-1437.2,0.73386336583084,323.12089463995,776,1475,0,0,2251,-0.10546271982545,0.13961440213977,-343.77404932638,693.37886805864,1,2251,105,0.095623431099035,10,195,0,-0.27748816547382,0.39127292433026,-399.92876847464,True,False,False
LIGHTGBM,FULL486,600,0,ROLLING_100,618,0.44983818770227,-0.15697973825522,-97.013478241729,-0.44255663430431,-273.50000000006,0.74157099470467,103.14502959984,144,474,0,0,618,-0.11419639350541,0.092345938099741,-116.89463886691,616.04888349515,1,618,97,0.25049717310501,9,42,0,-0.38005388861917,0.27982128906952,-123.45358529711,True,False,False
LIGHTGBM,FULL486,600,0,ROLLING_150,878,0.4624145785877,-0.16607799121454,-145.81647628636,-0.57676537585429,-506.40000000006,0.71658244546436,156.558194777,243,635,0,0,878,-0.12530771359649,0.095738041840061,-166.67291128606,813.13762756264,1,878,100,0.20781885456465,9,68,0,-0.32093130416808,0.29525092271306,-181.61278003501,True,False,False
LIGHTGBM,FULL486,600,0,ROLLING_200,1118,0.46332737030411,-0.16480079940952,-184.24729373984,-0.57593917710203,-643.90000000007,0.71208117434073,196.21330164858,340,778,0,0,1118,-0.12507633730756,0.11422088164556,-205.10372873954,771.5951842576,1,1118,102,0.1812102149631,8,90,0,-0.38415478610815,0.33591455842786,-228.65924236983,True,False,False
LIGHTGBM,FULL486,600,0,ROLLING_300,1542,0.46173800259403,-0.15119479015178,-233.14236641404,-0.62717250324258,-967.10000000006,0.72839568248597,241.69783159935,497,1045,0,0,1542,-0.11304616182519,0.11380342464758,-256.12106984391,729.59675162127,1,1542,104,0.14126509806843,10,131,1,-0.34475313169206,0.34733435137617,-291.96755129364,True,False,False
LIGHTGBM,FULL486,600,0,ROLLING_500,2362,0.45258255715495,-0.1436538569091,-339.3104100193,-0.72900084674007,-1721.9,0.72840727226401,344.34881366334,810,1552,0,0,2362,-0.10813125232191,0.15225316724831,-364.42178394481,691.04254826418,1,2362,105,0.087860360104963,10,210,0,-0.24345889393178,0.38472419093985,-423.21480205424,True,False,False
LIGHTGBM,FULL486,600,0,ZERO,1947,0.45249101181305,-0.13268350480641,-258.33478385809,-0.51951720595794,-1011.5000000001,0.74235961771743,264.95478837734,745,1202,0,0,1947,-0.09546141768549,0.10918525886483,-279.45199068589,697.80148176682,1,1947,100,0.11881874907102,10,37,1,-0.23427737190214,0.43603604237555,-330.80618748252,True,False,False
LIGHTGBM,FULL486,600,25,FREQUENCY_100,604,0.44205298013245,-0.2143645556065,-129.47619158633,-0.80562913907294,-486.60000000006,0.67258172057165,140.68138024964,149,455,0,0,604,-0.17160382658424,0.10215093048925,-149.73250459325,618.04778807947,1,604,99,0.25972190747529,8,53,0,-0.36369258354566,0.29836270186304,-155.30367191577,True,False,False
LIGHTGBM,FULL486,600,25,FREQUENCY_150,889,0.45444319460067,-0.19957504178549,-177.4222121473,-0.6662542182228,-592.30000000007,0.67684253806667,189.37403336657,262,627,0,0,889,-0.15905463839129,0.0947488473418,-198.27864714699,811.73146794151,1,889,102,0.20758526328189,9,81,1,-0.41812149176985,0.33367195859034,-213.44485076475,True,False,False
LIGHTGBM,FULL486,600,25,FREQUENCY_200,1204,0.46262458471761,-0.16624109750143,-200.15428139173,-0.63529900332233,-764.90000000008,0.7171651103759,208.20887348087,373,831,0,0,1204,-0.12680885809861,0.11373438992413,-221.97561906486,763.13709136213,1,1204,102,0.16888244315204,8,107,0,-0.30705851826327,0.34361554329793,-247.63069763272,True,False,False
LIGHTGBM,FULL486,600,25,FREQUENCY_300,1781,0.46153846153846,-0.14781390855673,-263.25657113953,-0.63655249859633,-1133.7000000001,0.73255095735539,266.84004607371,581,1200,0,0,1781,-0.11083923322611,0.12071923565976,-285.79555245229,714.21012970241,1,1781,105,0.11365868733282,11,155,0,-0.30396205273573,0.38580355219501,-329.10846790336,True,False,False
LIGHTGBM,FULL486,600,25,FREQUENCY_500,2892,0.44744121715076,-0.14655384560848,-423.83372149973,-0.83706777316739,-2420.8000000001,0.72060456988276,426.72313009247,1026,1866,0,0,2892,-0.11266802945346,0.099151941043185,-450.17652822529,676.58242289073,1,2892,105,0.047984940953692,12,264,0,-0.22779533812816,0.45711877366679,-521.83150182005,True,False,False
LIGHTGBM,FULL486,600,25,PERCENTILE_100,505,0.43762376237624,-0.22013027887971,-111.16579083425,-0.9540594059407,-481.80000000005,0.67069907689422,119.89598768387,119,386,0,0,505,-0.1759051451951,0.10318653867736,-130.75352682021,618.55515049505,1,505,97,0.29043920158915,8,37,1,-0.39803889884387,0.2701226693182,-133.49948334498,True,False,False
LIGHTGBM,FULL486,600,25,PERCENTILE_150,746,0.44504021447721,-0.2116726506577,-157.90779739064,-0.72600536193041,-541.60000000008,0.67002679699118,165.64944798325,203,543,0,0,746,-0.17018548635096,0.12021599296972,-178.16411039757,847.82136863271,1,746,100,0.23523596756037,8,63,1,-0.45010358959407,0.3189930000896,-188.85722196347,True,False,False
LIGHTGBM,FULL486,600,25,PERCENTILE_200,962,0.46465696465696,-0.16303376410464,-156.83848106867,-0.51330561330567,-493.80000000006,0.72617880323879,168.57823835069,287,675,0,0,962,-0.12254646738981,0.081639750438781,-177.69491606836,796.09580769231,1,962,102,0.19915666485467,8,83,1,-0.33367657575395,0.32910861848175,-195.78726050834,True,False,False
LIGHTGBM,FULL486,600,25,PERCENTILE_300,1401,0.46324054246966,-0.14954399601268,-209.51113841377,-0.54746609564602,-767.00000000007,0.73688036765313,217.61328342019,443,958,0,0,1401,-0.11124311177385,0.13535700189254,-232.3737524138,742.25682512491,1,1401,104,0.14767231024526,10,122,1,-0.32877394756345,0.34325138332066,-263.17067723237,True,False,False
LIGHTGBM,FULL486,600,25,PERCENTILE_500,2156,0.45593692022263,-0.13915050249798,-300.00848338565,-0.69893320964751,-1506.9,0.74150955283273,302.20227391427,712,1444,0,0,2156,-0.10368276510811,0.16650149737338,-325.11985731116,700.01638033395,1,2156,105,0.086533729924466,11,222,0,-0.24966930668075,0.40285822354315,-376.47692519822,True,False,False
LIGHTGBM,FULL486,600,25,ROLLING_100,736,0.47010869565217,-0.14721928943735,-108.35339702589,-0.22160326086964,-163.10000000006,0.75060621546142,118.83005961835,193,543,0,0,736,-0.10592460414003,0.10923385935162,-128.60971003281,851.28107336957,1,736,99,0.22528304201343,8,54,1,-0.31941173556722,0.31746620385941,-138.74628540471,True,False,False
LIGHTGBM,FULL486,600,25,ROLLING_150,1026,0.46393762183236,-0.16952129452334,-173.92884818095,-0.56364522417161,-578.30000000007,0.71181852611052,186.21901576692,310,716,0,0,1026,-0.12998238400694,0.11467684495364,-194.78528318064,786.82935672515,1,1026,102,0.18359515307264,8,88,0,-0.42188971689851,0.34646578059686,-214.49577037077,True,False,False
LIGHTGBM,FULL486,600,25,ROLLING_200,1276,0.46316614420063,-0.1622524259918,-207.03409556553,-0.63142633228845,-805.70000000006,0.72154472952842,217.2974972019,391,885,0,0,1276,-0.12328355846348,0.11051591185086,-229.89670956556,756.06287695925,1,1276,103,0.15500633949464,13,119,1,-0.35761889140225,0.32577772059194,-256.75837053167,True,False,False
LIGHTGBM,FULL486,600,25,ROLLING_300,1731,0.46042749855575,-0.15160986981555,-262.43668465071,-0.64783362218374,-1121.4000000001,0.73020605062872,266.71535909474,565,1166,0,0,1731,-0.11482910048063,0.13108905976751,-287.01544751584,720.16951530907,1,1731,105,0.11604107800304,10,157,0,-0.30788737774331,0.374778899418,-326.10419636945,True,False,False
LIGHTGBM,FULL486,600,25,ROLLING_500,2504,0.45447284345048,-0.1362787022254,-341.2418703724,-0.74329073482432,-1861.2000000001,0.74060488233259,345.0717441255,848,1656,0,0,2504,-0.10159621362096,0.083759265897736,-367.95160527301,687.21285223642,1,2504,105,0.06693858050658,11,237,0,-0.23494167383137,0.41266207670504,-428.08682183791,True,False,False
LIGHTGBM,FULL486,600,25,ZERO,1665,0.45165165165165,-0.1450800316726,-241.55825273488,-0.56150150150156,-934.90000000009,0.73211296192177,247.06211464204,599,1066,0,0,1665,-0.10745576944774,0.12112232170284,-262.41083344699,714.21591891892,1,1665,100,0.12640745246799,11,37,1,-0.25330101233791,0.41740042648641,-304.20264933929,True,False,False
LIGHTGBM,FULL486,600,50,FREQUENCY_100,605,0.43471074380165,-0.23484667732443,-142.08223978128,-0.9895867768596,-598.70000000006,0.6528645133997,151.96823498383,164,441,0,0,605,-0.19191012570961,0.10256462899783,-163.99807073027,619.03942644628,1,605,99,0.25196385478028,8,53,0,-0.37599199937299,0.28408699489216,-168.05885350825,True,False,False
LIGHTGBM,FULL486,600,50,FREQUENCY_150,840,0.46190476190476,-0.1758028876184,-147.67442559945,-0.65119047619054,-547.00000000005,0.71703386756068,160.26668506883,258,582,0,0,840,-0.13474284834577,0.12241541999945,-170.09298472555,824.96202142857,1,840,101,0.20568483490822,9,69,1,-0.37952038113549,0.30857544020372,-182.16485858846,True,False,False
LIGHTGBM,FULL486,600,50,FREQUENCY_200,1110,0.45765765765766,-0.16746067434431,-185.88134852218,-0.70441441441445,-781.90000000004,0.72631040212941,194.53602760286,353,757,0,0,1110,-0.12708770239951,0.12619035286046,-210.19128713363,777.63741531532,1,1110,103,0.16538929080684,12,103,1,-0.35569873408932,0.31840811520524,-230.69534738091,True,False,False
LIGHTGBM,FULL486,600,50,FREQUENCY_300,1764,0.45294784580499,-0.15627144036972,-275.66282081218,-0.73985260770976,-1305.1,0.72560599190839,278.88061050446,589,1175,0,0,1764,-0.11874638795058,0.15728303523125,-301.83359068699,716.01126587302,1,1764,104,0.094160045891863,11,168,0,-0.27201352192495,0.38010893873302,-341.85701327953,True,False,False
LIGHTGBM,FULL486,600,50,FREQUENCY_500,2884,0.44244105409154,-0.17077413331245,-492.5126004731,-0.84500693481278,-2437,0.69730616854529,494.88733294104,1043,1841,0,0,2884,-0.13272205948141,0.12529822430314,-520.20188167296,737.08727427184,1,2884,105,0.0011643690604183,10,280,0,-0.28026719396761,0.46234523606517,-602.2547814018,True,False,False
LIGHTGBM,FULL486,600,50,PERCENTILE_100,490,0.44285714285714,-0.22527299721581,-110.38376863575,-0.91612244897969,-448.90000000005,0.67665219904649,115.96129172348,124,366,0,0,490,-0.18107836853417,0.11084210481125,-132.08740625409,621.07698571429,1,490,98,0.28621245032845,9,36,0,-0.35375032130313,0.27486293929937,-132.03913668975,True,False,False
LIGHTGBM,FULL486,600,50,PERCENTILE_150,722,0.45567867036011,-0.20037935601445,-144.67389504243,-0.6815789473685,-492.10000000005,0.69230581285499,155.06897166156,214,508,0,0,722,-0.1587748740628,0.10520489442416,-167.09245416853,858.82825761773,1,722,100,0.23072414753972,10,60,1,-0.42119840939266,0.29718173897215,-174.71233101152,True,False,False
LIGHTGBM,FULL486,600,50,PERCENTILE_200,924,0.45995670995671,-0.17687894184055,-163.43614226067,-0.69058441558448,-638.10000000006,0.71550591271454,171.74030738671,288,636,0,0,924,-0.13575646710886,0.12032187338449,-185.85470138676,806.01379761905,1,924,101,0.19476305014389,9,77,1,-0.35245948739353,0.31482488402144,-201.43330891275,True,False,False
LIGHTGBM,FULL486,600,50,PERCENTILE_300,1339,0.44062733383122,-0.19616296911829,-262.66221564939,-0.90828976848397,-1216.2,0.68058708865291,265.02694500108,437,902,0,0,1339,-0.15713643858849,0.19443085130711,-288.45439679341,748.19397535474,1,1339,104,0.13689040652818,10,115,0,-0.38533194353956,0.34425729812356,-314.91874002881,True,False,False
LIGHTGBM,FULL486,600,50,PERCENTILE_500,2087,0.44896981312889,-0.15890044967458,-331.62523847085,-0.81959750838525,-1710.5,0.71724794666305,334.08373376009,710,1377,0,0,2087,-0.12222676154924,0.087806100012088,-359.01578058996,699.76108433158,1,2087,104,0.068005477002448,11,182,0,-0.24386555332153,0.39707835304533,-408.16322558844,True,False,False
LIGHTGBM,FULL486,600,50,ROLLING_100,879,0.4641638225256,-0.16828701172016,-147.92428330202,-0.59146757679187,-519.90000000006,0.72569685739639,160.70462283066,274,605,0,0,879,-0.12739761807624,0.12119575509972,-170.34284242812,816.34242775882,1,879,101,0.1974346594464,9,76,1,-0.37925072496201,0.32295874960154,-183.86606031503,True,False,False
LIGHTGBM,FULL486,600,50,ROLLING_150,1138,0.45342706502636,-0.18182327828489,-206.91489068821,-0.83119507908615,-945.90000000004,0.70523154408173,209.79222643008,362,776,0,0,1138,-0.14189358337531,0.11855287276114,-231.22482929965,773.94528646749,1,1138,103,0.15952255657187,12,108,1,-0.37498697930496,0.31851844409296,-252.35488349532,True,False,False
LIGHTGBM,FULL486,600,50,ROLLING_200,1376,0.4484011627907,-0.18459301585201,-253.99998981237,-0.83175872093024,-1144.5,0.6960186839466,257.06967149697,456,920,0,0,1376,-0.14595275790312,0.17219357813138,-279.79217095638,747.98106468023,1,1376,104,0.13137148486851,10,128,0,-0.33847693604822,0.34200595208577,-307.16898475005,True,False,False
LIGHTGBM,FULL486,600,50,ROLLING_300,1776,0.44988738738739,-0.15749744554565,-279.71546328908,-0.75518018018018,-1341.2,0.7249404088883,282.90236319817,580,1196,0,0,1776,-0.12033486716437,0.1618221347383,-307.10600540819,715.94712837838,1,1776,104,0.090763908619106,12,172,0,-0.27401167169319,0.36723137037165,-345.71620249425,True,False,False
LIGHTGBM,FULL486,600,50,ROLLING_500,2330,0.4450643776824,-0.16449350330957,-383.2698627113,-0.9032188841202,-2104.5000000001,0.70400340025381,386.37812763839,805,1525,0,0,2330,-0.12860427250125,0.1251776616241,-410.3153707213,692.81909399142,1,2330,105,0.051424688819933,11,230,0,-0.24997158967329,0.41458247032041,-466.89177049468,True,False,False
LIGHTGBM,FULL486,600,50,ZERO,1286,0.44556765163297,-0.16928903273007,-217.70569609086,-0.62542768273721,-804.30000000005,0.70964220705482,219.5485706616,439,847,0,0,1286,-0.12900949293013,0.13398472982136,-240.15413810024,746.54563763608,1,1286,100,0.14519539881728,11,34,1,-0.26497227333033,0.35503300847504,-269.50518427358,True,False,False
LIGHTGBM,FULL486,900,0,FREQUENCY_100,558,0.46953405017921,-0.18380502022356,-102.56320128474,-0.71594982078859,-399.50000000003,0.73900926222737,115.41590316139,113,445,0,0,558,-0.14393103401075,0.096168269188332,-127.73259547211,928.04184408602,1,558,94,0.33076931727422,10,42,2,-0.34844214248503,0.3677359628969,-124.81288559149,True,False,False
LIGHTGBM,FULL486,900,0,FREQUENCY_150,917,0.46782988004362,-0.162907027848,-149.38574453661,-0.72758996728466,-667.20000000003,0.75531193197232,172.16070204945,242,675,0,0,917,-0.12539379230139,0.090295566756736,-176.03269776698,925.97714612868,1,917,101,0.24380851866354,9,72,1,-0.30129385588173,0.37923694163553,-183.78538153285,True,False,False
LIGHTGBM,FULL486,900,0,FREQUENCY_200,1233,0.46309813463098,-0.17572564106548,-216.66971543373,-0.93592862935932,-1154,0.73319023830169,233.44818145102,376,857,0,0,1233,-0.13972423341212,0.093434411811815,-246.70838663588,922.66002595296,1,1233,103,0.20318476286846,9,106,0,-0.28748326842504,0.38764602506755,-261.05945107032,True,False,False
LIGHTGBM,FULL486,900,0,FREQUENCY_300,1822,0.45664105378705,-0.16535743254954,-301.28124210527,-0.98304061470917,-1791.1000000001,0.73501419128527,315.21903484255,648,1174,0,0,1822,-0.13137019513666,0.10107361276807,-337.68163724965,917.21984906696,1,1822,105,0.1481263143911,11,144,0,-0.27441101422902,0.44760737287064,-363.20598867154,True,False,False
LIGHTGBM,FULL486,900,0,FREQUENCY_500,2823,0.46121147715197,-0.13072551220068,-369.03812094253,-0.77722281261073,-2194.1000000001,0.77416515691606,369.92338777053,1135,1688,0,0,2823,-0.098777016056416,0.11492912852509,-418.34867159111,1098.3679107333,1,2823,106,0.087258334695808,12,261,0,-0.19910285961973,0.56024133305307,-459.2287255578,True,False,False
LIGHTGBM,FULL486,900,0,PERCENTILE_100,484,0.47314049586777,-0.17394577573414,-84.189755455326,-0.58326446281002,-282.30000000005,0.75360055505533,104.90832615076,87,397,0,0,484,-0.13525400611684,0.10698402454715,-110.67018389798,933.27214049587,1,484,94,0.3283281770299,10,45,1,-0.33339821956735,0.36061908757147,-102.9165719501,True,False,False
LIGHTGBM,FULL486,900,0,PERCENTILE_150,738,0.46205962059621,-0.1837380078627,-135.59864980267,-0.82303523035237,-607.40000000005,0.73014721357339,149.1288163113,188,550,0,0,738,-0.14651369665985,0.12245603312432,-162.07907824532,928.20221680217,1,738,100,0.26690207706956,11,65,1,-0.32242523377529,0.38976331583506,-163.07019147037,True,False,False
LIGHTGBM,FULL486,900,0,PERCENTILE_200,1000,0.464,-0.17293494343541,-172.93494343541,-0.91820000000004,-918.20000000004,0.7411166336435,196.76806052852,286,714,0,0,1000,-0.13621188670154,0.09224406175741,-200.55347405176,924.947838,1,1000,102,0.2266377600883,9,84,1,-0.31342277990216,0.38126682330032,-209.65800016928,True,False,False
LIGHTGBM,FULL486,900,0,PERCENTILE_300,1434,0.46722454672245,-0.16322870361036,-234.06996097725,-1.0087866108787,-1446.6,0.74699012823137,254.27236566883,473,961,0,0,1434,-0.12820724063774,0.098729565467577,-270.47035612163,918.63892747559,1,1434,103,0.1793185920497,10,127,0,-0.24574689886385,0.3845662496532,-284.29073887998,True,False,False
LIGHTGBM,FULL486,900,0,PERCENTILE_500,2135,0.45526932084309,-0.14909487870588,-318.31756603705,-0.90768149882908,-1937.9000000001,0.75316673663717,344.69061946949,786,1349,0,0,2135,-0.11587677288726,0.13662705251466,-362.9631294963,997.97975831382,1,2135,105,0.12537010807393,9,206,0,-0.24821323649755,0.49510725510052,-389.2382219598,True,False,False
LIGHTGBM,FULL486,900,0,ROLLING_100,604,0.46026490066225,-0.17576505599136,-106.16209381878,-0.69321192052986,-418.70000000003,0.7423664253819,129.01137954315,131,473,0,0,604,-0.13807761405832,0.12891225528882,-132.64252226143,926.41549337748,1,604,97,0.28332644102049,7,50,1,-0.30829095596819,0.35888194652195,-128.92530874633,True,False,False
LIGHTGBM,FULL486,900,0,ROLLING_150,864,0.4525462962963,-0.17925198476246,-154.87371483477,-0.88692129629633,-766.30000000002,0.73067048970909,172.87033224879,228,636,0,0,864,-0.14252664178408,0.089888323149958,-182.49224545112,923.89239814815,1,864,102,0.23687400915416,9,75,1,-0.29484566443804,0.40024911927171,-186.60441116809,True,False,False
LIGHTGBM,FULL486,900,0,ROLLING_200,1087,0.46182152713891,-0.1646577760307,-178.98300254537,-0.86991720331191,-945.60000000005,0.74864487920929,195.8148546857,332,755,0,0,1087,-0.12873455564299,0.082512091815765,-209.02167374751,923.72473873045,1,1087,103,0.21014093150097,9,98,0,-0.32363518762576,0.37973571513636,-218.03154310681,True,False,False
LIGHTGBM,FULL486,900,0,ROLLING_300,1512,0.46097883597884,-0.1614110780929,-244.05355007646,-1.0041005291006,-1518.2000000001,0.74825343962498,267.78449353421,496,1016,0,0,1512,-0.12673608092128,0.10862968078481,-280.45394522084,920.36685383598,1,1512,105,0.1700186869581,11,147,0,-0.25729189705551,0.40474910511286,-296.48214579995,True,False,False
LIGHTGBM,FULL486,900,0,ROLLING_500,2201,0.45797364834166,-0.14315122808069,-315.07585300559,-0.82866878691507,-1823.9000000001,0.75965332336359,348.59082184055,808,1393,0,0,2201,-0.10992663395648,0.12827321966794,-359.72141646484,1073.7858046343,1,2201,105,0.11957716467631,9,223,0,-0.2263784226889,0.50131387923908,-388.20318467297,True,False,False
LIGHTGBM,FULL486,900,0,ZERO,2282,0.45530236634531,-0.1624937127004,-370.81065238232,-0.96235758106926,-2196.1000000001,0.73234746705495,376.6654393748,954,1328,0,0,2282,-0.12959627847861,0.12574668770077,-420.1212030309,1140.2912379492,1,2282,102,0.11855021604731,12,70,1,-0.26505419258991,0.55103105635257,-445.88259727646,True,False,False
LIGHTGBM,FULL486,900,25,FREQUENCY_100,601,0.47420965058236,-0.17326917693745,-104.13477533941,-0.70848585690525,-425.80000000006,0.75302583695049,124.16007052728,140,461,0,0,601,-0.13543722332985,0.096951440260975,-130.61520378206,935.90250415973,1,601,99,0.29575457242979,11,54,1,-0.31897002730097,0.37696745322471,-126.87177945757,True,False,False
LIGHTGBM,FULL486,900,25,FREQUENCY_150,945,0.46455026455026,-0.1935322504587,-182.88797668347,-1.0567195767196,-998.60000000003,0.72159485173859,204.32310275087,254,691,0,0,945,-0.15597440856515,0.0961822777748,-210.50650729983,926.79165185185,1,945,102,0.23221176330818,9,79,1,-0.32159305884382,0.3706147445049,-218.38013727288,True,False,False
LIGHTGBM,FULL486,900,25,FREQUENCY_200,1223,0.46688470973017,-0.16331343161063,-199.7323268598,-0.86729354047428,-1060.7,0.75241142153044,218.18081721603,374,849,0,0,1223,-0.12694791459066,0.084207525969613,-233.82449441452,923.80787408013,1,1223,103,0.19376262835587,10,107,0,-0.27307164911544,0.36791165578838,-244.20735417521,True,False,False
LIGHTGBM,FULL486,900,25,FREQUENCY_300,1800,0.45444444444444,-0.16722154467834,-300.99878042101,-0.99027777777783,-1782.5000000001,0.73343541437596,327.95208876233,638,1162,0,0,1800,-0.13306756373503,0.084615249864841,-336.02515220891,1016.7984305556,1,1800,105,0.13861285469382,11,163,0,-0.28462180796381,0.46480803679493,-362.47594611895,True,False,False
LIGHTGBM,FULL486,900,25,FREQUENCY_500,2775,0.45585585585586,-0.14463612200701,-401.36523856944,-0.84345945945948,-2340.6000000001,0.75841443562317,402.25050539744,1105,1670,0,0,2775,-0.11277819379551,0.10089832237174,-447.36779424449,1103.8364234234,1,2775,105,0.069912541749012,17,271,0,-0.18434443075551,0.56137327635933,-489.77098935633,True,False,False
LIGHTGBM,FULL486,900,25,PERCENTILE_100,478,0.48117154811715,-0.15821154280367,-75.625117460153,-0.48410041841015,-231.40000000005,0.77726877438151,101.29739346513,92,386,0,0,478,-0.11928119503579,0.10454421874228,-102.10554590281,936.2025334728,1,478,96,0.32357991938439,8,46,1,-0.33339821956735,0.35047793917932,-94.2338236932,True,False,False
LIGHTGBM,FULL486,900,25,PERCENTILE_150,728,0.46565934065934,-0.18147252332463,-132.11199698033,-0.82486263736271,-600.50000000005,0.73884690467181,150.60271273388,190,538,0,0,728,-0.14379593316088,0.07815215965246,-158.59242542299,933.09817994506,1,728,101,0.26241127901663,11,63,0,-0.26934943018889,0.36387003828943,-159.54055461955,True,False,False
LIGHTGBM,FULL486,900,25,PERCENTILE_200,971,0.46652935118435,-0.17672570597694,-171.60066050361,-0.94088568486101,-913.60000000004,0.74083661196095,197.65114536108,278,693,0,0,971,-0.13980508439456,0.088348320428992,-199.21919111996,926.98340679712,1,971,102,0.22329749398983,9,80,1,-0.32159305884382,0.36491513219436,-207.45058406011,True,False,False
LIGHTGBM,FULL486,900,25,PERCENTILE_300,1397,0.4688618468146,-0.14639245303749,-204.51025689338,-0.86320687186833,-1205.9000000001,0.77203209299948,226.64646619078,452,945,0,0,1397,-0.11127721975769,0.088855171831534,-238.6024244481,921.96179742305,1,1397,104,0.17164938502755,10,128,0,-0.27119867211794,0.39870544724927,-253.56623778527,True,False,False
LIGHTGBM,FULL486,900,25,PERCENTILE_500,2031,0.46184145741014,-0.13582062569021,-275.85169077682,-0.67961595273268,-1380.3000000001,0.77540255929098,304.62383339756,741,1290,0,0,2031,-0.10244291327472,0.098331436877506,-317.86903766954,1090.1310206795,1,2031,105,0.11880927504312,9,210,0,-0.22832956959721,0.5156192137835,-343.64182469268,True,False,False
LIGHTGBM,FULL486,900,25,ROLLING_100,709,0.4654442877292,-0.16941708753673,-120.11671506354,-0.67221438645986,-476.60000000004,0.75665952009794,138.98772727718,177,532,0,0,709,-0.13165372358802,0.092218875307129,-147.83196390462,930.76056699577,1,709,101,0.25737590555216,9,61,1,-0.31678205021667,0.37118335120014,-146.89094010317,True,False,False
LIGHTGBM,FULL486,900,25,ROLLING_150,979,0.46271705822268,-0.1785012156597,-174.75269013085,-0.96823289070483,-947.90000000003,0.7352213019475,193.49905792676,292,687,0,0,979,-0.14222731987328,0.087618707585288,-202.3712207472,927.36839325843,1,979,103,0.21546976190952,10,92,0,-0.2926989583939,0.37338112819467,-210.26483410576,True,False,False
LIGHTGBM,FULL486,900,25,ROLLING_200,1234,0.46596434359806,-0.17606908747325,-217.26925394199,-1.0810372771475,-1334,0.73744856111791,243.01610398604,378,856,0,0,1234,-0.14070666763326,0.10919554814851,-251.36142149672,924.75184116694,1,1234,104,0.18470282282747,10,124,0,-0.26245037479179,0.37851805795588,-260.90648002455,True,False,False
LIGHTGBM,FULL486,900,25,ROLLING_300,1648,0.46359223300971,-0.15911936751877,-262.22871767093,-1.0004247572816,-1648.7000000001,0.74757647355376,287.38421946329,557,1091,0,0,1648,-0.12478493931458,0.078363761781173,-296.32088522565,921.44283737864,1,1648,105,0.14637432091132,11,174,0,-0.28073517731496,0.43102387830468,-318.81185535143,True,False,False
LIGHTGBM,FULL486,900,25,ROLLING_500,2275,0.46813186813187,-0.12732876185573,-289.67293322179,-0.5926153846154,-1348.2,0.78747195465488,302.42774729698,855,1420,0,0,2275,-0.09452762099019,0.084504976188645,-331.69028011452,1149.5629542857,1,2275,105,0.10087628622832,9,244,0,-0.20081675085095,0.51851059583007,-364.2955286909,True,False,False
LIGHTGBM,FULL486,900,25,ZERO,1944,0.4537037037037,-0.17072519457592,-331.88977825559,-0.94182098765435,-1830.9,0.72757647522205,337.74456524807,769,1175,0,0,1944,-0.13698973224964,0.11378116658739,-378.36947697616,1183.1607572016,1,1944,102,0.12711228833032,10,64,0,-0.26463607611372,0.51513425292405,-397.47151701787,True,False,False
LIGHTGBM,FULL486,900,50,FREQUENCY_100,589,0.47028862478778,-0.18502690206877,-108.98084531851,-0.74516129032268,-438.90000000006,0.74160692514997,122.9647708923,147,442,0,0,589,-0.14542567015393,0.10081692823162,-134.31954464517,937.06737691002,1,589,100,0.2783066998624,10,54,1,-0.31545062385928,0.36891828841103,-132.30597091635,True,False,False
LIGHTGBM,FULL486,900,50,FREQUENCY_150,928,0.46443965517241,-0.19250809444665,-178.64751164649,-0.92392241379316,-857.40000000005,0.72954672912562,194.77305631076,277,651,0,0,928,-0.15435886571639,0.14737046432904,-212.83639742594,930.15848491379,1,928,102,0.2215177477474,10,66,1,-0.32200500855263,0.36271886986202,-214.04999590818,True,False,False
LIGHTGBM,FULL486,900,50,FREQUENCY_200,1233,0.46309813463098,-0.1701765967374,-209.82774377721,-0.99002433090031,-1220.7000000001,0.75044004633543,229.85578307293,411,822,0,0,1233,-0.13327226368116,0.11563282989288,-244.01662955666,925.65332360097,1,1233,104,0.17212811005761,10,102,1,-0.29072991146653,0.3872708063087,-255.33078643555,True,False,False
LIGHTGBM,FULL486,900,50,FREQUENCY_300,1731,0.46389370306181,-0.15301288811492,-264.86530932693,-0.86949740034667,-1505.1000000001,0.76455253415616,289.57651965169,649,1082,0,0,1731,-0.11764710929516,0.10176864570875,-306.88265621966,1221.4635037551,1,1731,104,0.12017468732693,9,161,1,-0.2910215525443,0.47331868005016,-326.08347246393,True,False,False
LIGHTGBM,FULL486,900,50,FREQUENCY_500,2665,0.45553470919325,-0.17000723055918,-453.06926944021,-0.78247654784242,-2085.3000000001,0.73624393362804,459.43373737443,1052,1613,0,0,2665,-0.1325091589316,0.10633206924524,-500.08786450902,1114.0695320826,1,2665,105,0.012975170468389,11,272,0,-0.27622306599376,0.49163887409383,-553.0016303277,True,False,False
LIGHTGBM,FULL486,900,50,PERCENTILE_100,481,0.47817047817048,-0.1673105197213,-80.476359985948,-0.58170478170488,-279.80000000005,0.76770445834763,96.723979716188,103,378,0,0,481,-0.12754226483496,0.092246003882851,-105.80528199621,935.75193139293,1,481,96,0.31129264119908,9,45,1,-0.34249297682306,0.36969239909639,-99.604890586281,True,False,False
LIGHTGBM,FULL486,900,50,PERCENTILE_150,735,0.47074829931973,-0.18351150295713,-134.88095467349,-0.91904761904767,-675.50000000004,0.74304378330917,153.45563861179,201,534,0,0,735,-0.14494166083511,0.09761904361904,-162.54159172298,934.28335510204,1,735,101,0.24904855090557,11,61,1,-0.29415135975513,0.3700770649614,-163.22978863317,True,False,False
LIGHTGBM,FULL486,900,50,PERCENTILE_200,945,0.46560846560847,-0.19242444750623,-181.84110289339,-0.97523809523816,-921.60000000006,0.7305042379294,197.53216539281,279,666,0,0,945,-0.15442695729043,0.1659740327772,-216.02998867284,930.13938412698,1,945,102,0.21358726722492,10,82,0,-0.26537211015969,0.35828725875113,-217.74873114733,True,False,False
LIGHTGBM,FULL486,900,50,PERCENTILE_300,1338,0.4626307922272,-0.18069527417224,-241.77027684246,-1.0492526158446,-1403.9000000001,0.73209216794991,264.06675714287,462,876,0,0,1338,-0.14420836667486,0.12468230328656,-267.97399290881,1053.3810343797,1,1338,104,0.15796650376472,11,121,1,-0.31868984882949,0.40948202546859,-290.58975907396,True,False,False
LIGHTGBM,FULL486,900,50,PERCENTILE_500,1908,0.4601677148847,-0.159667614287,-304.6458080596,-0.92290356394133,-1760.9000000001,0.75559077847084,309.27351780055,718,1190,0,0,1908,-0.12461395224146,0.11305062606094,-351.47944023833,1193.4699622642,1,1908,104,0.1020764022097,9,193,0,-0.2677829301773,0.46316598735642,-371.52819524249,True,False,False
LIGHTGBM,FULL486,900,50,ROLLING_100,813,0.46617466174662,-0.19302250997536,-156.92730060997,-1.0023370233703,-814.90000000005,0.73011194599114,172.96586153465,240,573,0,0,813,-0.1551032526954,0.10640245179721,-184.58793765946,932.91514760148,1,813,102,0.22898669776697,9,76,0,-0.31808683712499,0.36458321906556,-187.75565677857,True,False,False
LIGHTGBM,FULL486,900,50,ROLLING_150,1073,0.46691519105312,-0.16412933755875,-176.11077920054,-0.99235787511656,-1064.8000000001,0.76375965759263,202.84837300652,330,743,0,0,1073,-0.12700259772741,0.13278253362417,-210.29966497999,929.18505405405,1,1073,104,0.19094059507712,11,104,1,-0.28911112585502,0.36686374189787,-215.94777103957,True,False,False
LIGHTGBM,FULL486,900,50,ROLLING_200,1287,0.46309246309246,-0.17586400354924,-226.33697256787,-1.0658896658897,-1371.8000000001,0.74260677523584,252.07070748896,433,854,0,0,1287,-0.13950951618783,0.1105222206476,-259.95066268013,925.24263092463,1,1287,104,0.16177200872326,10,131,1,-0.31164988685642,0.40276380762187,-273.12519780201,True,False,False
LIGHTGBM,FULL486,900,50,ROLLING_300,1631,0.4659717964439,-0.16462048066267,-268.49600396082,-0.94212139791543,-1536.6000000001,0.75129553942595,282.6632160481,593,1038,0,0,1631,-0.12921545995693,0.10663718151548,-310.51335085354,1242.3263212753,1,1631,104,0.12695292459322,8,171,0,-0.29485549593492,0.47281318429542,-326.24159273188,True,False,False
LIGHTGBM,FULL486,900,50,ROLLING_500,2147,0.46949231485794,-0.12926713681562,-277.53654274315,-0.72258965999069,-1551.4,0.79584551054625,288.33874172914,833,1314,0,0,2147,-0.09488803931531,0.091572651108703,-326.00506784752,1160.892087564,1,2147,104,0.079548566747943,11,226,0,-0.26583596080187,0.48640637856885,-351.34846507632,True,False,False
LIGHTGBM,FULL486,900,50,ZERO,1482,0.46018893387314,-0.17838129130619,-264.36107371577,-0.90141700404862,-1335.9000000001,0.73316243375499,266.24014111972,563,919,0,0,1482,-0.1419618266919,0.1283557482762,-306.3784206085,1271.4953184885,1,1482,101,0.14613544930064,8,56,0,-0.27614075106555,0.45372759762843,-318.33472027414,True,False,False
LIGHTGBM,SCALE_FREE,300,0,FREQUENCY_100,656,0.43140243902439,-0.14897029890177,-97.72451607956,-0.62972560975611,-413.10000000001,0.68195417085661,118.98017069408,197,459,0,0,656,-0.10601000496438,0.10022343793317,-119.64534804397,311.05952896341,1,656,97,0.30396007273121,13,37,1,-0.29177379018927,0.31069139118374,-125.90646890249,True,False,False
LIGHTGBM,SCALE_FREE,300,0,FREQUENCY_150,967,0.43846949327818,-0.14675687005318,-141.91389334143,-0.71168562564636,-688.20000000003,0.67346490478955,160.17841655371,331,636,0,0,967,-0.10441983215291,0.10313325139006,-164.67777879764,311.35502275078,1,967,102,0.25892211223188,15,72,1,-0.21831085252635,0.32176880903922,-182.85380899099,True,False,False
LIGHTGBM,SCALE_FREE,300,0,FREQUENCY_200,1354,0.45125553914328,-0.12136247982937,-164.32479768897,-0.47053175775479,-637.09999999999,0.7094071610089,172.83835252486,438,916,0,0,1354,-0.080319017150612,0.10533756569664,-187.08868314518,309.847183161,1,1354,103,0.1979282357366,12,120,1,-0.23110030929307,0.36492381000813,-219.89764615601,True,False,False
LIGHTGBM,SCALE_FREE,300,0,FREQUENCY_300,1975,0.44810126582278,-0.11796535297876,-232.98157213304,-0.50318987341773,-993.80000000001,0.70719437780934,250.16744023449,629,1346,0,0,1975,-0.078868018415954,0.16853720210518,-258.2325966708,308.53355291139,1,1975,103,0.13808416926799,8,152,2,-0.19642439854666,0.39074588405068,-310.19880789458,True,False,False
LIGHTGBM,SCALE_FREE,300,0,FREQUENCY_500,3209,0.44749143035213,-0.1108029188991,-355.5665667472,-0.52293549392335,-1678.1,0.70816989769681,360.60189348243,1084,2125,0,0,3209,-0.075152918487288,0.11218565941682,-382.63668389749,308.90186350888,1,3209,106,0.071863997223508,11,250,0,-0.16062998975922,0.42505937499831,-469.9674180687,True,False,False
LIGHTGBM,SCALE_FREE,300,0,PERCENTILE_100,619,0.43780290791599,-0.14323334524977,-88.661440709611,-0.53602584814219,-331.80000000002,0.69135300815921,107.60914435242,199,420,0,0,619,-0.099027931383753,0.096685264287853,-110.58227267402,311.74316962843,1,619,100,0.32575300687643,13,49,1,-0.28319408457618,0.32141497624853,-116.02459189268,True,False,False
LIGHTGBM,SCALE_FREE,300,0,PERCENTILE_150,898,0.43429844097996,-0.14831872296829,-133.19021322552,-0.68930957683744,-619.00000000002,0.67148949515824,148.14978373594,305,593,0,0,898,-0.1056433411428,0.09868774949627,-155.95409868173,310.33771269488,1,898,102,0.26685778523919,12,66,1,-0.23936228922942,0.32307580395524,-171.51270610481,True,False,False
LIGHTGBM,SCALE_FREE,300,0,PERCENTILE_200,1144,0.44842657342657,-0.12246745840282,-140.10277241283,-0.48802447552449,-558.30000000001,0.7140736556915,156.94941094822,373,771,0,0,1144,-0.081023394221456,0.099539232880441,-162.86665786904,310.89532867133,1,1144,102,0.22565184960194,15,93,1,-0.22977297877143,0.33275402552639,-187.51478183632,True,False,False
LIGHTGBM,SCALE_FREE,300,0,PERCENTILE_300,1617,0.45207173778602,-0.11913868684649,-192.64725663078,-0.45745207173778,-739.69999999999,0.70729346109353,199.51142993188,517,1100,0,0,1617,-0.078885403704983,0.10385733945787,-215.41114208699,309.72575015461,1,1617,103,0.16870887662805,10,131,1,-0.20798415369374,0.36886999230882,-257.7368154706,True,False,False
LIGHTGBM,SCALE_FREE,300,0,PERCENTILE_500,2683,0.44576966082743,-0.12189910939691,-327.05531051192,-0.55173313455089,-1480.3,0.69210866652901,334.71069799493,866,1817,0,0,2683,-0.08474287920243,0.1116136562278,-354.1254276622,309.51758963846,1,2683,106,0.094571669279221,9,242,0,-0.1718246214665,0.41058969759394,-426.74547612372,True,False,False
LIGHTGBM,SCALE_FREE,300,0,ROLLING_100,665,0.43759398496241,-0.13963642852797,-92.858224971102,-0.59834586466168,-397.90000000002,0.69454685089695,116.87412565034,207,458,0,0,665,-0.096923186821914,0.091172072255889,-114.77905693551,311.23714586466,1,665,99,0.28264421998913,14,41,1,-0.26006646651207,0.3034895377086,-121.26253070563,True,False,False
LIGHTGBM,SCALE_FREE,300,0,ROLLING_150,972,0.44341563786008,-0.12802683790219,-124.44208644093,-0.51707818930044,-502.60000000003,0.7084228694633,140.44081752416,311,661,0,0,972,-0.086392670896367,0.096885058179254,-147.20597189714,309.89577880658,1,972,102,0.23522423796437,9,67,1,-0.24674193786406,0.31238061007904,-164.91049677059,True,False,False
LIGHTGBM,SCALE_FREE,300,0,ROLLING_200,1239,0.454398708636,-0.12409251586042,-153.75062715106,-0.54697336561744,-677.70000000001,0.70701947050474,173.13420404475,389,850,0,0,1239,-0.083054040817077,0.10179672272574,-176.51451260727,309.90059483454,1,1239,102,0.20358754037687,11,91,1,-0.21443273967522,0.32038059239135,-204.59729772975,True,False,False
LIGHTGBM,SCALE_FREE,300,0,ROLLING_300,1747,0.44533485975959,-0.12365756353005,-216.02976348699,-0.53188322839153,-929.2,0.69524153692938,223.247380199,540,1207,0,0,1747,-0.084032266205181,0.1172267817153,-238.79364894321,309.64196279336,1,1747,103,0.15147812250061,12,134,1,-0.218821491036,0.36978019438723,-285.25515791354,True,False,False
LIGHTGBM,SCALE_FREE,300,0,ROLLING_500,2767,0.44777737621973,-0.11632739043085,-321.87788932217,-0.53202023852549,-1472.1,0.70284664566062,329.53327680519,885,1882,0,0,2767,-0.079643224125341,0.11264527877504,-348.94800647246,309.32635308999,1,2767,105,0.087512355818254,10,242,0,-0.17965436737111,0.40146661466411,-423.38297748952,True,False,False
LIGHTGBM,SCALE_FREE,300,0,ZERO,1934,0.43278179937952,-0.1361501051266,-263.31430331485,-0.57476732161326,-1111.6,0.6608276717838,273.04896567615,729,1205,0,0,1934,-0.095734382123634,0.098123513965807,-288.16947787897,306.11766597725,1,1934,99,0.15651046811012,12,30,1,-0.19159159524752,0.44039166612132,-341.47831160259,True,False,False
LIGHTGBM,SCALE_FREE,300,25,FREQUENCY_100,702,0.44586894586895,-0.14046809015474,-98.608599288627,-0.68376068376072,-480.00000000002,0.69842923231181,127.49483089929,227,475,0,0,702,-0.097685277197618,0.083185710669526,-121.15278708803,311.89101994302,1,702,102,0.29037225126699,18,64,1,-0.27040100711633,0.32490279019462,-128.64213398453,True,False,False
LIGHTGBM,SCALE_FREE,300,25,FREQUENCY_150,1027,0.4508276533593,-0.11176569287315,-114.78336658072,-0.45296981499515,-465.20000000002,0.74366763939902,144.58759162714,318,709,0,0,1027,-0.070141826976472,0.094609904053289,-137.59975087551,312.20414800389,1,1027,103,0.23129180132976,15,93,1,-0.22332531240969,0.32501253796821,-157.53107685661,True,False,False
LIGHTGBM,SCALE_FREE,300,25,FREQUENCY_200,1242,0.45169082125604,-0.11199517330828,-139.09800524888,-0.42665056360708,-529.89999999999,0.73439146660766,156.4298058852,369,873,0,0,1242,-0.071565164570878,0.097692799521409,-161.91438954367,310.82531723027,1,1242,103,0.19646484324826,15,121,1,-0.23266903141438,0.36031274070539,-189.31207610073,True,False,False
LIGHTGBM,SCALE_FREE,300,25,FREQUENCY_300,1852,0.45140388768898,-0.11103174195514,-205.63078610093,-0.43736501079912,-809.99999999998,0.72855975765259,224.65136175291,530,1322,0,0,1852,-0.071903155837428,0.12453703314717,-232.70090325121,309.3580712743,1,1852,104,0.13580520499851,14,152,2,-0.20464430882125,0.36980472084615,-278.09692759094,True,False,False
LIGHTGBM,SCALE_FREE,300,25,FREQUENCY_500,3103,0.45568804382855,-0.1068575186234,-331.5788802884,-0.52333225910409,-1623.9,0.72169703549034,341.40864622564,952,2151,0,0,3103,-0.071465245183978,0.088452636031344,-358.19903163823,365.89544763132,1,3103,106,0.061549991151268,14,263,1,-0.16640278910862,0.41236438216309,-441.40110477091,True,False,False
LIGHTGBM,SCALE_FREE,300,25,PERCENTILE_100,602,0.43853820598007,-0.13410437123241,-80.730831481908,-0.49734219269104,-299.40000000001,0.7120476117938,107.1066339288,187,415,0,0,602,-0.090508336423276,0.087353220347921,-103.27501928132,312.73561960133,1,602,100,0.32486860126018,16,49,1,-0.28138349636771,0.34121290922243,-106.975644437,True,False,False
LIGHTGBM,SCALE_FREE,300,25,PERCENTILE_150,864,0.43055555555556,-0.14686280788806,-126.88946601528,-0.72303240740743,-624.70000000002,0.68129429860176,149.2171824292,276,588,0,0,864,-0.10436606470297,0.09430823817364,-149.70585031007,311.07192361111,1,864,102,0.26377962077431,13,67,1,-0.25029849837375,0.31742581527299,-163.6066521272,True,False,False
LIGHTGBM,SCALE_FREE,300,25,PERCENTILE_200,1094,0.45429616087751,-0.11213578043767,-122.67654379881,-0.45393053016454,-496.60000000001,0.73991648825945,147.24275749986,333,761,0,0,1094,-0.070946697646638,0.093237922036623,-145.4929280936,311.63171572212,1,1094,103,0.22363045549331,15,93,1,-0.24234167693013,0.33560574145019,-167.7374003722,True,False,False
LIGHTGBM,SCALE_FREE,300,25,PERCENTILE_300,1537,0.45803513337671,-0.10110913625408,-155.40474242252,-0.31080026024722,-477.69999999998,0.75215066159535,176.45387234688,450,1087,0,0,1537,-0.0612911028481,0.11961679011965,-180.65576696028,310.36784450228,1,1537,103,0.1633996255069,14,131,1,-0.22565508317523,0.37294544598386,-216.60505976752,True,False,False
LIGHTGBM,SCALE_FREE,300,25,PERCENTILE_500,2529,0.45156188216686,-0.11210974447867,-283.52554378656,-0.50292605773033,-1271.9,0.71840022389891,297.29425027901,763,1766,0,0,2529,-0.075270713824814,0.10668479388892,-310.59566093685,310.12111546066,1,2529,106,0.08929424621504,13,222,1,-0.18385918965162,0.39772415074786,-376.69145231017,True,False,False
LIGHTGBM,SCALE_FREE,300,25,ROLLING_100,820,0.44024390243902,-0.12259809895752,-100.53044114516,-0.49024390243905,-402.00000000002,0.72404531633732,129.08644754106,247,573,0,0,820,-0.080751784982216,0.087882949332781,-123.34682543995,311.1572304878,1,820,101,0.24930803951811,15,60,1,-0.24003830993442,0.3142209616607,-134.84441860491,True,False,False
LIGHTGBM,SCALE_FREE,300,25,ROLLING_150,1134,0.45414462081129,-0.11831057291133,-134.16418968144,-0.52927689594357,-600.20000000001,0.72440105268748,160.19476061981,334,800,0,0,1134,-0.077598504434877,0.092664900893401,-156.98057397623,310.54644532628,1,1134,102,0.20756785786927,14,88,1,-0.22417305677153,0.32118460438118,-180.33167533374,True,False,False
LIGHTGBM,SCALE_FREE,300,25,ROLLING_200,1429,0.45696291112666,-0.11737401968308,-167.72747412713,-0.45780265920223,-654.19999999998,0.71637410117691,183.02170429733,408,1021,0,0,1429,-0.077410202438539,0.10089380270539,-190.54385842192,310.20904478656,1,1429,103,0.17185060330292,15,114,1,-0.24421172732661,0.3494736769978,-224.83576896958,True,False,False
LIGHTGBM,SCALE_FREE,300,25,ROLLING_300,1993,0.44606121424987,-0.11820539234598,-235.58334694554,-0.48956347215253,-975.69999999998,0.71129270926168,253.76938847045,571,1422,0,0,1993,-0.079930570480167,0.13764535294828,-262.65346409582,309.57549573507,1,1993,104,0.11988723578297,13,173,1,-0.21845597914879,0.3739921833671,-311.8650669241,True,False,False
LIGHTGBM,SCALE_FREE,300,25,ROLLING_500,2963,0.45764427944651,-0.10747457783293,-318.44717411896,-0.51356733040837,-1521.7,0.7229575237622,324.0697120782,919,2044,0,0,2963,-0.071893711790308,0.092352665284149,-345.51729126925,369.06797873777,1,2963,106,0.06626997297071,14,248,0,-0.18239986933444,0.40407947279975,-423.87328020324,True,False,False
LIGHTGBM,SCALE_FREE,300,25,ZERO,1662,0.43561973525872,-0.13092854940414,-217.60324910968,-0.53110709987968,-882.70000000003,0.68139195536128,233.8873117365,554,1108,0,0,1662,-0.090065131851457,0.12829977460587,-242.4584236738,307.1538622142,1,1662,99,0.16691274829944,13,30,1,-0.21139195390064,0.41686513117565,-285.51824908224,True,False,False
LIGHTGBM,SCALE_FREE,300,50,FREQUENCY_100,727,0.43878954607978,-0.14081857084451,-102.37510100396,-0.70907840440167,-515.50000000002,0.69833500920926,126.89932205865,218,509,0,0,727,-0.097547691743988,0.084083569230091,-125.19148529875,311.2123562586,1,727,102,0.28202512974922,12,60,1,-0.27710459025562,0.31792642184071,-133.83303011004,True,False,False
LIGHTGBM,SCALE_FREE,300,50,FREQUENCY_150,949,0.45626975763962,-0.11105123962698,-105.387626406,-0.47881981032668,-454.40000000002,0.7458491339501,129.55313062957,269,680,0,0,949,-0.069389875697616,0.069295957129555,-128.20401070079,311.3513256059,1,949,102,0.22989273681939,14,77,1,-0.22216942941099,0.31821360969229,-144.92426077497,True,False,False
LIGHTGBM,SCALE_FREE,300,50,FREQUENCY_200,1182,0.45262267343486,-0.12619140126816,-149.15823629897,-0.52318104906938,-618.4,0.71184379935218,162.3365780029,330,852,0,0,1182,-0.084985594660585,0.07661341154529,-171.97462059376,311.28886463621,1,1182,103,0.19532535000954,11,106,1,-0.23556944416128,0.34342489796535,-197.86349970912,True,False,False
LIGHTGBM,SCALE_FREE,300,50,FREQUENCY_300,1854,0.44929881337648,-0.11536067903351,-213.87869892813,-0.51294498381877,-951,0.72798574959683,225.84838025923,521,1333,0,0,1854,-0.075940147031755,0.12128357809011,-239.65921021736,310.05879126214,1,1854,104,0.12017842485316,10,158,1,-0.18631895984031,0.38072006192655,-286.96436525939,True,False,False
LIGHTGBM,SCALE_FREE,300,50,FREQUENCY_500,3057,0.44651619234544,-0.11889897715927,-363.47417317588,-0.6724893686621,-2055.8,0.70650038036658,384.03764107987,990,2067,0,0,3057,-0.081899791740392,0.099929996540304,-391.383429558,368.18297088649,1,3057,104,0.03752783963746,12,249,1,-0.15249625967763,0.42484148571729,-476.58068300138,True,False,False
LIGHTGBM,SCALE_FREE,300,50,PERCENTILE_100,575,0.43826086956522,-0.14628907626316,-84.116218851319,-0.5793043478261,-333.10000000001,0.69810145831308,113.72549810198,164,411,0,0,575,-0.10212296129417,0.087585369582004,-106.66040665073,311.60619304348,1,575,101,0.3242454878331,16,48,1,-0.26282400291773,0.35145837995908,-109.51173495849,True,False,False
LIGHTGBM,SCALE_FREE,300,50,PERCENTILE_150,833,0.44297719087635,-0.12592655536954,-104.89682062282,-0.60480192076833,-503.80000000002,0.72306244599165,128.55807619464,242,591,0,0,833,-0.083130592382107,0.076466448130002,-127.71320491761,311.5178667467,1,833,102,0.25733774892568,14,68,1,-0.24383551327083,0.31603828288208,-140.54585779135,True,False,False
LIGHTGBM,SCALE_FREE,300,50,PERCENTILE_200,1044,0.4492337164751,-0.11959775078604,-124.86005182063,-0.47452107279694,-495.40000000001,0.72743440759225,142.68518248,290,754,0,0,1044,-0.078035409567988,0.079092189018674,-147.67643611542,311.03471455939,1,1044,102,0.21823271187396,15,89,1,-0.22762303800245,0.34664621848243,-168.25113605227,True,False,False
LIGHTGBM,SCALE_FREE,300,50,PERCENTILE_300,1501,0.44836775483011,-0.1265382922168,-189.93397661742,-0.55742838107927,-836.69999999999,0.70968282578305,200.44882861875,414,1087,0,0,1501,-0.086088852321831,0.1121007963239,-215.71448790664,309.42601598934,1,1501,104,0.15253863548088,10,124,1,-0.22786333557363,0.36680050141636,-250.64858589977,True,False,False
LIGHTGBM,SCALE_FREE,300,50,PERCENTILE_500,2441,0.44776730848013,-0.12036677374053,-293.81529470064,-0.66566980745596,-1624.9,0.70802272055747,303.93388850855,743,1698,0,0,2441,-0.082834650857687,0.15032857221801,-319.59580598987,381.26971609996,1,2441,104,0.075284975482243,11,198,1,-0.16365828125463,0.40486030367645,-385.43120665767,True,False,False
LIGHTGBM,SCALE_FREE,300,50,ROLLING_100,986,0.45436105476673,-0.11950799275287,-117.83488085433,-0.54472616632861,-537.10000000001,0.72788071868575,142.62878569827,272,714,0,0,986,-0.077813486077781,0.069705552173364,-140.65126514912,310.52728600406,1,986,102,0.22025451352527,12,76,1,-0.22785853830859,0.3134400089624,-158.94566443598,True,False,False
LIGHTGBM,SCALE_FREE,300,50,ROLLING_150,1302,0.44777265745008,-0.12679266220431,-165.08404619001,-0.57066052227342,-742.99999999999,0.70613147531955,176.45215895085,354,948,0,0,1302,-0.085945166093406,0.082115812291075,-187.90043048479,310.80852995392,1,1302,103,0.17606578882763,15,101,1,-0.23346390546046,0.35878122025797,-218.2674861264,True,False,False
LIGHTGBM,SCALE_FREE,300,50,ROLLING_200,1604,0.44389027431421,-0.12591768649451,-201.9719691372,-0.55274314214464,-886.6,0.7100163621164,215.98830481514,444,1160,0,0,1604,-0.08583484232719,0.11405894651317,-227.75248042642,309.71258104738,1,1604,104,0.13983164046535,10,136,1,-0.23034042672901,0.36657309154307,-266.26485118158,True,False,False
LIGHTGBM,SCALE_FREE,300,50,ROLLING_300,2071,0.4543698696282,-0.11079546762078,-229.45741344264,-0.56296475132785,-1165.9,0.73368426458912,244.93769603743,608,1463,0,0,2071,-0.072442106723112,0.12638444462865,-255.23792473186,309.94740173829,1,2071,104,0.10053388133664,10,166,1,-0.19338019541236,0.38944185052601,-308.88722386171,True,False,False
LIGHTGBM,SCALE_FREE,300,50,ROLLING_500,2791,0.44858473665353,-0.10968005454506,-306.11703223527,-0.64722321748479,-1806.4000000001,0.7272018576322,326.2622855492,876,1915,0,0,2791,-0.072943775131681,0.087189470171235,-334.02628861739,373.85111357936,1,2791,104,0.053933790185818,12,237,1,-0.15191204666836,0.41930596763813,-408.64798807801,True,False,False
LIGHTGBM,SCALE_FREE,300,50,ZERO,1332,0.43393393393393,-0.13435085294017,-178.9553361163,-0.52980480480481,-705.7,0.68742281669391,194.85185053467,405,927,0,0,1332,-0.091257053135586,0.1217754711397,-202.22168621154,307.14042717718,1,1332,99,0.18880645190722,12,29,1,-0.24749067748069,0.39864155355119,-236.35627745601,True,False,False
LIGHTGBM,SCALE_FREE,600,0,FREQUENCY_100,527,0.47248576850095,-0.085482796711221,-45.049433866813,-0.053320683112063,-28.100000000057,0.85023070128057,68.304129701589,128,399,0,0,527,-0.043619711461641,0.068355353483443,-65.985223520178,619.61072865275,1,527,94,0.275442235105,9,33,2,-0.34465346943016,0.25857578968867,-67.111279793342,True,False,False
LIGHTGBM,SCALE_FREE,600,0,FREQUENCY_150,895,0.45251396648045,-0.13967215939292,-125.00658265667,-0.47128491620119,-421.80000000007,0.75036504379191,129.96764806686,262,633,0,0,895,-0.098455524265113,0.076836641227768,-146.8279203298,618.1739273743,1,895,100,0.2235385689906,9,68,1,-0.34382294066232,0.28469215984545,-161.89547109605,True,False,False
LIGHTGBM,SCALE_FREE,600,0,FREQUENCY_200,1206,0.46102819237148,-0.15445336650784,-186.27076000845,-0.69643449419575,-839.90000000007,0.72448932500724,192.16992900318,392,814,0,0,1206,-0.11469188253584,0.085863251148874,-208.29791346617,763.58419402985,1,1206,101,0.1777812430528,9,105,0,-0.24409474915326,0.30850417617505,-234.22310967868,True,False,False
LIGHTGBM,SCALE_FREE,600,0,FREQUENCY_300,1894,0.45828933474129,-0.13584005728788,-257.28106850324,-0.67866948257657,-1285.4,0.74446016251648,264.62397621336,666,1228,0,0,1894,-0.098318542238851,0.11734212231485,-283.86653679445,706.82475448786,1,1894,106,0.11974370287791,15,160,0,-0.17946858964842,0.35058782507438,-328.3468180061,True,False,False
LIGHTGBM,SCALE_FREE,600,0,FREQUENCY_500,2982,0.4570757880617,-0.11817855280413,-352.40844446193,-0.55908786049633,-1667.2000000001,0.76126387490924,355.88939280833,1058,1924,0,0,2982,-0.082698537549079,0.11106111778118,-378.50404322754,673.51169651241,1,2982,106,0.060739203584318,10,282,0,-0.19503342156998,0.43333919602407,-458.2098499525,True,False,False
LIGHTGBM,SCALE_FREE,600,0,PERCENTILE_100,490,0.46326530612245,-0.096390581015354,-47.231384697523,-0.26122448979602,-128.00000000005,0.83458597935271,69.943948470112,117,373,0,0,490,-0.052807001536035,0.076457781370294,-68.452600377894,617.02220204082,1,490,95,0.30137763335057,9,39,2,-0.34234431925673,0.26830043401311,-68.58733864239,True,False,False
LIGHTGBM,SCALE_FREE,600,0,PERCENTILE_150,746,0.45576407506702,-0.11680725716924,-87.138213848255,-0.33485254691697,-249.80000000006,0.79306677637004,101.13524580042,201,545,0,0,746,-0.075183253304345,0.080967211926026,-108.95955152139,619.89683914209,1,746,97,0.24185284109699,14,60,2,-0.36435722018849,0.27210107046906,-118.18972073147,True,False,False
LIGHTGBM,SCALE_FREE,600,0,PERCENTILE_200,973,0.46043165467626,-0.13368783424528,-130.07826272066,-0.46598150051395,-453.40000000007,0.75847601521603,132.9720580238,285,688,0,0,973,-0.093459942283785,0.08048228558453,-151.8996003938,618.74043987667,1,973,101,0.20620346536455,9,76,1,-0.33151540293798,0.28554704889652,-169.2200015992,True,False,False
LIGHTGBM,SCALE_FREE,600,0,PERCENTILE_300,1465,0.46825938566553,-0.13474356816237,-197.39932735787,-0.59583617747445,-872.90000000006,0.75215948020855,208.81537401822,500,965,0,0,1465,-0.095958115469491,0.13833155796739,-222.27694796909,736.94006143345,1,1465,102,0.15309368881117,11,124,0,-0.23746819658453,0.32386595199381,-254.22001555294,True,False,False
LIGHTGBM,SCALE_FREE,600,0,PERCENTILE_500,2229,0.45580978017048,-0.12898316537578,-287.50347562262,-0.65926424405564,-1469.5,0.75206590786752,291.96169486171,799,1430,0,0,2229,-0.092468001406593,0.11391746016242,-313.94410849733,693.10779273217,1,2229,106,0.099070303524109,11,190,0,-0.20873831132134,0.38381636129595,-368.89577610995,True,False,False
LIGHTGBM,SCALE_FREE,600,0,ROLLING_100,592,0.46959459459459,-0.087616261022834,-51.868826525518,-0.067905405405503,-40.200000000058,0.84324777489975,70.951446214749,149,443,0,0,592,-0.044542541923483,0.083528625107794,-72.804616178882,621.1536097973,1,592,95,0.26064396395656,8,42,2,-0.37215835815765,0.25218372756398,-77.368468232334,True,False,False
LIGHTGBM,SCALE_FREE,600,0,ROLLING_150,858,0.46386946386946,-0.11023698774941,-94.583335488992,-0.37156177156185,-318.80000000007,0.79606153674842,106.13075966483,225,633,0,0,858,-0.06915665572464,0.076908035442973,-116.40467316213,620.29832400932,1,858,99,0.21332487246548,9,66,1,-0.32024813840214,0.26785647546244,-129.83026036624,True,False,False
LIGHTGBM,SCALE_FREE,600,0,ROLLING_200,1100,0.45818181818182,-0.15817196625927,-173.9891628852,-0.70863636363643,-779.50000000007,0.71662871801486,177.7320509859,331,769,0,0,1100,-0.11809955106455,0.10118588380051,-195.81050055833,778.08867272727,1,1100,101,0.18276665205533,14,94,0,-0.34817510602442,0.28311133761636,-218.06881959939,True,False,False
LIGHTGBM,SCALE_FREE,600,0,ROLLING_300,1546,0.46442432082794,-0.13374613817217,-206.77152961418,-0.56862871927557,-879.10000000003,0.7518207470685,216.92653188331,516,1030,0,0,1546,-0.094909230871059,0.11574550223689,-231.6491502254,729.86435899094,1,1546,102,0.14427470280722,13,131,0,-0.22201959293659,0.32884641944529,-266.8133883017,True,False,False
LIGHTGBM,SCALE_FREE,600,0,ROLLING_500,2308,0.46100519930676,-0.12173365217701,-280.96126922454,-0.62335355285963,-1438.7,0.76348519384322,285.41948846362,810,1498,0,0,2308,-0.085183400769189,0.09600284745868,-307.40190209924,691.01742331023,1,2308,106,0.093152896321119,9,204,0,-0.2186583701205,0.37046213243541,-365.31924947379,True,False,False
LIGHTGBM,SCALE_FREE,600,0,ZERO,1927,0.46185781006746,-0.10277401356708,-198.04552414377,-0.41453035806959,-798.8000000001,0.79158331526132,215.39140975017,771,1156,0,0,1927,-0.0642599673873,0.11182821405184,-221.07726511719,699.77226206539,1,1927,99,0.12049237174015,10,46,1,-0.15324194470459,0.41054234244636,-272.2620911322,True,False,False
LIGHTGBM,SCALE_FREE,600,25,FREQUENCY_100,565,0.47433628318584,-0.075822669314135,-42.839808162486,-0.17876106194701,-101.00000000006,0.86637598702808,66.844385300058,137,428,0,0,565,-0.033605123962384,0.084515721646756,-64.061023842856,622.41676814159,1,565,95,0.26460931879102,9,49,2,-0.37924982835794,0.25896085486409,-66.692721286226,True,False,False
LIGHTGBM,SCALE_FREE,600,25,FREQUENCY_150,888,0.45945945945946,-0.13956230635401,-123.93132804236,-0.56317567567576,-500.10000000007,0.75273307003611,131.24691857521,257,631,0,0,888,-0.099801913666695,0.074912387889601,-145.7526657155,620.09496509009,1,888,101,0.2074816010671,8,76,1,-0.39111838685132,0.28241517310768,-159.23855674869,True,False,False
LIGHTGBM,SCALE_FREE,600,25,FREQUENCY_200,1220,0.45983606557377,-0.16150550480511,-197.03671586223,-0.7669672131148,-935.70000000005,0.71932521378543,201.76740826576,385,835,0,0,1220,-0.12218230563596,0.13583968080699,-220.34029606793,762.90378196721,1,1220,102,0.16721275572115,8,105,0,-0.24583610643189,0.29566558979215,-245.01101884858,True,False,False
LIGHTGBM,SCALE_FREE,600,25,FREQUENCY_300,1811,0.45389287686361,-0.12972691889842,-234.93545012504,-0.63832136940917,-1156,0.76116303639539,236.91442187525,613,1198,0,0,1811,-0.092537921386384,0.10570456695114,-261.52091841625,712.20101601325,1,1811,104,0.11235205236526,13,146,0,-0.26655975032889,0.34663207516208,-302.28472461933,True,False,False
LIGHTGBM,SCALE_FREE,600,25,FREQUENCY_500,2932,0.45088676671214,-0.13474804063469,-395.0812551409,-0.75951568894955,-2226.9000000001,0.73797339080835,397.45826925269,1039,1893,0,0,2932,-0.099487476501019,0.11429527491188,-420.02029578915,673.43323055935,1,2932,106,0.046021732350162,13,278,0,-0.20600170196426,0.4224397326502,-498.46522918081,True,False,False
LIGHTGBM,SCALE_FREE,600,25,PERCENTILE_100,478,0.46861924686192,-0.09306965651529,-44.487295814309,-0.30271966527208,-144.70000000005,0.8414422661483,69.194177131515,117,361,0,0,478,-0.050092223466178,0.075526582172559,-65.708511494679,617.1625125523,1,478,95,0.29904906098284,9,39,2,-0.36126162830009,0.27141005680251,-65.030508811784,True,False,False
LIGHTGBM,SCALE_FREE,600,25,PERCENTILE_150,731,0.4500683994528,-0.13782456385942,-100.74975618123,-0.54787961696316,-400.50000000007,0.76572136197987,118.01089876788,198,533,0,0,731,-0.096875791631713,0.093753513597416,-122.57109385437,621.1081751026,1,731,97,0.23693614335135,11,60,1,-0.40193275451567,0.27053659546613,-130.68330867969,True,False,False
LIGHTGBM,SCALE_FREE,600,25,PERCENTILE_200,965,0.46113989637306,-0.14049887400275,-135.58141341265,-0.5604145077721,-540.80000000007,0.75157879127835,142.56257628569,289,676,0,0,965,-0.10064767444972,0.07520985532965,-157.40275108579,620.95300103627,1,965,101,0.19927348641035,9,80,0,-0.34157890488509,0.28144580706682,-174.03782098132,True,False,False
LIGHTGBM,SCALE_FREE,600,25,PERCENTILE_300,1410,0.45106382978723,-0.16861757773543,-237.75078460695,-0.84539007092202,-1192.0000000001,0.70418283084578,241.80004150713,459,951,0,0,1410,-0.1302057849962,0.11684502750942,-262.62840521817,742.08124964539,1,1410,102,0.14669857462715,10,125,0,-0.28050971623402,0.311357355322,-291.91141236925,True,False,False
LIGHTGBM,SCALE_FREE,600,25,PERCENTILE_500,2124,0.45762711864407,-0.12745183958227,-270.70770727275,-0.68300376647836,-1450.7,0.75964284817301,273.3258157176,729,1395,0,0,2124,-0.091318565500079,0.10392867343113,-297.14834014745,698.84951271186,1,2124,105,0.09049408331888,10,194,0,-0.21119691263106,0.36648525883517,-347.45478142333,True,False,False
LIGHTGBM,SCALE_FREE,600,25,ROLLING_100,722,0.46537396121884,-0.11050965718602,-79.787972488307,-0.42963988919677,-310.20000000007,0.80457207812071,98.271660432668,187,535,0,0,722,-0.069500158529119,0.069636139272875,-101.60931016145,621.75462742382,1,722,98,0.22460153222428,8,58,1,-0.32522845711188,0.2516165248804,-109.39683051859,True,False,False
LIGHTGBM,SCALE_FREE,600,25,ROLLING_150,1006,0.45427435387674,-0.16354200492947,-164.52325695904,-0.76381709741558,-768.40000000007,0.71357683715784,168.26614505975,298,708,0,0,1006,-0.12391735398866,0.089380391998223,-186.34459463218,794.47562326044,1,1006,101,0.18402808025509,14,90,0,-0.38742151974197,0.28029743077823,-204.3856558055,True,False,False
LIGHTGBM,SCALE_FREE,600,25,ROLLING_200,1272,0.45676100628931,-0.15392142806451,-195.78805649805,-0.73223270440255,-931.40000000005,0.72744478069595,200.51874890159,398,874,0,0,1272,-0.11502883197597,0.12056444856285,-220.66567710928,756.43430424528,1,1272,102,0.15774089449845,10,117,0,-0.31236355350024,0.29118788953655,-245.25943872267,True,False,False
LIGHTGBM,SCALE_FREE,600,25,ROLLING_300,1719,0.45142524723677,-0.15005495907531,-257.94447465046,-0.77335660267598,-1329.4,0.72982053433765,259.92344640067,576,1143,0,0,1719,-0.11259989010618,0.10325570986594,-284.38510752517,718.83746364165,1,1719,104,0.11867655572737,12,153,0,-0.27867391693927,0.33353809359526,-322.32973820841,True,False,False
LIGHTGBM,SCALE_FREE,600,25,ROLLING_500,2460,0.45528455284553,-0.11191322966209,-275.30654496874,-0.5528048780488,-1359.9000000001,0.77992575663112,276.9473825209,840,1620,0,0,2460,-0.076062514796042,0.11181039180149,-301.40214373435,685.16476138211,1,2460,106,0.069368660964398,9,238,0,-0.2268258515443,0.39608515066114,-363.49930353921,True,False,False
LIGHTGBM,SCALE_FREE,600,25,ZERO,1644,0.45924574209246,-0.10777168206219,-177.17664531024,-0.47177615571782,-775.6000000001,0.78998561191374,194.14922503738,620,1024,0,0,1644,-0.069208532373946,0.11153585537018,-199.94376016796,716.70068309002,1,1644,99,0.12841087519584,10,45,1,-0.19315161129142,0.36619194402734,-240.57446339771,True,False,False
LIGHTGBM,SCALE_FREE,600,50,FREQUENCY_100,596,0.44630872483221,-0.12205441772623,-72.744432964834,-0.48053691275179,-286.40000000007,0.79485206320661,90.14319839388,153,443,0,0,596,-0.079724272321951,0.076889130256524,-95.625166587268,625.06067449664,1,596,97,0.25189683133385,8,50,1,-0.2689240798641,0.24914982188669,-97.973199625786,True,False,False
LIGHTGBM,SCALE_FREE,600,50,FREQUENCY_150,861,0.43670150987224,-0.18728084046171,-161.24880363753,-0.97317073170738,-837.90000000006,0.69644571834245,163.71588043521,257,604,0,0,861,-0.14651004941455,0.12612593289534,-184.60719227683,821.93239837398,1,861,100,0.20618227722142,9,68,0,-0.34739246814339,0.26385471494813,-196.35245472913,True,False,False
LIGHTGBM,SCALE_FREE,600,50,FREQUENCY_200,1157,0.4485738980121,-0.17879493511747,-206.86573993091,-0.8484874675886,-981.70000000001,0.70804441454773,210.74482039567,370,787,0,0,1157,-0.13853087866098,0.12971362107131,-232.65792107493,771.32784442524,1,1157,101,0.15939268468474,10,109,0,-0.27090468373183,0.29516177833815,-253.45125325107,True,False,False
LIGHTGBM,SCALE_FREE,600,50,FREQUENCY_300,1704,0.44424882629108,-0.15976262486782,-272.23551277476,-0.82200704225354,-1400.7,0.72321360496017,274.15890873147,574,1130,0,0,1704,-0.12125206828465,0.092451778264744,-299.73554159876,720.41676760563,1,1704,103,0.09858117333161,12,164,0,-0.25170437590051,0.3489921453956,-337.85750119248,True,False,False
LIGHTGBM,SCALE_FREE,600,50,FREQUENCY_500,2916,0.44890260631001,-0.16805520948626,-490.04899086193,-0.78391632373114,-2285.9,0.70347713032207,491.5518546212,1080,1836,0,0,2916,-0.12980080202183,0.10344434932548,-526.21823915253,731.76594753086,1,2916,105,0.0062888645459315,11,283,0,-0.28643603353997,0.43985474419052,-601.5988430282,True,False,False
LIGHTGBM,SCALE_FREE,600,50,PERCENTILE_100,468,0.45940170940171,-0.11030946853572,-51.624831274718,-0.48247863247875,-225.80000000006,0.81735587558489,71.851037298822,112,356,0,0,468,-0.066606829331073,0.084532329370113,-72.846046955089,617.9900982906,1,468,95,0.29580938122039,9,38,2,-0.31930445686562,0.26062177849717,-72.077666422495,True,False,False
LIGHTGBM,SCALE_FREE,600,50,PERCENTILE_150,702,0.43732193732194,-0.15883870417602,-111.50477033157,-0.78660968660978,-552.20000000007,0.74148878869423,121.00656413991,184,518,0,0,702,-0.11776793943232,0.08859984137303,-134.86315897086,622.96112820513,1,702,99,0.2312184552871,8,62,0,-0.36379427520323,0.26499612775141,-140.33644718164,True,False,False
LIGHTGBM,SCALE_FREE,600,50,PERCENTILE_200,948,0.43248945147679,-0.19580241557596,-185.62068996601,-0.98122362869204,-930.20000000006,0.68459790492286,188.93685956125,288,660,0,0,948,-0.15496717864001,0.11764100220419,-210.46132113787,805.9560907173,1,948,100,0.19081241202385,11,82,0,-0.33013092041727,0.26601945008525,-224.33249458129,True,False,False
LIGHTGBM,SCALE_FREE,600,50,PERCENTILE_300,1351,0.43967431532198,-0.18498158056697,-249.91011534597,-0.93515914137677,-1263.4,0.69520696162531,251.83351130269,444,907,0,0,1351,-0.14552039327954,0.085380261435763,-277.41014416998,747.38611917098,1,1351,103,0.13649672221617,11,116,0,-0.26891989657776,0.31811358874111,-303.22217937129,True,False,False
LIGHTGBM,SCALE_FREE,600,50,PERCENTILE_500,2043,0.44542339696525,-0.14121087976441,-288.49382735869,-0.75159079784633,-1535.5000000001,0.74713524760684,290.06619747545,704,1339,0,0,2043,-0.10340119763993,0.093000635165865,-316.81360686098,700.02037640724,1,2043,105,0.069137391735523,15,183,0,-0.21769458101925,0.3783405743738,-365.73900793901,True,False,False
LIGHTGBM,SCALE_FREE,600,50,ROLLING_100,852,0.4330985915493,-0.19557711528107,-166.63170221947,-1.0158450704226,-865.50000000005,0.68508059300387,169.5229783814,249,603,0,0,852,-0.15483610226274,0.12212277138587,-189.99009085876,827.16423943662,1,852,100,0.19771231034588,12,80,0,-0.36387017305184,0.27177304081051,-201.34304531108,True,False,False
LIGHTGBM,SCALE_FREE,600,50,ROLLING_150,1118,0.44364937388193,-0.17677084940366,-197.62980963329,-0.88336314847944,-987.60000000001,0.7088230611141,201.18383039484,353,765,0,0,1118,-0.13645050784967,0.12823946451049,-223.4219907773,777.2266216458,1,1118,101,0.16384080343546,10,109,0,-0.30361401529522,0.2846831253286,-242.70795149066,True,False,False
LIGHTGBM,SCALE_FREE,600,50,ROLLING_200,1347,0.43726800296956,-0.18656123987307,-251.29799010903,-0.96904231625837,-1305.3,0.69185533607127,253.22138606574,444,903,0,0,1347,-0.14718023069952,0.088872516268382,-278.79801893303,748.59129398664,1,1347,103,0.1349354497442,9,123,0,-0.31629687595851,0.31242969303361,-304.34420946579,True,False,False
LIGHTGBM,SCALE_FREE,600,50,ROLLING_300,1708,0.44906323185012,-0.15104776376396,-257.98958050885,-0.78161592505857,-1335,0.73660221043277,260.63625378475,573,1135,0,0,1708,-0.11275451897288,0.093778926053598,-285.48960933285,719.8980971897,1,1708,103,0.097630444902497,12,168,0,-0.24855683745316,0.33884262210049,-323.39444261202,True,False,False
LIGHTGBM,SCALE_FREE,600,50,ROLLING_500,2301,0.4380704041721,-0.17041724199896,-392.1300738396,-0.91521077792266,-2105.9,0.69928732883369,394.80790628262,801,1500,0,0,2301,-0.13302000489201,0.10409990955422,-420.3484065282,691.61696610169,1,2301,105,0.052769059363007,17,220,0,-0.25717434137297,0.38961124260665,-478.18111642268,True,False,False
LIGHTGBM,SCALE_FREE,600,50,ZERO,1273,0.44697564807541,-0.13220242905451,-168.29369218639,-0.60094265514537,-765.00000000006,0.76313277613696,181.04147923839,446,827,0,0,1273,-0.091068248530514,0.098398502120093,-192.65666834139,749.94078397486,1,1273,98,0.146103230581,14,42,1,-0.21741018937792,0.31536916771434,-220.65750399344,True,False,False
LIGHTGBM,SCALE_FREE,900,0,FREQUENCY_100,495,0.48484848484848,-0.13272128928749,-65.697038197309,-0.23070707070711,-114.20000000002,0.80464960146552,75.228489616945,107,388,0,0,495,-0.092046004139164,0.12725366510464,-91.239378674549,1261.2370505051,1,495,93,0.35664057463234,7,34,1,-0.35193568608424,0.33259975205622,-85.831304345732,True,False,False
LIGHTGBM,SCALE_FREE,900,0,FREQUENCY_150,953,0.45750262329486,-0.17457119834817,-166.36635202581,-0.81867785939145,-780.20000000006,0.73404387832852,176.98503033766,274,679,0,0,953,-0.13605161211892,0.08379691656766,-193.49778854518,1095.0467513116,1,953,98,0.24552330087233,9,67,1,-0.32155165772559,0.34278950035185,-203.07551770229,True,False,False
LIGHTGBM,SCALE_FREE,900,0,FREQUENCY_200,1298,0.46302003081664,-0.135989273083,-176.51407646174,-0.73751926040069,-957.30000000009,0.77895154286174,194.301005119,428,870,0,0,1298,-0.09825180427061,0.09142209923248,-207.30047396533,1050.0004506934,1,1298,102,0.20562078539775,9,99,1,-0.26074856560594,0.35286782091248,-225.49731098022,True,False,False
LIGHTGBM,SCALE_FREE,900,0,FREQUENCY_300,1918,0.46506777893639,-0.12714923181779,-243.87222662653,-0.60630865484885,-1162.9000000001,0.78827814371836,274.10951653924,707,1211,0,0,1918,-0.091001031394469,0.11116182914925,-280.86781925002,1006.2775985401,1,1918,104,0.14985743039839,8,176,1,-0.26614720873984,0.40176185860601,-313.20447503847,True,False,False
LIGHTGBM,SCALE_FREE,900,0,FREQUENCY_500,2905,0.45335628227194,-0.14833539602213,-430.9143254443,-0.80168674698795,-2328.9,0.74959028138797,437.68587521135,1177,1728,0,0,2905,-0.11493128610754,0.11869142414673,-477.90564100715,1032.9764024096,1,2905,105,0.087343961870597,16,267,0,-0.22756356304853,0.49612695634403,-527.95326474619,True,False,False
LIGHTGBM,SCALE_FREE,900,0,PERCENTILE_100,502,0.47609561752988,-0.13860203787727,-69.578223014391,-0.50119521912357,-251.60000000003,0.79582775601029,81.786559744445,111,391,0,0,502,-0.099027558163532,0.14198591961482,-95.120563491631,1260.6560179283,1,502,95,0.32941431542149,9,39,1,-0.39007657981842,0.3131786542867,-89.444611830689,True,False,False
LIGHTGBM,SCALE_FREE,900,0,PERCENTILE_150,776,0.45489690721649,-0.18174121741276,-141.0311847123,-0.78582474226812,-609.80000000006,0.73222956472446,149.80897856934,204,572,0,0,776,-0.14334556983354,0.12779882855791,-167.51161315495,1138.7973878866,1,776,98,0.2677177284821,10,60,1,-0.30342989841918,0.32114967395605,-170.82620723377,True,False,False
LIGHTGBM,SCALE_FREE,900,0,PERCENTILE_200,1041,0.46013448607109,-0.15829630513442,-164.78645364493,-0.84735830931801,-882.10000000005,0.75357265749709,174.48986016926,309,732,0,0,1041,-0.12073613570867,0.10872445785435,-193.15271056273,1080.7201018252,1,1041,99,0.23106108352935,8,75,1,-0.27691058108469,0.3309050058369,-203.88659001713,True,False,False
LIGHTGBM,SCALE_FREE,900,0,PERCENTILE_300,1461,0.46406570841889,-0.14189437444938,-207.30768107055,-0.75585215605754,-1104.3000000001,0.76880311127507,216.47042407336,498,963,0,0,1461,-0.10481593018051,0.10181559544224,-238.09407857414,1035.7117275838,1,1461,103,0.18652722080752,9,117,1,-0.28799886740778,0.36958662000038,-261.47928814737,True,False,False
LIGHTGBM,SCALE_FREE,900,0,PERCENTILE_500,2181,0.47592847317744,-0.11846743684221,-258.37747975285,-0.47849610270522,-1043.6000000001,0.80036431104192,280.26191876679,845,1336,0,0,2181,-0.083147118699791,0.086989312381319,-295.37307237635,1074.1994484182,1,2181,104,0.12973054797132,8,199,1,-0.2407632296908,0.41391192443352,-335.41109362146,True,False,False
LIGHTGBM,SCALE_FREE,900,0,ROLLING_100,584,0.44349315068493,-0.19061920399138,-111.32161513097,-0.80565068493155,-470.50000000002,0.72248816361586,123.30705976896,135,449,0,0,584,-0.15135053096794,0.16153589071432,-136.86395560821,1210.395630137,1,584,97,0.29553463762827,9,44,0,-0.40399466541438,0.30556951726521,-134.25452017666,True,False,False
LIGHTGBM,SCALE_FREE,900,0,ROLLING_150,853,0.45369284876905,-0.15626327588305,-133.29257432824,-0.70902696365775,-604.80000000006,0.76150710580095,147.56006049844,241,612,0,0,853,-0.11858151504876,0.088747779527295,-160.42401084762,1118.230926143,1,853,98,0.24744092736616,8,68,1,-0.33102232970533,0.33840638354592,-165.4351163199,True,False,False
LIGHTGBM,SCALE_FREE,900,0,ROLLING_200,1112,0.45413669064748,-0.15447453949435,-171.77568791772,-0.87571942446048,-973.80000000005,0.75789009037159,179.73458756375,355,757,0,0,1112,-0.11668481413099,0.10136210603022,-200.14194483552,1073.3032419065,1,1112,102,0.21540923726097,9,91,1,-0.3004910890345,0.33008179711105,-213.79786252177,True,False,False
LIGHTGBM,SCALE_FREE,900,0,ROLLING_300,1526,0.45937090432503,-0.14493265734288,-221.16723510524,-0.77280471821761,-1179.3000000001,0.76432414968006,230.99993999264,511,1015,0,0,1526,-0.10763203997979,0.11053129471794,-251.95363260884,1030.4365806029,1,1526,103,0.17622286476184,9,137,1,-0.23254653491614,0.35341363884727,-278.08797720132,True,False,False
LIGHTGBM,SCALE_FREE,900,0,ROLLING_500,2220,0.46981981981982,-0.13296666947947,-295.18600624442,-0.54531531531535,-1210.6000000001,0.77921219594716,307.28241839953,860,1360,0,0,2220,-0.097481760548708,0.10163745114086,-332.18159886792,1070.4904072072,1,2220,104,0.12600801546119,14,212,1,-0.22984893581768,0.41872464797593,-373.96250407071,True,False,False
LIGHTGBM,SCALE_FREE,900,0,ZERO,2323,0.45415411106328,-0.15761017876466,-366.1284452703,-0.75066724063713,-1743.8,0.74018870496844,372.76554879605,999,1324,0,0,2323,-0.12292315086582,0.11439436129431,-408.50692525931,1059.4889276797,1,2323,100,0.12250838254471,16,59,1,-0.29604147813166,0.49012713936982,-446.7064110793,True,False,False
LIGHTGBM,SCALE_FREE,900,25,FREQUENCY_100,616,0.46753246753247,-0.16421003559975,-101.15338192945,-0.61558441558447,-379.20000000004,0.76402184469397,114.55801329183,156,460,0,0,616,-0.12486080091606,0.16415102354307,-126.69572240669,1196.9757288961,1,616,98,0.29931196117806,8,49,1,-0.30402102845759,0.31004851611493,-125.39251049461,True,False,False
LIGHTGBM,SCALE_FREE,900,25,FREQUENCY_150,962,0.46569646569647,-0.13813664750744,-132.88745490215,-0.76756756756763,-738.40000000006,0.78659154356035,147.32922705233,283,679,0,0,962,-0.099829244794685,0.094837902790188,-161.25371181995,1097.3567234927,1,962,99,0.23545159597084,12,71,1,-0.22828507441127,0.31652891679666,-169.73917631182,True,False,False
LIGHTGBM,SCALE_FREE,900,25,FREQUENCY_200,1270,0.46220472440945,-0.15502951273851,-196.88748117791,-0.86976377952762,-1104.6000000001,0.76150917088732,207.96457047154,410,860,0,0,1270,-0.11707226925812,0.10506895014699,-227.6738786815,1055.6265952756,1,1270,103,0.19682841205653,10,99,1,-0.2691124482333,0.33052312936314,-245.093180398,True,False,False
LIGHTGBM,SCALE_FREE,900,25,FREQUENCY_300,1866,0.47374062165059,-0.1134057081685,-211.61505144242,-0.4433547695606,-827.30000000009,0.8142401596507,233.64070332948,709,1157,0,0,1866,-0.077629805969054,0.088384567970304,-251.26251585914,1102.4950584137,1,1866,104,0.13831949525065,12,154,1,-0.2370378306276,0.39914629663495,-278.37288494658,True,False,False
LIGHTGBM,SCALE_FREE,900,25,FREQUENCY_500,2863,0.45406915822564,-0.14152892559771,-405.19731398624,-0.76887879846316,-2201.3,0.76460585058758,406.25558144088,1177,1686,0,0,2863,-0.10782824011206,0.13553155437254,-452.44949911827,1036.9265791128,1,2863,104,0.067665298308571,12,277,0,-0.22239493628642,0.48365202743734,-501.68237653166,True,False,False
LIGHTGBM,SCALE_FREE,900,25,PERCENTILE_100,506,0.4703557312253,-0.16431660679493,-83.144203038236,-0.60928853754949,-308.30000000004,0.76596132759386,95.328059333166,120,386,0,0,506,-0.12452541791611,0.14707749297881,-108.68654351548,1257.8251225296,1,506,96,0.32210410555277,10,39,1,-0.38357437165959,0.31038316662437,-103.27854461092,True,False,False
LIGHTGBM,SCALE_FREE,900,25,PERCENTILE_150,770,0.45974025974026,-0.16711389161726,-128.67769654529,-0.71532467532474,-550.80000000005,0.75383707658416,141.191893884,217,553,0,0,770,-0.12871983594127,0.085460860078739,-154.01140580167,1142.7409441558,1,770,98,0.26039405722241,10,60,0,-0.2787635605646,0.30954334679745,-158.24111941581,True,False,False
LIGHTGBM,SCALE_FREE,900,25,PERCENTILE_200,1012,0.4703557312253,-0.13103860034471,-132.61106354884,-0.66660079051389,-674.60000000006,0.7970476317868,144.1467071368,313,699,0,0,1012,-0.092987998391384,0.089066518818105,-163.39746105244,1089.9694061265,1,1012,100,0.22582414822371,11,73,1,-0.25178150600562,0.31779453816789,-171.11827272561,True,False,False
LIGHTGBM,SCALE_FREE,900,25,PERCENTILE_300,1432,0.45949720670391,-0.15251285494701,-218.39840828412,-0.81899441340788,-1172.8000000001,0.75776269547851,227.20665202042,473,959,0,0,1432,-0.11506745089482,0.10297732398483,-249.18480578772,1039.6976550279,1,1432,103,0.17629877840848,9,121,1,-0.27471398475918,0.34733236758468,-272.02022688687,True,False,False
LIGHTGBM,SCALE_FREE,900,25,PERCENTILE_500,2069,0.46012566457226,-0.14248710445999,-294.80581912772,-0.7045915901402,-1457.8000000001,0.770298191885,303.59872863795,798,1271,0,0,2069,-0.10714901790404,0.078608421340792,-338.01537562041,1083.7498511358,1,2069,104,0.12237198361951,18,186,0,-0.22921352698276,0.4144719715789,-367.92032021197,True,False,False
LIGHTGBM,SCALE_FREE,900,25,ROLLING_100,709,0.45557122708039,-0.1756647519389,-124.54630912468,-0.78998589562772,-560.10000000005,0.74677228826229,134.98602479693,195,514,0,0,709,-0.13719332227552,0.097081893506527,-149.88001838106,1162.2603765867,1,709,98,0.26402062571823,10,59,0,-0.33966417053917,0.30762718256049,-151.82255275602,True,False,False
LIGHTGBM,SCALE_FREE,900,25,ROLLING_150,983,0.45981688708037,-0.14841332342355,-145.89029692535,-0.82675483214654,-812.70000000005,0.77434903787447,155.5530045117,305,678,0,0,983,-0.11043252707487,0.092379108015008,-174.25655384315,1096.6224465921,1,983,102,0.22224649312419,12,84,1,-0.27469738707566,0.32167843016224,-183.22541973609,True,False,False
LIGHTGBM,SCALE_FREE,900,25,ROLLING_200,1232,0.46428571428571,-0.15585208333223,-192.0097666653,-0.81607142857147,-1005.4000000001,0.76105783274319,199.21592172455,401,831,0,0,1232,-0.11801999878687,0.10006769758576,-222.7961641689,1059.9045722403,1,1232,103,0.19416086113938,10,116,1,-0.26025162048838,0.33469939763931,-238.61889482518,True,False,False
LIGHTGBM,SCALE_FREE,900,25,ROLLING_300,1639,0.46552776082977,-0.14452291480554,-236.87305736629,-0.71598535692498,-1173.5,0.77021891868447,264.21277671518,580,1059,0,0,1639,-0.10778105492682,0.086460476036618,-273.86864998978,1129.1999438682,1,1639,104,0.15509576523209,10,158,1,-0.35482739726651,0.36045170503664,-297.09296570752,True,False,False
LIGHTGBM,SCALE_FREE,900,25,ROLLING_500,2240,0.45758928571429,-0.14813314317405,-331.81824070988,-0.77959821428573,-1746.3,0.76044526635493,335.69641912306,870,1370,0,0,2240,-0.11320544947054,0.083605258203379,-369.73436887104,1071.0247892857,1,2240,104,0.10862513365484,15,220,0,-0.28762150943134,0.42615550534123,-410.05627460576,True,False,False
LIGHTGBM,SCALE_FREE,900,25,ZERO,1975,0.45670886075949,-0.15070554335245,-297.64344812108,-0.73200000000004,-1445.7000000001,0.75768036495908,303.72513250632,813,1162,0,0,1975,-0.11504159817054,0.10909838200704,-340.02192811009,1087.2344136709,1,1975,100,0.13098474058642,18,55,0,-0.28846423596874,0.44722343712435,-368.07973985534,True,False,False
LIGHTGBM,SCALE_FREE,900,50,FREQUENCY_100,614,0.47068403908795,-0.14511812561918,-89.102529130178,-0.32345276872972,-198.60000000005,0.79281185852566,98.291882893149,165,449,0,0,614,-0.104500856571,0.12112073225044,-115.58295757283,1201.2218159609,1,614,98,0.28042077444417,10,53,2,-0.27074848851385,0.31799196646895,-114.04153232576,True,False,False
LIGHTGBM,SCALE_FREE,900,50,FREQUENCY_150,937,0.45891141942369,-0.16664893447533,-156.15005160338,-0.75624332977594,-708.60000000006,0.76117491671655,168.96282277873,288,649,0,0,937,-0.12652617075239,0.10792604987745,-184.72493974205,1105.2105378869,1,937,100,0.22123829856796,9,65,1,-0.23567195234414,0.31679488612148,-193.74508121177,True,False,False
LIGHTGBM,SCALE_FREE,900,50,FREQUENCY_200,1284,0.4595015576324,-0.16994597223853,-218.21062835427,-0.74003115264803,-950.20000000007,0.74693517882143,244.82606768199,450,834,0,0,1284,-0.13089233702834,0.12115629249956,-247.62300250139,1189.5057063863,1,1284,104,0.17406096864246,10,104,1,-0.34012283462523,0.36212056006982,-268.35549596415,True,False,False
LIGHTGBM,SCALE_FREE,900,50,FREQUENCY_300,1748,0.45080091533181,-0.17917005621331,-313.18925826087,-0.88872997711674,-1553.5000000001,0.73262394170571,318.24484080416,669,1079,0,0,1748,-0.14194953694173,0.12197464723391,-351.67593447769,1116.3569776888,1,1748,104,0.12105180630656,15,160,0,-0.3465097701567,0.42263770826249,-378.25072594759,True,False,False
LIGHTGBM,SCALE_FREE,900,50,FREQUENCY_500,2745,0.45610200364299,-0.15554824754654,-426.97993951525,-0.70102003642988,-1924.3,0.75623230225755,428.75539381302,1094,1651,0,0,2745,-0.11721697228609,0.077624715960266,-476.09077981363,1104.6516673953,1,2745,105,0.012432499612108,12,288,0,-0.24127645893434,0.44191199743647,-532.19929010517,True,False,False
LIGHTGBM,SCALE_FREE,900,50,PERCENTILE_100,498,0.45983935742972,-0.16959534450347,-84.458481562729,-0.46164658634546,-229.90000000004,0.76424498020657,92.53938975899,119,379,0,0,498,-0.12891293512476,0.13329934914763,-110.00082203997,1263.3859437751,1,498,96,0.31432361738826,10,41,2,-0.33304211043291,0.31996372557154,-104.71832143333,True,False,False
LIGHTGBM,SCALE_FREE,900,50,PERCENTILE_150,726,0.46969696969697,-0.13620276308444,-98.883205999305,-0.39063360881549,-283.60000000005,0.80245602702345,111.09802638691,200,526,0,0,726,-0.095842610718388,0.11156226630381,-127.45809413797,1157.3492630854,1,726,99,0.25655457073743,11,56,2,-0.25617108023044,0.31524051543827,-128.18467661706,True,False,False
LIGHTGBM,SCALE_FREE,900,50,PERCENTILE_200,970,0.45567010309278,-0.18312432447265,-177.63059473847,-0.89783505154647,-870.90000000007,0.74026499530443,193.80055424621,300,670,0,0,970,-0.14308627013131,0.11002688111621,-206.20548287713,1099.9188340206,1,970,102,0.21532718707942,9,78,1,-0.29957653405215,0.31833563979312,-216.46750744956,True,False,False
LIGHTGBM,SCALE_FREE,900,50,PERCENTILE_300,1368,0.46271929824561,-0.17016541061731,-232.78628172448,-0.7552631578948,-1033.2000000001,0.7478729501994,259.9770127312,486,882,0,0,1368,-0.13135793221289,0.11150225898221,-262.1986558716,1171.9833369883,1,1368,104,0.16408793037425,10,123,1,-0.34089901326969,0.37459494268429,-285.87491218173,True,False,False
LIGHTGBM,SCALE_FREE,900,50,PERCENTILE_500,1909,0.45154531168151,-0.17695884992081,-337.81444449882,-0.88789942378213,-1695.0000000001,0.73392153946809,342.60092979573,743,1166,0,0,1909,-0.13977415145407,0.13099978062736,-381.63185646567,1100.2161618649,1,1909,104,0.1032157863013,12,179,0,-0.32642008158582,0.42423573699764,-408.80003387181,True,False,False
LIGHTGBM,SCALE_FREE,900,50,ROLLING_100,789,0.46134347275032,-0.15648435738932,-123.46615798017,-0.56945500633719,-449.30000000004,0.77828736048454,131.61538077114,230,559,0,0,789,-0.11634423388655,0.10975386683991,-152.04104611884,1143.9786882129,1,789,102,0.24050836468295,11,72,1,-0.27111028980738,0.32869964527802,-155.13671542386,True,False,False
LIGHTGBM,SCALE_FREE,900,50,ROLLING_150,1072,0.46735074626866,-0.14603163905812,-156.54591707031,-0.55233208955231,-592.10000000007,0.78091446948639,175.67023316714,334,738,0,0,1072,-0.10631543310783,0.12094150530051,-185.12080520897,1083.927891791,1,1072,103,0.19782146289834,9,104,1,-0.23966585757947,0.33826821336245,-199.12168984902,True,False,False
LIGHTGBM,SCALE_FREE,900,50,ROLLING_200,1294,0.46058732612056,-0.17522119693995,-226.73622884029,-0.81128284389494,-1049.8000000001,0.74093977441358,261.41145028367,446,848,0,0,1294,-0.13636790175874,0.12196332386019,-256.14860298741,1188.8061352396,1,1294,104,0.17044563343851,9,127,1,-0.38444346678984,0.35435041270107,-277.01239280477,True,False,False
LIGHTGBM,SCALE_FREE,900,50,ROLLING_300,1604,0.45386533665835,-0.1974522238422,-316.71336704288,-1.0223192019951,-1639.8000000001,0.71065434085596,319.2083004386,590,1014,0,0,1604,-0.15971771767501,0.11542899448299,-350.4171221226,1134.7346851621,1,1604,104,0.13577003698285,11,161,0,-0.30976587600834,0.40079841113404,-377.23951493505,True,False,False
LIGHTGBM,SCALE_FREE,900,50,ROLLING_500,2079,0.45887445887446,-0.15052211129149,-312.93546937501,-0.71779701779705,-1492.3000000001,0.76632742627786,318.61593740227,826,1253,0,0,2079,-0.11376762823991,0.11721438098849,-358.25368288998,1084.3416440596,1,2079,104,0.08630842973504,12,209,0,-0.27258227868528,0.43721634738999,-389.34803963923,True,False,False
LIGHTGBM,SCALE_FREE,900,50,ZERO,1488,0.46102150537634,-0.17475045504168,-260.02867710202,-0.72157258064522,-1073.7000000001,0.73812734381064,265.8647127628,573,915,0,0,1488,-0.13616232845808,0.10917249475958,-298.51535331885,1148.5215866935,1,1488,100,0.15156248885538,17,49,1,-0.28322584223412,0.3979022416931,-317.44780945842,True,False,False
LOGISTIC,FULL486,300,0,FREQUENCY_100,691,0.41678726483357,-0.19709327124345,-136.19145042922,-1.3221418234443,-913.59999999998,0.56143816527108,143.85753521471,351,340,0,0,691,-0.16196596019985,0.11129519088577,-154.68645337039,307.90953690304,1,691,98,1.0359282676694,10,30,1,-0.2778608373985,0.37718858803084,-160.46442236035,True,False,False
LOGISTIC,FULL486,300,0,FREQUENCY_150,1181,0.42421676545301,-0.1718225358148,-202.92241479728,-1.0482641828958,-1238,0.5917545072562,212.71959700935,588,593,0,0,1181,-0.13713816414149,0.12643298466746,-221.78481115906,307.20319729043,1,1181,102,0.88248913638922,12,77,0,-0.227424580085,0.39311324383176,-243.88465774347,True,False,False
LOGISTIC,FULL486,300,0,FREQUENCY_200,1544,0.43199481865285,-0.14489777558687,-223.72216550612,-0.84915803108807,-1311.1,0.63580641459896,237.29713028508,783,761,0,0,1544,-0.11083008136588,0.08144090215577,-243.15541886432,306.89713536269,1,1544,104,0.7947210345816,12,117,0,-0.18205924041177,0.39775262501132,-276.32268538332,True,False,False
LOGISTIC,FULL486,300,0,FREQUENCY_300,2165,0.43325635103926,-0.13718426111995,-297.00392532468,-0.86951501154734,-1882.5,0.64150378262112,305.76310842494,1105,1060,0,0,2165,-0.10255155438901,0.11879975282339,-316.43717868288,306.75770438799,1,2165,105,0.70487366148276,12,166,0,-0.17989811416663,0.4049900134774,-371.98373539716,True,False,False
LOGISTIC,FULL486,300,0,FREQUENCY_500,3326,0.44137101623572,-0.11505226755678,-382.66384189384,-0.62080577269994,-2064.8,0.69146411279595,386.39733202987,1676,1650,0,0,3326,-0.080578466607291,0.19120017660486,-409.53897183125,309.09181028262,1,3326,106,0.55514381982538,13,270,0,-0.14023394280358,0.43203763289304,-497.32370385184,True,False,False
LOGISTIC,FULL486,300,0,PERCENTILE_100,747,0.4243641231593,-0.19172210213627,-143.21641029579,-1.2283801874163,-917.59999999998,0.57069928688579,152.71921957978,384,363,0,0,747,-0.15711099200152,0.10563031347478,-161.71141323695,307.61795180723,1,747,99,1.0024774361506,11,35,1,-0.269191956952,0.3778231324509,-169.07090956644,True,False,False
LOGISTIC,FULL486,300,0,PERCENTILE_150,1080,0.41759259259259,-0.18209838274535,-196.66625336497,-1.0971296296296,-1184.9,0.57283849823113,206.63498665339,545,535,0,0,1080,-0.14721912676292,0.12457943654209,-215.52864972675,308.23216759259,1,1080,102,0.90230303304377,12,67,0,-0.24519076466232,0.3819599913311,-234.33584982599,True,False,False
LOGISTIC,FULL486,300,0,PERCENTILE_200,1372,0.43002915451895,-0.15175373050509,-208.20611825298,-0.86741982507286,-1190.1,0.62710367928553,221.10815658282,693,679,0,0,1372,-0.11718426101096,0.08949046396657,-227.06851461476,306.37116836735,1,1372,102,0.83324275557761,12,90,0,-0.19426308399467,0.39641510364478,-255.63543039892,True,False,False
LOGISTIC,FULL486,300,0,PERCENTILE_300,1928,0.42997925311203,-0.14479848917679,-279.17148713285,-0.89476141078837,-1725.1,0.62909857959368,290.58505766917,993,935,0,0,1928,-0.11044820275245,0.1351138082213,-298.60474049104,306.49919087137,1,1928,105,0.73271860917833,11,142,0,-0.17649972016817,0.39535049336256,-345.39883935897,True,False,False
LOGISTIC,FULL486,300,0,PERCENTILE_500,2874,0.43562978427279,-0.12073224785762,-346.9844803428,-0.70567153792624,-2028.1,0.67529373593582,354.20662607752,1450,1424,0,0,2874,-0.086187127690285,0.24854946140108,-371.37029757107,306.38497529576,1,2874,105,0.60181194176017,12,235,0,-0.15482189007265,0.42711288517606,-446.26715570372,True,False,False
LOGISTIC,FULL486,300,0,ROLLING_100,682,0.4208211143695,-0.19347513860147,-131.9500445262,-1.2127565982405,-827.09999999999,0.57212919319261,139.51718395904,353,329,0,0,682,-0.15929177175772,0.10750837660158,-150.44504746736,308.07063049853,1,682,98,1.0075047098782,10,38,0,-0.25274347133101,0.39395036007522,-155.26310071363,True,False,False
LOGISTIC,FULL486,300,0,ROLLING_150,983,0.42624618514751,-0.16933211310936,-166.4534671865,-1.0490335707019,-1031.2,0.5986471941221,177.13339448942,496,487,0,0,983,-0.13495157940983,0.11526943222642,-185.31586354828,307.94160732452,1,983,102,0.90290383501368,12,66,0,-0.26092186608607,0.38257296990781,-200.24953181313,True,False,False
LOGISTIC,FULL486,300,0,ROLLING_200,1288,0.42857142857143,-0.15838092210651,-203.99462767319,-0.93493788819873,-1204.2,0.61178973157487,216.93271268342,648,640,0,0,1288,-0.12391670435238,0.1114520301033,-222.85702403496,306.71091381988,1,1288,102,0.83457479896733,12,90,0,-0.22400924025615,0.38247050391633,-248.38454014051,True,False,False
LOGISTIC,FULL486,300,0,ROLLING_300,1848,0.42857142857143,-0.144555521878,-267.13860443055,-0.89025974025972,-1645.2,0.63019029820697,279.26998569542,936,912,0,0,1848,-0.1102692796231,0.13143601247668,-286.57185778875,306.5539512987,1,1848,105,0.73448730143814,11,142,0,-0.188005511721,0.38687315057563,-330.4995801176,True,False,False
LOGISTIC,FULL486,300,0,ROLLING_500,2821,0.43601559730592,-0.11951626621462,-337.15538699144,-0.69358383551933,-1956.6,0.6781902877626,342.17553889287,1422,1399,0,0,2821,-0.084922492279626,0.2364266614155,-361.54120421971,309.27043566111,1,2821,106,0.60525076184373,12,242,0,-0.16281943663632,0.42679886435737,-434.74442326205,True,False,False
LOGISTIC,FULL486,300,0,ZERO,6176,0.44300518134715,-0.10692482827063,-660.36773939943,-0.54940090673575,-3393.1,0.70356346746431,660.53244020464,3079,3097,0,0,6176,-0.072333591794218,0.1581132200526,-693.35649268241,364.52667762306,1,6176,106,0.31956570622525,14,578,0,-0.13531526889777,0.45153762298992,-874.00321587778,True,False,False
LOGISTIC,FULL486,300,25,FREQUENCY_100,765,0.43529411764706,-0.14258577373118,-109.07811690435,-0.76196078431371,-582.89999999999,0.65200906452787,117.51293659466,318,447,0,0,765,-0.10579842684085,0.11995691817985,-127.94051326613,309.02498169935,1,765,102,0.9004641237059,12,60,0,-0.22471939306889,0.37771112611382,-137.22043727545,True,False,False
LOGISTIC,FULL486,300,25,FREQUENCY_150,1069,0.43405051449953,-0.13872278879154,-148.29466121816,-0.71515434985966,-764.49999999997,0.65610478399825,158.14118554474,454,615,0,0,1069,-0.10259325182064,0.12193193991553,-167.72791457636,307.29804115996,1,1069,103,0.81424762016829,11,96,0,-0.20066899918202,0.40065229898692,-186.91713624005,True,False,False
LOGISTIC,FULL486,300,25,FREQUENCY_200,1393,0.42785355348169,-0.1337588686832,-186.32610407569,-0.67157214644652,-935.50000000001,0.65859084793541,190.30743151091,612,781,0,0,1393,-0.097691625333454,0.10972925080987,-205.75935743389,306.8933603733,1,1393,104,0.74805998468651,11,131,0,-0.18098875788384,0.41086878807625,-236.56777406188,True,False,False
LOGISTIC,FULL486,300,25,FREQUENCY_300,1884,0.43046709129512,-0.13284645759513,-250.28272610922,-0.75631634819534,-1424.9,0.65240241472651,253.96677342129,826,1058,0,0,1884,-0.09671941315494,0.10579328886744,-269.7394573038,306.41918683652,1,1884,104,0.64794054911128,13,158,0,-0.16869002810736,0.40125756679041,-318.34607783454,True,False,False
LOGISTIC,FULL486,300,25,FREQUENCY_500,3034,0.44264996704021,-0.11180953633543,-339.23013324168,-0.5586684245221,-1695.0000000001,0.70532438567468,342.99315236023,1349,1685,0,0,3034,-0.076092710212928,0.11941466736967,-367.23072765999,308.0065784443,1,3034,105,0.49628359942008,13,291,0,-0.13430570422087,0.45142575403714,-447.59498369734,True,False,False
LOGISTIC,FULL486,300,25,PERCENTILE_100,656,0.42987804878049,-0.14708295731199,-96.486419996667,-0.72286585365853,-474.2,0.64783381862257,101.74950445633,273,383,0,0,656,-0.11018591913203,0.11109109113486,-114.16238659846,308.96721341463,1,656,98,0.95528672843425,11,45,1,-0.22738297557272,0.38180355729046,-120.69087704272,True,False,False
LOGISTIC,FULL486,300,25,PERCENTILE_150,945,0.44550264550265,-0.130358647242,-123.18892164369,-0.64539682539679,-609.89999999997,0.6733584894979,133.7681491957,393,552,0,0,945,-0.093702498142648,0.12663071506556,-142.05131800546,307.14235132275,1,945,102,0.85267570244521,10,72,0,-0.20074178179807,0.39679260486387,-157.82898254257,True,False,False
LOGISTIC,FULL486,300,25,PERCENTILE_200,1221,0.43079443079443,-0.13437827790403,-164.07587732082,-0.66240786240786,-808.79999999999,0.66272231411131,171.44581728439,535,686,0,0,1221,-0.098107125591142,0.12612508411295,-183.50913067902,306.77964537265,1,1221,104,0.78262095672299,10,101,0,-0.18341155568495,0.40065426988404,-208.36295429487,True,False,False
LOGISTIC,FULL486,300,25,PERCENTILE_300,1718,0.42433061699651,-0.14052678636139,-241.42501896887,-0.79580908032595,-1367.2,0.63931679971156,245.09395691934,752,966,0,0,1718,-0.10441269260981,0.11896369808198,-260.85827232707,306.79262281723,1,1718,104,0.67775194599982,13,147,0,-0.17693388798067,0.40604364471082,-303.46903203408,True,False,False
LOGISTIC,FULL486,300,25,PERCENTILE_500,2575,0.43805825242718,-0.12162712099457,-313.18983656103,-0.63794174757283,-1642.7,0.68203787342872,317.17518060311,1143,1432,0,0,2575,-0.085802000751431,0.12477060193783,-339.78781286579,307.2100361165,1,2575,105,0.54960728884075,13,236,0,-0.13644948269149,0.42561385245622,-405.43952118712,True,False,False
LOGISTIC,FULL486,300,25,ROLLING_100,637,0.44113029827316,-0.13873878232023,-88.376604337984,-0.66781789638932,-425.39999999999,0.66205575650505,91.599253604895,265,372,0,0,637,-0.10263278122263,0.11008357935483,-106.05257093977,309.52834850863,1,637,101,0.93740504256653,11,48,1,-0.18392172337048,0.39436801082936,-111.37612703715,True,False,False
LOGISTIC,FULL486,300,25,ROLLING_150,956,0.44037656903766,-0.13387323429857,-127.98281198943,-0.66516736401671,-635.89999999998,0.66351784314836,137.00398858701,403,553,0,0,956,-0.097582253585653,0.11900414418445,-146.84520835121,307.11895920502,1,956,102,0.83146438760827,10,78,0,-0.20488915784224,0.39635384479575,-162.67698955098,True,False,False
LOGISTIC,FULL486,300,25,ROLLING_200,1227,0.4278728606357,-0.13091991956094,-160.63874130128,-0.6682966585167,-819.99999999998,0.66650920013026,166.4269161441,532,695,0,0,1227,-0.094636904462691,0.11397772574243,-180.07199465948,306.8696992665,1,1227,104,0.75846223587139,10,106,0,-0.18621761541996,0.38326066529937,-205.15800082683,True,False,False
LOGISTIC,FULL486,300,25,ROLLING_300,1757,0.42458736482641,-0.13929125189837,-244.73472958544,-0.7636311895276,-1341.7,0.64131395984802,249.16873905349,764,993,0,0,1757,-0.10323289056067,0.11210955066305,-264.19146078001,306.72939499146,1,1757,104,0.65944601781923,13,161,0,-0.19565514740861,0.40996914111495,-308.08927045579,True,False,False
LOGISTIC,FULL486,300,25,ROLLING_500,2701,0.43983709737134,-0.11573968036485,-312.61287666546,-0.58963346908554,-1592.6000000001,0.69633824689077,316.26057611554,1200,1501,0,0,2701,-0.080117219627431,0.13370027561228,-340.61347108376,308.00382265827,1,2701,105,0.52971173237496,13,260,0,-0.1304027139864,0.43503673025124,-408.82914311722,True,False,False
LOGISTIC,FULL486,300,25,ZERO,4872,0.44191297208539,-0.10845153650817,-528.37588586779,-0.59031198686373,-2876.0000000001,0.70390060121199,532.02423561578,2233,2639,0,0,4872,-0.072898167803993,0.17514510519041,-561.36463915076,344.07935857964,1,4872,106,0.31437903006083,15,503,0,-0.1474608783059,0.43719204413233,-701.59189819453,True,False,False
LOGISTIC,FULL486,300,50,FREQUENCY_100,763,0.43250327653997,-0.1487119202703,-113.46719516624,-0.76880733944954,-586.6,0.65299708620973,120.95283958933,283,480,0,0,763,-0.11047227502857,0.13389093095059,-131.68493467352,307.71065268676,1,763,100,0.85641656325582,11,68,0,-0.28343434283035,0.37534927178332,-142.64404448568,True,False,False
LOGISTIC,FULL486,300,50,FREQUENCY_150,1022,0.42857142857143,-0.13851069185201,-141.55792707276,-0.72436399217222,-740.30000000001,0.66439977924305,145.57399424141,387,635,0,0,1022,-0.10077908411862,0.14927226970761,-160.80893865834,307.56952544031,1,1022,102,0.77349312474338,12,90,0,-0.24399925661474,0.40006596915755,-180.11963017628,True,False,False
LOGISTIC,FULL486,300,50,FREQUENCY_200,1292,0.4187306501548,-0.15043636433953,-194.36378272667,-0.89071207430341,-1150.8,0.6317169990087,197.67198716337,495,797,0,0,1292,-0.11277959775373,0.1461957841639,-213.61479431224,307.71430340557,1,1292,103,0.68750640327395,16,111,0,-0.23858441274452,0.39038279842434,-243.01632515552,True,False,False
LOGISTIC,FULL486,300,50,FREQUENCY_300,1896,0.42721518987342,-0.13567013939785,-257.23058429833,-0.75501054852325,-1431.5000000001,0.66416730799573,261.78667820528,761,1135,0,0,1896,-0.098466184364418,0.11453822234529,-283.82856060309,307.42759651899,1,1896,104,0.56250427517742,13,169,0,-0.17161995056073,0.41607798359307,-327.76928304173,True,False,False
LOGISTIC,FULL486,300,50,FREQUENCY_500,3055,0.43404255319149,-0.13532501392395,-413.41791753768,-0.77234042553193,-2359.5,0.66329102943948,419.10446335707,1260,1795,0,0,3055,-0.097975110719884,0.19292683294621,-444.41668178297,363.89112733224,1,3055,104,0.38045290041186,12,275,0,-0.19287830697006,0.43086176962253,-527.52187182611,True,False,False
LOGISTIC,FULL486,300,50,PERCENTILE_100,630,0.42698412698413,-0.17230814212798,-108.55412954063,-0.92793650793651,-584.6,0.60872351775841,116.74499570241,231,399,0,0,630,-0.13364541802454,0.11236965921883,-126.77186904791,308.05735238095,1,630,100,0.91763269957845,9,53,0,-0.31942636356669,0.37433874149226,-132.91164572579,True,False,False
LOGISTIC,FULL486,300,50,PERCENTILE_150,898,0.42538975501114,-0.14827484507904,-133.15081088098,-0.7825167037862,-702.70000000001,0.65064423259639,138.06102920353,339,559,0,0,898,-0.11019212880857,0.14995933828075,-152.40182246656,307.77378285078,1,898,102,0.80552461943802,11,83,0,-0.25707757931024,0.37358249906074,-167.34909009187,True,False,False
LOGISTIC,FULL486,300,50,PERCENTILE_200,1174,0.42078364565588,-0.15036322934352,-176.52643124929,-0.85587734241909,-1004.8,0.63773265083094,179.83463568599,453,721,0,0,1174,-0.11278822757657,0.17014045617199,-195.77744283487,308.37176320273,1,1174,103,0.71889650471583,15,109,0,-0.23874103924033,0.38707388193564,-220.63948332369,True,False,False
LOGISTIC,FULL486,300,50,PERCENTILE_300,1649,0.42935112189206,-0.14661289270437,-241.76466006951,-0.84408732565194,-1391.9,0.64249526274993,246.12245037866,655,994,0,0,1649,-0.10913234138698,0.13863413775241,-264.04620760651,307.24522073984,1,1649,103,0.60349487658487,11,158,0,-0.20627218958274,0.40783283875347,-303.57008919188,True,False,False
LOGISTIC,FULL486,300,50,PERCENTILE_500,2502,0.43165467625899,-0.12758120025085,-319.20816302763,-0.70611510791369,-1766.7000000001,0.68152253394342,321.12641460979,1007,1495,0,0,2502,-0.090346985516225,0.18796137350934,-347.45924616536,307.81245963229,1,2502,104,0.46144328818928,12,237,0,-0.17108346939257,0.43049063619285,-412.36816829366,True,False,False
LOGISTIC,FULL486,300,50,ROLLING_100,705,0.43971631205674,-0.14392995270182,-101.47061665478,-0.72297872340426,-509.7,0.65984067688906,109.01622344687,260,445,0,0,705,-0.10582289200495,0.12744557872032,-119.68835616206,308.0942,1,705,100,0.8667148302192,10,66,0,-0.28535959844264,0.37941309745952,-128.33609444608,True,False,False
LOGISTIC,FULL486,300,50,ROLLING_150,980,0.42448979591837,-0.14569351964658,-142.77964925365,-0.76908163265306,-753.7,0.65176718924217,147.68832943417,368,612,0,0,980,-0.10823457722939,0.15018961554229,-162.03066083923,308.31308061224,1,980,102,0.75756060099586,13,96,0,-0.22515312420193,0.36955526714557,-179.4894128225,True,False,False
LOGISTIC,FULL486,300,50,ROLLING_200,1271,0.42014162077105,-0.14272661594065,-181.40552886056,-0.80975609756098,-1029.2,0.64851154708089,184.75637222282,484,787,0,0,1271,-0.10522763488009,0.12675047126135,-200.86226005514,307.91600393391,1,1271,103,0.67728316784415,16,126,0,-0.23532834945499,0.38313019751411,-229.06673378854,True,False,False
LOGISTIC,FULL486,300,50,ROLLING_300,1787,0.42641298265249,-0.14413571420081,-257.57052127684,-0.81594851706775,-1458.1000000001,0.64827208994906,263.06391566496,715,1072,0,0,1787,-0.10696111504287,0.12786874869409,-280.15128742167,307.60044599888,1,1787,104,0.5747408777787,12,179,0,-0.2072927349366,0.41899250839735,-324.00152997207,True,False,False
LOGISTIC,FULL486,300,50,ROLLING_500,2689,0.43138713276311,-0.12818249911098,-344.68274010942,-0.7473782075121,-2009.7,0.67963221693605,346.77382533971,1085,1604,0,0,2689,-0.091050770320022,0.18630497336618,-375.6815043547,308.17066567497,1,2689,104,0.43308266064838,11,269,0,-0.17817156428016,0.43264402468966,-444.5299588283,True,False,False
LOGISTIC,FULL486,300,50,ZERO,3549,0.4429416737109,-0.1128603093439,-400.5412378615,-0.6381234150465,-2264.7,0.7060124277876,406.28931812255,1479,2070,0,0,3549,-0.075921173168005,0.16789100976042,-432.14752629113,357.14901606086,1,3549,104,0.32557042130857,14,377,0,-0.14068251846011,0.42630026606138,-531.63823214975,True,False,False
LOGISTIC,FULL486,600,0,FREQUENCY_100,879,0.46757679180887,-0.11253996129944,-98.922625982204,-0.7199089874858,-632.80000000002,0.77543564941677,114.16232615255,535,344,0,0,879,-0.080788232603411,0.093755154888039,-127.93251433858,803.49408987486,1,879,99,1.0247701000811,10,40,0,-0.20936731111405,0.33161682593294,-126.83239550601,True,False,False
LOGISTIC,FULL486,600,0,FREQUENCY_150,1380,0.47753623188406,-0.079889104924187,-110.24696479538,-0.47326086956521,-653.09999999999,0.8360994245204,120.718585314,782,598,0,0,1380,-0.046918037365027,0.093701115910562,-142.13658348097,860.8041057971,1,1380,103,0.86796449758707,10,93,0,-0.14854103386216,0.37183993887024,-155.74703802702,True,False,False
LOGISTIC,FULL486,600,0,FREQUENCY_200,1700,0.46941176470588,-0.10302350477624,-175.1399581196,-0.67347058823529,-1144.9,0.79060769189873,181.90245760647,978,722,0,0,1700,-0.070120725005562,0.089342645423272,-203.71433633883,814.28634294118,1,1700,104,0.79352125292223,14,125,0,-0.1685244182083,0.39756617051311,-231.07468372975,True,False,False
LOGISTIC,FULL486,600,0,FREQUENCY_300,2173,0.46479521398988,-0.11699505069586,-254.2302451621,-0.7310630464795,-1588.6,0.76732171858941,255.07954010454,1243,930,0,0,2173,-0.083627110324185,0.074033783784734,-285.68918950986,928.81294109526,1,2173,105,0.71498460786996,15,153,0,-0.19501532993335,0.39802592832709,-326.73877958974,True,False,False
LOGISTIC,FULL486,600,0,FREQUENCY_500,3218,0.4633312616532,-0.11750509755197,-378.13140392222,-0.66357986326912,-2135.4,0.76271209526097,382.40734556191,1751,1467,0,0,3218,-0.083383424567704,0.11253963757582,-408.94545335316,933.02781883157,1,3218,106,0.56203995006868,19,274,0,-0.19628709105313,0.42354550809975,-487.93494758558,True,False,False
LOGISTIC,FULL486,600,0,PERCENTILE_100,847,0.44510035419126,-0.1413530882357,-119.72606573564,-0.97957497048407,-829.7,0.72275495468183,126.09011952853,525,322,0,0,847,-0.11005418634179,0.10480493294652,-144.37416293293,812.47346989374,1,847,99,0.97729273563917,10,45,0,-0.22864876377006,0.32716052980316,-146.23623563977,True,False,False
LOGISTIC,FULL486,600,0,PERCENTILE_150,1178,0.47877758913413,-0.084413656372593,-99.439287206914,-0.45865874363328,-540.30000000001,0.82666343329355,107.10861475221,691,487,0,0,1178,-0.05217480553373,0.080568771033648,-129.3653916165,902.24543548387,1,1178,103,0.90127854308256,9,78,0,-0.21365845193455,0.35020693575375,-137.41665349509,True,False,False
LOGISTIC,FULL486,600,0,PERCENTILE_200,1459,0.47429746401645,-0.10061904082293,-146.80318056065,-0.70705962988348,-1031.6,0.80036865425678,159.36862368588,830,629,0,0,1459,-0.067922557661086,0.092536254313966,-175.37755877987,849.28923029472,1,1459,103,0.84400228247941,13,103,0,-0.14020613576598,0.38172387913971,-194.50734949377,True,False,False
LOGISTIC,FULL486,600,0,PERCENTILE_300,1947,0.46019517205958,-0.12338453631208,-240.22969219962,-0.74114021571646,-1443,0.75311942297572,244.71178142189,1115,832,0,0,1947,-0.090134641983716,0.065825584552787,-268.80407041885,876.23627324088,1,1947,105,0.75076758222818,13,143,0,-0.18330094900336,0.40243726185922,-304.96723645695,True,False,False
LOGISTIC,FULL486,600,0,PERCENTILE_500,2668,0.46326836581709,-0.10647467779487,-284.07444035671,-0.65963268365817,-1759.9,0.78354969196059,284.66109186438,1490,1178,0,0,2668,-0.072473654853379,0.10380517226914,-312.75230445655,869.3106667916,1,2668,106,0.63797321683262,12,210,0,-0.17706247831134,0.39536715077278,-374.78916956461,True,False,False
LOGISTIC,FULL486,600,0,ROLLING_100,693,0.44444444444444,-0.14089610255837,-97.640999072949,-0.65425685425686,-453.40000000001,0.72342791601618,104.68219911147,416,277,0,0,693,-0.10832749758663,0.1107794615775,-115.10561369557,853.64123665224,1,693,94,1.0631085196661,10,47,0,-0.23287449455484,0.36287744742958,-120.21104231837,True,False,False
LOGISTIC,FULL486,600,0,ROLLING_150,979,0.47803881511747,-0.099093677730203,-97.012710497869,-0.55076608784472,-539.19999999999,0.80192288483902,107.23636687641,554,425,0,0,979,-0.065841069351495,0.076314247605298,-121.82189468389,784.83634116445,1,979,98,0.96245951983709,7,72,0,-0.22956594974081,0.35631765735792,-129.56701410062,True,False,False
LOGISTIC,FULL486,600,0,ROLLING_200,1269,0.47438928289992,-0.09743524055096,-123.64532025917,-0.67848699763593,-861,0.8066260889591,136.41786525396,706,563,0,0,1269,-0.064268337526368,0.10211032603423,-155.53493894476,882.17266666667,1,1269,103,0.88544868160142,9,101,0,-0.14093198133008,0.38348063967293,-165.73412019738,True,False,False
LOGISTIC,FULL486,600,0,ROLLING_300,1726,0.46465816917729,-0.10759270309921,-185.70500554924,-0.61095017381229,-1054.5,0.78163158805856,190.45715190316,963,763,0,0,1726,-0.07419561475609,0.088630062397204,-217.59462423484,910.10648493627,1,1726,104,0.78850573122929,10,138,0,-0.15697917084572,0.40596395266841,-243.34838002947,True,False,False
LOGISTIC,FULL486,600,0,ROLLING_500,2533,0.45795499407817,-0.12216937304476,-309.45502192239,-0.77275957362811,-1957.4,0.75517673838416,311.24650175434,1389,1144,0,0,2533,-0.088068989294105,0.12376425984772,-334.81020001381,815.14097986577,1,2533,106,0.65610670820692,14,219,0,-0.17354058695964,0.40149784248727,-395.83129396281,True,False,False
LOGISTIC,FULL486,600,0,ZERO,5020,0.45916334661355,-0.10649368498684,-534.59829863395,-0.53458167330678,-2683.6000000001,0.7778081999976,538.35457110526,2596,2424,0,0,5020,-0.0716686506133,0.11104342293257,-577.11069493681,818.61605,1,5020,106,0.3465018981008,17,530,0,-0.17434120467655,0.45177495893425,-709.41997118913,True,False,False
LOGISTIC,FULL486,600,25,FREQUENCY_100,886,0.48306997742664,-0.08438360523628,-74.763874239344,-0.37483069977429,-332.10000000002,0.82919125660503,88.13749494112,462,424,0,0,886,-0.050194603455492,0.071810563461059,-100.34432770698,610.64401015801,1,886,103,0.90087085743827,11,71,0,-0.10596136432027,0.39278227763007,-105.05532981712,True,False,False
LOGISTIC,FULL486,600,25,FREQUENCY_150,1249,0.47317854283427,-0.10592258041835,-132.29730294252,-0.69495596477184,-868.00000000003,0.79297605596418,151.65349263257,658,591,0,0,1249,-0.071413874980817,0.08594480395817,-161.66838674479,611.41439071257,1,1249,103,0.79175693288282,12,103,0,-0.18287811273419,0.39083444285567,-175.398676034,True,False,False
LOGISTIC,FULL486,600,25,FREQUENCY_200,1504,0.46276595744681,-0.11321477435153,-170.27502062471,-0.67486702127659,-1015,0.7781330674977,186.92799262629,797,707,0,0,1504,-0.078588645124435,0.06145923525775,-199.64610442698,611.59078125,1,1504,104,0.73453663733901,13,128,0,-0.15281421857361,0.39507360805161,-222.35271898226,True,False,False
LOGISTIC,FULL486,600,25,FREQUENCY_300,2035,0.46093366093366,-0.10857225279838,-220.94453444471,-0.71857493857494,-1462.3,0.78423616376741,233.01968783769,1061,974,0,0,2035,-0.073411864072487,0.12243097017978,-249.86508588317,696.19633464373,1,2035,104,0.63871234609285,15,171,0,-0.17264510320874,0.38457563549437,-292.49592550191,True,False,False
LOGISTIC,FULL486,600,25,FREQUENCY_500,3053,0.45856534556174,-0.096757721291809,-295.40132310389,-0.56236488699641,-1716.9000000001,0.80221005948856,309.9294535665,1538,1515,0,0,3053,-0.061264684712982,0.092220406036497,-329.84319483754,781.00937274812,1,3053,104,0.48274030484845,15,281,0,-0.18378031014173,0.43325825526507,-403.76156377905,True,False,False
LOGISTIC,FULL486,600,25,PERCENTILE_100,715,0.46153846153846,-0.13501212698336,-96.533670793105,-0.65104895104896,-465.50000000001,0.74305271324195,107.17811032416,387,328,0,0,715,-0.10066210131445,0.087729016402992,-116.167475969,609.88801538462,1,715,100,0.9399886318432,11,56,0,-0.16763755251156,0.39472042131826,-121.09393914638,True,False,False
LOGISTIC,FULL486,600,25,PERCENTILE_150,1036,0.47200772200772,-0.11250974352391,-116.56009429077,-0.63194980694982,-654.70000000001,0.78617752557499,132.98480660523,534,502,0,0,1036,-0.077942359955553,0.081172807692639,-145.13447251,613.19731949807,1,1036,103,0.85197927809776,12,85,0,-0.15889476931099,0.39570866177119,-152.3719036676,True,False,False
LOGISTIC,FULL486,600,25,PERCENTILE_200,1310,0.47786259541985,-0.086395329358942,-113.17788146021,-0.53480916030535,-700.60000000001,0.82739677023249,133.00218105289,695,615,0,0,1310,-0.051954536612291,0.077360589410371,-142.54896526248,611.68840076336,1,1310,104,0.77951142055385,12,105,0,-0.18287811273419,0.39371305556916,-158.29531995833,True,False,False
LOGISTIC,FULL486,600,25,PERCENTILE_300,1735,0.4657060518732,-0.10143116206514,-175.98306618301,-0.65492795389049,-1136.3,0.79980109103945,188.23589113201,916,819,0,0,1735,-0.066558861616757,0.10441314188555,-208.12281774927,711.03033083573,1,1735,104,0.69163949126417,14,142,0,-0.15756288217689,0.38964952877423,-236.48650746095,True,False,False
LOGISTIC,FULL486,600,25,PERCENTILE_500,2441,0.4608766898812,-0.11666339845909,-284.77535563863,-0.67017615731259,-1635.9,0.76916141247866,297.83386308663,1249,1192,0,0,2441,-0.081180622898111,0.1644356209935,-314.86069186448,823.74006185989,1,2441,104,0.57238401482627,15,209,0,-0.19574181385801,0.39043422596663,-371.38881078297,True,False,False
LOGISTIC,FULL486,600,25,ROLLING_100,645,0.48372093023256,-0.091912029379893,-59.283258950031,-0.25503875968993,-164.50000000001,0.81947747522722,69.820092182378,326,319,0,0,645,-0.056206129207958,0.082333483141622,-78.917064125922,607.65665271318,1,645,93,0.98013584649407,8,57,0,-0.16044458593526,0.39669437908292,-82.313564560929,True,False,False
LOGISTIC,FULL486,600,25,ROLLING_150,950,0.48,-0.10015875518039,-95.150817421371,-0.576,-547.2,0.8075967806968,113.4313899634,475,475,0,0,950,-0.065068959461614,0.088816136236188,-123.7251956406,609.64953894737,1,950,102,0.87368023285247,10,86,0,-0.16564102875643,0.40587549569752,-128.48612335421,True,False,False
LOGISTIC,FULL486,600,25,ROLLING_200,1214,0.46952224052718,-0.10660871495624,-129.42297995687,-0.59975288303131,-728.10000000001,0.78988994832279,150.27481921315,615,599,0,0,1214,-0.07189476615148,0.064982244034364,-157.9973581761,610.01604942339,1,1214,102,0.8029045058417,11,110,0,-0.17126270482978,0.41060764455525,-171.56571380585,True,False,False
LOGISTIC,FULL486,600,25,ROLLING_300,1655,0.45921450151057,-0.11928193169019,-197.41159694727,-0.74930513595166,-1240.1,0.76735240454436,207.60372100974,846,809,0,0,1655,-0.084154746781372,0.13513295752853,-226.78268074954,610.302081571,1,1655,104,0.70387530503577,10,149,0,-0.16602709803999,0.39850601986841,-255.54708797137,True,False,False
LOGISTIC,FULL486,600,25,ROLLING_500,2420,0.46404958677686,-0.11528591499983,-278.9919142996,-0.6904958677686,-1671,0.77161464833966,289.50405675599,1230,1190,0,0,2420,-0.079788639612931,0.16351611939252,-310.47460454521,826.8358285124,1,2420,104,0.57320377299376,13,225,0,-0.19413250310618,0.39282168741131,-364.8953207359,True,False,False
LOGISTIC,FULL486,600,25,ZERO,4115,0.45905224787363,-0.103170374419,-424.5460907342,-0.56541919805591,-2326.7000000001,0.78778183531473,434.200767188,2019,2096,0,0,4115,-0.067601774016782,0.076293980240676,-461.39339143891,740.50979198056,1,4115,105,0.34160771295007,17,465,0,-0.16083018179768,0.44147561937175,-570.91088138934,True,False,False
LOGISTIC,FULL486,600,50,FREQUENCY_100,805,0.47080745341615,-0.10088526946565,-81.212641919845,-0.58919254658387,-474.30000000001,0.81203392283291,98.591065404389,383,422,0,0,805,-0.064530778055212,0.073512964970668,-109.78702013907,613.7160931677,1,805,103,0.83784678872643,9,80,0,-0.17328096660382,0.37556545270042,-110.47800750524,True,False,False
LOGISTIC,FULL486,600,50,FREQUENCY_150,1082,0.44731977818854,-0.14867542713192,-160.86681215674,-0.82421441774492,-891.8,0.72640508558889,180.16955605271,522,560,0,0,1082,-0.11191750892725,0.075508889320739,-190.23789595901,612.82949630314,1,1082,104,0.7535085981966,12,102,0,-0.19937620424783,0.37227722627027,-200.6388796542,True,False,False
LOGISTIC,FULL486,600,50,FREQUENCY_200,1365,0.45421245421245,-0.13275240417377,-181.20703169719,-0.7258608058608,-990.79999999999,0.75122707668066,197.91897894152,647,718,0,0,1365,-0.095885282150898,0.1129412570441,-207.35891537166,612.51769084249,1,1365,104,0.67720764662949,13,113,0,-0.19931051569432,0.37061389442492,-231.53065325841,True,False,False
LOGISTIC,FULL486,600,50,FREQUENCY_300,1889,0.45579671784013,-0.13080388247749,-247.08853399998,-0.64235044997354,-1213.4,0.75395170208363,260.66016948358,895,994,0,0,1889,-0.093845775976783,0.18021896502955,-274.48878822738,703.63004870302,1,1889,104,0.55622865893224,13,175,0,-0.2215924717573,0.38432277332607,-316.90239717982,True,False,False
LOGISTIC,FULL486,600,50,FREQUENCY_500,2996,0.44125500667557,-0.15359566609762,-460.17261562846,-0.80774365821097,-2420.0000000001,0.71303131165319,467.75119605962,1378,1618,0,0,2996,-0.11570915741089,0.11048383013966,-493.63773912361,730.02479873164,1,2996,104,0.34609631286154,18,316,0,-0.20689067495119,0.42654878692034,-573.68059565389,True,False,False
LOGISTIC,FULL486,600,50,PERCENTILE_100,671,0.47242921013413,-0.10783376316558,-72.356455084101,-0.60074515648288,-403.10000000001,0.80287867469699,87.00984984857,313,358,0,0,671,-0.071369248402158,0.073631971630079,-99.083217391859,612.34915201192,1,671,103,0.89751396921567,9,65,0,-0.18963268282364,0.36365366247113,-96.824144490354,True,False,False
LOGISTIC,FULL486,600,50,PERCENTILE_150,953,0.45645330535152,-0.11444520146051,-109.06627699187,-0.60619097586569,-577.7,0.78445542618848,131.13309339326,461,492,0,0,953,-0.078133096932422,0.074629600068676,-138.43736079414,613.36914165792,1,953,104,0.78466574509547,11,89,0,-0.21157461350251,0.3701870581747,-143.67171260714,True,False,False
LOGISTIC,FULL486,600,50,PERCENTILE_200,1192,0.45302013422819,-0.1395727140523,-166.37067515035,-0.79689597315435,-949.89999999999,0.74219846249044,184.82437826919,573,619,0,0,1192,-0.10299028742069,0.10341333919521,-195.74175895261,613.06528020134,1,1192,104,0.72028781092807,12,109,0,-0.21754424552447,0.37918641653984,-209.97692769523,True,False,False
LOGISTIC,FULL486,600,50,PERCENTILE_300,1586,0.45081967213115,-0.12668986521274,-200.9301262274,-0.65939470365702,-1045.8,0.76088555472221,214.17996392506,753,833,0,0,1586,-0.089936989100945,0.13657372924386,-228.3303804548,613.09884678436,1,1586,104,0.61980959036667,13,144,0,-0.19328580925604,0.37753790938258,-259.2201877407,True,False,False
LOGISTIC,FULL486,600,50,PERCENTILE_500,2289,0.44692005242464,-0.1317726354997,-301.62756265881,-0.72398427260815,-1657.2000000001,0.75093401849342,312.03100840753,1056,1233,0,0,2289,-0.094674564442917,0.13883965841019,-332.68725718291,688.34870030581,1,2289,104,0.47383935739728,16,223,0,-0.20724790476394,0.40795843817693,-386.54504730779,True,False,False
LOGISTIC,FULL486,600,50,ROLLING_100,679,0.47569955817378,-0.099014262056191,-67.230683936154,-0.52076583210606,-353.60000000001,0.81892110758306,82.831168916819,311,368,0,0,679,-0.062076843271965,0.076514948975847,-95.805062155381,609.43898821797,1,679,101,0.88533565331925,10,74,0,-0.17752102267669,0.39090405667942,-92.311191290644,True,False,False
LOGISTIC,FULL486,600,50,ROLLING_150,952,0.45483193277311,-0.13857419948473,-131.92263790946,-0.74243697478992,-706.8,0.74471305929918,150.86048645956,443,509,0,0,952,-0.10213688228074,0.069139536566655,-160.49701612869,611.13622163866,1,952,103,0.7820657853484,11,101,0,-0.19116608684204,0.39680195641375,-166.61096388766,True,False,False
LOGISTIC,FULL486,600,50,ROLLING_200,1188,0.4469696969697,-0.14526634941894,-172.57642310971,-0.80774410774411,-959.6,0.73390333705608,185.52763169268,554,634,0,0,1188,-0.10852182373945,0.1321315846782,-201.94750691197,611.26521969697,1,1188,104,0.71690404229313,10,120,0,-0.18593412684923,0.37648790992961,-216.22891961694,True,False,False
LOGISTIC,FULL486,600,50,ROLLING_300,1606,0.44645080946451,-0.15514311573166,-249.15984386504,-0.81002490660025,-1300.9,0.71700252229299,262.16357169651,756,850,0,0,1606,-0.1183596068727,0.14766585361833,-278.23413193702,613.38161643836,1,1606,104,0.61187246784312,11,161,0,-0.248319610818,0.37600398947831,-308.23415909252,True,False,False
LOGISTIC,FULL486,600,50,ROLLING_500,2359,0.44595167443832,-0.13765823250692,-324.73577048381,-0.72954641797373,-1721,0.74145805280167,335.85520158086,1084,1275,0,0,2359,-0.10043527483494,0.11255507458479,-358.20089397897,759.6639847393,1,2359,104,0.45856460860534,14,257,0,-0.22567372358812,0.41503471862725,-412.544727632,True,False,False
LOGISTIC,FULL486,600,50,ZERO,3083,0.44858903665261,-0.13324205543702,-410.78525691234,-0.72546221213106,-2236.6000000001,0.74351875038074,419.43287200628,1426,1657,0,0,3083,-0.095963663491803,0.08105711349763,-444.2503804075,728.21384463185,1,3083,104,0.34286417016956,19,367,0,-0.19400856332082,0.4161649600884,-525.71453927946,True,False,False
LOGISTIC,FULL486,900,0,FREQUENCY_100,862,0.45939675174014,-0.21273774923265,-183.37993983854,-1.442807424594,-1243.7,0.67475675245356,193.16031865619,504,358,0,0,862,-0.18061501185414,0.090209546223907,-211.07328638962,1109.9053190255,1,862,98,1.1652680658192,8,59,0,-0.35432428820046,0.34520548204469,-211.06973945882,True,False,False
LOGISTIC,FULL486,900,0,FREQUENCY_150,1323,0.46031746031746,-0.15096944294667,-199.73257301844,-0.89410430839003,-1182.9,0.75110515292977,214.82540666848,758,565,0,0,1323,-0.11773754118926,0.11712903824304,-230.00871704253,1173.0987195767,1,1323,102,0.99169072938193,11,100,0,-0.31730146625594,0.3423190451924,-243.69837904348,True,False,False
LOGISTIC,FULL486,900,0,FREQUENCY_200,1619,0.45830759728227,-0.14830184516473,-240.1006873217,-0.86281655342805,-1396.9,0.75278527219342,251.51227565821,912,707,0,0,1619,-0.11490203437612,0.094107421613162,-273.48977872451,1233.2825713403,1,1619,105,0.90634551508823,11,139,0,-0.34268731838523,0.36505012638201,-294.17498098846,True,False,False
LOGISTIC,FULL486,900,0,FREQUENCY_300,2131,0.4622243078367,-0.12938508667218,-275.71961969842,-0.73214453308309,-1560.2000000001,0.77657373807868,275.71961969842,1177,954,0,0,2131,-0.095252971037114,0.093295362843964,-313.97703725596,1232.5346931018,1,2131,105,0.80316140929414,13,195,0,-0.27542247148556,0.39377133272956,-348.45515811675,True,False,False
LOGISTIC,FULL486,900,0,FREQUENCY_500,3194,0.46149029430182,-0.12826067665184,-409.66460122598,-0.74386349405136,-2375.9,0.77450176411988,410.54986805398,1660,1534,0,0,3194,-0.09419868538158,0.086828197769392,-447.92201878352,1288.5124627426,1,3194,106,0.60905405502459,13,299,0,-0.17772667262498,0.46928984985558,-518.4586013432,True,False,False
LOGISTIC,FULL486,900,0,PERCENTILE_100,872,0.47247706422018,-0.16065513809514,-140.09128041896,-1.097133027523,-956.70000000002,0.74207553854732,149.87165923661,518,354,0,0,872,-0.1289877247816,0.086514424078065,-168.19898098391,1110.6446548165,1,872,99,1.1070963255295,9,69,0,-0.26649750168111,0.31906485411989,-167.70526482836,True,False,False
LOGISTIC,FULL486,900,0,PERCENTILE_150,1152,0.46701388888889,-0.14484700878484,-166.86375412013,-0.82777777777779,-953.60000000001,0.76479750534492,180.87815515362,671,481,0,0,1152,-0.1121920121305,0.11736082293654,-197.13989814422,1063.1032074653,1,1152,102,1.0297696239406,10,94,0,-0.26227736452272,0.33544553732668,-204.48231026594,True,False,False
LOGISTIC,FULL486,900,0,PERCENTILE_200,1401,0.46395431834404,-0.13822103793947,-193.64767415319,-0.79286224125625,-1110.8,0.76984531644218,208.6780696922,796,605,0,0,1401,-0.10526617467054,0.10514449534327,-223.92381817728,1158.4442269807,1,1401,105,0.96160847058429,10,116,0,-0.39316766746519,0.35526278821833,-239.81743759296,True,False,False
LOGISTIC,FULL486,900,0,PERCENTILE_300,1795,0.46072423398329,-0.1411207679473,-253.31177846541,-0.76412256267412,-1371.6,0.76159154337408,258.7819435436,1021,774,0,0,1795,-0.10747602038971,0.10192385405098,-289.22681834405,1297.3151966574,1,1795,105,0.86746155696007,13,151,0,-0.29014133868918,0.37335140250411,-313.70410033129,True,False,False
LOGISTIC,FULL486,900,0,PERCENTILE_500,2463,0.46244417377182,-0.1165621190563,-287.09249923566,-0.66755988631752,-1644.2000000001,0.79126849765211,288.20102319881,1331,1132,0,0,2463,-0.082371482094147,0.13722271824883,-325.34991679319,1189.7803219651,1,2463,105,0.73552929730886,15,218,0,-0.21274657878566,0.41818704121229,-371.30403807343,True,False,False
LOGISTIC,FULL486,900,0,ROLLING_100,684,0.4780701754386,-0.2017376011358,-137.98851917689,-1.2421052631579,-849.60000000002,0.69353919699569,147.76889799453,395,289,0,0,684,-0.16977766108267,0.090623091638784,-160.65347295198,1163.5449707602,1,684,94,1.2117935011863,6,51,0,-0.274681026921,0.38579359177067,-159.84911817322,True,False,False
LOGISTIC,FULL486,900,0,ROLLING_150,964,0.46784232365145,-0.18926414683932,-182.4506375531,-1.0825726141079,-1043.6,0.7053961661729,192.71009699782,529,435,0,0,964,-0.15628828173639,0.097744177196256,-210.64626179228,1088.2233724066,1,964,99,1.1070737899756,8,83,0,-0.33186096113115,0.36586744946362,-214.23937151232,True,False,False
LOGISTIC,FULL486,900,0,ROLLING_200,1204,0.45681063122924,-0.16776229710229,-201.98580571116,-0.98455149501664,-1185.4,0.73001729409437,217.12377354607,675,529,0,0,1204,-0.13458859786354,0.10740189542099,-232.26194973525,1197.7724310631,1,1204,102,1.022104604844,10,104,0,-0.33401193271285,0.3645139995006,-241.92693959462,True,False,False
LOGISTIC,FULL486,900,0,ROLLING_300,1640,0.45609756097561,-0.16715210977267,-274.12946002717,-0.91750000000003,-1504.7,0.72412857397153,278.53678276699,906,734,0,0,1640,-0.1332401844835,0.10835246349681,-304.40560405126,1122.9277152439,1,1640,105,0.90350250277046,13,146,0,-0.28525748084001,0.38749008284288,-329.74501750142,True,False,False
LOGISTIC,FULL486,900,0,ROLLING_500,2332,0.45969125214408,-0.12830461168333,-299.20635444552,-0.70870497427104,-1652.7000000001,0.77592271469449,299.20635444552,1247,1085,0,0,2332,-0.093854947925725,0.14305217744642,-337.46377200305,1206.9538919383,1,2332,105,0.75953288760097,15,217,0,-0.23187542954034,0.41601551320571,-379.54297032824,True,False,False
LOGISTIC,FULL486,900,0,ZERO,4571,0.45832421789543,-0.10582348451379,-483.71914771252,-0.49474950776635,-2261.5,0.80736980683868,490.50460238192,2305,2266,0,0,4571,-0.072034891819981,0.10918858604042,-534.1229427523,1211.5142710567,1,4571,106,0.3951824840334,14,522,0,-0.18572952490617,0.54018291452878,-638.16680491591,True,False,False
LOGISTIC,FULL486,900,25,FREQUENCY_100,828,0.45531400966184,-0.15820030585807,-130.98985325048,-0.88743961352662,-734.80000000004,0.74889864670396,144.30744516031,409,419,0,0,828,-0.12238081234877,0.077818175615237,-154.62418104148,917.54093599034,1,828,102,1.0099713197366,9,81,0,-0.32700462424651,0.36099866627034,-160.64839387618,True,False,False
LOGISTIC,FULL486,900,25,FREQUENCY_150,1152,0.44791666666667,-0.15116016140685,-174.1365059407,-0.79861111111113,-920.00000000002,0.75623917217448,185.62942065413,570,582,0,0,1152,-0.11532908622498,0.083614269355428,-203.36246142159,1064.5229262153,1,1152,103,0.89553188000218,10,108,1,-0.28069125551828,0.36777757713825,-215.41390455021,True,False,False
LOGISTIC,FULL486,900,25,FREQUENCY_200,1372,0.45481049562682,-0.1270515718892,-174.31475663198,-0.71384839650151,-979.40000000007,0.78588188009892,186.24758934361,677,695,0,0,1372,-0.091097441444926,0.077145338461313,-203.54071211287,1042.1067886297,1,1372,103,0.83373216294416,13,128,0,-0.25337368034909,0.37417088713377,-223.64382360153,True,False,False
LOGISTIC,FULL486,900,25,FREQUENCY_300,1901,0.45870594423987,-0.10830072155875,-205.87967168319,-0.63413992635459,-1205.5000000001,0.80673201250101,221.61844669927,930,971,0,0,1901,-0.07232107060809,0.117619425025,-238.80635349069,1001.5251399264,1,1901,104,0.71108848924681,11,180,0,-0.21767366260266,0.41123373013691,-274.2769881404,True,False,False
LOGISTIC,FULL486,900,25,FREQUENCY_500,2965,0.46779089376054,-0.091569474029942,-271.50349049878,-0.49473861720067,-1466.9,0.83510457289375,298.19880145035,1406,1559,0,0,2965,-0.055792744867785,0.059751461451842,-310.63129917485,1144.5835676223,1,2965,104,0.50691702425448,11,309,0,-0.16714331324677,0.46481760255913,-377.58149246457,True,False,False
LOGISTIC,FULL486,900,25,PERCENTILE_100,693,0.44877344877345,-0.20186185851731,-139.89026795249,-1.0896103896104,-755.10000000004,0.69351208532283,149.19870969738,349,344,0,0,693,-0.16664545374459,0.071917774565777,-162.9488881159,916.23377489177,1,693,102,1.0467326004815,7,68,0,-0.26697972992742,0.36908250981707,-164.29523645998,True,False,False
LOGISTIC,FULL486,900,25,PERCENTILE_150,955,0.45549738219895,-0.14960458175828,-142.87237557916,-0.79507853403145,-759.30000000004,0.75975780832292,156.74934488309,478,477,0,0,955,-0.11411035093889,0.086776755120949,-168.97262992962,916.70496963351,1,955,103,0.95923697570617,9,88,0,-0.32315355311409,0.3789532788923,-176.76936601168,True,False,False
LOGISTIC,FULL486,900,25,PERCENTILE_200,1195,0.44518828451883,-0.15410314845501,-184.15326240373,-0.86284518828454,-1031.1,0.75080799821585,195.64617711717,595,600,0,0,1195,-0.11827181986038,0.077962150196159,-213.37921788463,1059.2047414226,1,1195,103,0.88351373121203,10,112,0,-0.29311992644028,0.37165243145637,-226.97170007431,True,False,False
LOGISTIC,FULL486,900,25,PERCENTILE_300,1531,0.45591116917048,-0.11833774502376,-181.17508763138,-0.67067276290012,-1026.8000000001,0.79642619614672,190.46272560255,743,788,0,0,1531,-0.082376162234677,0.086790436033667,-214.10176943888,1023.610467015,1,1531,104,0.79603313981439,15,147,0,-0.23212129138377,0.37743403201277,-236.23227088146,True,False,False
LOGISTIC,FULL486,900,25,PERCENTILE_500,2243,0.45519393669193,-0.11751272215659,-263.58103579723,-0.65613018279093,-1471.7000000001,0.79437693416538,277.46502260121,1070,1173,0,0,2243,-0.08181247963393,0.10369050829377,-296.5726906686,1063.8138109675,1,2243,104,0.64194083057827,11,224,0,-0.21977289108621,0.43817609422122,-343.65667977556,True,False,False
LOGISTIC,FULL486,900,25,ROLLING_100,586,0.44709897610922,-0.22930602589103,-134.37333117214,-1.2296928327646,-720.60000000005,0.66534072896527,143.20269228997,275,311,0,0,586,-0.19322952207833,0.080244715962273,-156.19362880126,913.27383788396,1,586,98,1.1028687821151,8,60,0,-0.26466731403455,0.40745267175191,-155.51416240638,True,False,False
LOGISTIC,FULL486,900,25,ROLLING_150,854,0.4519906323185,-0.16462304050054,-140.58807658746,-0.87423887587825,-746.60000000003,0.74255888447474,154.40472184226,412,442,0,0,854,-0.1285499033258,0.091489452926671,-166.19880700152,914.43644847775,1,854,100,0.99258354975702,8,87,0,-0.28562960850705,0.38051853556929,-171.39453573469,True,False,False
LOGISTIC,FULL486,900,25,ROLLING_200,1109,0.44995491433724,-0.15281770547455,-169.47483537128,-0.85202885482418,-944.90000000002,0.74849909363778,180.96775008471,527,582,0,0,1109,-0.1168171983896,0.08088954890986,-195.08556578534,912.24442110009,1,1109,102,0.90909365251911,10,110,0,-0.2534332056225,0.39977834960313,-209.39939772849,True,False,False
LOGISTIC,FULL486,900,25,ROLLING_300,1489,0.45869711215581,-0.120766347205,-179.82109098824,-0.64781732706519,-964.60000000006,0.79234480103461,188.27096869334,710,779,0,0,1489,-0.084601005956815,0.086654961541594,-207.70070739141,912.26933512424,1,1489,104,0.80330831912269,9,151,0,-0.20396336043641,0.39023401705192,-233.67128410678,True,False,False
LOGISTIC,FULL486,900,25,ROLLING_500,2190,0.45479452054795,-0.12566031218076,-275.19608367588,-0.71680365296807,-1569.8000000001,0.78310684606786,288.55742731168,1030,1160,0,0,2190,-0.089900890975575,0.10827516255627,-308.18773854724,1068.049330137,1,2190,104,0.64655097797941,13,227,0,-0.22402383761179,0.43584420890368,-353.50921611524,True,False,False
LOGISTIC,FULL486,900,25,ZERO,3751,0.45641162356705,-0.10326990241471,-387.36540395757,-0.53503065849105,-2006.8999999999,0.81374974428099,422.23729542102,1777,1974,0,0,3751,-0.06771387024416,0.099935563157749,-436.84093659305,1095.5396256998,1,3751,105,0.37751400910334,14,454,0,-0.22927432467407,0.49458097964953,-520.73608062929,True,False,False
LOGISTIC,FULL486,900,50,FREQUENCY_100,748,0.44117647058824,-0.19317608410575,-144.4957109111,-1.1893048128343,-889.60000000003,0.70568511495229,157.11711059949,340,408,0,0,748,-0.15602717645465,0.07950639430482,-170.59596526156,917.21401737968,1,748,101,0.94436257552455,9,79,0,-0.27680542517659,0.37676908392875,-172.28309383412,True,False,False
LOGISTIC,FULL486,900,50,FREQUENCY_150,1019,0.44357212953876,-0.16373218361855,-166.8430951073,-1.0426889106968,-1062.5000000001,0.74247004911353,181.00306367578,450,569,0,0,1019,-0.12619900927095,0.13888231188379,-197.8356588892,1083.212407262,1,1019,102,0.83705536689433,9,98,0,-0.26668606959285,0.36538503598608,-205.0893997675,True,False,False
LOGISTIC,FULL486,900,50,FREQUENCY_200,1265,0.45296442687747,-0.15192581383873,-192.18615450599,-0.99296442687751,-1256.1,0.75209847080707,203.83093651165,569,696,0,0,1265,-0.11456465747301,0.12697977788404,-225.1128363135,1048.0962411067,1,1265,104,0.75430268967456,8,133,0,-0.21160517501871,0.38461423584815,-239.44801730863,True,False,False
LOGISTIC,FULL486,900,50,FREQUENCY_300,1840,0.44891304347826,-0.14634347237984,-269.27198917891,-0.99711956521741,-1834.7,0.76034337787445,283.5834225278,810,1030,0,0,1840,-0.10879134549449,0.092010516303709,-302.26364405028,1194.5318657609,1,1840,104,0.59966677964713,11,195,0,-0.21556563766027,0.40611245427171,-338.36790264797,True,False,False
LOGISTIC,FULL486,900,50,FREQUENCY_500,2788,0.45695839311334,-0.11325608474397,-315.75796426618,-0.67474892395982,-1881.2,0.80802285843355,326.89219461088,1252,1536,0,0,2788,-0.075545888279897,0.080672657057868,-362.20159279927,1159.7991015065,1,2788,104,0.36940315087589,12,334,0,-0.20840362632324,0.46136838827522,-420.89399200802,True,False,False
LOGISTIC,FULL486,900,50,PERCENTILE_100,620,0.44677419354839,-0.20203221249416,-125.25997174638,-1.3104838709678,-812.50000000001,0.70055495170095,136.03285598141,279,341,0,0,620,-0.16456587003079,0.078581304692465,-151.28505617432,919.39266129032,1,620,100,1.0057064616452,8,68,0,-0.23785351249084,0.38599679952862,-148.48910407367,True,False,False
LOGISTIC,FULL486,900,50,PERCENTILE_150,870,0.43448275862069,-0.18967659977004,-165.01864179994,-1.1696551724138,-1017.6,0.70890540867327,174.4296666011,390,480,0,0,870,-0.15270287985784,0.081085194090278,-194.24459728083,1114.1354011494,1,870,102,0.88997640823675,10,91,0,-0.27095783221499,0.38256755274998,-197.18577812355,True,False,False
LOGISTIC,FULL486,900,50,PERCENTILE_200,1068,0.44288389513109,-0.16170780840394,-172.70393937541,-1.0634831460675,-1135.8000000001,0.74446026403721,184.19841680907,464,604,0,0,1068,-0.12433964383085,0.13537935367551,-205.63062118292,1073.0307481273,1,1068,103,0.81631944003922,9,112,0,-0.28028411053406,0.36514372382665,-212.61313913947,True,False,False
LOGISTIC,FULL486,900,50,PERCENTILE_300,1430,0.45244755244755,-0.13864870392765,-198.26764661655,-0.89601398601401,-1281.3,0.76735159000706,208.498829951,639,791,0,0,1430,-0.10104278658818,0.12745701203822,-231.19432842405,1031.9557034965,1,1430,104,0.70128271731214,9,151,0,-0.21005577777843,0.39092963827978,-252.044108412,True,False,False
LOGISTIC,FULL486,900,50,PERCENTILE_500,2096,0.46230916030534,-0.11527670568354,-241.6199751127,-0.76202290076336,-1597.2,0.80704628770407,257.76067820463,931,1165,0,0,2096,-0.077666478169115,0.061846682490377,-279.14310012557,1159.7458435115,1,2096,104,0.53375883585403,10,241,0,-0.18774335196436,0.41972528365105,-320.45101198292,True,False,False
LOGISTIC,FULL486,900,50,ROLLING_100,618,0.44174757281553,-0.21713152440213,-134.18728208052,-1.3676375404531,-845.20000000001,0.68311050034983,146.91345864907,270,348,0,0,618,-0.17938126689851,0.081802818822589,-159.79801249458,915.90839320388,1,618,97,1.0135264368008,8,68,0,-0.36901132568548,0.39681336839238,-157.51694121775,True,False,False
LOGISTIC,FULL486,900,50,ROLLING_150,877,0.44013683010262,-0.18788227884598,-164.77275854793,-1.1000000000001,-964.70000000004,0.71189154488761,176.64830488884,378,499,0,0,877,-0.15044505145157,0.10725923871229,-190.87301289838,914.91317445838,1,877,100,0.88799754971641,9,96,0,-0.26092049696945,0.38295668510879,-197.60520697282,True,False,False
LOGISTIC,FULL486,900,50,ROLLING_200,1076,0.44516728624535,-0.16132046365615,-173.58081889402,-1.0408921933086,-1120.0000000001,0.74143041083397,182.97892840999,467,609,0,0,1076,-0.12376100361566,0.13519082097841,-201.46043529719,911.85367193309,1,1076,104,0.81197015900877,10,117,0,-0.26628308008605,0.37257067481587,-213.99479789759,True,False,False
LOGISTIC,FULL486,900,50,ROLLING_300,1472,0.4476902173913,-0.14054276216213,-206.87894590266,-0.85971467391307,-1265.5,0.76624360610347,218.71197046037,650,822,0,0,1472,-0.10292837485023,0.14445696025747,-239.80562771017,1145.9747805707,1,1472,104,0.68675276183392,10,161,0,-0.22031385287595,0.41781253742763,-262.24732402579,True,False,False
LOGISTIC,FULL486,900,50,ROLLING_500,2122,0.46512723845429,-0.095116613599753,-201.83745405868,-0.66159283694628,-1403.9,0.83846344568098,227.30648700012,940,1182,0,0,2122,-0.057495034536106,0.061326373756581,-239.64314308035,1157.7810292177,1,2122,104,0.52611003862469,11,249,0,-0.14337801835107,0.42445933102968,-281.67044483173,True,False,False
LOGISTIC,FULL486,900,50,ZERO,2809,0.4624421502314,-0.093536915062222,-262.74519440978,-0.51883232467069,-1457.4,0.83916605787374,282.65932844972,1237,1572,0,0,2809,-0.056633719952037,0.1308755976907,-311.96238245979,1160.442260591,1,2809,104,0.38224027659133,11,361,0,-0.23501111900797,0.45283789711178,-366.40626947429,True,False,False
LOGISTIC,SCALE_FREE,300,0,FREQUENCY_100,785,0.42420382165605,-0.17481228660579,-137.22764498555,-0.97171974522292,-762.79999999999,0.59601300757392,146.1819357068,380,405,0,0,785,-0.13925554699018,0.13308980849542,-155.72264792671,307.84994394904,1,785,96,1.0419962290029,10,31,1,-0.23524654987654,0.34324786030318,-165.1396855838,True,False,False
LOGISTIC,SCALE_FREE,300,0,FREQUENCY_150,1208,0.43791390728477,-0.14904427252626,-180.04548121172,-0.87491721854303,-1056.9,0.63338058494242,192.74947376417,559,649,0,0,1208,-0.11412976639765,0.092202350481597,-198.9078775735,306.36120778146,1,1208,101,0.86690373982135,10,73,0,-0.20037561648812,0.35668234260795,-222.22220461508,True,False,False
LOGISTIC,SCALE_FREE,300,0,FREQUENCY_200,1715,0.43206997084548,-0.14306350591245,-245.35391263986,-0.93084548104955,-1596.4,0.63658683912589,257.81963742935,823,892,0,0,1715,-0.10844108690688,0.098223006075252,-264.21630900164,306.74968046647,1,1715,104,0.75935396854772,9,115,0,-0.17519651831244,0.34625164740213,-304.73136123441,True,False,False
LOGISTIC,SCALE_FREE,300,0,FREQUENCY_300,2202,0.43051771117166,-0.13716123480819,-302.02903904764,-0.83405994550408,-1836.6,0.64319880948146,308.8442008269,1061,1141,0,0,2202,-0.10218456493658,0.094674680077444,-321.48577024222,306.73164804723,1,2202,104,0.68527474629413,12,157,0,-0.15906033290786,0.36826873139753,-379.04766610495,True,False,False
LOGISTIC,SCALE_FREE,300,0,FREQUENCY_500,3419,0.43082772740567,-0.1318512684131,-450.79948670439,-0.75138929511554,-2569,0.65169988484256,454.20368197358,1657,1762,0,0,3419,-0.096922362339872,0.22691156324358,-479.07723475534,359.24422111729,1,3419,106,0.54459060737483,11,264,0,-0.14956703259437,0.38488059515134,-570.22141656875,True,False,False
LOGISTIC,SCALE_FREE,300,0,PERCENTILE_100,779,0.43388960205392,-0.17166425252876,-133.72645271991,-0.96444159178432,-751.29999999999,0.60284066918415,140.24174027476,390,389,0,0,779,-0.13690418545947,0.12112216245946,-152.22145566107,307.088957638,1,779,99,0.98702250838315,10,37,1,-0.23888389318784,0.33210041641208,-160.80454496689,True,False,False
LOGISTIC,SCALE_FREE,300,0,PERCENTILE_150,1137,0.43447669305189,-0.16081294227992,-182.84431537227,-0.9603342128408,-1091.9,0.60955630862369,194.56266360204,534,603,0,0,1137,-0.12583069985391,0.13447120281543,-200.62094081717,307.38804925242,1,1137,101,0.88007501895485,10,67,0,-0.19070851014158,0.33875051766502,-222.61912501064,True,False,False
LOGISTIC,SCALE_FREE,300,0,PERCENTILE_200,1427,0.42957252978276,-0.15246307764772,-217.5648118033,-0.96201822004204,-1372.8,0.62236836053195,231.53618396998,681,746,0,0,1427,-0.11791603292814,0.093067511856069,-236.42720816507,306.52914155571,1,1427,103,0.811119569311,12,89,1,-0.19745469283921,0.35036518896269,-266.86344461814,True,False,False
LOGISTIC,SCALE_FREE,300,0,PERCENTILE_300,2012,0.42992047713718,-0.14007191830095,-281.8246996215,-0.85834990059641,-1727,0.63670442926025,291.37975892648,964,1048,0,0,2012,-0.10552653910741,0.11278308682651,-300.68709598328,306.69435536779,1,2012,104,0.71348421904143,11,138,0,-0.1557500171755,0.35839492564051,-351.3300025589,True,False,False
LOGISTIC,SCALE_FREE,300,0,PERCENTILE_500,2958,0.43069641649763,-0.13361584738945,-395.23567657799,-0.8054090601758,-2382.4,0.6449370569881,400.10884250712,1429,1529,0,0,2958,-0.098755815804105,0.24554269603714,-419.13951437274,306.15759837728,1,2958,106,0.59402652239466,12,224,0,-0.15336468246474,0.37257851276682,-498.35165000744,True,False,False
LOGISTIC,SCALE_FREE,300,0,ROLLING_100,677,0.43426883308715,-0.16873348486666,-114.23256925473,-0.91935007385523,-622.39999999999,0.6120872396516,120.23104198585,333,344,0,0,677,-0.13403305979969,0.10161763289826,-132.72757219589,307.88896602659,1,677,99,1.002454894225,10,36,1,-0.24621891607318,0.34581371221346,-137.72475702507,True,False,False
LOGISTIC,SCALE_FREE,300,0,ROLLING_150,998,0.43587174348697,-0.16457527579687,-164.24612524528,-0.97444889779557,-972.49999999998,0.60084471141701,173.23359732186,470,528,0,0,998,-0.12958447465795,0.12585494221526,-182.02275069018,307.74224148297,1,998,100,0.89603732341472,10,67,0,-0.23020586235368,0.34384471393467,-199.16694478192,True,False,False
LOGISTIC,SCALE_FREE,300,0,ROLLING_200,1305,0.43524904214559,-0.14334698713584,-187.06781821227,-0.87065134099616,-1136.2,0.63975751399359,200.39176856859,614,691,0,0,1305,-0.10864976903789,0.083757993189039,-205.93021457405,306.8063256705,1,1305,103,0.82569671917031,12,90,1,-0.19826776732878,0.34759609848751,-232.3476878301,True,False,False
LOGISTIC,SCALE_FREE,300,0,ROLLING_300,1862,0.42857142857143,-0.14904942231132,-277.53002434368,-0.9564983888292,-1781,0.61932341245662,285.96192181447,887,975,0,0,1862,-0.11437395045726,0.13245871017649,-296.39242070546,306.78952900107,1,1862,104,0.72880797551525,10,136,0,-0.18025309070411,0.34133781571685,-342.09575293595,True,False,False
LOGISTIC,SCALE_FREE,300,0,ROLLING_500,2847,0.42641376887952,-0.13453402091797,-383.01835755346,-0.81369863013699,-2316.6,0.64616149779464,389.27384942871,1368,1479,0,0,2847,-0.099531517314807,0.22782349068285,-408.80679289529,308.96110818405,1,2847,106,0.6053342283939,12,230,0,-0.16287181349332,0.37967786061425,-482.67048531167,True,False,False
LOGISTIC,SCALE_FREE,300,0,ZERO,6247,0.44053145509845,-0.11136858251025,-695.71953494156,-0.5899791900112,-3685.6,0.69281563762367,695.88423574677,3035,3212,0,0,6247,-0.076345998518569,0.22245709468174,-730.08128370869,363.90026876901,1,6247,106,0.31727012187754,12,571,0,-0.15565099669671,0.42414830272288,-914.50561713762,True,False,False
LOGISTIC,SCALE_FREE,300,25,FREQUENCY_100,795,0.43018867924528,-0.16050337926727,-127.60018651748,-0.87572327044026,-696.2,0.62196725127498,132.3954067748,314,481,0,0,795,-0.12376674913349,0.13488333307885,-145.37681196238,308.33627798742,1,795,100,0.88679642623319,12,58,0,-0.232546393425,0.33166249454974,-156.80580747383,True,False,False
LOGISTIC,SCALE_FREE,300,25,FREQUENCY_150,1199,0.42285237698082,-0.15437544322421,-185.09615642583,-0.93994995829857,-1127,0.62090475142185,192.00796820555,489,710,0,0,1199,-0.11780774296903,0.13529894650217,-203.9585527876,307.01850542118,1,1199,104,0.79042522308104,11,85,0,-0.25348807479637,0.35000921462115,-228.94082903179,True,False,False
LOGISTIC,SCALE_FREE,300,25,FREQUENCY_200,1442,0.42857142857143,-0.1381246639731,-199.17576544921,-0.78259361997225,-1128.5,0.65062688293646,202.58895569487,590,852,0,0,1442,-0.1021392897879,0.13385757199905,-218.60901880741,307.26766366158,1,1442,104,0.73601956532722,10,126,0,-0.17940363730873,0.36920253158177,-251.06667502427,True,False,False
LOGISTIC,SCALE_FREE,300,25,FREQUENCY_300,2005,0.4284289276808,-0.13237428460213,-265.41044062727,-0.80149625935162,-1607,0.6536738051532,268.98128370746,856,1149,0,0,2005,-0.096178181194389,0.12872664659693,-287.15750989217,307.06978952618,1,2005,104,0.63572504572012,13,151,0,-0.18524257752997,0.34566734871176,-337.98362795979,True,False,False
LOGISTIC,SCALE_FREE,300,25,FREQUENCY_500,3146,0.43865225683407,-0.12062512228373,-379.48663470462,-0.65893197711381,-2073,0.68505616596624,381.93922986243,1353,1793,0,0,3146,-0.084620289428675,0.14040787298136,-407.48722912293,308.01685505404,1,3146,105,0.49036029084853,16,286,0,-0.14312367627478,0.39940234431811,-492.75783886663,True,False,False
LOGISTIC,SCALE_FREE,300,25,PERCENTILE_100,687,0.43522561863173,-0.1523929323643,-104.69394453427,-0.78995633187772,-542.69999999999,0.63780273011433,110.84243771637,275,412,0,0,687,-0.11541451392713,0.11891615656585,-122.47056997918,307.98666084425,1,687,99,0.94223953416226,12,45,0,-0.18967374560803,0.33163206109203,-130.09811800061,True,False,False
LOGISTIC,SCALE_FREE,300,25,PERCENTILE_150,986,0.43204868154158,-0.14537339445266,-143.33816693033,-0.81754563894522,-806.09999999999,0.64232530290369,152.43906085998,389,597,0,0,986,-0.10868008834358,0.13854429309758,-162.2005632921,306.98085192698,1,986,101,0.84143369125052,11,69,0,-0.23765084289509,0.34508624239176,-179.51776675389,True,False,False
LOGISTIC,SCALE_FREE,300,25,PERCENTILE_200,1281,0.42544886807182,-0.14965656494317,-191.7100596922,-0.87119437939109,-1116,0.63030963006847,199.57080181616,526,755,0,0,1281,-0.1133715611689,0.13819097568319,-210.57245605397,307.1051303669,1,1281,104,0.76936356191912,11,93,0,-0.19963998761109,0.34986233166491,-238.19114952704,True,False,False
LOGISTIC,SCALE_FREE,300,25,PERCENTILE_300,1813,0.42636514065085,-0.13401018306866,-242.96046190348,-0.7918918918919,-1435.7,0.6554388492297,246.49780997333,764,1049,0,0,1813,-0.097793583490886,0.13482872287101,-264.70753116838,307.1524015444,1,1813,104,0.66355868449738,11,140,0,-0.18413915256109,0.34649691910138,-308.62115693799,True,False,False
LOGISTIC,SCALE_FREE,300,25,PERCENTILE_500,2703,0.43211246762856,-0.13475947859585,-364.25487064459,-0.72449130595636,-1958.3,0.65393856393091,367.39903365683,1169,1534,0,0,2703,-0.09859068694244,0.14198960947168,-392.25546506289,306.99424491306,1,2703,105,0.53661989360805,16,236,0,-0.15671126803594,0.3701954259694,-462.01911448376,True,False,False
LOGISTIC,SCALE_FREE,300,25,ROLLING_100,639,0.43818466353678,-0.14967279260061,-95.640914471791,-0.710641627543,-454.09999999998,0.63828381569764,100.70993484466,255,384,0,0,639,-0.11277760514933,0.14859435855352,-113.41753991669,309.3986713615,1,639,98,0.94301733999596,10,52,1,-0.22276347416338,0.34121068524568,-119.21693925316,True,False,False
LOGISTIC,SCALE_FREE,300,25,ROLLING_150,965,0.43523316062176,-0.13835476079363,-133.51234416586,-0.80259067357512,-774.49999999999,0.65716199096692,143.09050409679,385,580,0,0,965,-0.10185322094801,0.11753056524486,-152.37474052763,307.08239378238,1,965,103,0.83021539878889,13,73,0,-0.23269007039768,0.3382874089456,-168.73633011689,True,False,False
LOGISTIC,SCALE_FREE,300,25,ROLLING_200,1247,0.42421812349639,-0.15146278337072,-188.87409086329,-0.90545308740976,-1129.1,0.6266950213305,196.60955549957,505,742,0,0,1247,-0.11509707156028,0.13244342804783,-207.73648722507,307.20749959904,1,1247,104,0.76102711491127,11,99,0,-0.20899382803239,0.33231142278195,-234.22213349091,True,False,False
LOGISTIC,SCALE_FREE,300,25,ROLLING_300,1796,0.42371937639198,-0.13869444811379,-249.09522881236,-0.82422048997774,-1480.3,0.64427537466237,252.64768624381,756,1040,0,0,1796,-0.10243199181262,0.17515123259835,-270.84229807726,307.36525222717,1,1796,105,0.65819655120827,12,153,0,-0.1965686785178,0.34391124810548,-314.22260032926,True,False,False
LOGISTIC,SCALE_FREE,300,25,ROLLING_500,2734,0.42977322604243,-0.13376079410536,-365.70201108406,-0.7388441843453,-2020.0000000001,0.65525976126792,367.75195660592,1171,1563,0,0,2734,-0.097526149637167,0.12839127149054,-393.70260550237,307.53963533285,1,2734,105,0.53079680892464,16,255,0,-0.1698448062928,0.37832569910391,-464.76752906011,True,False,False
LOGISTIC,SCALE_FREE,300,25,ZERO,4984,0.4446227929374,-0.10491467645522,-522.8947474528,-0.53563402889247,-2669.6000000001,0.71391232925872,523.74855871968,2231,2753,0,0,4984,-0.068951779019178,0.17725022568746,-557.25649621992,308.90121910112,1,4984,105,0.31146699096226,14,502,0,-0.1553474945955,0.39672577374897,-702.13382827401,True,False,False
LOGISTIC,SCALE_FREE,300,50,FREQUENCY_100,799,0.43304130162703,-0.14426980939144,-115.27157770376,-0.77672090112643,-620.60000000001,0.65518957076388,124.10985401714,284,515,0,0,799,-0.10592565858248,0.13863438866291,-133.48931721104,307.36037546934,1,799,101,0.85446602867222,13,64,0,-0.29509724382132,0.31118912003643,-145.90855420012,True,False,False
LOGISTIC,SCALE_FREE,300,50,FREQUENCY_150,1074,0.42737430167598,-0.15395475217244,-165.3474038332,-0.84776536312852,-910.50000000003,0.63278113275501,170.7124615785,388,686,0,0,1074,-0.11587305338815,0.15865068398805,-184.59841541878,307.45396368715,1,1074,102,0.76633667761227,13,84,0,-0.2505723696115,0.32927927462314,-206.24714832753,True,False,False
LOGISTIC,SCALE_FREE,300,50,FREQUENCY_200,1367,0.42136064374543,-0.14478487584449,-197.92092527941,-0.84352596927581,-1153.1,0.64495724489312,201.99065869002,526,841,0,0,1367,-0.1070567844162,0.13555050561846,-219.66799454431,307.68828383321,1,1367,103,0.67969157823446,17,114,0,-0.24958569130469,0.32242808506058,-249.49522626188,True,False,False
LOGISTIC,SCALE_FREE,300,50,FREQUENCY_300,1979,0.43102577059121,-0.14409924988032,-285.17241551316,-0.77417887822135,-1532.1000000001,0.6476654091248,290.4570381564,778,1201,0,0,1979,-0.10663249594104,0.14176818622642,-313.17300993147,307.30220060637,1,1979,103,0.55800583414923,14,174,0,-0.22000080106527,0.3655300299914,-359.31912155899,True,False,False
LOGISTIC,SCALE_FREE,300,50,FREQUENCY_500,3177,0.43783443500157,-0.11887918864895,-377.67918233772,-0.64768649669502,-2057.7000000001,0.69760222979356,383.1277456137,1300,1877,0,0,3177,-0.081359285626341,0.19663833727775,-410.10599722205,308.15154611268,1,3177,104,0.37641995191579,16,301,0,-0.16367004672681,0.37934582109297,-496.87991424055,True,False,False
LOGISTIC,SCALE_FREE,300,50,PERCENTILE_100,654,0.43272171253823,-0.16985030264147,-111.08209792752,-0.90366972477066,-591.00000000001,0.61363138702179,115.93890307208,224,430,0,0,654,-0.13109081859784,0.13027211145763,-128.01185296037,307.36898318043,1,654,98,0.91698584351854,9,52,0,-0.28571177622,0.28390032741507,-136.43080049206,True,False,False
LOGISTIC,SCALE_FREE,300,50,PERCENTILE_150,946,0.42600422832981,-0.15376954121769,-145.46598599194,-0.83509513742074,-790.00000000002,0.63655839116597,150.71733468076,338,608,0,0,946,-0.11582263179893,0.15025118324194,-163.68372549922,308.11219133192,1,946,102,0.79893127973385,12,77,0,-0.24914070026634,0.32904943391401,-181.36376230208,True,False,False
LOGISTIC,SCALE_FREE,300,50,PERCENTILE_200,1233,0.42173560421736,-0.1543194803843,-190.27591931385,-0.86520681265209,-1066.8,0.62980273510752,193.94485726431,461,772,0,0,1233,-0.11644065041493,0.13485487672154,-209.73265050842,307.85589699919,1,1233,103,0.70998772584251,15,105,0,-0.25319450749866,0.32851288199093,-236.98051666609,True,False,False
LOGISTIC,SCALE_FREE,300,50,PERCENTILE_300,1719,0.42931937172775,-0.13994373283365,-240.56327674105,-0.78970331588135,-1357.5,0.65310751829475,248.35009096377,668,1051,0,0,1719,-0.10246088027931,0.12301591604787,-267.03597370856,307.20326410704,1,1719,103,0.60126965753591,10,158,0,-0.23503596613694,0.36174757871293,-304.99630028196,True,False,False
LOGISTIC,SCALE_FREE,300,50,PERCENTILE_500,2600,0.43961538461538,-0.11793754081939,-306.63760613042,-0.6250384615385,-1625.1000000001,0.70130491642482,309.43215019723,1020,1580,0,0,2600,-0.080716008521476,0.18479262971122,-339.06442101475,307.86420884615,1,2600,104,0.45952603269829,16,240,0,-0.15126885177904,0.37616599686635,-403.413590105,True,False,False
LOGISTIC,SCALE_FREE,300,50,ROLLING_100,718,0.43871866295265,-0.14300704005195,-102.6790547573,-0.74860724233985,-537.50000000001,0.66156626595853,111.06847835605,247,471,0,0,718,-0.10468043031836,0.12797927048817,-120.89679426458,307.81750139276,1,718,101,0.86812391453057,11,62,1,-0.2891066684933,0.30490296881528,-130.19756054602,True,False,False
LOGISTIC,SCALE_FREE,300,50,ROLLING_150,1003,0.42971086739781,-0.15952409348067,-160.00266576112,-0.91146560319044,-914.20000000001,0.62290580960676,163.86247966131,356,647,0,0,1003,-0.12172779549805,0.15770279817594,-178.22040526839,308.18074975075,1,1003,102,0.76516025207196,13,91,0,-0.26832872207353,0.3094661729889,-197.91235263768,True,False,False
LOGISTIC,SCALE_FREE,300,50,ROLLING_200,1297,0.4225134926754,-0.14513807652207,-188.24408524912,-0.81703932151122,-1059.7,0.64382954681457,192.31381865973,484,813,0,0,1297,-0.10719635445968,0.14461187908344,-209.99115451402,308.28324749422,1,1297,102,0.68292725825611,17,122,0,-0.27054254504112,0.32515487847831,-237.45449876404,True,False,False
LOGISTIC,SCALE_FREE,300,50,ROLLING_300,1817,0.42707760044029,-0.1535167820782,-278.93999303608,-0.83021463951571,-1508.5000000001,0.62847166356922,284.16219616634,710,1107,0,0,1817,-0.11583687507393,0.13570682948109,-305.4126900036,307.22970060539,1,1817,103,0.57950296955379,14,180,0,-0.25537301589427,0.36006446514799,-347.40438406284,True,False,False
LOGISTIC,SCALE_FREE,300,50,ROLLING_500,2745,0.43970856102004,-0.12146774030349,-333.42894713308,-0.64371584699456,-1767.0000000001,0.69328173491334,336.22349119989,1083,1662,0,0,2745,-0.084272881766568,0.18963177537974,-365.85576201741,308.10730455373,1,2745,104,0.4365587528265,16,278,0,-0.14766170381655,0.37774803983369,-435.52883381693,True,False,False
LOGISTIC,SCALE_FREE,300,50,ZERO,3632,0.44052863436123,-0.11428485741393,-415.08260212741,-0.60390969162998,-2193.4000000001,0.7031794780532,422.66258849403,1512,2120,0,0,3632,-0.077149265037334,0.18909487120129,-449.44435089453,309.1946095815,1,3632,104,0.32695481548815,15,378,0,-0.15431096995562,0.3764431544302,-549.95907363922,True,False,False
LOGISTIC,SCALE_FREE,600,0,FREQUENCY_100,822,0.47566909975669,-0.075601152114515,-62.144147038131,-0.32153284671534,-264.30000000001,0.84433414497887,85.99482824001,460,362,0,0,822,-0.04301702420977,0.09094433412691,-87.183389900698,818.22615693431,1,822,98,1.0193501015705,9,37,0,-0.18931430351487,0.32933288503315,-88.928300175832,True,False,False
LOGISTIC,SCALE_FREE,600,0,FREQUENCY_150,1341,0.47576435495899,-0.10203321713113,-136.82654417285,-0.70812826249068,-949.6,0.79457159327492,149.6413204392,717,624,0,0,1341,-0.068405690295672,0.063770433123521,-167.65322174444,865.25825279642,1,1341,103,0.85249115028457,9,79,0,-0.14814411204226,0.32604506056757,-181.9210576592,True,False,False
LOGISTIC,SCALE_FREE,600,0,FREQUENCY_200,1668,0.47062350119904,-0.093062273744242,-155.2278726054,-0.55719424460432,-929.4,0.80701744810761,167.11253292247,894,774,0,0,1668,-0.059429202131141,0.070148475990208,-189.13064679428,1022.854927458,1,1668,104,0.77289784281467,11,119,0,-0.1576052628196,0.35100313230643,-211.32783605605,True,False,False
LOGISTIC,SCALE_FREE,600,0,FREQUENCY_300,2214,0.4683830171635,-0.091347966564619,-202.24439797407,-0.49503161698285,-1096,0.80805065517067,211.3247541509,1178,1036,0,0,2214,-0.057102313063231,0.074222722402524,-233.68348429585,921.53404832882,1,2214,105,0.68775845045428,11,156,0,-0.1461979969731,0.37990210020803,-278.06427482614,True,False,False
LOGISTIC,SCALE_FREE,600,0,FREQUENCY_500,3284,0.4646772228989,-0.10771761109171,-353.74463482519,-0.56099269183923,-1842.3,0.78072942743412,362.19448898708,1693,1591,0,0,3284,-0.07279241836128,0.093682259207466,-385.71959432841,926.78810383678,1,3284,106,0.53381138153908,18,263,0,-0.17964227117691,0.38636091072609,-468.43896775194,True,False,False
LOGISTIC,SCALE_FREE,600,0,PERCENTILE_100,810,0.45185185185185,-0.12940388231749,-104.81714467716,-0.8858024691358,-717.5,0.74179993807407,118.10564812184,471,339,0,0,810,-0.097424247711331,0.092374121927131,-128.98156682879,821.28873950617,1,810,100,0.96348160928534,9,45,0,-0.30321119632377,0.3172189483733,-130.72064870815,True,False,False
LOGISTIC,SCALE_FREE,600,0,PERCENTILE_150,1153,0.47528187337381,-0.10148091092813,-117.00749030013,-0.65698178664353,-757.49999999999,0.79458642636827,134.28870200861,639,514,0,0,1153,-0.068806079802598,0.071592669290162,-146.93359470972,907.64791934085,1,1153,103,0.87968111157833,8,71,0,-0.27038514144351,0.32717568016647,-154.68157058787,True,False,False
LOGISTIC,SCALE_FREE,600,0,PERCENTILE_200,1417,0.47706422018349,-0.088256922787984,-125.06005959057,-0.58532110091744,-829.40000000001,0.81862715668378,139.10181739011,759,658,0,0,1417,-0.0549082496188,0.062835747189166,-158.96283377946,973.15997529993,1,1417,103,0.82723358759983,9,88,0,-0.19230767004679,0.32825396405471,-172.31512947131,True,False,False
LOGISTIC,SCALE_FREE,600,0,PERCENTILE_300,1903,0.46925906463479,-0.094516652003105,-179.86518876191,-0.56142932212296,-1068.4,0.80430523843636,187.0225451528,1030,873,0,0,1903,-0.060589780888477,0.059840449224803,-214.5234752115,971.56599894903,1,1903,104,0.73197597629059,9,136,0,-0.17773277066304,0.36849187227666,-244.42802449305,True,False,False
LOGISTIC,SCALE_FREE,600,0,PERCENTILE_500,2643,0.46613696556943,-0.090446908912548,-239.05118025587,-0.51097237987136,-1350.5,0.80974669960869,247.04992170393,1389,1254,0,0,2643,-0.055778200145085,0.10246812004566,-271.92785647476,936.33175709421,1,2643,106,0.62008999864542,11,207,0,-0.15088085464059,0.37718993821576,-330.68057752827,True,False,False
LOGISTIC,SCALE_FREE,600,0,ROLLING_100,695,0.45035971223022,-0.1200021275265,-83.401478630916,-0.66431654676258,-461.69999999999,0.76049396393157,96.442647004654,387,308,0,0,695,-0.086843403144632,0.089632780222549,-102.8652873136,1102.6889971223,1,695,96,1.0259725180838,9,44,0,-0.31219091342825,0.32006811651551,-106.44679207631,True,False,False
LOGISTIC,SCALE_FREE,600,0,ROLLING_150,980,0.46734693877551,-0.10487573800108,-102.77822324106,-0.60836734693878,-596.20000000001,0.786471734594,123.83588962528,521,459,0,0,980,-0.071593150235726,0.085666929637484,-126.94264539269,959.27692142857,1,980,101,0.93537536227069,8,70,0,-0.27943980313443,0.34009594874699,-135.3951592511,True,False,False
LOGISTIC,SCALE_FREE,600,0,ROLLING_200,1253,0.4780526735834,-0.1026961915858,-128.67832805701,-0.64461292897049,-807.70000000002,0.79239450217147,138.36521424297,656,597,0,0,1253,-0.068840653114364,0.06795078632686,-159.37094985951,881.50571747805,1,1253,101,0.86668075803728,9,89,0,-0.21285620943433,0.33723878554105,-171.09931776172,True,False,False
LOGISTIC,SCALE_FREE,600,0,ROLLING_300,1709,0.46635459332943,-0.12510610075839,-213.80632619609,-0.77068461088357,-1317.1,0.75010457384859,222.43834939614,902,807,0,0,1709,-0.091042758251163,0.088858000142087,-245.69594488169,912.02346167349,1,1709,104,0.76771910184112,11,134,0,-0.17094902044416,0.39007497298568,-272.02057854095,True,False,False
LOGISTIC,SCALE_FREE,600,0,ROLLING_500,2477,0.46709729511506,-0.093251230297658,-230.9832974473,-0.53132821962051,-1316.1,0.80426430473268,240.74874727061,1295,1182,0,0,2477,-0.058653535191739,0.10099969008636,-263.85997366619,888.20013847396,1,2477,106,0.64173919930018,11,211,0,-0.1362618341196,0.38484096984132,-316.68178822466,True,False,False
LOGISTIC,SCALE_FREE,600,0,ZERO,5010,0.45728542914172,-0.11050510780209,-553.63059008846,-0.51231536926149,-2566.7,0.77051776480277,557.09701472152,2488,2522,0,0,5010,-0.075068706605128,0.14484798666024,-590.75069590288,819.46593592814,1,5010,106,0.33458626502636,20,529,0,-0.18938354339294,0.43306589979925,-731.16696008522,True,False,False
LOGISTIC,SCALE_FREE,600,25,FREQUENCY_100,894,0.48322147651007,-0.10173858550784,-90.954295444007,-0.58489932885906,-522.9,0.80232908323179,106.16778609412,445,449,0,0,894,-0.067717862986546,0.057398039881363,-116.8484274641,610.10689709172,1,894,103,0.87625028943246,10,65,0,-0.11486524112165,0.33474361029033,-121.36882137804,True,False,False
LOGISTIC,SCALE_FREE,600,25,FREQUENCY_150,1246,0.48154093097913,-0.087607501863198,-109.15894732154,-0.48025682182987,-598.40000000001,0.82282293416632,126.89292347846,624,622,0,0,1246,-0.052911672328704,0.057932664224779,-139.74648104406,748.58360995185,1,1246,103,0.77509064366507,12,96,0,-0.13082776197543,0.3225751775741,-152.38995092152,True,False,False
LOGISTIC,SCALE_FREE,600,25,FREQUENCY_200,1512,0.46957671957672,-0.091941952895955,-139.01623277868,-0.45158730158731,-682.80000000001,0.81425905741731,158.31626159248,760,752,0,0,1512,-0.057265909543456,0.069516987689389,-171.15598434494,726.10367261905,1,1512,103,0.71586366348682,10,124,0,-0.14847113606341,0.33857297412464,-191.44641032766,True,False,False
LOGISTIC,SCALE_FREE,600,25,FREQUENCY_300,2065,0.47409200968523,-0.078454655577535,-162.00886376761,-0.3305569007264,-682.60000000001,0.83559193584416,176.89867548726,1027,1038,0,0,2065,-0.042933110622374,0.1154803324561,-190.92941520607,695.92429346247,1,2065,104,0.622078123499,11,167,1,-0.14615183366765,0.3526556829612,-235.36085410002,True,False,False
LOGISTIC,SCALE_FREE,600,25,FREQUENCY_500,3132,0.4661558109834,-0.092517524066293,-289.76488537563,-0.43033205619415,-1347.8000000001,0.80803168573287,305.71699361919,1522,1610,0,0,3132,-0.056818723839952,0.088655716461233,-323.67810384716,722.5401091954,1,3132,105,0.46573810143964,17,277,0,-0.17757497309358,0.38347838203608,-401.57352768453,True,False,False
LOGISTIC,SCALE_FREE,600,25,PERCENTILE_100,721,0.46879334257975,-0.13505256334595,-97.372898172431,-0.71137309292649,-512.9,0.73728504391114,111.55849921183,378,343,0,0,721,-0.10101483455246,0.069007796972471,-117.32038190078,609.43076837725,1,721,102,0.90812524691102,11,50,0,-0.24401672780197,0.32322048289877,-121.91410063254,True,False,False
LOGISTIC,SCALE_FREE,600,25,PERCENTILE_150,1035,0.48888888888889,-0.090489605916402,-93.656742123476,-0.46531400966184,-481.6,0.82217533057527,115.19502344031,505,530,0,0,1035,-0.055949598804595,0.074747410997985,-123.61126073485,777.58505603865,1,1035,103,0.8358520066227,12,75,0,-0.13474664699334,0.31571586137992,-129.4056494842,True,False,False
LOGISTIC,SCALE_FREE,600,25,PERCENTILE_200,1318,0.47723823975721,-0.084646790744342,-111.56447020104,-0.40098634294387,-528.50000000002,0.82732791640661,128.66645348905,659,659,0,0,1318,-0.04982568659099,0.064632301665849,-142.9487095066,742.05231790592,1,1318,103,0.7613387968679,12,100,1,-0.13697881790111,0.3172678361456,-157.45868547516,True,False,False
LOGISTIC,SCALE_FREE,600,25,PERCENTILE_300,1782,0.47418630751964,-0.082211503064902,-146.50089846165,-0.34062850729519,-607.00000000003,0.82966757189087,164.07209012632,887,895,0,0,1782,-0.046839088825269,0.10534650212905,-175.42144990012,709.71713860831,1,1782,103,0.6700164245308,10,147,1,-0.14344340716699,0.34539385316543,-209.53454063668,True,False,False
LOGISTIC,SCALE_FREE,600,25,PERCENTILE_500,2487,0.46682750301568,-0.090114011604561,-224.11354686054,-0.40172899075191,-999.09999999999,0.81427106518261,243.1845267819,1214,1273,0,0,2487,-0.054455202042027,0.10180789182354,-256.4366055503,751.01225572979,1,2487,105,0.55684846273066,12,204,1,-0.1518997809194,0.35709537163232,-312.79700624257,True,False,False
LOGISTIC,SCALE_FREE,600,25,ROLLING_100,659,0.47496206373293,-0.11171396615843,-73.619503698405,-0.553717754173,-364.90000000001,0.77817611175641,90.558358577833,327,332,0,0,659,-0.076939916698829,0.076808239608896,-92.484009419893,606.7735538695,1,659,97,0.95380626173294,10,52,0,-0.24352655232308,0.3286883986869,-96.535602292283,True,False,False
LOGISTIC,SCALE_FREE,600,25,ROLLING_150,972,0.48662551440329,-0.10921054112302,-106.15264597158,-0.59917695473253,-582.40000000002,0.78637633646199,122.38231388141,461,511,0,0,972,-0.074012745330767,0.076189433439213,-132.87940827934,606.51199485597,1,972,100,0.85276915751377,11,78,0,-0.13799878179655,0.3228751155638,-140.36490348165,True,False,False
LOGISTIC,SCALE_FREE,600,25,ROLLING_200,1215,0.47407407407407,-0.11307647855251,-137.3879214413,-0.60814814814816,-738.90000000001,0.77631565507292,153.73803803164,585,630,0,0,1215,-0.078272243998244,0.068343548113278,-164.89935854652,608.84791440329,1,1215,102,0.79015059203057,12,99,0,-0.14105529419319,0.34963507048524,-179.67506642472,True,False,False
LOGISTIC,SCALE_FREE,600,25,ROLLING_300,1689,0.47069271758437,-0.092624829784502,-156.44333750602,-0.44014209591475,-743.40000000002,0.81249240726008,174.13531050143,812,877,0,0,1689,-0.056963144028594,0.10796564312557,-188.58308907228,714.48030550622,1,1689,104,0.68501041071436,8,151,0,-0.14560866617323,0.35579480365267,-216.67592474775,True,False,False
LOGISTIC,SCALE_FREE,600,25,ROLLING_500,2432,0.46875,-0.088850437553994,-216.08426413131,-0.35168585526316,-855.30000000002,0.81666167287062,235.39975034104,1187,1245,0,0,2432,-0.053114683265108,0.090509837232553,-248.40732282107,754.53598190789,1,2432,105,0.56087534846084,11,227,1,-0.18924243443447,0.35943164350951,-302.99361856188,True,False,False
LOGISTIC,SCALE_FREE,600,25,ZERO,4169,0.45454545454545,-0.10840092765316,-451.92346738603,-0.52225953466061,-2177.3000000001,0.77763124851638,460.56854627831,1972,2197,0,0,4169,-0.072317434715041,0.11041862858956,-488.24211482862,738.11238570401,1,4169,106,0.32947793672708,19,465,0,-0.18277110734966,0.40403080204756,-602.35554944505,True,False,False
LOGISTIC,SCALE_FREE,600,50,FREQUENCY_100,851,0.48531139835488,-0.057279995792504,-48.745276419421,-0.20987074030555,-178.60000000002,0.88486682936865,72.077650895189,395,456,0,0,851,-0.020818607638449,0.059069247608027,-79.141279653179,813.45864747356,1,851,102,0.82643263018877,11,70,1,-0.10019653576337,0.27429236705562,-79.773917738521,True,False,False
LOGISTIC,SCALE_FREE,600,50,FREQUENCY_150,1161,0.46425495262705,-0.093277457880781,-108.29512859959,-0.46434108527136,-539.10000000005,0.81556028997837,128.50827871636,551,610,0,0,1161,-0.05646160273555,0.076608075925942,-137.21568003805,762.11984065461,1,1161,102,0.7334005001907,10,91,0,-0.2060656560892,0.30631259151927,-151.0383364232,True,False,False
LOGISTIC,SCALE_FREE,600,50,FREQUENCY_200,1482,0.46693657219973,-0.087945890279704,-130.33580939452,-0.38515519568154,-570.80000000005,0.82511161045822,142.87972807366,692,790,0,0,1482,-0.050957519724681,0.11146633960749,-159.25636083298,730.90880634278,1,1482,104,0.65428206628948,9,125,1,-0.15554216411281,0.32086994524237,-185.15257455707,True,False,False
LOGISTIC,SCALE_FREE,600,50,FREQUENCY_300,2005,0.46034912718204,-0.09831433077866,-197.12023321121,-0.43027431421448,-862.70000000003,0.80936925124298,212.24211582679,930,1075,0,0,2005,-0.061343630844072,0.099138247018526,-230.2677882808,786.67107581047,1,2005,104,0.54098103319351,15,173,0,-0.18335534434988,0.3387679558264,-271.24648658006,True,False,False
LOGISTIC,SCALE_FREE,600,50,FREQUENCY_500,3128,0.44533248081841,-0.12396720703604,-387.76942360872,-0.57656649616372,-1803.5000000001,0.75851850414144,394.36711466645,1433,1695,0,0,3128,-0.085968228516069,0.11098790079629,-426.56299623221,780.39713714834,1,3128,104,0.33403061298209,16,310,0,-0.18273049564641,0.37243215120177,-506.63022841918,True,False,False
LOGISTIC,SCALE_FREE,600,50,PERCENTILE_100,708,0.48446327683616,-0.0777794468274,-55.067848353799,-0.30141242937857,-213.40000000003,0.847277091674,72.253963435688,332,376,0,0,708,-0.042068042546965,0.065416870628913,-80.961980373892,611.81302118644,1,708,101,0.87796450657925,9,56,0,-0.14827539301608,0.29831162737131,-80.351522584347,True,False,False
LOGISTIC,SCALE_FREE,600,50,PERCENTILE_150,1011,0.47279920870425,-0.065113821310565,-65.830073344981,-0.23224530168153,-234.80000000003,0.86914799735462,86.052691803946,478,533,0,0,1011,-0.028707439119973,0.066141087705602,-97.969824911242,782.76437586548,1,1011,102,0.77250546797946,12,82,1,-0.1450082900222,0.30566999759902,-102.63692573967,True,False,False
LOGISTIC,SCALE_FREE,600,50,PERCENTILE_200,1272,0.46619496855346,-0.089368962930669,-113.67732084781,-0.34764150943401,-442.20000000006,0.82302733164161,131.45757693739,600,672,0,0,1272,-0.052459077044756,0.10022514794276,-142.59787228627,750.2731336478,1,1272,102,0.70147320989981,9,103,1,-0.20238922645867,0.32215845404891,-160.62669569469,True,False,False
LOGISTIC,SCALE_FREE,600,50,PERCENTILE_300,1676,0.4582338902148,-0.087567901377904,-146.76380270937,-0.39994033412891,-670.30000000006,0.82426138068854,158.92115167839,789,887,0,0,1676,-0.050670336460915,0.11664447516774,-176.84913893522,717.01658770883,1,1676,104,0.60923938828286,11,137,0,-0.15497558532959,0.32556331453121,-208.60412151024,True,False,False
LOGISTIC,SCALE_FREE,600,50,PERCENTILE_500,2429,0.45738987237546,-0.097017775608999,-235.65617695426,-0.39954713874025,-970.50000000007,0.80791463883324,245.23880184628,1101,1328,0,0,2429,-0.059799625885635,0.10360180288388,-268.80373202385,826.40177892137,1,2429,104,0.46038083469315,16,215,0,-0.18454325626075,0.35091381341687,-326.05906263231,True,False,False
LOGISTIC,SCALE_FREE,600,50,ROLLING_100,727,0.48143053645117,-0.096372441378791,-70.062764882381,-0.50178817056401,-364.80000000004,0.8139625845583,89.088424253853,331,396,0,0,727,-0.059680517193889,0.064289821096329,-96.789527190139,605.45789270977,1,727,98,0.87289316058176,11,66,0,-0.1232565061784,0.30030402616427,-96.737793764805,True,False,False
LOGISTIC,SCALE_FREE,600,50,ROLLING_150,985,0.46395939086294,-0.11776605848186,-115.99956760463,-0.59218274111678,-583.30000000002,0.77621088996636,137.31668197074,450,535,0,0,985,-0.081211271291474,0.0779065057448,-144.57394582386,609.82409949239,1,985,101,0.77737185365941,10,89,0,-0.21778402626541,0.33391645200938,-152.00603298717,True,False,False
LOGISTIC,SCALE_FREE,600,50,ROLLING_200,1255,0.46932270916335,-0.083551485961302,-104.85711488143,-0.34549800796816,-433.60000000005,0.83502311894118,121.28912105075,566,689,0,0,1255,-0.046572345049418,0.097209346200158,-136.9968664477,751.4531936255,1,1255,104,0.70190255262592,9,117,1,-0.15206242969552,0.32623641447487,-151.26593672585,True,False,False
LOGISTIC,SCALE_FREE,600,50,ROLLING_300,1690,0.45798816568047,-0.10315187144608,-174.32666274388,-0.48491124260357,-819.50000000003,0.79864832699907,186.10484779126,773,917,0,0,1690,-0.066061035932557,0.1230277904352,-205.80935298949,716.17695680473,1,1690,104,0.60147543118426,9,165,1,-0.18034502323871,0.32175650474438,-237.01017476173,True,False,False
LOGISTIC,SCALE_FREE,600,50,ROLLING_500,2420,0.45826446280992,-0.10849363075122,-262.55458641794,-0.46074380165292,-1115.0000000001,0.78651608078994,272.13721130997,1086,1334,0,0,2420,-0.071050756104318,0.091142159071405,-294.62532909591,830.12562396694,1,2420,104,0.46131484100669,15,254,0,-0.19943310757891,0.36242135346355,-353.16634306344,True,False,False
LOGISTIC,SCALE_FREE,600,50,ZERO,3169,0.44651309561376,-0.11214988419445,-355.40298301221,-0.51858630482805,-1643.4000000001,0.77893135978472,365.59481691664,1434,1735,0,0,3169,-0.074544823347174,0.10255797767593,-390.95596705286,779.22922025876,1,3169,104,0.33869094917246,17,361,0,-0.18175617732264,0.36456349787447,-474.57342083723,True,False,False
LOGISTIC,SCALE_FREE,900,0,FREQUENCY_100,797,0.45796737766625,-0.21844986612169,-174.10454329899,-1.2845671267252,-1023.8,0.66687798420457,183.88492211663,442,355,0,0,797,-0.1856876640348,0.088278915465632,-197.05904630056,1127.4401555834,1,797,97,1.1462572630781,8,48,0,-0.349564277178,0.37510210836277,-200.21601836223,True,False,False
LOGISTIC,SCALE_FREE,900,0,FREQUENCY_150,1270,0.44724409448819,-0.17228953919029,-218.80771477167,-1.0776377952756,-1368.6,0.72301711649499,232.26151566842,698,572,0,0,1270,-0.13841563847676,0.1117407953148,-252.19680617449,1454.9712637795,1,1270,103,0.97274527087594,10,84,0,-0.3594157197943,0.32742292801952,-261.82756867786,True,False,False
LOGISTIC,SCALE_FREE,900,0,FREQUENCY_200,1577,0.45466074825618,-0.17251085894845,-272.04962456171,-0.99220038046926,-1564.7,0.71743255089684,283.8938717532,861,716,0,0,1577,-0.13838173668873,0.11263184566022,-305.43871596452,1347.6863887127,1,1577,103,0.88724547862788,10,124,0,-0.40579166470967,0.34514979732486,-325.87125036528,True,False,False
LOGISTIC,SCALE_FREE,900,0,FREQUENCY_300,2152,0.46700743494424,-0.12242197147491,-263.45208261401,-0.60873605947958,-1310.0000000001,0.78413001533222,263.45208261401,1149,1003,0,0,2152,-0.08757183906799,0.089313984543674,-301.70950017155,1231.0318257435,1,2152,105,0.76830960671927,13,184,0,-0.25860030418314,0.36805239749259,-338.44956755371,True,False,False
LOGISTIC,SCALE_FREE,900,0,FREQUENCY_500,3150,0.45936507936508,-0.12850568483307,-404.79290722418,-0.64828571428573,-2042.1000000001,0.77286737605103,406.79873783536,1590,1560,0,0,3150,-0.093575583507061,0.080079089643728,-443.05032478172,1239.0362965079,1,3150,106,0.59157284069228,11,284,0,-0.20923513218748,0.43024277162405,-514.82272640112,True,False,False
LOGISTIC,SCALE_FREE,900,0,PERCENTILE_100,807,0.4634448574969,-0.17844263260544,-144.00320451259,-1.0736059479554,-866.40000000002,0.71944826253863,156.9502870893,460,347,0,0,807,-0.14598030066654,0.10730560524893,-175.31177613049,1555.1704684015,1,807,100,1.0839258821523,9,62,0,-0.29906754813627,0.32544549979652,-170.20030638727,True,False,False
LOGISTIC,SCALE_FREE,900,0,PERCENTILE_150,1095,0.46301369863014,-0.16224598099886,-177.65934919375,-0.91634703196353,-1003.4000000001,0.74219743935529,190.46127999128,608,487,0,0,1095,-0.12912308383022,0.069451378705889,-209.07203797349,1543.0242730594,1,1095,103,1.0050429359652,9,81,0,-0.26257756322193,0.32024004730575,-213.92892159341,True,False,False
LOGISTIC,SCALE_FREE,900,0,PERCENTILE_200,1352,0.45192307692308,-0.16339474828305,-220.90969967869,-0.94600591715978,-1279,0.73328028706851,235.25368804521,749,603,0,0,1352,-0.12966215955673,0.11252597741559,-254.2987910815,1422.0230732249,1,1352,103,0.94009497291963,12,101,0,-0.32726792163611,0.33420337616799,-266.51615963668,True,False,False
LOGISTIC,SCALE_FREE,900,0,PERCENTILE_300,1753,0.46491728465488,-0.12786347939687,-224.14467938271,-0.69555048488309,-1219.3000000001,0.77834198900048,236.70171403137,957,796,0,0,1753,-0.093469933902292,0.096751787000669,-257.53377078553,1301.7614689104,1,1753,103,0.84969759704632,11,140,0,-0.32545703476734,0.34986615977991,-284.43656463471,True,False,False
LOGISTIC,SCALE_FREE,900,0,PERCENTILE_500,2400,0.46625,-0.12081458978998,-289.95501549595,-0.65662500000001,-1575.9,0.78562517117669,290.26189243288,1246,1154,0,0,2400,-0.085948459272931,0.10026698723385,-328.21243305349,1269.298535,1,2400,105,0.71666326665573,15,207,0,-0.2876244886203,0.38246791912166,-373.63372873687,True,False,False
LOGISTIC,SCALE_FREE,900,0,ROLLING_100,671,0.46944858420268,-0.20835141392408,-139.80379874306,-1.2852459016394,-862.40000000003,0.68467874177989,151.75955279661,359,312,0,0,671,-0.17548695825715,0.1010148375874,-162.46875251815,1167.2995514158,1,671,95,1.1651123306913,7,51,0,-0.35495391833792,0.37626126261927,-161.85584849557,True,False,False
LOGISTIC,SCALE_FREE,900,0,ROLLING_150,945,0.45925925925926,-0.21393643902716,-202.16993488067,-1.0816931216932,-1022.2,0.67358184160372,214.9718656782,510,435,0,0,945,-0.18030929933417,0.083483311984151,-225.12443788224,1459.5775640212,1,945,99,1.0587916226583,10,79,0,-0.30866707235365,0.35304843262717,-233.94758189055,True,False,False
LOGISTIC,SCALE_FREE,900,0,ROLLING_200,1188,0.4469696969697,-0.1893691373275,-224.97053514507,-1.0877104377105,-1292.2,0.69493768416874,239.3145235116,642,546,0,0,1188,-0.15548299148044,0.14069138593621,-255.05463833309,1347.8666161616,1,1188,102,0.98771664299668,11,96,0,-0.31571524047183,0.3655422713992,-265.22727641139,True,False,False
LOGISTIC,SCALE_FREE,900,0,ROLLING_300,1596,0.45238095238095,-0.16063286311948,-256.3700495387,-0.8902882205514,-1420.9,0.73028958205585,268.92708418735,854,742,0,0,1596,-0.12606631488732,0.090003124643042,-289.75914094151,1340.5677819549,1,1596,104,0.88711072484639,11,132,0,-0.35722825758356,0.36389906396431,-311.53826051723,True,False,False
LOGISTIC,SCALE_FREE,900,0,ROLLING_500,2268,0.46075837742504,-0.13251869194851,-300.55239333922,-0.72275132275134,-1639.2,0.76982162600825,302.36813139322,1180,1088,0,0,2268,-0.09752533150777,0.10384171524518,-338.80981089676,1291.2614285714,1,2268,105,0.74183016080584,15,214,0,-0.25691532987067,0.37024939300778,-379.91733481882,True,False,False
LOGISTIC,SCALE_FREE,900,0,ZERO,4551,0.45704240826192,-0.1143399273394,-520.36100932162,-0.5560755877829,-2530.7,0.79363870633412,532.00334557925,2254,2297,0,0,4551,-0.079911168940984,0.13278030785109,-568.18429967891,1251.1415934959,1,4551,106,0.38050662344885,19,517,0,-0.20776517612106,0.51070802280191,-677.04628879282,True,False,False
LOGISTIC,SCALE_FREE,900,25,FREQUENCY_100,823,0.45808019441069,-0.18605821076479,-153.12590745942,-1.0083839611179,-829.90000000005,0.71307020182228,165.04789539222,399,424,0,0,823,-0.15003979503737,0.099331013884521,-179.87318262914,1127.1233061968,1,823,101,1.0037374401118,8,70,0,-0.22930172249855,0.31728364858049,-182.76906360309,True,False,False
LOGISTIC,SCALE_FREE,900,25,FREQUENCY_150,1151,0.45178105994787,-0.18152699753035,-208.93757415744,-0.88940052128587,-1023.7,0.71175484810101,221.18691489425,560,591,0,0,1151,-0.14496705174103,0.11525622907908,-238.16352963833,1064.7759070374,1,1151,102,0.8908615735918,10,99,0,-0.3304973467692,0.32881305758082,-251.01807176095,True,False,False
LOGISTIC,SCALE_FREE,900,25,FREQUENCY_200,1399,0.46604717655468,-0.12918824130811,-180.73434959005,-0.66619013581133,-932.00000000005,0.78142091888546,191.45188883729,675,724,0,0,1399,-0.092475082348447,0.063597848210593,-211.72691337195,1034.8228598999,1,1399,103,0.82907213760953,12,120,0,-0.29850215938766,0.3364195643936,-232.09605897462,True,False,False
LOGISTIC,SCALE_FREE,900,25,FREQUENCY_300,1929,0.46604458268533,-0.12879531084714,-248.44615462414,-0.68081907724213,-1313.3000000001,0.77660677339149,263.37780706884,930,999,0,0,1929,-0.092192468484059,0.12408674267036,-281.37283643164,1091.916992224,1,1929,104,0.70050431275322,10,165,0,-0.23584682135816,0.34824069947859,-319.05303754252,True,False,False
LOGISTIC,SCALE_FREE,900,25,FREQUENCY_500,2987,0.46568463341145,-0.10492804469617,-313.42006950747,-0.54144626715769,-1617.3,0.81261762942467,334.63872757455,1419,1568,0,0,2987,-0.068570203720387,0.086485827085745,-355.41979645144,1142.5647843991,1,2987,104,0.49819924139729,11,297,0,-0.2669630969014,0.41124616988926,-422.02094050214,True,False,False
LOGISTIC,SCALE_FREE,900,25,PERCENTILE_100,684,0.46345029239766,-0.18427232993743,-126.0422736772,-1.0131578947369,-693.00000000005,0.71556966053075,134.17807088439,338,346,0,0,684,-0.14861780666426,0.089039938821596,-152.78954884692,1168.912754386,1,684,100,1.0281432100988,8,61,0,-0.32687371114806,0.30200340525942,-150.42996759605,True,False,False
LOGISTIC,SCALE_FREE,900,25,PERCENTILE_150,957,0.4503657262278,-0.17963533617218,-171.91101671678,-0.96781609195405,-926.20000000003,0.71918269577278,184.18130161582,464,493,0,0,957,-0.14348197301952,0.094778899119476,-201.04904852344,1097.5657774295,1,957,102,0.95273595831609,12,77,0,-0.31875023619114,0.32353494171467,-206.50978525387,True,False,False
LOGISTIC,SCALE_FREE,900,25,PERCENTILE_200,1198,0.45325542570952,-0.17506949965446,-209.73326058605,-0.89382303839736,-1070.8,0.72162818034132,223.29570661805,587,611,0,0,1198,-0.13872049348661,0.099642433152876,-238.95921606694,1058.4576569282,1,1198,102,0.88291822514723,10,102,0,-0.3304973467692,0.33742316334039,-253.27936997514,True,False,False
LOGISTIC,SCALE_FREE,900,25,PERCENTILE_300,1595,0.46645768025078,-0.11727276728138,-187.0500638138,-0.59078369905959,-942.30000000005,0.79650557603801,200.20994730407,767,828,0,0,1595,-0.08059333955192,0.088664870056645,-219.97674562131,1021.0504068966,1,1595,104,0.78101463835681,13,143,1,-0.26098805418314,0.32680496789261,-245.55375104229,True,False,False
LOGISTIC,SCALE_FREE,900,25,PERCENTILE_500,2221,0.46285457001351,-0.12806252245363,-284.42686236951,-0.60207113912655,-1337.2000000001,0.77818169403628,293.86448888459,1056,1165,0,0,2221,-0.091358408435241,0.077301821370486,-317.41851724087,1067.564905448,1,2221,104,0.63986484754523,10,198,0,-0.22083758396634,0.36136422309607,-365.94669960434,True,False,False
LOGISTIC,SCALE_FREE,900,25,ROLLING_100,609,0.45320197044335,-0.24487734953825,-149.13030586879,-1.28078817734,-780.00000000006,0.64758164866528,158.51807679671,285,324,0,0,609,-0.20835606855591,0.092297613883276,-170.95060349791,913.75452380952,1,609,97,1.0771045457217,8,57,0,-0.32388898437013,0.35427829446264,-171.37176598704,True,False,False
LOGISTIC,SCALE_FREE,900,25,ROLLING_150,881,0.4472190692395,-0.20430726615235,-179.99470148022,-1.0879682179342,-958.50000000003,0.6830741004341,192.75154145489,413,468,0,0,881,-0.16783744620465,0.11557685173146,-205.0297242667,915.46745062429,1,881,100,0.9797972095373,10,79,0,-0.28947100260563,0.36423271397813,-212.12461285414,True,False,False
LOGISTIC,SCALE_FREE,900,25,ROLLING_200,1134,0.44797178130511,-0.18136829026891,-205.67164116494,-0.95767195767199,-1086,0.71098466465647,218.164716884,539,595,0,0,1134,-0.1447246625554,0.10043051659124,-234.89759664583,1063.7067830688,1,1134,101,0.90292651234974,10,104,0,-0.26582434849105,0.35628555874287,-247.22551499205,True,False,False
LOGISTIC,SCALE_FREE,900,25,ROLLING_300,1534,0.46088657105606,-0.14594051361909,-223.87274789168,-0.75345501955675,-1155.8000000001,0.75732662700722,231.12169910453,725,809,0,0,1534,-0.10924264750039,0.1010108358015,-254.86531167358,1025.1454967405,1,1534,103,0.79516633537207,13,145,0,-0.24051459005201,0.34500600872011,-280.16727451776,True,False,False
LOGISTIC,SCALE_FREE,900,25,ROLLING_500,2187,0.46136259716507,-0.13109063255473,-286.69521339719,-0.61646090534982,-1348.2000000001,0.77366545915883,297.98169146942,1024,1163,0,0,2187,-0.094263909702078,0.076742091005048,-319.68686826855,1071.1656657522,1,2187,104,0.64189950592719,10,210,0,-0.24066571833132,0.36787958681635,-367.23525627593,True,False,False
LOGISTIC,SCALE_FREE,900,25,ZERO,3786,0.46513470681458,-0.10247592708958,-387.97385996116,-0.48396724775488,-1832.3,0.81509780776321,418.67847408072,1763,2023,0,0,3786,-0.066350653016746,0.099152673791805,-435.12975748332,1094.6437115689,1,3786,104,0.37072700823176,13,447,0,-0.2564406885262,0.43920329686007,-524.74414760092,True,False,False
LOGISTIC,SCALE_FREE,900,50,FREQUENCY_100,751,0.45006657789614,-0.17775330434509,-133.49273156316,-0.95019973368847,-713.60000000004,0.72889454272939,146.39583382081,344,407,0,0,751,-0.14003780243408,0.089805545720606,-162.71868704405,1147.6398362184,1,751,100,0.92613757144003,10,75,0,-0.28544316358193,0.32933502990646,-161.81707349833,True,False,False
LOGISTIC,SCALE_FREE,900,50,FREQUENCY_150,1030,0.46601941747573,-0.10601802179359,-109.1985624474,-0.55446601941753,-571.10000000006,0.82371760024187,124.73066892809,470,560,0,0,1030,-0.068278383406213,0.068341926347407,-140.19112622929,1080.6233126214,1,1030,103,0.83140256234209,10,90,0,-0.28847077807809,0.32074983224014,-148.07038998639,True,False,False
LOGISTIC,SCALE_FREE,900,50,FREQUENCY_200,1315,0.46615969581749,-0.098145133539747,-129.06085060477,-0.55209125475289,-726.00000000006,0.83235024645577,145.63964207414,594,721,0,0,1315,-0.060371419936349,0.087316728484515,-161.98753241227,1045.8272798479,1,1315,103,0.73324558335841,11,128,0,-0.2065344315879,0.32384053985377,-178.73328399324,True,False,False
LOGISTIC,SCALE_FREE,900,50,FREQUENCY_300,1893,0.45958795562599,-0.11558249599614,-218.79766492068,-0.63238246170105,-1197.1000000001,0.80263159121864,234.50140145697,842,1051,0,0,1893,-0.0772999426622,0.06966256813117,-251.78931979205,1186.1142477549,1,1893,104,0.58493415400428,11,199,0,-0.21295806497224,0.3553578783759,-291.26653838182,True,False,False
LOGISTIC,SCALE_FREE,900,50,FREQUENCY_500,2890,0.45916955017301,-0.10391306521459,-300.30875847018,-0.54903114186854,-1586.7000000001,0.82131375228495,314.13201315019,1303,1587,0,0,2890,-0.06585923433048,0.06570720115019,-346.75238700326,1151.9720287197,1,2890,104,0.35369852136406,12,340,0,-0.2726674369819,0.41278543898291,-410.28432972526,True,False,False
LOGISTIC,SCALE_FREE,900,50,PERCENTILE_100,628,0.45859872611465,-0.17753787739654,-111.49378700502,-1.0500000000001,-659.40000000005,0.73416176817823,122.79739077143,284,344,0,0,628,-0.14009574591305,0.087198443700385,-138.24106217475,1193.8789458599,1,628,99,0.98676460180064,10,59,0,-0.22047558034747,0.30952983085187,-135.00744557665,True,False,False
LOGISTIC,SCALE_FREE,900,50,PERCENTILE_150,878,0.44874715261959,-0.16896064037515,-148.34744224938,-0.88451025056954,-776.60000000005,0.73742785068665,162.0316987276,399,479,0,0,878,-0.13155367522472,0.094744121617678,-177.57339773027,1109.4549077449,1,878,101,0.87951811730967,12,85,0,-0.33681501273173,0.32414635121317,-181.19075765145,True,False,False
LOGISTIC,SCALE_FREE,900,50,PERCENTILE_200,1104,0.46014492753623,-0.11763062372771,-129.86420859539,-0.57481884057977,-634.60000000006,0.80647317465797,143.73440138409,500,604,0,0,1104,-0.079569577829355,0.091289848914499,-160.85677237729,1070.1247355072,1,1104,103,0.80396124544495,12,103,0,-0.2804795530086,0.31099125351938,-171.88360326717,True,False,False
LOGISTIC,SCALE_FREE,900,50,PERCENTILE_300,1458,0.4636488340192,-0.11673605975242,-170.20117511903,-0.612414266118,-892.90000000004,0.80287013134072,190.27201786095,658,800,0,0,1458,-0.078798136442198,0.10233512043981,-203.12785692654,1151.3856433471,1,1458,103,0.69174019563259,12,141,0,-0.19545107163976,0.33437652254968,-225.51466730534,True,False,False
LOGISTIC,SCALE_FREE,900,50,PERCENTILE_500,2146,0.46039142590867,-0.1003823293936,-215.42047887866,-0.59645852749303,-1280,0.82787309433587,242.73149217622,960,1186,0,0,2146,-0.062347585393687,0.065693976751742,-256.93781758397,1154.5138401678,1,2146,104,0.5208197952558,11,229,0,-0.20868159946213,0.36420213181388,-297.04303950246,True,False,False
LOGISTIC,SCALE_FREE,900,50,ROLLING_100,630,0.44603174603175,-0.21549952356231,-135.76469984426,-1.2233333333334,-770.70000000003,0.68083497098009,147.72720687275,278,352,0,0,630,-0.1771950657516,0.11373565533016,-160.79972263074,918.40676507937,1,630,99,0.99350016896053,10,65,0,-0.28288434304008,0.36027392841399,-159.896508265,True,False,False
LOGISTIC,SCALE_FREE,900,50,ROLLING_150,873,0.45475372279496,-0.14404534239976,-125.75158391499,-0.79713631156935,-695.90000000004,0.76979170333688,141.97268127271,385,488,0,0,873,-0.1064244962475,0.084717750451462,-154.97753939588,1109.3891042383,1,873,101,0.88498207989493,9,86,0,-0.30529994915515,0.34399474156303,-158.59458260591,True,False,False
LOGISTIC,SCALE_FREE,900,50,ROLLING_200,1110,0.46216216216216,-0.12108489442395,-134.40423281058,-0.64342342342348,-714.20000000006,0.8023450107234,148.95947363563,501,609,0,0,1110,-0.083131241997119,0.11229257719118,-165.39679659248,1068.8002837838,1,1110,102,0.80112833720952,12,110,0,-0.20687513738346,0.32407035820003,-176.53278700436,True,False,False
LOGISTIC,SCALE_FREE,900,50,ROLLING_300,1500,0.45133333333333,-0.13863503016715,-207.95254525072,-0.73780000000004,-1106.7000000001,0.76990041538285,219.49551556771,672,828,0,0,1500,-0.10036189615485,0.12017914401531,-240.87922705823,1143.9859493333,1,1500,103,0.67927185479364,13,155,0,-0.19397446186463,0.3487858968805,-265.36224626917,True,False,False
LOGISTIC,SCALE_FREE,900,50,ROLLING_500,2148,0.4608938547486,-0.10153272326536,-218.09228957399,-0.60460893854751,-1298.7000000001,0.82675156289968,243.79438771954,955,1193,0,0,2148,-0.063389682955145,0.065191840016093,-259.6096282793,1154.4163663873,1,2148,104,0.51742169110416,11,241,0,-0.22972813340207,0.36613397591968,-300.02354016033,True,False,False
LOGISTIC,SCALE_FREE,900,50,ZERO,2844,0.46518987341772,-0.092539897573617,-263.18346869937,-0.52454289732771,-1491.8,0.83823723976493,294.41744347285,1262,1582,0,0,2844,-0.055206657614605,0.15069009793296,-309.39529695798,1156.4480499297,1,2844,104,0.38020174036651,10,357,0,-0.26997076384499,0.39568450516226,-369.3592031428,True,False,False
RANDOM_FOREST,FULL486,300,0,FREQUENCY_100,371,0.47978436657682,-0.10746095660138,-39.868014899113,-0.32318059299197,-119.90000000002,0.76424964162373,58.404602306947,37,334,0,0,371,-0.071639497045833,0.095086949209614,-57.390166022246,312.77502156334,1,371,91,0.11203557070686,8,21,2,-0.33879965028132,0.33479741789857,-53.157776394221,True,False,False
RANDOM_FOREST,FULL486,300,0,FREQUENCY_150,653,0.49004594180704,-0.078088456953949,-50.991762390929,-0.13292496171519,-86.80000000002,0.8059947249633,65.122596305254,84,569,0,0,653,-0.045264607976637,0.096173202244914,-69.191265292294,312.33296324655,1,653,100,0.076030705972309,13,46,1,-0.23632500856463,0.41076256286541,-72.425735773113,True,False,False
RANDOM_FOREST,FULL486,300,0,FREQUENCY_200,1030,0.47184466019417,-0.086371038151652,-88.962169296201,-0.32747572815534,-337.3,0.77563489332257,102.63406226353,164,866,0,0,1030,-0.055416976615708,0.076192493155916,-110.08731108686,312.94773883495,1,1030,104,0.050642706977567,12,83,1,-0.19324575401225,0.44430744390296,-120.84485267822,True,False,False
RANDOM_FOREST,FULL486,300,0,FREQUENCY_300,1496,0.46590909090909,-0.078203584471199,-116.99256236891,-0.40080213903743,-599.6,0.78043337813416,130.33901814702,259,1237,0,0,1496,-0.048185898378881,0.11916264203653,-139.22635406879,311.92832553476,1,1496,104,0.036497651182228,8,114,1,-0.11249839692607,0.49081076508477,-161.89902076302,True,False,False
RANDOM_FOREST,FULL486,300,0,FREQUENCY_500,2727,0.45397873120645,-0.087306147803718,-238.08386506074,-0.51884855152181,-1414.9,0.75002825562986,250.91824452777,574,2153,0,0,2727,-0.058787362515293,0.073333787459727,-260.59922503034,311.51225375871,1,2727,106,0.0049527725172842,13,228,0,-0.10882321722517,0.55466681183543,-315.85459254227,True,False,False
RANDOM_FOREST,FULL486,300,0,PERCENTILE_100,381,0.49606299212598,-0.075596086889567,-28.802109104925,-0.12388451443575,-47.200000000019,0.83031495299331,47.854872492203,43,338,0,0,381,-0.041380942400483,0.10450294996784,-46.324260228059,312.24187139108,1,381,95,0.095505730980579,8,27,3,-0.35469116472752,0.3465707074219,-41.838079155266,True,False,False
RANDOM_FOREST,FULL486,300,0,PERCENTILE_150,579,0.49913644214162,-0.078007532144455,-45.16636111164,-0.09844559585495,-57.000000000016,0.80973511120647,59.377109365234,66,513,0,0,579,-0.045135032240981,0.1014717818386,-62.688512234773,311.79372711572,1,579,98,0.077393247859133,13,40,1,-0.32325924505679,0.3820689701482,-64.199538555751,True,False,False
RANDOM_FOREST,FULL486,300,0,PERCENTILE_200,830,0.48313253012048,-0.076567042213013,-63.550645036801,-0.18144578313255,-150.60000000002,0.80091527873575,79.059446226064,119,711,0,0,830,-0.044821598534329,0.058519497403538,-81.750147938166,314.67583493976,1,830,103,0.061812133870834,11,64,1,-0.2424629155216,0.41806595582592,-89.899363290108,True,False,False
RANDOM_FOREST,FULL486,300,0,PERCENTILE_300,1279,0.46286161063331,-0.085139266504693,-108.8931218595,-0.43315089913995,-554,0.76972694088062,123.96322543813,211,1068,0,0,1279,-0.054694353257518,0.11375436458338,-130.64585911075,311.88297967162,1,1279,104,0.041796176584571,13,95,1,-0.11532252141025,0.46115457043805,-147.83216590264,True,False,False
RANDOM_FOREST,FULL486,300,0,PERCENTILE_500,2189,0.46048423937871,-0.078562176910634,-171.97260525738,-0.39090909090908,-855.69999999998,0.77424143810251,186.51031234517,421,1768,0,0,2189,-0.049564670233512,0.070110642225472,-194.48796522698,311.86714572864,1,2189,106,0.015647192826422,15,190,0,-0.10935319016577,0.54407628718098,-235.4481473736,True,False,False
RANDOM_FOREST,FULL486,300,0,ROLLING_100,571,0.49211908931699,-0.097372063123441,-55.599448043485,-0.26374781085816,-150.60000000001,0.76722779627466,69.30563924153,74,497,0,0,571,-0.065007712315555,0.075683193947945,-73.121599166619,311.75819789842,1,571,98,0.071067435899576,13,43,1,-0.3555545724231,0.37587095636108,-74.079492354788,True,False,False
RANDOM_FOREST,FULL486,300,0,ROLLING_150,835,0.48622754491018,-0.080518537283923,-67.232978632076,-0.22514970059882,-188.00000000001,0.79530290127595,85.485430356709,123,712,0,0,835,-0.049099265618052,0.059274553047108,-85.432481533441,314.93958323353,1,835,102,0.056509851308439,11,73,1,-0.23935230931515,0.41624300030311,-93.468070473078,True,False,False
RANDOM_FOREST,FULL486,300,0,ROLLING_200,1071,0.47432306255836,-0.091340619234879,-97.825803200556,-0.42791783380019,-458.30000000001,0.76030440028214,110.86530264333,172,899,0,0,1071,-0.060529454029846,0.11477995892071,-116.02530610192,312.37458636788,1,1071,103,0.047149410805478,12,87,1,-0.18663279225198,0.43186462817134,-130.82456113515,True,False,False
RANDOM_FOREST,FULL486,300,0,ROLLING_300,1592,0.46670854271357,-0.072044618190872,-114.69503215987,-0.31909547738694,-508,0.79599670520967,132.6698656336,279,1313,0,0,1592,-0.042517567810731,0.089111103638116,-136.92882385975,312.36486557789,1,1592,105,0.029914476498451,9,127,1,-0.10288027566162,0.49668335074342,-161.70209636505,True,False,False
RANDOM_FOREST,FULL486,300,0,ROLLING_500,2567,0.45227892481496,-0.086264956209182,-221.44214258897,-0.4974678613167,-1277,0.75258306705766,234.2476482007,530,2037,0,0,2567,-0.057611303388404,0.069921971693686,-243.95750255857,312.31882236073,1,2567,106,0.0067190114466488,13,228,0,-0.11662471243545,0.5482028424884,-294.99606937991,True,False,False
RANDOM_FOREST,FULL486,300,0,ZERO,1241,0.45608380338437,-0.070849273157552,-87.923947988523,-0.22707493956488,-281.80000000002,0.79608213015623,111.40888725775,170,1071,0,0,1241,-0.03832469821018,0.094392017553161,-107.9432502788,307.65856083803,1,1241,76,0.061508859317985,10,3,3,-0.098737132165472,0.52112158820983,-128.28694549821,True,False,False
RANDOM_FOREST,FULL486,300,25,FREQUENCY_100,478,0.5020920502092,-0.091480438631667,-43.727649665937,-0.14539748953977,-69.500000000008,0.7898830416936,61.62133832832,56,422,0,0,478,-0.057734968704552,0.092318033133605,-61.24980078907,312.00770920502,1,478,97,0.087050119565079,8,36,2,-0.33393989081587,0.34976599316208,-59.857984291098,True,False,False
RANDOM_FOREST,FULL486,300,25,FREQUENCY_150,785,0.47770700636943,-0.089195763542582,-70.018674380927,-0.30649681528664,-240.60000000002,0.77109883501233,87.629959118166,106,679,0,0,785,-0.056797006782242,0.065180135238077,-88.218177282293,312.34883312102,1,785,101,0.06340502114971,11,58,1,-0.26086711806181,0.38177459848047,-95.451698437794,True,False,False
RANDOM_FOREST,FULL486,300,25,FREQUENCY_200,999,0.47247247247247,-0.089207923058027,-89.118715134969,-0.38008008008007,-379.69999999999,0.77147348298119,105.36983654017,152,847,0,0,999,-0.057725777423947,0.084448129663091,-110.24385692563,311.37406006006,1,999,103,0.052377634595826,12,58,1,-0.17088423723612,0.41264859563592,-120.56937862341,True,False,False
RANDOM_FOREST,FULL486,300,25,FREQUENCY_300,1565,0.45814696485623,-0.084060825150319,-131.55519136025,-0.4238338658147,-663.3,0.76999516406247,146.16807151947,270,1295,0,0,1565,-0.053761002036206,0.10756725244204,-154.07055132985,311.32902044728,1,1565,105,0.032818086356765,11,103,1,-0.11691675740007,0.47209812318063,-178.97441453384,True,False,False
RANDOM_FOREST,FULL486,300,25,FREQUENCY_500,2842,0.45073891625616,-0.090218204078468,-256.40013599101,-0.51745249824068,-1470.6,0.74339599125913,265.26992278875,598,2244,0,0,2842,-0.060727156874814,0.079009101155167,-280.03194606878,311.17622273047,1,2842,106,-0.0017079053309876,11,217,0,-0.11398942481017,0.53475514245801,-340.21369214379,True,False,False
RANDOM_FOREST,FULL486,300,25,PERCENTILE_100,384,0.49739583333333,-0.08223981364492,-31.580088439649,-0.12734375000001,-48.900000000002,0.81612085711831,50.632851826927,43,341,0,0,384,-0.047926323698505,0.10582414845393,-49.102239562783,312.1546484375,1,384,95,0.094767803131293,7,27,3,-0.35469116472752,0.32485501790722,-44.756468579073,True,False,False
RANDOM_FOREST,FULL486,300,25,PERCENTILE_150,609,0.4991789819376,-0.072719156218238,-44.285966136907,-0.12348111658457,-75.200000000003,0.82069294657695,59.213606862198,69,540,0,0,609,-0.039382372063933,0.095280110673341,-61.808117260041,311.54475533662,1,609,98,0.076903120771928,13,40,1,-0.25010427249143,0.35907584066225,-64.588067686879,True,False,False
RANDOM_FOREST,FULL486,300,25,PERCENTILE_200,831,0.47412755716005,-0.09104608335813,-75.659295270606,-0.32322503008425,-268.60000000001,0.76865627504394,90.572820169645,117,714,0,0,831,-0.059054471298156,0.051921348498888,-93.858798171972,314.64357641396,1,831,103,0.060365298745547,12,64,1,-0.25750324053166,0.39188746696228,-102.24432489244,True,False,False
RANDOM_FOREST,FULL486,300,25,PERCENTILE_300,1323,0.45956160241875,-0.094211305763624,-124.64155752527,-0.52569916855631,-695.49999999999,0.74878499668206,137.36072348426,211,1112,0,0,1323,-0.063451748884759,0.13899690204029,-146.87534922515,311.62718972033,1,1323,104,0.038779207520996,10,95,1,-0.12860698152935,0.44456220683707,-165.33645127601,True,False,False
RANDOM_FOREST,FULL486,300,25,PERCENTILE_500,2264,0.45273851590106,-0.085613753754705,-193.82953850065,-0.45737632508834,-1035.5,0.75904109718043,209.98504242883,424,1840,0,0,2264,-0.055976634572325,0.071751057359385,-216.34489847025,311.57129770318,1,2264,106,0.011271198264591,14,190,0,-0.11581671324263,0.5126097063003,-260.92797632956,True,False,False
RANDOM_FOREST,FULL486,300,25,ROLLING_100,719,0.48956884561892,-0.085846337507228,-61.723516667697,-0.24116828929067,-173.39999999999,0.78639168484717,73.256694698397,108,611,0,0,719,-0.053833902233709,0.065005108472128,-79.415215271321,315.22099443672,1,719,101,0.060946481325886,11,63,1,-0.30223442032596,0.37672553126102,-84.740457629357,True,False,False
RANDOM_FOREST,FULL486,300,25,ROLLING_150,1031,0.47235693501455,-0.09966334249828,-102.75290611573,-0.49592628516004,-511.3,0.74433612044012,115.19712926828,164,867,0,0,1031,-0.068644322576576,0.11696653870264,-120.95240901709,312.81875072745,1,1031,103,0.046021428654264,12,87,1,-0.21379111222325,0.41087316591663,-134.733515655,True,False,False
RANDOM_FOREST,FULL486,300,25,ROLLING_200,1353,0.45971914264597,-0.091530818919482,-123.84119799806,-0.48854397634885,-661,0.75518499221065,140.05971185607,229,1124,0,0,1353,-0.061314071569236,0.12294933741904,-144.96633978872,312.76748558758,1,1353,104,0.033713053299682,9,114,1,-0.13077839914847,0.44564718816494,-164.72445716294,True,False,False
RANDOM_FOREST,FULL486,300,25,ROLLING_300,2001,0.45927036481759,-0.082442583296083,-164.96760917546,-0.42123938030986,-842.90000000002,0.76644937702365,178.96283409869,383,1618,0,0,2001,-0.053266638494828,0.073497605515576,-187.48296914506,312.38496851574,1,2001,106,0.015303445351676,11,182,0,-0.11867532294217,0.52238728193213,-223.34867472277,True,False,False
RANDOM_FOREST,FULL486,300,25,ROLLING_500,3079,0.46021435531017,-0.074647573675501,-229.83987934687,-0.36651510230594,-1128.5,0.78259762977435,247.91780079956,686,2393,0,0,3079,-0.045961464071568,0.13913652426013,-259.58648735699,314.32178467035,1,3079,106,-0.007526275874895,18,297,1,-0.11996716042619,0.55301427025155,-318.16441081738,True,False,False
RANDOM_FOREST,FULL486,300,25,ZERO,1130,0.45132743362832,-0.080662238433301,-91.14832942963,-0.31424778761062,-355.10000000001,0.77561849371895,113.78670001594,131,999,0,0,1130,-0.047269268978181,0.098013040667567,-111.16763171991,308.32475221239,1,1130,76,0.06323069604259,11,3,3,-0.11153097026157,0.46841706882177,-128.88238491391,True,False,False
RANDOM_FOREST,FULL486,300,50,FREQUENCY_100,510,0.49019607843137,-0.11028464243999,-56.245167644394,-0.35705882352941,-182.1,0.74799515471081,72.529019064004,58,452,0,0,510,-0.0756538463663,0.098909531336113,-73.767318767528,311.75658235294,1,510,97,0.080469162247918,15,38,1,-0.40599116787099,0.32685468926849,-73.906873641975,True,False,False
RANDOM_FOREST,FULL486,300,50,FREQUENCY_150,736,0.46875,-0.11106783734769,-81.745928287897,-0.47826086956522,-352,0.73523206933957,96.881909821163,92,644,0,0,736,-0.076995016935292,0.091931534820642,-102.87107007856,312.62533695652,1,736,99,0.066581716630111,14,54,1,-0.2513846478847,0.36364377977009,-106.82352411142,True,False,False
RANDOM_FOREST,FULL486,300,50,FREQUENCY_200,1019,0.46908734052993,-0.10264455885317,-104.59480547138,-0.46575073601568,-474.59999999998,0.74597810753989,121.67244523817,151,868,0,0,1019,-0.06977762652823,0.095822734277298,-125.71994726204,313.11846908734,1,1019,102,0.048435063558802,9,70,1,-0.14403055158389,0.41027340562636,-138.0862095105,True,False,False
RANDOM_FOREST,FULL486,300,50,FREQUENCY_300,1704,0.4518779342723,-0.096880502596035,-165.08437642364,-0.46320422535211,-789.3,0.74639857615308,182.90016599024,315,1389,0,0,1704,-0.064249313737707,0.077192886653953,-187.58641310426,312.34093192488,1,1704,105,0.016924233928594,11,123,1,-0.1183583395793,0.4528071535485,-220.68792223823,True,False,False
RANDOM_FOREST,FULL486,300,50,FREQUENCY_500,2984,0.45844504021448,-0.086584273129818,-258.36747101938,-0.30928284182304,-922.89999999996,0.7680192856309,280.97803835654,718,2266,0,0,2984,-0.052360927144294,0.16107700367956,-290.00022977656,311.8691849866,1,2984,106,-0.031419397104667,13,216,1,-0.13538460162578,0.48982727071229,-360.48993544018,True,False,False
RANDOM_FOREST,FULL486,300,50,PERCENTILE_100,384,0.50520833333333,-0.083820248298876,-32.186975346769,-0.16302083333335,-62.600000000008,0.81280972487417,52.172023704677,44,340,0,0,384,-0.049045065291458,0.11087253345298,-49.709126469902,311.63323958333,1,384,95,0.093095248242816,9,28,2,-0.35469116472752,0.32006540459526,-45.540645621617,True,False,False
RANDOM_FOREST,FULL486,300,50,PERCENTILE_150,630,0.47936507936508,-0.1183348003643,-74.550924229508,-0.48746031746033,-307.10000000001,0.72596836230233,91.344835387203,70,560,0,0,630,-0.083841757152302,0.10604034685383,-92.750427130873,312.98727301587,1,630,98,0.072930648951845,13,44,1,-0.29200926883228,0.3562409531881,-96.281541453065,True,False,False
RANDOM_FOREST,FULL486,300,50,PERCENTILE_200,869,0.46835443037975,-0.11661284458501,-101.33656194437,-0.49631760644417,-431.29999999998,0.72438495695396,117.4769230725,117,752,0,0,869,-0.083565983330662,0.08525292880733,-122.46170373503,313.66298504028,1,869,102,0.053904422046309,14,69,1,-0.22890815370692,0.38921297749749,-130.05428437439,True,False,False
RANDOM_FOREST,FULL486,300,50,PERCENTILE_300,1364,0.4574780058651,-0.095697996643525,-130.53206742177,-0.41598240469208,-567.39999999999,0.75313228022549,146.4941098016,228,1136,0,0,1364,-0.063121732672407,0.10878305604314,-153.03410410238,313.37798973607,1,1364,105,0.030174237169253,11,103,1,-0.13001487729037,0.43874515746837,-174.96609147837,True,False,False
RANDOM_FOREST,FULL486,300,50,PERCENTILE_500,2342,0.45644748078565,-0.099812310012129,-233.76043004841,-0.48099914602904,-1126.5,0.73627742939291,257.25558192911,499,1843,0,0,2342,-0.067641406249248,0.067377073437809,-256.26246672902,312.93767122118,1,2342,105,-0.0057366286720448,12,186,1,-0.12943274355629,0.48284217813481,-309.10468666107,True,False,False
RANDOM_FOREST,FULL486,300,50,ROLLING_100,881,0.46992054483541,-0.12039130244169,-106.06473745113,-0.60385925085131,-532,0.71239392559282,118.38719771688,139,742,0,0,881,-0.088090485172191,0.11312306535393,-124.26424035249,314.10183087401,1,881,101,0.048867657040998,14,79,1,-0.23106497212684,0.38374758483579,-134.52175746555,True,False,False
RANDOM_FOREST,FULL486,300,50,ROLLING_150,1231,0.46547522339561,-0.088117142742001,-108.4722027154,-0.3922826969943,-482.89999999998,0.77332826370002,124.66549190683,215,1016,0,0,1231,-0.056774370237613,0.11077903647102,-130.22493996665,314.68258813972,1,1231,103,0.032575235755296,11,106,1,-0.12546574770071,0.44450919631713,-147.0551556683,True,False,False
RANDOM_FOREST,FULL486,300,50,ROLLING_200,1543,0.45884640311082,-0.090812141158119,-140.12313380698,-0.40615683732988,-626.7,0.76081389068384,158.97223638724,296,1247,0,0,1543,-0.059869132414509,0.07558786303108,-162.62517048759,314.64924432923,1,1543,105,0.019247741327637,12,146,1,-0.12940664776611,0.49445812667482,-187.86819629837,True,False,False
RANDOM_FOREST,FULL486,300,50,ROLLING_300,2087,0.46142788691902,-0.083687621294925,-174.65606564251,-0.35783421178724,-746.79999999996,0.77534669954561,204.04193836448,441,1646,0,0,2087,-0.053041036322807,0.1903017433457,-204.40267365263,315.4233009104,1,2087,105,0.0014056319112585,11,213,1,-0.12776592546517,0.50241312551426,-238.61548847932,True,False,False
RANDOM_FOREST,FULL486,300,50,ROLLING_500,2986,0.46416610850636,-0.075197809604752,-224.54065947979,-0.31379772270596,-936.99999999999,0.79241757217061,251.93571550358,736,2250,0,0,2986,-0.04437815273349,0.090624284596181,-256.63521519556,314.96565606162,1,2986,106,-0.021029062572161,13,325,1,-0.12942758192679,0.50872878647797,-316.56815489738,True,False,False
RANDOM_FOREST,FULL486,300,50,ZERO,846,0.45626477541371,-0.085936760956847,-72.702499769492,-0.21099290780141,-178.5,0.77816194247292,92.881523900413,73,773,0,0,846,-0.049408113106864,0.099526490614869,-92.240747611144,310.57305555556,1,846,76,0.071779913666552,10,3,2,-0.11828691755036,0.42323877113962,-103.60573585058,True,False,False
RANDOM_FOREST,FULL486,600,0,FREQUENCY_100,390,0.50769230769231,-0.0167384874795,-6.528010117005,0.4089743589743,159.49999999998,0.96696562932072,34.15547879225,77,313,0,0,390,0.016947319185251,0.087027274170856,-27.518676486124,623.94537948718,1,390,88,0.12615625107268,7,29,2,-0.27979787588678,0.41856078256068,-19.665474716258,True,False,False
RANDOM_FOREST,FULL486,600,0,FREQUENCY_150,795,0.49308176100629,-0.04699455363287,-37.360670138131,-0.067421383647847,-53.600000000038,0.89954629832723,72.952240545136,189,606,0,0,795,-0.01413215680061,0.066814041625417,-59.397681856732,617.78470440252,1,795,101,0.080927855596153,12,67,1,-0.23373728503492,0.40863371312279,-63.486275619778,True,False,False
RANDOM_FOREST,FULL486,600,0,FREQUENCY_200,1128,0.4813829787234,-0.057965828729891,-65.385454807318,-0.19210992907806,-216.70000000005,0.87895375432824,101.09062640326,291,837,0,0,1128,-0.026288219362187,0.08046864743055,-90.400041329908,618.94088652482,1,1128,105,0.063015917407538,9,112,1,-0.21854491205545,0.44580746795234,-101.11779817409,True,False,False
RANDOM_FOREST,FULL486,600,0,FREQUENCY_300,1727,0.47712796757383,-0.064263334007285,-110.98277783058,-0.28112333526352,-485.50000000009,0.86280238025161,151.45626311638,479,1248,0,0,1727,-0.032977646420368,0.067857605005872,-137.52017945393,617.27704169079,1,1727,105,0.041852091374392,9,140,1,-0.16710573871782,0.47383682411265,-165.01316029319,True,False,False
RANDOM_FOREST,FULL486,600,0,FREQUENCY_500,2798,0.4639027877055,-0.09200580432687,-257.43224050658,-0.61247319513944,-1713.7000000001,0.80410004700804,272.95617890508,848,1950,0,0,2798,-0.061947349822929,0.080779734753358,-287.57285378918,614.31760436026,1,2798,105,0.0098693091378146,12,264,1,-0.13995465969562,0.54569987329474,-341.53579620861,True,False,False
RANDOM_FOREST,FULL486,600,0,PERCENTILE_100,407,0.4963144963145,-0.015044684702569,-6.1231866739458,0.35282555282546,143.59999999996,0.96954395026155,35.314387130623,86,321,0,0,407,0.017894379444531,0.10768869469468,-27.809359414567,620.69806142506,1,407,90,0.11017096085435,9,40,2,-0.35374156496657,0.40374152639475,-19.529385781816,True,False,False
RANDOM_FOREST,FULL486,600,0,PERCENTILE_150,651,0.49462365591398,-0.046086984945879,-30.002627199767,-0.039938556067627,-26.000000000025,0.90286883896395,63.578126641205,152,499,0,0,651,-0.014168532953704,0.071685218422164,-50.993293568886,620.1350015361,1,651,98,0.086987488414123,7,62,2,-0.24703973346707,0.42148887642704,-50.781539446673,True,False,False
RANDOM_FOREST,FULL486,600,0,PERCENTILE_200,871,0.49942594718714,-0.026135435548968,-22.763964363152,0.12411021814003,108.09999999997,0.94326409377535,64.98617794946,216,655,0,0,871,0.005891357809287,0.085733651210277,-47.289235313129,621.73478760046,1,871,102,0.073139548377302,12,82,1,-0.22169551025274,0.41654813961828,-50.659301378192,True,False,False
RANDOM_FOREST,FULL486,600,0,PERCENTILE_300,1300,0.47615384615385,-0.072385827970461,-94.1015763616,-0.32907692307697,-427.80000000006,0.85059599496612,131.2545781185,336,964,0,0,1300,-0.040980520782346,0.10840435885872,-120.26038925415,618.65993923077,1,1300,105,0.054276960898129,8,127,1,-0.22486276307745,0.45791588742153,-134.92847570615,True,False,False
RANDOM_FOREST,FULL486,600,0,PERCENTILE_500,2112,0.48200757575758,-0.066090259581726,-139.58262823661,-0.32500000000006,-686.40000000012,0.85704535373929,170.11002604246,590,1522,0,0,2112,-0.035427181402223,0.062329829246426,-166.12002985995,615.87095501894,1,2112,105,0.027781766389674,10,203,1,-0.17823675375449,0.49396922350702,-204.34304935172,True,False,False
RANDOM_FOREST,FULL486,600,0,ROLLING_100,530,0.50188679245283,-0.049867594302094,-26.42982498011,0.0066037735848454,3.4999999999681,0.89768287885067,56.378208630247,123,407,0,0,530,-0.017780123665743,0.08098463755035,-47.213642105984,618.24155849057,1,530,93,0.09781601233734,7,46,2,-0.49444747131042,0.43328597143152,-43.436184417375,True,False,False
RANDOM_FOREST,FULL486,600,0,ROLLING_150,776,0.48969072164948,-0.049194145152123,-38.174656638047,-0.0055412371134574,-4.300000000043,0.89582221953102,78.471152644913,195,581,0,0,776,-0.017007196597948,0.077891743203476,-62.699927588025,620.30915335052,1,776,100,0.079746288555524,11,67,1,-0.21914050060803,0.4169197086441,-63.151728716087,True,False,False
RANDOM_FOREST,FULL486,600,0,ROLLING_200,1015,0.48768472906404,-0.04419481720951,-44.857739467653,-0.13044334975373,-132.40000000004,0.90557785054891,84.717950202254,255,760,0,0,1015,-0.01241904289547,0.078968020524198,-69.383010417631,620.3029635468,1,1015,103,0.066116280688224,12,94,1,-0.23273737328891,0.42001943254173,-77.110150396404,True,False,False
RANDOM_FOREST,FULL486,600,0,ROLLING_300,1475,0.47593220338983,-0.063148675002494,-93.144295628678,-0.26888135593226,-396.60000000009,0.86653181750222,130.3293465604,387,1088,0,0,1475,-0.031814304435833,0.072139582754874,-119.68169725203,619.50599389831,1,1475,105,0.048157460495958,10,141,1,-0.18664533235499,0.46733399170989,-139.3624922145,True,False,False
RANDOM_FOREST,FULL486,600,0,ROLLING_500,2256,0.47429078014184,-0.08190734914446,-184.7829796699,-0.46227836879437,-1042.9000000001,0.8257997093338,208.18164674328,649,1607,0,0,2256,-0.05156281149251,0.063869427395641,-211.32038129325,616.33088475177,1,2256,105,0.023549114343448,10,219,1,-0.18559821739693,0.50899761073985,-253.2402566127,True,False,False
RANDOM_FOREST,FULL486,600,0,ZERO,1457,0.47700754975978,-0.074267235354143,-108.20736191099,-0.27865477007559,-406.00000000013,0.84436367634576,127.4413646257,452,1005,0,0,1457,-0.041474848336487,0.10332568953832,-135.39830223779,608.99621276596,1,1457,90,0.059967189265227,9,14,1,-0.15162186721947,0.48179643101355,-155.98586979571,True,False,False
RANDOM_FOREST,FULL486,600,25,FREQUENCY_100,516,0.49031007751938,-0.014704633156376,-7.5875907086901,0.25852713178291,133.39999999998,0.96959711829549,43.195281626185,120,396,0,0,516,0.017912807485736,0.078104355555809,-28.578257077809,622.50561046512,1,516,95,0.099053060355913,8,53,3,-0.30517158097751,0.41071422687464,-24.41819008002,True,False,False
RANDOM_FOREST,FULL486,600,25,FREQUENCY_150,815,0.49693251533742,-0.050088082824051,-40.821787501602,-0.075582822085923,-61.600000000027,0.89344619282201,74.633259174664,197,618,0,0,815,-0.017438072355519,0.074506865227972,-62.858799220202,620.78477300613,1,815,103,0.076944026122836,11,76,1,-0.261167959842,0.40729115621241,-67.431546033456,True,False,False
RANDOM_FOREST,FULL486,600,25,FREQUENCY_200,1136,0.47447183098592,-0.070788838476283,-80.416120509057,-0.25880281690145,-294.00000000005,0.85460068393606,114.03495552249,290,846,0,0,1136,-0.038949415815632,0.092121505901901,-105.43070703165,619.20912411972,1,1136,105,0.061418279695352,9,114,1,-0.21422834341456,0.43729062400708,-116.58570465156,True,False,False
RANDOM_FOREST,FULL486,600,25,FREQUENCY_300,1736,0.47465437788018,-0.064921393815911,-112.70353966442,-0.25731566820282,-446.70000000009,0.86229721531569,149.48737754789,475,1261,0,0,1736,-0.03281401994716,0.072188556940191,-139.24094128777,618.35311117512,1,1736,105,0.037982690239721,10,166,1,-0.20825799827532,0.45393978491455,-168.44194070057,True,False,False
RANDOM_FOREST,FULL486,600,25,FREQUENCY_500,2830,0.45759717314488,-0.097068572301566,-274.70405961343,-0.60505300353362,-1712.3000000001,0.79794266138903,286.29532551122,847,1983,0,0,2830,-0.065862126999214,0.094112939020777,-303.98885778238,675.81855971731,1,2830,105,9.7246656180772e-05,10,256,1,-0.16769652183258,0.52308117091545,-363.01829981909,True,False,False
RANDOM_FOREST,FULL486,600,25,PERCENTILE_100,411,0.4963503649635,-0.010842776444125,-4.4563811185353,0.33479318734784,137.59999999996,0.97763089492947,33.647581575212,88,323,0,0,411,0.02203448690054,0.10998238324223,-26.142553859156,620.57218491484,1,411,89,0.10913909646189,9,40,2,-0.35374156496657,0.39488346640915,-17.968936353193,True,False,False
RANDOM_FOREST,FULL486,600,25,PERCENTILE_150,650,0.49384615384615,-0.043970090980825,-28.580559137536,-0.012615384615401,-8.2000000000109,0.90641434356404,61.329385929675,153,497,0,0,650,-0.011570234019731,0.074545657166635,-49.571225506655,620.34343384615,1,650,98,0.08620929189845,10,62,2,-0.27318324108933,0.41379522139123,-49.640466162247,True,False,False
RANDOM_FOREST,FULL486,600,25,PERCENTILE_200,857,0.50291715285881,-0.02017540875694,-17.290325304698,0.20711785297546,177.49999999997,0.95595131979819,57.61581269051,205,652,0,0,857,0.012104707144694,0.087643661255338,-41.815596254676,622.02188798133,1,857,102,0.072504807754396,9,82,1,-0.24608128618727,0.41128325179468,-44.954384632399,True,False,False
RANDOM_FOREST,FULL486,600,25,PERCENTILE_300,1320,0.47954545454545,-0.056427621290121,-74.48446010296,-0.20431818181824,-269.70000000008,0.8819541099359,107.3111995081,335,985,0,0,1320,-0.024568212302009,0.10472548337225,-101.02186172631,621.44218939394,1,1320,105,0.052199574615269,10,130,1,-0.20369062373041,0.44741745631792,-116.53887996727,True,False,False
RANDOM_FOREST,FULL486,600,25,PERCENTILE_500,2078,0.47690086621752,-0.074985930978345,-155.820764573,-0.36669874879697,-762.00000000011,0.84049272198433,183.0247358245,569,1509,0,0,2078,-0.043897819637216,0.059156253407604,-184.15593126977,616.94665928778,1,2078,105,0.024538777012522,9,201,1,-0.18668228514509,0.50095335954083,-220.42185993987,True,False,False
RANDOM_FOREST,FULL486,600,25,ROLLING_100,667,0.49325337331334,-0.041018636484564,-27.359430535204,0.05262368815588,35.099999999972,0.91228549632041,64.374196043276,163,504,0,0,667,-0.0087645416077796,0.079383168432588,-48.350096904323,622.21206296852,1,667,97,0.085896836702411,8,61,2,-0.2866381123653,0.41413028659514,-48.87291181802,True,False,False
RANDOM_FOREST,FULL486,600,25,ROLLING_150,963,0.4932502596054,-0.029589269633351,-28.494466656917,0.0085150571131536,8.199999999967,0.9362771652603,69.230804655707,233,730,0,0,963,0.00236408854827,0.086252145476487,-53.019737606895,621.75989719626,1,963,103,0.06647463515101,11,93,1,-0.23733086323132,0.41106056698289,-59.265550585818,True,False,False
RANDOM_FOREST,FULL486,600,25,ROLLING_200,1258,0.48012718600954,-0.056020594800063,-70.473908258479,-0.15524642289352,-195.30000000005,0.88313820911493,103.00255523816,315,943,0,0,1258,-0.024514447999963,0.10227389773912,-96.632721151032,623.05593481717,1,1258,105,0.053330244152459,8,127,1,-0.19815169850995,0.44810402820522,-110.10864093301,True,False,False
RANDOM_FOREST,FULL486,600,25,ROLLING_300,1750,0.47885714285714,-0.071761653542114,-125.5828936987,-0.3504571428572,-613.3000000001,0.8489300912469,156.81964072949,455,1295,0,0,1750,-0.040565299000796,0.066160560201001,-152.12029532205,618.89386628571,1,1750,105,0.034336971756282,10,185,1,-0.18871016417022,0.47159477549308,-180.17651414601,True,False,False
RANDOM_FOREST,FULL486,600,25,ROLLING_500,2539,0.46790074832611,-0.093079389036988,-236.32856876491,-0.59208349743998,-1503.3000000001,0.80508976087408,248.01112635578,711,1828,0,0,2539,-0.062692466960493,0.080486874093395,-265.61336693386,617.60306380465,1,2539,105,0.0090488961038639,9,288,1,-0.15998713132673,0.51890455866485,-313.48096391713,True,False,False
RANDOM_FOREST,FULL486,600,25,ZERO,1284,0.47741433021807,-0.068648889908276,-88.145174642226,-0.18029595015585,-231.50000000011,0.85821471835674,111.92176124792,371,913,0,0,1284,-0.034688522088984,0.0954800845116,-115.33611496903,610.6085771028,1,1284,90,0.063885547618956,9,14,1,-0.1606986667858,0.43530972480112,-131.7502869222,True,False,False
RANDOM_FOREST,FULL486,600,50,FREQUENCY_100,526,0.49429657794677,-0.04789172118382,-25.19104534269,0.030038022813624,15.799999999966,0.90468466615668,61.48064462807,119,407,0,0,526,-0.013710998143878,0.097922349634982,-46.334510429292,623.72177756654,1,526,97,0.09499232276553,14,52,1,-0.33073601719603,0.38450895935384,-43.170105661699,True,False,False
RANDOM_FOREST,FULL486,600,50,FREQUENCY_150,759,0.48353096179183,-0.074614374746209,-56.632310432373,-0.23965744400533,-181.90000000005,0.85534863442588,93.680382087028,191,568,0,0,759,-0.040667376657785,0.074415209298181,-78.669322150973,621.23621080369,1,759,103,0.078088786942004,11,67,1,-0.27227765341259,0.39506511336143,-82.398081981487,True,False,False
RANDOM_FOREST,FULL486,600,50,FREQUENCY_200,1090,0.46605504587156,-0.091980988139492,-100.25927707205,-0.35302752293582,-384.80000000004,0.82545927138969,142.41840686022,274,816,0,0,1090,-0.057815246809203,0.075908629880877,-125.1983177203,622.80151100917,1,1090,104,0.054193353793927,10,106,1,-0.26041996688056,0.42280457226841,-137.49993512206,True,False,False
RANDOM_FOREST,FULL486,600,50,FREQUENCY_300,1700,0.46470588235294,-0.10633761726431,-180.77394934932,-0.63805882352944,-1084.7000000001,0.79493150931911,218.51620102457,451,1249,0,0,1700,-0.072786265056365,0.071550252315655,-205.92776259684,618.63235588235,1,1700,104,0.021997965389985,11,156,1,-0.21549219910521,0.45526613072851,-237.81124810282,True,False,False
RANDOM_FOREST,FULL486,600,50,FREQUENCY_500,2832,0.45656779661017,-0.13266444235458,-375.70570074818,-0.75120056497177,-2127.4000000001,0.75401361244084,391.36756337259,819,2013,0,0,2832,-0.094597751304068,0.10091475295529,-417.3499164627,924.62486122881,1,2832,105,-0.050981332855935,12,269,1,-0.18404439670141,0.42642773619952,-483.51056980325,True,False,False
RANDOM_FOREST,FULL486,600,50,PERCENTILE_100,398,0.49246231155779,-0.040972059844552,-16.306879818132,0.1449748743718,57.699999999975,0.919606532518,45.712808337543,81,317,0,0,398,-0.0069783549991709,0.11238981529786,-37.090696944006,621.24470603015,1,398,89,0.10594178014152,9,39,2,-0.55450893549222,0.38894584043997,-29.836374346593,True,False,False
RANDOM_FOREST,FULL486,600,50,PERCENTILE_150,619,0.48788368336026,-0.047571534753836,-29.446780012625,-0.065589660743187,-40.600000000033,0.90258203053019,59.73060282096,143,476,0,0,619,-0.01350122719989,0.074047448096247,-50.590245099227,622.38389660743,1,619,99,0.084739353223545,11,58,1,-0.2772400447455,0.38124512323593,-50.536300388517,True,False,False
RANDOM_FOREST,FULL486,600,50,PERCENTILE_200,839,0.48629320619785,-0.041771114867652,-35.04596537396,0.018355184743699,15.399999999963,0.91744662564674,77.299274602528,205,634,0,0,839,-0.0084720512582133,0.061418864021276,-57.984535904593,623.0674398093,1,839,103,0.067116987629836,8,82,1,-0.17051014068206,0.41350105774851,-62.983879742279,True,False,False
RANDOM_FOREST,FULL486,600,50,PERCENTILE_300,1282,0.47269890795632,-0.080580334613456,-103.30398897445,-0.3244149765991,-415.90000000004,0.84291220967801,148.79314808303,323,959,0,0,1282,-0.046748951753517,0.068048178192871,-128.2430296227,622.09353978159,1,1282,104,0.043156856227033,8,124,1,-0.26323833419919,0.41885129339074,-146.67582180089,True,False,False
RANDOM_FOREST,FULL486,600,50,PERCENTILE_500,2002,0.46003996003996,-0.099528429366221,-199.25591559117,-0.59625374625378,-1193.7000000001,0.804231597431,218.96184821092,551,1451,0,0,2002,-0.065861744479949,0.081497468705157,-224.40972883869,618.43863086913,1,2002,104,0.0071724513361786,10,195,1,-0.19838945507761,0.45048635177375,-266.65661873349,True,False,False
RANDOM_FOREST,FULL486,600,50,ROLLING_100,796,0.48994974874372,-0.034036247625125,-27.092853109599,-0.059170854271394,-47.10000000003,0.93058587508251,67.829848897616,196,600,0,0,796,-0.0010852670693656,0.071377351489643,-49.419641091714,624.51741457286,1,796,102,0.067616261901891,8,83,1,-0.23509998882986,0.39666477589668,-53.321833631984,True,False,False
RANDOM_FOREST,FULL486,600,50,ROLLING_150,1089,0.47015610651974,-0.068792102795045,-74.914599943804,-0.2634527089073,-286.90000000005,0.86549140086076,116.73364349612,271,818,0,0,1089,-0.035987327508897,0.072374070282728,-99.853640592057,624.65819191919,1,1089,104,0.050494102444974,8,114,1,-0.25116912111333,0.44469777734967,-110.63900023042,True,False,False
RANDOM_FOREST,FULL486,600,50,ROLLING_200,1349,0.46627131208302,-0.10793911822052,-145.60987047948,-0.59051148999262,-796.60000000004,0.79360238423166,184.18800024548,341,1008,0,0,1349,-0.075324049964938,0.077927670545626,-170.54891112773,622.52258191253,1,1349,104,0.036227600138392,11,148,1,-0.26257405057263,0.45029494745214,-189.60759755625,True,False,False
RANDOM_FOREST,FULL486,600,50,ROLLING_300,1767,0.46406338426712,-0.099469834396321,-175.7631973783,-0.57419354838713,-1014.6000000001,0.8044325340665,199.30960181617,464,1303,0,0,1767,-0.06703907306493,0.080028894909929,-202.03045822952,621.66306677985,1,1767,104,0.017389166352812,9,201,1,-0.27208973654422,0.46059427626521,-233.06835265087,True,False,False
RANDOM_FOREST,FULL486,600,50,ROLLING_500,2397,0.46224447225699,-0.10477875753603,-251.15468181385,-0.71877346683357,-1722.9000000001,0.7936588813767,266.51312284381,668,1729,0,0,2397,-0.072323535402007,0.10048850457688,-277.92379378935,623.46841343346,1,2397,104,-0.0078620099573063,10,284,1,-0.20710112128171,0.46927530701086,-328.9498492691,True,False,False
RANDOM_FOREST,FULL486,600,50,ZERO,969,0.47058823529412,-0.10706058344679,-103.74170535994,-0.37100103199181,-359.50000000007,0.80009677580268,126.62486910895,243,726,0,0,969,-0.070773786129265,0.074264511904892,-127.05886462137,612.12303405573,1,969,90,0.06794058588719,11,14,1,-0.24838344165856,0.37132310048529,-138.90361196063,True,False,False
RANDOM_FOREST,FULL486,900,0,FREQUENCY_100,451,0.49223946784922,-0.009586443707137,-4.3234861119188,0.34101995565415,153.80000000002,0.98334730601839,41.258126529658,42,409,0,0,451,0.022494650619282,0.10225605305917,-29.922189238622,923.29819512195,1,451,95,0.15297867644658,6,30,3,-0.13623731006341,0.41869260442124,-18.792059653134,True,False,False
RANDOM_FOREST,FULL486,900,0,FREQUENCY_150,713,0.49649368863955,-0.013324184151277,-9.5001432998605,0.092426367461446,65.900000000011,0.97545166621593,48.403549162393,117,596,0,0,713,0.017469015086571,0.064953020439861,-36.321665189442,926.67269424965,1,713,100,0.12046852870754,6,75,2,-0.12712476535834,0.43363277273221,-31.455694356446,True,False,False
RANDOM_FOREST,FULL486,900,0,FREQUENCY_200,1013,0.49062191510365,-0.051395801197531,-52.063946613099,-0.23563672260614,-238.70000000002,0.90522517850185,82.091234308189,213,800,0,0,1013,-0.021385774693755,0.053480822676669,-78.676837281816,921.98507107601,1,1013,103,0.094057396032443,6,124,2,-0.15510889109728,0.47390345285343,-82.464103461424,True,False,False
RANDOM_FOREST,FULL486,900,0,FREQUENCY_300,1512,0.49801587301587,-0.014012466598277,-21.186849496595,-0.0112433862434,-17.000000000021,0.97248758074881,46.579627277089,395,1117,0,0,1512,0.015667154651927,0.078157104870064,-53.821410764194,916.50538359788,1,1512,105,0.070216265783908,9,154,2,-0.12811746197141,0.50963742832898,-66.062436826903,True,False,False
RANDOM_FOREST,FULL486,900,0,FREQUENCY_500,2578,0.48758727695888,-0.04839334529061,-124.75804415919,-0.33545384018619,-864.79999999999,0.90621559070957,147.09103085093,798,1780,0,0,2578,-0.019731656989637,0.085942793134323,-163.27775292841,917.31373002327,1,2578,105,0.028690639084726,11,264,2,-0.16437713204276,0.60743998388135,-198.6478765991,True,False,False
RANDOM_FOREST,FULL486,900,0,PERCENTILE_100,389,0.51413881748072,0.027703540510976,10.77667725877,0.474293059126,184.50000000001,1.0498584439518,19.617178129192,52,337,0,0,389,0.058390587519481,0.062485776761599,-11.745223349275,928.5834344473,1,389,94,0.14611252921238,7,38,2,-0.07976392580606,0.37918678031324,-1.1605840275388,True,False,False
RANDOM_FOREST,FULL486,900,0,PERCENTILE_150,584,0.49657534246575,-0.019315260946611,-11.280112392821,0.073116438356207,42.700000000025,0.96550501632752,46.982346911842,99,485,0,0,584,0.011378723797795,0.095674266985406,-36.969585595224,929.3282140411,1,584,99,0.12779491758912,6,62,1,-0.11344010287799,0.42954868707026,-29.205399483553,True,False,False
RANDOM_FOREST,FULL486,900,0,PERCENTILE_200,796,0.48366834170854,-0.062057169237534,-49.397506713077,-0.26143216080402,-208.1,0.88920499610708,78.942744264225,167,629,0,0,796,-0.031977832966072,0.065311073459318,-76.010397381794,924.82767462312,1,796,102,0.10956023016471,7,92,2,-0.19281393084036,0.44594728522931,-73.340658385161,True,False,False
RANDOM_FOREST,FULL486,900,0,PERCENTILE_300,1216,0.49588815789474,-0.050061186573193,-60.874402873003,-0.1513157894737,-184.00000000002,0.90669163698518,88.649190296512,288,928,0,0,1216,-0.020440613899664,0.087400395366503,-87.372574538454,921.25687911184,1,1216,104,0.081124755987555,9,143,1,-0.13312671814009,0.50173688072671,-96.893019244014,True,False,False
RANDOM_FOREST,FULL486,900,0,PERCENTILE_500,1896,0.49419831223629,-0.026122517933935,-49.52829400274,-0.11946202531645,-226.49999999999,0.94884848328153,67.606409748031,501,1395,0,0,1896,0.0031630879987975,0.078072784016141,-82.162855270339,918.61492457806,1,1896,105,0.053053880403271,10,220,2,-0.11068932328526,0.54227590806352,-105.0538028512,True,False,False
RANDOM_FOREST,FULL486,900,0,ROLLING_100,485,0.50309278350515,-0.0047728938664556,-2.314853525231,0.22783505154645,110.50000000003,0.99170777974999,40.847280301128,77,408,0,0,485,0.026505873797744,0.06620467652694,-28.004326727634,933.55518969072,1,485,96,0.13542379872131,6,49,2,-0.11201603992842,0.40618390236058,-17.485055842368,True,False,False
RANDOM_FOREST,FULL486,900,0,ROLLING_150,720,0.49583333333333,-0.031493156497404,-22.675072678131,-0.099583333333322,-71.699999999992,0.94219547445175,56.620329736294,148,572,0,0,720,-0.00085538156551943,0.068638833988089,-48.330483318879,924.47639305556,1,720,100,0.11807395697207,6,68,2,-0.13559295016523,0.41777955928273,-44.734270629088,True,False,False
RANDOM_FOREST,FULL486,900,0,ROLLING_200,950,0.48947368421053,-0.053176963524167,-50.518115347958,-0.23200000000001,-220.40000000001,0.90155209653293,89.790774183101,208,742,0,0,950,-0.023012006725506,0.068136953188794,-77.190855672618,922.48576736842,1,950,102,0.098371078836661,7,97,2,-0.21227554453016,0.47187370622857,-79.174824306685,True,False,False
RANDOM_FOREST,FULL486,900,0,ROLLING_300,1371,0.49744711889132,-0.019922435749894,-27.313659413104,-0.092122538293233,-126.30000000002,0.96139475321518,55.209260230007,339,1032,0,0,1371,0.0097320926794617,0.085614056424765,-54.695257718351,919.868027717,1,1371,104,0.07428176359353,9,147,2,-0.12188349366149,0.49573978843571,-67.97001788975,True,False,False
RANDOM_FOREST,FULL486,900,0,ROLLING_500,2111,0.48318332543818,-0.054541991678639,-115.13814443361,-0.37020369493132,-781.50000000002,0.89533166646414,132.14049422986,576,1535,0,0,2111,-0.025463624121291,0.076314546187108,-150.29865417703,918.93789483657,1,2111,105,0.043766358483093,10,242,2,-0.1478512445108,0.55892837724075,-176.52257834717,True,False,False
RANDOM_FOREST,FULL486,900,0,ZERO,1599,0.50218886804253,-0.033121270103042,-52.960910894764,-0.10687929956222,-170.89999999998,0.9371685864741,99.353323823346,501,1098,0,0,1599,-0.0030608511640738,0.079942849378073,-85.953138404403,912.11222701689,1,1599,101,0.071620925969755,7,56,2,-0.14997373034183,0.55236209004224,-101.02752077817,True,False,False
RANDOM_FOREST,FULL486,900,25,FREQUENCY_100,462,0.50649350649351,-0.013367568473438,-6.1758166347284,0.16948051948058,78.300000000027,0.97739170612548,39.861683683642,63,399,0,0,462,0.017610987302574,0.056150977188344,-31.865289837132,933.38518398268,1,462,99,0.14014972923176,6,57,1,-0.11389856640809,0.44694926308417,-20.487909403246,True,False,False
RANDOM_FOREST,FULL486,900,25,FREQUENCY_150,735,0.49115646258503,-0.05407083788196,-39.742065843241,-0.23251700680271,-170.89999999999,0.90520324401731,75.391853456596,131,604,0,0,735,-0.02336451616355,0.064495256863693,-66.354956511958,928.18209251701,1,735,102,0.11548907143103,7,87,2,-0.20268566069948,0.43280863528872,-62.311212306272,True,False,False
RANDOM_FOREST,FULL486,900,25,FREQUENCY_200,1041,0.49375600384246,-0.06214616890563,-64.694161830761,-0.24370797310279,-253.7,0.88878583465089,92.232009852226,204,837,0,0,1041,-0.031677987950799,0.07701065732819,-91.192333496212,922.41651777137,1,1041,103,0.091138622402088,7,125,1,-0.19030075933385,0.48897449466908,-96.411538204739,True,False,False
RANDOM_FOREST,FULL486,900,25,FREQUENCY_300,1579,0.49651678277391,-0.032943829799389,-52.018307253235,-0.046041798606729,-72.700000000025,0.93747632390127,70.517690813266,380,1199,0,0,1579,-0.0028362605894015,0.081200021008446,-84.652868520833,916.7474661178,1,1579,105,0.063446687061837,11,151,3,-0.18070325817005,0.51796135895097,-99.558159035804,True,False,False
RANDOM_FOREST,FULL486,900,25,FREQUENCY_500,2622,0.48207475209764,-0.081667622228432,-214.13250548295,-0.43947368421054,-1152.3,0.85010192470653,236.0711602042,786,1836,0,0,2622,-0.052389585505176,0.086754197862004,-253.81027069517,918.91553661327,1,2622,106,0.015181734399158,12,268,0,-0.21044100041061,0.62759737585177,-290.89951777133,True,False,False
RANDOM_FOREST,FULL486,900,25,PERCENTILE_100,379,0.51187335092348,0.022579280656608,8.5575473688545,0.48548812664911,184.00000000001,1.0398320304597,21.035546093886,47,332,0,0,379,0.053399205839567,0.063069603093378,-13.96435323919,929.19292875989,1,379,94,0.1463502712402,6,38,2,-0.07976392580606,0.37840751255009,-3.1232042754871,True,False,False
RANDOM_FOREST,FULL486,900,25,PERCENTILE_150,575,0.49391304347826,-0.038830063764503,-22.327286664589,0.013739130434845,7.900000000036,0.93360076160948,56.965739841918,88,487,0,0,575,-0.0078458886452174,0.091422801301824,-48.016759866993,930.49216521739,1,575,99,0.12813530838085,6,63,1,-0.15257957765102,0.43038194077584,-40.143187358179,True,False,False
RANDOM_FOREST,FULL486,900,25,PERCENTILE_200,774,0.48578811369509,-0.065553433754317,-50.738357725841,-0.31679586563307,-245.19999999999,0.88479062024802,82.316887975718,142,632,0,0,774,-0.034932981089143,0.064788311661521,-77.351248394558,927.50615116279,1,774,102,0.10952499942575,7,94,2,-0.20268566069948,0.43227159572594,-74.438588088685,True,False,False
RANDOM_FOREST,FULL486,900,25,PERCENTILE_300,1196,0.49832775919732,-0.025700107949227,-30.737329107276,-0.013377926421419,-16.000000000017,0.95166197550814,59.92179467906,251,945,0,0,1196,0.0044478889140359,0.084089297161081,-58.560558342848,922.17712374582,1,1196,104,0.08051276479282,9,146,1,-0.12696928285887,0.51268367653861,-66.794333355739,True,False,False
RANDOM_FOREST,FULL486,900,25,PERCENTILE_500,1874,0.49626467449306,-0.034528201044522,-64.705848757435,-0.12518676627537,-234.60000000004,0.93376884139542,83.29008488238,454,1420,0,0,1874,-0.0046373201679803,0.077288965483566,-97.340410025034,919.69778655283,1,1874,105,0.047791326437664,10,233,2,-0.13632341414499,0.55776622191577,-120.72135952008,True,False,False
RANDOM_FOREST,FULL486,900,25,ROLLING_100,605,0.50082644628099,-0.052659284292184,-31.858866996771,-0.19404958677683,-117.39999999998,0.90980237637771,68.21389897559,107,498,0,0,605,-0.021736091258774,0.083970619965424,-56.401621012898,929.43632892562,1,605,100,0.12574859765573,6,62,2,-0.14449260717554,0.42706758055177,-50.567398781984,True,False,False
RANDOM_FOREST,FULL486,900,25,ROLLING_150,878,0.49202733485194,-0.047491011432496,-41.697108037732,-0.15979498861049,-140.30000000001,0.91342780674629,84.213027295644,169,709,0,0,878,-0.016876394454044,0.076345746458299,-68.369848362392,925.06919362187,1,878,102,0.10095985645859,7,96,2,-0.22178287773708,0.46794568150819,-68.576741744813,True,False,False
RANDOM_FOREST,FULL486,900,25,ROLLING_200,1143,0.49868766404199,-0.028401344556915,-32.462736828554,-0.11671041119861,-133.40000000002,0.94675603367966,61.160072832312,237,906,0,0,1143,0.0017890602086229,0.089128745978293,-58.960908494006,922.90953805774,1,1143,103,0.082124343105646,9,128,1,-0.15854339204132,0.48797089340074,-66.970369475564,True,False,False
RANDOM_FOREST,FULL486,900,25,ROLLING_300,1581,0.49399114484503,-0.019406795155656,-30.682143141092,-0.015559772296031,-24.600000000025,0.96261703639998,71.221774187811,358,1223,0,0,1581,0.010567584023041,0.067624569318489,-63.31670440869,921.63908032891,1,1581,105,0.06006696082047,9,192,2,-0.17160465402466,0.51144231713316,-78.071636622611,True,False,False
RANDOM_FOREST,FULL486,900,25,ROLLING_500,2325,0.48774193548387,-0.044351377515228,-103.1169527229,-0.25255913978496,-587.20000000002,0.91445787414884,117.36878401991,612,1713,0,0,2325,-0.015255752879497,0.076035169645247,-141.63666149213,921.24790236559,1,2325,105,0.028943974879101,9,301,1,-0.13609669717471,0.5876005507468,-170.76428000098,True,False,False
RANDOM_FOREST,FULL486,900,25,ZERO,1406,0.5049786628734,-0.026909517334217,-37.83478137191,0.0066856330014346,9.4000000000171,0.95000155689949,80.623655560473,376,1030,0,0,1406,0.0039887929012347,0.071744460796326,-70.827008881549,914.52248079659,1,1406,101,0.076177941093477,10,56,2,-0.15524436620781,0.53226191683469,-81.277805562955,True,False,False
RANDOM_FOREST,FULL486,900,50,FREQUENCY_100,498,0.47991967871486,-0.04271787135837,-21.273499936468,-0.14457831325295,-71.99999999997,0.92930004885923,53.927443181673,60,438,0,0,498,-0.010292409527514,0.062363898642342,-46.962973138871,933.97191767068,1,498,99,0.13973816373234,9,52,1,-0.16157870480028,0.41264182558424,-37.421379928234,True,False,False
RANDOM_FOREST,FULL486,900,50,FREQUENCY_150,750,0.47466666666667,-0.072069107174214,-54.051830380661,-0.40306666666669,-302.30000000002,0.87690475621748,79.998710003535,128,622,0,0,750,-0.039713453374156,0.076727569223292,-80.646720270842,927.548588,1,750,103,0.1076414776601,8,77,1,-0.20913053756053,0.43389332776395,-78.318570730705,True,False,False
RANDOM_FOREST,FULL486,900,50,FREQUENCY_200,1037,0.48119575699132,-0.054372205997759,-56.383977619676,-0.31697203471554,-328.70000000001,0.90417153835527,72.161527682911,203,834,0,0,1037,-0.021570332928036,0.08458481832396,-83.862294149653,924.46838958534,1,1037,103,0.082969955360398,9,103,2,-0.16709210995849,0.43133349961357,-90.399519992979,True,False,False
RANDOM_FOREST,FULL486,900,50,FREQUENCY_300,1527,0.48461034708579,-0.079328493771903,-121.1346099897,-0.41407989521941,-632.30000000004,0.86170147346576,143.48946213293,376,1151,0,0,1527,-0.046741994456225,0.10367930961738,-149.20812399879,923.96381859856,1,1527,104,0.046217627630478,10,151,2,-0.29883040077363,0.4788910391172,-170.89419444474,True,False,False
RANDOM_FOREST,FULL486,900,50,FREQUENCY_500,2594,0.4568234387047,-0.13673382321385,-354.68753741673,-0.79880493446415,-2072.1,0.77928763512339,368.47994227173,726,1868,0,0,2594,-0.099333282514177,0.12463619580356,-403.88038417538,1187.8161773323,1,2594,105,-0.042450947921676,11,264,0,-0.24449244885309,0.48117834848842,-451.70453999168,True,False,False
RANDOM_FOREST,FULL486,900,50,PERCENTILE_100,380,0.49473684210526,-0.0097850932472586,-3.7183354339583,0.077894736842176,29.600000000027,0.9834259356883,31.806467766873,42,338,0,0,380,0.022129673088255,0.057260218325888,-29.315287702783,931.94620263158,1,380,95,0.14788667941055,8,42,2,-0.096623063764605,0.41345919699314,-15.845946641454,True,False,False
RANDOM_FOREST,FULL486,900,50,PERCENTILE_150,580,0.47586206896552,-0.057836422038064,-33.545124782077,-0.35310344827586,-204.8,0.90270689748389,62.662844151348,82,498,0,0,580,-0.025813707074169,0.058211978339472,-60.254733675524,931.46666206897,1,580,99,0.12616027362288,6,65,1,-0.14136238574883,0.38874345845337,-52.118299461137,True,False,False
RANDOM_FOREST,FULL486,900,50,PERCENTILE_200,794,0.47858942065491,-0.064127957390623,-50.917598168155,-0.34685138539045,-275.40000000001,0.88972135631821,77.48359538889,137,657,0,0,794,-0.031911898301613,0.081370985935643,-77.512488058336,927.38553400504,1,794,103,0.10106317636196,8,97,1,-0.17263439160279,0.44099300310032,-76.497149084829,True,False,False
RANDOM_FOREST,FULL486,900,50,PERCENTILE_300,1161,0.48664944013781,-0.044603184250205,-51.784296914488,-0.29086993970716,-337.70000000002,0.92013373228504,73.12956782071,241,920,0,0,1161,-0.012089751400723,0.072621693714722,-79.262613444464,922.8461171404,1,1161,103,0.072540263535729,9,133,2,-0.21501563878768,0.4449099931839,-89.532392452736,True,False,False
RANDOM_FOREST,FULL486,900,50,PERCENTILE_500,1778,0.47806524184477,-0.098249424409043,-174.68747659928,-0.65556805399327,-1165.6,0.83128952308858,196.38743972551,458,1320,0,0,1778,-0.066041502070269,0.11557122556004,-209.02599632588,925.13836951631,1,1778,104,0.030150210089538,11,211,0,-0.28457842588381,0.49219200861734,-231.95316251762,True,False,False
RANDOM_FOREST,FULL486,900,50,ROLLING_100,723,0.47026279391425,-0.078266275827166,-56.586517423041,-0.47621023513142,-344.30000000002,0.8649449552921,80.907685491448,131,592,0,0,723,-0.046300996312916,0.10052607165494,-83.35597597243,928.75761964039,1,723,101,0.10713739320142,7,77,2,-0.22927474891802,0.42056199395185,-79.697414511844,True,False,False
RANDOM_FOREST,FULL486,900,50,ROLLING_150,979,0.4902962206333,-0.036805702819033,-36.032783059833,-0.25597548518896,-250.59999999999,0.93376591178137,61.657747561935,196,783,0,0,979,-0.0050048883090664,0.078466400295107,-63.511099589809,927.24423186925,1,979,103,0.083987274308538,8,113,2,-0.16520293736398,0.44266952043171,-67.16578046509,True,False,False
RANDOM_FOREST,FULL486,900,50,ROLLING_200,1185,0.48691983122363,-0.038777365823236,-45.951178500535,-0.19831223628692,-235.00000000001,0.93018220724989,70.076284319672,253,932,0,0,1185,-0.0067829885229181,0.072404469544833,-73.429495030512,925.03959324895,1,1185,103,0.068716787800429,9,137,2,-0.21132156236998,0.45756527954166,-83.864515601412,True,False,False
RANDOM_FOREST,FULL486,900,50,ROLLING_300,1555,0.48745980707395,-0.065650937512174,-102.08720783143,-0.49665594855307,-772.30000000002,0.88254418331244,119.29213423769,361,1194,0,0,1555,-0.033964554865377,0.065496650773788,-129.41674279649,926.25703794212,1,1555,104,0.044608456289241,10,192,1,-0.18528658141241,0.48721032084309,-151.3595328472,True,False,False
RANDOM_FOREST,FULL486,900,50,ROLLING_500,2099,0.46879466412577,-0.10101082095424,-212.02171318296,-0.69090042877562,-1450.2,0.82893361308542,231.31932323959,561,1538,0,0,2099,-0.069295853402837,0.09730518347656,-255.29325328573,925.70258551691,1,2099,105,0.012876799261803,11,272,0,-0.3008955405007,0.5148977485183,-278.59143007336,True,False,False
RANDOM_FOREST,FULL486,900,50,ZERO,1051,0.49286393910561,-0.049762766794608,-52.300667901132,-0.24881065651761,-261.50000000001,0.9137790866689,80.303596955584,229,822,0,0,1051,-0.016075186211405,0.057760956015481,-80.374181910224,918.91282207422,1,1051,101,0.084612752175438,9,49,2,-0.22615287609087,0.44316955603823,-87.706315094078,True,False,False
RANDOM_FOREST,SCALE_FREE,300,0,FREQUENCY_100,427,0.49648711943794,-0.11095287510204,-47.376877668571,-0.34660421545667,-148,0.73325064125411,52.502235216321,31,396,0,0,427,-0.073654207669457,0.053275840124103,-59.669385429335,311.35749180328,1,427,93,0.096703195916515,8,36,1,-0.24466331036647,0.30626540367444,-63.303408662283,True,False,False
RANDOM_FOREST,SCALE_FREE,300,0,FREQUENCY_150,759,0.48089591567852,-0.097586664117467,-74.068278065157,-0.266534914361,-202.3,0.75081530121519,82.960868575875,85,674,0,0,759,-0.062468346058133,0.077191525250963,-88.741219975483,309.88739657444,1,759,100,0.057442171343681,11,69,1,-0.26595306207948,0.31458035336616,-100.72308147219,True,False,False
RANDOM_FOREST,SCALE_FREE,300,0,FREQUENCY_200,1230,0.47073170731707,-0.084311781623964,-103.70349139748,-0.27536585365854,-338.7,0.76873562356647,116.87544320139,160,1070,0,0,1230,-0.050374392315798,0.13010047995724,-122.0732038221,308.26273089431,1,1230,100,0.032654904008158,10,111,1,-0.2667723774323,0.32070241831222,-145.44648024652,True,False,False
RANDOM_FOREST,SCALE_FREE,300,0,FREQUENCY_300,1854,0.45900755124056,-0.089936511254772,-166.74229186635,-0.41450916936355,-768.50000000003,0.74662175858594,184.16705011579,291,1563,0,0,1854,-0.057065261062523,0.15973407571066,-185.13782435546,308.26972977346,1,1854,103,0.014253838649318,11,152,1,-0.18722420399561,0.33081067809116,-227.68558972278,True,False,False
RANDOM_FOREST,SCALE_FREE,300,0,FREQUENCY_500,3032,0.45118733509235,-0.10276814266312,-311.59300855459,-0.53733509234829,-1629.2,0.71294012357666,316.42206566144,632,2400,0,0,3032,-0.071117401012797,0.088893226143747,-334.59634458224,308.15861675462,1,3032,104,-0.011222649567608,11,288,0,-0.13564441503901,0.41097252763224,-407.55805723837,True,False,False
RANDOM_FOREST,SCALE_FREE,300,0,PERCENTILE_100,429,0.5011655011655,-0.090849135367708,-38.974279072747,-0.19160839160837,-82.199999999991,0.77498868371915,47.487265436723,39,390,0,0,429,-0.054913984832189,0.057395833609698,-51.26678683351,310.62746153846,1,429,95,0.075081056674046,8,42,1,-0.25106006843243,0.29508413137164,-54.390458652484,True,False,False
RANDOM_FOREST,SCALE_FREE,300,0,PERCENTILE_150,683,0.48316251830161,-0.095347068595147,-65.122047850486,-0.31303074670573,-213.80000000001,0.75884125752591,73.074378344943,69,614,0,0,683,-0.060144716306985,0.081142696279611,-79.794989760812,309.04066178624,1,683,99,0.060513668724383,11,58,1,-0.25881747606111,0.29033913260974,-89.1652544633,True,False,False
RANDOM_FOREST,SCALE_FREE,300,0,PERCENTILE_200,1004,0.47310756972112,-0.088023391320959,-88.375484886243,-0.32071713147411,-322.00000000001,0.76722915113547,100.93737990708,114,890,0,0,1004,-0.053723956060685,0.11409711090276,-106.74519731087,308.47831972112,1,1004,100,0.042477483336397,11,82,2,-0.26383338701847,0.30081876314877,-122.81211788756,True,False,False
RANDOM_FOREST,SCALE_FREE,300,0,PERCENTILE_300,1512,0.46626984126984,-0.088893785970754,-134.40740438778,-0.3748015873016,-566.70000000002,0.75449548153055,147.56788216756,212,1300,0,0,1512,-0.055345704702937,0.15451702810912,-152.80293687689,307.42550198413,1,1512,103,0.024191120182512,11,131,1,-0.20524949015256,0.31535803112489,-185.13210326472,True,False,False
RANDOM_FOREST,SCALE_FREE,300,0,PERCENTILE_500,2407,0.45492314083922,-0.0994549955172,-239.3881742099,-0.52783547985046,-1270.5000000001,0.72174275910847,243.72221045384,441,1966,0,0,2407,-0.067146249638071,0.14046473415825,-259.65954438312,307.92394889904,1,2407,104,-0.00013193235378774,12,217,0,-0.16687875798892,0.36423336242184,-317.15532554096,True,False,False
RANDOM_FOREST,SCALE_FREE,300,0,ROLLING_100,582,0.48797250859107,-0.092238519202695,-53.682818175968,-0.23144329896908,-134.70000000001,0.77021159693378,61.171387536759,49,533,0,0,582,-0.056424151549141,0.088882808178764,-68.355760086294,308.79798969072,1,582,94,0.066679352287692,11,44,1,-0.3118239997619,0.27821130478827,-74.526780150337,True,False,False
RANDOM_FOREST,SCALE_FREE,300,0,ROLLING_150,868,0.47465437788018,-0.090199386393574,-78.293067389622,-0.22361751152075,-194.10000000001,0.76535533253216,87.717192952477,80,788,0,0,868,-0.055310287598027,0.12447887191999,-93.479696332713,309.15043548387,1,868,99,0.050933340170111,11,64,1,-0.27078694781856,0.28939507783675,-108.57680514416,True,False,False
RANDOM_FOREST,SCALE_FREE,300,0,ROLLING_200,1142,0.46497373029772,-0.088640041611333,-101.22692752014,-0.33423817863398,-381.7,0.75998009385541,116.43441759993,130,1012,0,0,1142,-0.054586180910337,0.12746144318692,-119.59663994477,308.48043432574,1,1142,100,0.038127933578449,10,92,2,-0.27176648835357,0.30867534085496,-140.11643644068,True,False,False
RANDOM_FOREST,SCALE_FREE,300,0,ROLLING_300,1636,0.46638141809291,-0.084591174261637,-138.39116109204,-0.35446210268951,-579.90000000003,0.76364148134314,153.79234744959,231,1405,0,0,1636,-0.051147299447756,0.14922015154487,-156.78669358114,308.35837163814,1,1636,102,0.021725183361425,12,136,1,-0.19802574479398,0.32483078439128,-193.10534028755,True,False,False
RANDOM_FOREST,SCALE_FREE,300,0,ROLLING_500,2520,0.4547619047619,-0.097533432410561,-245.78424967461,-0.5171031746032,-1303.1000000001,0.7255059471522,251.55065007474,467,2053,0,0,2520,-0.065218066440846,0.17131720877482,-266.72143571178,307.88635436508,1,2520,103,-0.0014611096292392,12,218,1,-0.14880083785595,0.3767482940516,-327.21897191829,True,False,False
RANDOM_FOREST,SCALE_FREE,300,0,ZERO,1109,0.43101893597836,-0.12670618627278,-140.51716057651,-0.61523895401265,-682.30000000003,0.65926867926792,144.05228388895,119,990,0,0,1109,-0.090154039484028,0.12601168851771,-152.98381519013,305.81788638413,1,1109,71,0.065957768771427,12,3,1,-0.1418036768175,0.41621678666564,-181.05349136523,True,False,False
RANDOM_FOREST,SCALE_FREE,300,25,FREQUENCY_100,503,0.49701789264414,-0.064147618346462,-32.26625202827,-0.067594433399577,-33.999999999987,0.83650053624741,43.650910049997,52,451,0,0,503,-0.028732896139656,0.082511792130904,-46.939193938596,308.60476540755,1,503,98,0.061445587551452,9,55,1,-0.21999007259028,0.31325551223566,-50.079857298294,True,False,False
RANDOM_FOREST,SCALE_FREE,300,25,FREQUENCY_150,923,0.4875406283857,-0.074438166642875,-68.706427811374,-0.16327193932829,-150.70000000001,0.80458970454795,82.237201093921,105,818,0,0,923,-0.039277444912641,0.10391672633696,-87.076140235998,308.44374431203,1,923,100,0.043995008812143,12,79,2,-0.28049256622249,0.28535631797633,-101.15977396838,True,False,False
RANDOM_FOREST,SCALE_FREE,300,25,FREQUENCY_200,1183,0.47590870667794,-0.083375296345845,-98.632975577135,-0.28174133558749,-333.3,0.77382727258458,113.21247254142,163,1020,0,0,1183,-0.049279543499054,0.12621709742077,-117.00268800176,307.96518681319,1,1183,102,0.031532651087541,11,113,2,-0.25098073465622,0.31241470363335,-138.96825119489,True,False,False
RANDOM_FOREST,SCALE_FREE,300,25,FREQUENCY_300,1870,0.46577540106952,-0.093934268546457,-175.65708218188,-0.43770053475939,-818.50000000005,0.74023129144078,179.58981272535,314,1556,0,0,1870,-0.060736738617031,0.15807644030063,-194.8862835053,307.54109037433,1,1870,103,0.009389019460745,11,177,0,-0.17873684672277,0.34941237664959,-237.7364631499,True,False,False
RANDOM_FOREST,SCALE_FREE,300,25,FREQUENCY_500,3129,0.45126238414829,-0.10305332278021,-322.45384697926,-0.53448386065838,-1672.4000000001,0.71980006711593,332.84133354567,676,2453,0,0,3129,-0.070646100813792,0.085229935607345,-347.7330263896,308.53447459252,1,3129,105,-0.01892375823357,12,278,0,-0.12451890009181,0.41734413697161,-423.85604451217,True,False,False
RANDOM_FOREST,SCALE_FREE,300,25,PERCENTILE_100,427,0.50585480093677,-0.079313748238943,-33.866970498028,-0.14683840749412,-62.69999999999,0.80202134220496,44.620421812193,40,387,0,0,427,-0.042967085598452,0.061610383544172,-46.159478258792,309.39013114754,1,427,95,0.075557275226905,8,44,1,-0.19943483690488,0.30531383897361,-49.386995445518,True,False,False
RANDOM_FOREST,SCALE_FREE,300,25,PERCENTILE_150,677,0.48596750369276,-0.095583748375404,-64.710197650149,-0.38508124076809,-260.7,0.759069322784,73.611632452243,68,609,0,0,677,-0.06022862794997,0.083635311346187,-79.383139560475,309.71027031019,1,677,99,0.059133861613034,10,59,1,-0.26565119855204,0.28034992129653,-88.645614178167,True,False,False
RANDOM_FOREST,SCALE_FREE,300,25,PERCENTILE_200,979,0.48825331971399,-0.073351058983744,-71.810686745085,-0.20469867211441,-200.40000000001,0.80477584693919,85.82556808805,115,864,0,0,979,-0.038637296499582,0.10741127934406,-90.18039916971,308.41742594484,1,979,100,0.04078764608924,8,84,2,-0.26497473951612,0.29003062098356,-105.79546021708,True,False,False
RANDOM_FOREST,SCALE_FREE,300,25,PERCENTILE_300,1511,0.47452018530774,-0.080266613804489,-121.28285345858,-0.29556585043019,-446.60000000002,0.77826465291995,137.05652022465,218,1293,0,0,1511,-0.046443820915285,0.13403555722786,-139.65256588321,308.48486101919,1,1511,103,0.02144497915257,9,139,1,-0.1926081433506,0.31563800152287,-172.38909351417,True,False,False
RANDOM_FOREST,SCALE_FREE,300,25,PERCENTILE_500,2445,0.45971370143149,-0.097611282370113,-238.65958539493,-0.50008179959101,-1222.7,0.7319072063694,242.42767800475,477,1968,0,0,2445,-0.06527051980433,0.088710855148892,-261.66292142258,308.21851247444,1,2445,104,-0.0045804527192804,11,224,0,-0.12909255963766,0.39027802233098,-317.73274986826,True,False,False
RANDOM_FOREST,SCALE_FREE,300,25,ROLLING_100,728,0.48626373626374,-0.094356457600702,-68.691501133311,-0.29313186813187,-213.4,0.76185684465805,73.937695504199,65,663,0,0,728,-0.0589027369405,0.12905897583002,-83.878130076402,309.43948901099,1,728,98,0.055561746695497,11,59,1,-0.23782926399778,0.28192817177687,-94.501809773939,True,False,False
RANDOM_FOREST,SCALE_FREE,300,25,ROLLING_150,1051,0.47764034253092,-0.083689062994628,-87.957205207354,-0.30761179828734,-323.3,0.77646196361495,102.5218010737,122,929,0,0,1051,-0.049266478099715,0.1183437123906,-106.32691763198,308.53752997146,1,1051,100,0.038850072034786,9,90,2,-0.27447081211496,0.30040128670424,-124.13534193191,True,False,False
RANDOM_FOREST,SCALE_FREE,300,25,ROLLING_200,1370,0.47007299270073,-0.080138083017399,-109.78917373384,-0.29189781021898,-399.9,0.77983259869543,122.86473097562,188,1182,0,0,1370,-0.046294705522719,0.14147958729206,-128.15888615846,307.70151970803,1,1370,101,0.027026370378334,10,117,2,-0.21909828913336,0.30649606412351,-156.15460090155,True,False,False
RANDOM_FOREST,SCALE_FREE,300,25,ROLLING_300,1920,0.46354166666667,-0.099781593787945,-191.58066007285,-0.5046354166667,-968.90000000006,0.72622737641401,195.55211601459,333,1587,0,0,1920,-0.066688148355739,0.14285791607203,-210.80986139628,307.84778177083,1,1920,103,0.008314649970004,11,172,0,-0.17364021313203,0.35012285220931,-255.12007530269,True,False,False
RANDOM_FOREST,SCALE_FREE,300,25,ROLLING_500,2840,0.45352112676056,-0.10579721052063,-300.46407787858,-0.51105633802819,-1451.4,0.7137591214121,306.0267408319,594,2246,0,0,2840,-0.073370554400793,0.096107914426284,-324.65758703014,308.96424260563,1,2840,104,-0.013448541525719,14,267,0,-0.14965133423597,0.41470094969852,-392.5557812589,True,False,False
RANDOM_FOREST,SCALE_FREE,300,25,ZERO,969,0.4437564499484,-0.11484053149988,-111.28047502338,-0.49628482972138,-480.90000000002,0.69239377614385,114.6877709969,91,878,0,0,969,-0.07736089092793,0.13835585851825,-123.747129637,305.83399484004,1,969,71,0.070094542195278,9,3,1,-0.13307017297961,0.39696425644055,-147.5982467376,True,False,False
RANDOM_FOREST,SCALE_FREE,300,50,FREQUENCY_100,551,0.48638838475499,-0.10125312261491,-55.790470560818,-0.35716878402903,-196.79999999999,0.75747866804285,64.771350841737,61,490,0,0,551,-0.064451460548309,0.064269895400248,-68.268884091226,308.96614337568,1,551,98,0.062628921881218,9,54,1,-0.32667700866879,0.28247710395667,-76.068186359518,True,False,False
RANDOM_FOREST,SCALE_FREE,300,50,FREQUENCY_150,820,0.47439024390244,-0.091762527351883,-75.245272428544,-0.28341463414636,-232.40000000001,0.76665737235333,89.477079844439,103,717,0,0,820,-0.055560423978338,0.095282217330981,-91.667660281243,308.99007439024,1,820,100,0.04773800673231,7,73,2,-0.29701613685669,0.29312288982106,-104.93099719485,True,False,False
RANDOM_FOREST,SCALE_FREE,300,50,FREQUENCY_200,1184,0.46114864864865,-0.10989454584934,-130.11514228561,-0.51587837837839,-610.80000000002,0.72551718469203,143.06349254167,172,1012,0,0,1184,-0.074272117660159,0.089307979222071,-147.66635933211,310.00290033784,1,1184,102,0.02582621532445,8,113,1,-0.25831528253683,0.29236459076317,-172.2920972616,True,False,False
RANDOM_FOREST,SCALE_FREE,300,50,FREQUENCY_300,1800,0.45222222222222,-0.12244796057217,-220.4063290299,-0.5527777777778,-995.00000000004,0.69476021114796,223.84074057508,370,1430,0,0,1800,-0.087814358087979,0.076050064232329,-241.91947108047,309.72518222222,1,1800,104,0.0010403712077472,10,167,0,-0.22226881118653,0.36851903059354,-282.74681350145,True,False,False
RANDOM_FOREST,SCALE_FREE,300,50,FREQUENCY_500,3178,0.44273127753304,-0.11528847491955,-366.38677329432,-0.48933291378226,-1555.1,0.70243386338107,367.42648079846,812,2366,0,0,3178,-0.078831945884534,0.091590409700143,-393.98622173757,310.53810258024,1,3178,105,-0.044766262146425,13,282,0,-0.20093074747286,0.39437206835232,-482.24562256759,True,False,False
RANDOM_FOREST,SCALE_FREE,300,50,PERCENTILE_100,427,0.50351288056206,-0.075163878448177,-32.094976097372,-0.24871194379388,-106.19999999999,0.81448574548278,42.78799255622,45,382,0,0,427,-0.038380150456288,0.089557485467489,-44.329721384152,309.53577517564,1,427,93,0.073236014855377,6,47,1,-0.21999007259028,0.28564212010505,-47.801627949909,True,False,False
RANDOM_FOREST,SCALE_FREE,300,50,PERCENTILE_150,716,0.48324022346369,-0.090455080325295,-64.765837512911,-0.25209497206707,-180.50000000002,0.77580866682403,74.321706772683,82,634,0,0,716,-0.053981869770588,0.068774290163213,-77.985248030558,310.04753631285,1,716,100,0.052919735669717,6,63,1,-0.29736504645118,0.28503698935706,-90.880656270082,True,False,False
RANDOM_FOREST,SCALE_FREE,300,50,PERCENTILE_200,950,0.46210526315789,-0.10024531896619,-95.233053017884,-0.4045263157895,-384.30000000002,0.74405483133086,109.95382046789,128,822,0,0,950,-0.064198334581398,0.097465851129811,-111.87117387401,309.17481052632,1,950,100,0.037916481593795,9,87,2,-0.29226890427367,0.28389107838036,-129.47768818344,True,False,False
RANDOM_FOREST,SCALE_FREE,300,50,PERCENTILE_300,1454,0.45392022008253,-0.11207901982547,-162.96289482624,-0.53892709766165,-783.60000000003,0.71270950841778,166.86170157493,258,1196,0,0,1454,-0.076972290641404,0.065920134603233,-181.55039798751,309.37880742779,1,1454,103,0.01401344384379,9,133,0,-0.20123157990223,0.32194122753897,-214.00807905988,True,False,False
RANDOM_FOREST,SCALE_FREE,300,50,PERCENTILE_500,2398,0.44495412844037,-0.13076252716474,-313.56854014105,-0.62368640533781,-1495.6000000001,0.67623023662467,316.003196671,557,1841,0,0,2398,-0.095595744874882,0.092552235707589,-337.99951442395,309.5750971643,1,2398,105,-0.01965711358475,15,213,0,-0.21874713956075,0.40353329107009,-397.89848407213,True,False,False
RANDOM_FOREST,SCALE_FREE,300,50,ROLLING_100,839,0.4684147794994,-0.1026526679139,-86.125588379759,-0.48343265792613,-405.60000000002,0.74211748431181,99.842221255102,107,732,0,0,839,-0.066813486891756,0.096365047298079,-102.54797623246,309.83626460072,1,839,100,0.044838534025568,7,78,2,-0.3021115451497,0.28601435379686,-116.19466125733,True,False,False
RANDOM_FOREST,SCALE_FREE,300,50,ROLLING_150,1129,0.46589902568645,-0.098703249992257,-111.43596924126,-0.4292294065545,-484.60000000003,0.74905337232159,123.07119798824,169,960,0,0,1129,-0.063162399561299,0.076156591284435,-128.07409009739,310.48818246236,1,1129,101,0.028672688232361,10,110,1,-0.24048049352361,0.28710552571089,-151.56158937781,True,False,False
RANDOM_FOREST,SCALE_FREE,300,50,ROLLING_200,1399,0.45604002859185,-0.11514144487683,-161.08288138268,-0.5429592566119,-759.60000000005,0.70906605518922,164.60561126261,250,1149,0,0,1399,-0.080123591992868,0.061728613889571,-178.35603825336,309.89876340243,1,1399,102,0.015714569268131,9,135,0,-0.2050331097875,0.33145882766855,-210.07285756734,True,False,False
RANDOM_FOREST,SCALE_FREE,300,50,ROLLING_300,1842,0.45059717698154,-0.12173338457616,-224.23289438928,-0.56465798045605,-1040.1,0.69677594530271,226.78906476039,385,1457,0,0,1842,-0.08719003519365,0.13462797777621,-245.74603643985,309.81535939197,1,1842,103,-0.0014874736579351,12,176,0,-0.21355352902816,0.36448734872826,-287.86174395186,True,False,False
RANDOM_FOREST,SCALE_FREE,300,50,ROLLING_500,2596,0.44761171032357,-0.11800750897809,-306.34749330712,-0.53181818181821,-1380.6000000001,0.69952320435946,307.5298577263,610,1986,0,0,2596,-0.082943328799046,0.095717218830766,-330.77846759002,310.37611093991,1,2596,105,-0.025851470542371,15,262,0,-0.19798590815868,0.4053037696861,-397.37410505192,True,False,False
RANDOM_FOREST,SCALE_FREE,300,50,ZERO,714,0.43557422969188,-0.15069884636599,-107.59897630532,-0.67324929971991,-480.70000000002,0.6421538853182,111.53865761959,50,664,0,0,714,-0.11022942313857,0.14386672686773,-120.01724831546,307.22976470588,1,714,71,0.080797603259181,10,3,1,-0.18896481360664,0.35240761194901,-136.49414448969,True,False,False
RANDOM_FOREST,SCALE_FREE,600,0,FREQUENCY_100,402,0.49004975124378,-0.090288008646901,-36.295779476054,-0.14253731343275,-57.299999999967,0.83198662533145,45.582591623939,75,327,0,0,402,-0.055992404654177,0.096254129515094,-54.69469586967,616.22700746269,1,402,91,0.11419191486917,8,37,3,-0.39603097242737,0.31663765353348,-50.082612281129,True,False,False
RANDOM_FOREST,SCALE_FREE,600,0,FREQUENCY_150,827,0.48488512696493,-0.074817344702072,-61.873944068613,-0.11281741233372,-93.299999999986,0.85319683864418,73.83103500118,199,628,0,0,827,-0.041042089882875,0.21383443124067,-88.262734595969,615.25238331318,1,827,97,0.071772041307386,8,72,2,-0.33134444749241,0.33049543920968,-89.806079804088,True,False,False
RANDOM_FOREST,SCALE_FREE,600,0,FREQUENCY_200,1152,0.46961805555556,-0.10436290855917,-120.22607066016,-0.4285590277778,-493.70000000003,0.79082358119545,123.68805908701,293,859,0,0,1152,-0.070932409603696,0.16396551889259,-144.98790190379,614.08825694444,1,1152,103,0.052057355520573,10,117,0,-0.28616198362154,0.35234011771492,-158.73800545687,True,False,False
RANDOM_FOREST,SCALE_FREE,600,0,FREQUENCY_300,1834,0.45910577971647,-0.12919659509333,-236.94655540117,-0.7283533260633,-1335.8000000001,0.74164151200689,241.73577120281,535,1299,0,0,1834,-0.096636847541641,0.16645791383662,-271.26636515323,613.2905910578,1,1834,104,0.03036084877001,11,182,0,-0.17001010389674,0.39737768149526,-296.66113241097,True,False,False
RANDOM_FOREST,SCALE_FREE,600,0,FREQUENCY_500,2890,0.45847750865052,-0.10205864772916,-294.94949193726,-0.57159169550179,-1651.9000000002,0.78076479591941,305.10283380289,953,1937,0,0,2890,-0.069732667925652,0.092445684679356,-330.43408647671,613.15552456747,1,2890,105,0.00045251604765965,11,292,0,-0.12815375511927,0.44124852190954,-388.37157356939,True,False,False
RANDOM_FOREST,SCALE_FREE,600,0,PERCENTILE_100,412,0.49757281553398,-0.066430075232972,-27.369190995984,0.014563106796199,6.000000000034,0.87140995114565,31.594321255338,79,333,0,0,412,-0.032710068149745,0.10648602783992,-46.176612296015,615.90113592233,1,412,93,0.099875513271042,8,43,1,-0.28247527745038,0.31403808224026,-41.261833914274,True,False,False
RANDOM_FOREST,SCALE_FREE,600,0,PERCENTILE_150,693,0.49494949494949,-0.054611786975104,-37.845968373747,0.048051948052,33.300000000036,0.89413487327853,47.320817390766,155,538,0,0,693,-0.020675569238968,0.20762846156732,-64.234758901102,617.7816031746,1,693,97,0.07701960014743,8,63,1,-0.37508542010736,0.31587953281769,-61.363767264889,True,False,False
RANDOM_FOREST,SCALE_FREE,600,0,PERCENTILE_200,918,0.47930283224401,-0.10156406123341,-93.235808212268,-0.33899782135075,-311.19999999999,0.80349610660908,98.124116325313,236,682,0,0,918,-0.068484273017085,0.20618085528825,-119.62459873962,613.80144771242,1,918,99,0.06370542802917,8,85,0,-0.36244804920836,0.35352134629278,-123.60305379485,True,False,False
RANDOM_FOREST,SCALE_FREE,600,0,PERCENTILE_300,1363,0.46881878209831,-0.10146724850593,-138.29985971358,-0.42978723404258,-585.80000000003,0.79194708583901,145.02271049326,366,997,0,0,1363,-0.068341783833461,0.12696937338999,-164.84640915756,613.86246661775,1,1363,103,0.045295140764759,9,139,0,-0.18522435729715,0.36527987689851,-183.44986806216,True,False,False
RANDOM_FOREST,SCALE_FREE,600,0,PERCENTILE_500,2124,0.46421845574388,-0.10511431796856,-223.26281136521,-0.54397363465166,-1155.4000000001,0.78240308074405,229.5554177615,640,1484,0,0,2124,-0.072748088339822,0.14047501343468,-258.74740590466,615.13767090395,1,2124,104,0.021424887989851,10,211,0,-0.15025014209651,0.40202892615633,-292.00868309664,True,False,False
RANDOM_FOREST,SCALE_FREE,600,0,ROLLING_100,530,0.51509433962264,-0.05968665757828,-31.633928516488,0.17207547169818,91.200000000034,0.88690880679999,41.000297834235,103,427,0,0,530,-0.025128385113308,0.12475285846568,-55.018985449711,615.61568301887,1,530,93,0.094879681907259,6,45,3,-0.41183348183868,0.32442562897388,-49.949812922923,True,False,False
RANDOM_FOREST,SCALE_FREE,600,0,ROLLING_150,768,0.48828125,-0.067947685464175,-52.183822436486,-0.049218749999961,-37.79999999997,0.86475464759077,58.649665200128,182,586,0,0,768,-0.034172775936246,0.21525443794211,-78.572612963842,615.82463802083,1,768,97,0.076234550113111,8,64,2,-0.30281546249261,0.3319806922136,-78.122952953936,True,False,False
RANDOM_FOREST,SCALE_FREE,600,0,ROLLING_200,1034,0.47388781431335,-0.099549880670322,-102.93457661311,-0.36170212765958,-374,0.80265160983855,121.72736459891,270,764,0,0,1034,-0.066161395891018,0.16418744695373,-127.21875283988,612.96854545455,1,1034,98,0.061710770679983,10,85,1,-0.33848450119245,0.35504211905083,-137.45826987491,True,False,False
RANDOM_FOREST,SCALE_FREE,600,0,ROLLING_300,1466,0.46793997271487,-0.11400682240285,-167.13400164257,-0.56425648021834,-827.20000000009,0.77140242395175,172.67016573953,403,1063,0,0,1466,-0.081027342669372,0.13574800698072,-193.68055108655,612.60620463847,1,1466,102,0.043418760072535,10,133,0,-0.19933017171781,0.36233120908622,-215.48191893185,True,False,False
RANDOM_FOREST,SCALE_FREE,600,0,ROLLING_500,2231,0.4648139847602,-0.10354136410133,-231.00078331007,-0.55244285073964,-1232.5000000001,0.78333984125275,237.20384075953,688,1543,0,0,2231,-0.071087276326234,0.11554637736597,-266.48537784951,614.51387315105,1,2231,104,0.018729085631869,8,209,0,-0.14352938310024,0.40859165393905,-303.40585313631,True,False,False
RANDOM_FOREST,SCALE_FREE,600,0,ZERO,1351,0.46410066617321,-0.091115421003461,-123.09693377568,-0.33316062176171,-450.10000000007,0.81445465183742,142.76410517277,413,938,0,0,1351,-0.057465550175608,0.20121723510941,-151.55435566251,607.99080458919,1,1351,88,0.064022905571883,11,9,2,-0.13673562758782,0.472366500103,-168.55790926411,True,False,False
RANDOM_FOREST,SCALE_FREE,600,25,FREQUENCY_100,517,0.49903288201161,-0.10162257345656,-52.538870477041,-0.24893617021271,-128.69999999997,0.8147002972315,61.117985184259,108,409,0,0,517,-0.06714023800194,0.10158009755606,-71.229208413965,620.88390909091,1,517,95,0.091069662743997,7,55,1,-0.39083811264489,0.30093725604744,-70.366237907079,True,False,False
RANDOM_FOREST,SCALE_FREE,600,25,FREQUENCY_150,830,0.47590361445783,-0.10518433179352,-87.302995388618,-0.30879518072288,-256.29999999999,0.80022284042694,90.673536380198,208,622,0,0,830,-0.071145696609008,0.2273221409717,-113.69178591597,612.26516746988,1,830,98,0.065222942565136,9,80,0,-0.34433445073082,0.34376893545393,-115.55506259176,True,False,False
RANDOM_FOREST,SCALE_FREE,600,25,FREQUENCY_200,1155,0.46060606060606,-0.12066844687782,-139.37205614388,-0.46883116883119,-541.50000000002,0.76806158281747,144.28423649532,302,853,0,0,1155,-0.086690035906849,0.16652916459364,-164.13388738751,614.56748484848,1,1155,102,0.050931111339967,13,123,0,-0.31068009692811,0.36511515580873,-178.61712081534,True,False,False
RANDOM_FOREST,SCALE_FREE,600,25,FREQUENCY_300,1783,0.46270330902973,-0.10451063057269,-186.3424543111,-0.51710600112174,-922.00000000006,0.78906015321076,190.59833888326,520,1263,0,0,1783,-0.07134587063239,0.17703238202389,-220.97123373689,614.33807964105,1,1783,104,0.028269965001889,12,170,0,-0.17487472623687,0.37672977069689,-245.47522128465,True,False,False
RANDOM_FOREST,SCALE_FREE,600,25,FREQUENCY_500,2960,0.44966216216216,-0.10750634266826,-318.21877429806,-0.60726351351357,-1797.5000000002,0.77856470332514,328.42950728658,976,1984,0,0,2960,-0.074482159416929,0.11880254101579,-353.17138103247,614.39743952703,1,2960,106,-0.0095912738146329,15,295,0,-0.13214903068717,0.43643655032982,-415.97035672201,True,False,False
RANDOM_FOREST,SCALE_FREE,600,25,PERCENTILE_100,405,0.49876543209877,-0.081985414595631,-33.20409291123,-0.13209876543202,-53.499999999968,0.84472415985769,37.429223170584,77,328,0,0,405,-0.047802268778773,0.1092873973747,-52.011514211262,616.12543703704,1,405,93,0.099107644261531,7,43,1,-0.28247527745038,0.32098668655041,-47.048266967058,True,False,False
RANDOM_FOREST,SCALE_FREE,600,25,PERCENTILE_150,679,0.48159057437408,-0.084692194799946,-57.506000269163,-0.18748159057434,-127.29999999998,0.8421222270494,68.151778701429,156,523,0,0,679,-0.050470408530552,0.22063101170971,-83.894790796519,618.56549631811,1,679,97,0.075682195072825,8,63,2,-0.3933862777501,0.31418563021744,-80.742593146081,True,False,False
RANDOM_FOREST,SCALE_FREE,600,25,PERCENTILE_200,909,0.47304730473047,-0.11798381841658,-107.24729094067,-0.47040704070406,-427.59999999999,0.77618064656004,117.68151869447,230,679,0,0,909,-0.084070025837193,0.19505199334469,-131.53146716744,614.84704730473,1,909,99,0.062156768877682,9,84,0,-0.34504444115446,0.33764451830673,-138.07492839534,True,False,False
RANDOM_FOREST,SCALE_FREE,600,25,PERCENTILE_300,1344,0.45982142857143,-0.14470263843911,-194.48034606216,-0.69732142857146,-937.20000000004,0.72471940384963,198.66988538469,369,975,0,0,1344,-0.11113561532769,0.16691758194172,-219.24217730579,615.277203125,1,1344,103,0.043607312727019,10,144,0,-0.22376245104329,0.35599016106338,-239.59442512391,True,False,False
RANDOM_FOREST,SCALE_FREE,600,25,PERCENTILE_500,2070,0.45942028985507,-0.10420671402039,-215.70789802221,-0.48386473429957,-1001.6000000001,0.78673827279254,222.78048260788,623,1447,0,0,2070,-0.071066171243892,0.13742717479718,-250.33667744801,617.15078985507,1,2070,104,0.017488580365793,9,201,0,-0.14971312235988,0.39948281044751,-284.30882156957,True,False,False
RANDOM_FOREST,SCALE_FREE,600,25,ROLLING_100,670,0.48059701492537,-0.087954023079291,-58.929195463125,-0.22313432835816,-149.49999999997,0.8356772934197,68.291774025335,149,521,0,0,670,-0.053393329095737,0.23350886504966,-85.317985990481,618.28324029851,1,670,96,0.081010046018863,8,56,1,-0.37660431485,0.30762760919124,-82.084860432107,True,False,False
RANDOM_FOREST,SCALE_FREE,600,25,ROLLING_150,960,0.46770833333333,-0.11236313885003,-107.86861329602,-0.44520833333332,-427.39999999999,0.78577027766013,126.69924585987,250,710,0,0,960,-0.078499766788569,0.16970300087774,-132.15278952279,614.154059375,1,960,98,0.062175366492333,10,82,1,-0.35429690545146,0.34929779428807,-140.37745047502,True,False,False
RANDOM_FOREST,SCALE_FREE,600,25,ROLLING_200,1201,0.46211490424646,-0.12036256425532,-144.55543967063,-0.51532056619486,-618.90000000003,0.7675476050842,147.30620267198,324,877,0,0,1201,-0.086740502736655,0.15021943602758,-169.31727091426,613.86470274771,1,1201,100,0.050385713407744,13,110,0,-0.22606183283804,0.35332354283142,-184.93553555455,True,False,False
RANDOM_FOREST,SCALE_FREE,600,25,ROLLING_300,1682,0.45481569560048,-0.12606891323214,-212.04791205646,-0.64744351961953,-1089.0000000001,0.75240861442498,215.25120756748,478,1204,0,0,1682,-0.092856868501174,0.18409909045844,-246.67669148225,614.51592984542,1,1682,104,0.031247724003998,12,161,0,-0.18015112340404,0.37874020650493,-267.91057129395,True,False,False
RANDOM_FOREST,SCALE_FREE,600,25,ROLLING_500,2398,0.44036697247706,-0.12172411209824,-291.89442081159,-0.69532944120105,-1667.4000000001,0.75051243710263,301.39967173756,760,1638,0,0,2398,-0.08876465492173,0.1050854999958,-326.52320023738,618.08706255213,1,2398,104,0.0066562260931808,12,231,0,-0.16162617756217,0.40956521798704,-370.93119912087,True,False,False
RANDOM_FOREST,SCALE_FREE,600,25,ZERO,1202,0.4567387687188,-0.10583153408428,-127.20950396931,-0.35440931780368,-426.00000000002,0.79360899957323,145.51590627426,343,859,0,0,1202,-0.071259682196672,0.19933988729396,-154.81111074249,609.0725249584,1,1202,88,0.066337225400127,12,9,2,-0.14483621634027,0.44534775504865,-168.76486993821,True,False,False
RANDOM_FOREST,SCALE_FREE,600,50,FREQUENCY_100,525,0.49904761904762,-0.068785170378814,-36.112214448877,-0.031619047619021,-16.599999999986,0.87501983704763,46.831063776304,116,409,0,0,525,-0.032123771310541,0.10313782581481,-59.035611814336,618.22495428571,1,525,96,0.085954115168121,7,53,2,-0.34109863402993,0.30595243481082,-55.35944895972,True,False,False
RANDOM_FOREST,SCALE_FREE,600,50,FREQUENCY_150,823,0.47023086269745,-0.13207070792657,-108.69419262356,-0.52709599027948,-433.80000000001,0.76453469456583,119.145145918,217,606,0,0,823,-0.096238552106039,0.1621354979186,-132.97836885033,612.95744835966,1,823,98,0.060883250703436,7,71,0,-0.30765537305462,0.33489675729634,-138.18405686386,True,False,False
RANDOM_FOREST,SCALE_FREE,600,50,FREQUENCY_200,1167,0.47557840616967,-0.11545544912897,-134.73650913351,-0.46838046272496,-546.60000000003,0.78971295811849,143.73723939942,325,842,0,0,1167,-0.080146457415446,0.17961576802401,-169.3652885593,615.35564781491,1,1167,103,0.041016585269437,13,113,0,-0.20880372317903,0.35732651001401,-175.9421024632,True,False,False
RANDOM_FOREST,SCALE_FREE,600,50,FREQUENCY_300,1792,0.46763392857143,-0.10015352160638,-179.47511071863,-0.49023437500008,-878.50000000014,0.80644571424583,198.08561760504,549,1243,0,0,1792,-0.064213730734154,0.13872579230905,-214.10389014442,614.32977734375,1,1792,103,0.0084419369178614,16,153,0,-0.11732382927572,0.37765640549449,-243.87921596166,True,False,False
RANDOM_FOREST,SCALE_FREE,600,50,FREQUENCY_500,2951,0.45001694340901,-0.1474977857172,-435.26596565146,-0.64520501524908,-1904,0.73473843814842,439.23842200286,1014,1937,0,0,2951,-0.10747473165207,0.12142027746965,-483.99545825929,787.10026160624,1,2951,104,-0.05583814838802,11,288,0,-0.23420642590961,0.38657973143681,-553.37399819765,True,False,False
RANDOM_FOREST,SCALE_FREE,600,50,PERCENTILE_100,400,0.5125,-0.087559438423732,-35.023775369493,-0.11924999999995,-47.69999999998,0.84005128760456,40.670575214533,79,321,0,0,400,-0.05153307824872,0.095096650919698,-53.422691763109,617.1863675,1,400,91,0.09686787590173,6,42,1,-0.31031121385679,0.28702107439118,-49.434319439498,True,False,False
RANDOM_FOREST,SCALE_FREE,600,50,PERCENTILE_150,639,0.48982785602504,-0.090991523258461,-58.143583362157,-0.22660406885758,-144.79999999999,0.83573746555151,71.435219124297,162,477,0,0,639,-0.055248231682357,0.21059993229584,-84.532373889512,615.51199374022,1,639,97,0.072782684768972,7,58,1,-0.37393429630579,0.30531472263968,-80.983546679287,True,False,False
RANDOM_FOREST,SCALE_FREE,600,50,PERCENTILE_200,864,0.47569444444444,-0.11546975111198,-99.765864960749,-0.40891203703705,-353.30000000001,0.78993846962989,108.37022569925,226,638,0,0,864,-0.079797623981256,0.15854312426477,-124.52769620438,614.98775810185,1,864,99,0.056629338653807,7,90,0,-0.28675226403049,0.31882865935611,-130.58658280169,True,False,False
RANDOM_FOREST,SCALE_FREE,600,50,PERCENTILE_300,1287,0.47241647241647,-0.11982772115708,-154.21827712916,-0.55804195804198,-718.20000000003,0.7797196038273,165.4818707654,367,920,0,0,1287,-0.084355654930214,0.17109930043754,-188.84705655496,614.79113597514,1,1287,103,0.033401416269359,13,125,0,-0.22697457390418,0.35514926759305,-199.87082636314,True,False,False
RANDOM_FOREST,SCALE_FREE,600,50,PERCENTILE_500,2020,0.46138613861386,-0.1172719665216,-236.88937237363,-0.6256435643565,-1263.8000000001,0.77777511719962,255.10075879194,643,1377,0,0,2020,-0.080927164047882,0.16108251175651,-271.84197910805,613.97901584158,1,2020,104,-0.0030138505758823,18,180,0,-0.14596115956218,0.37928942628548,-310.30587337054,True,False,False
RANDOM_FOREST,SCALE_FREE,600,50,ROLLING_100,747,0.48192771084337,-0.099354496954717,-74.217809225173,-0.28647925033467,-214,0.81849421397403,94.08418841646,196,551,0,0,747,-0.063673565032511,0.1568303209427,-98.50198545194,613.98063587684,1,747,97,0.064588820698378,8,70,1,-0.3115728632295,0.32469292358207,-100.87146537106,True,False,False
RANDOM_FOREST,SCALE_FREE,600,50,ROLLING_150,1003,0.46959122632104,-0.13497101933643,-135.37593239444,-0.64217347956135,-644.10000000003,0.75574422449439,144.97257800074,269,734,0,0,1003,-0.099536864369019,0.15614604415415,-160.13776363807,614.91981455633,1,1003,99,0.047874445049493,8,99,1,-0.26706342925179,0.3237637992041,-170.91638982675,True,False,False
RANDOM_FOREST,SCALE_FREE,600,50,ROLLING_200,1246,0.47271268057785,-0.12106872026359,-150.85162544843,-0.53234349919747,-663.30000000004,0.77655256231283,160.94527263966,351,895,0,0,1246,-0.085880234812721,0.16603421247272,-185.48040487422,615.49734831461,1,1246,103,0.034748788072011,13,120,0,-0.19905214150052,0.35391555260549,-194.69647832021,True,False,False
RANDOM_FOREST,SCALE_FREE,600,50,ROLLING_300,1585,0.46940063091483,-0.11851463922911,-187.84570317814,-0.52227129337545,-827.80000000009,0.77771255342528,202.07588989024,479,1106,0,0,1585,-0.083208492465748,0.15502997303935,-222.47448260394,617.6851488959,1,1585,103,0.016995457675533,12,148,0,-0.18993361310005,0.36739127880981,-243.80594579807,True,False,False
RANDOM_FOREST,SCALE_FREE,600,50,ROLLING_500,2195,0.46332574031891,-0.11996934852133,-263.33272000431,-0.60382687927113,-1325.4000000001,0.77402415261113,271.07102722396,736,1459,0,0,2195,-0.083902263957021,0.13198608484639,-298.28532673872,615.00467061503,1,2195,104,-0.010125575257907,18,209,0,-0.14773757313153,0.3767541216171,-342.49997062296,True,False,False
RANDOM_FOREST,SCALE_FREE,600,50,ZERO,867,0.46597462514418,-0.11143649375425,-96.615440084938,-0.29008073817763,-251.5,0.79791167732728,116.71680507379,210,657,0,0,867,-0.07420327616254,0.18093677261815,-124.21704685812,609.96080392157,1,867,88,0.072305667660671,8,9,3,-0.17126095093158,0.38809510853144,-128.89663973695,True,False,False
RANDOM_FOREST,SCALE_FREE,900,0,FREQUENCY_100,462,0.49134199134199,-0.11771311669482,-54.383459913008,-0.55714285714286,-257.4,0.80553951894726,60.751917237183,85,377,0,0,462,-0.083569424218877,0.10478217959583,-76.021700999182,922.25857142857,1,462,92,0.13928149268681,8,29,1,-0.24185684358275,0.28634527938498,-70.157845836895,True,False,False
RANDOM_FOREST,SCALE_FREE,900,0,FREQUENCY_150,764,0.48821989528796,-0.098022719291893,-74.889357539006,-0.4952879581152,-378.40000000001,0.8316097688068,78.161578847185,159,605,0,0,764,-0.062640482531096,0.1075177422475,-99.943661903186,916.08189528796,1,764,100,0.11304105270394,9,53,0,-0.1481895372843,0.3633821457543,-101.92138642426,True,False,False
RANDOM_FOREST,SCALE_FREE,900,0,FREQUENCY_200,1063,0.49106302916275,-0.080670457217836,-85.752696022559,-0.28692380056449,-305.00000000005,0.8545649880277,91.233938585469,261,802,0,0,1063,-0.046403533676365,0.10599059253299,-111.04928891608,913.47378080903,1,1063,103,0.086370614231618,8,89,0,-0.14222971265136,0.39688074883287,-122.17843574714,True,False,False
RANDOM_FOREST,SCALE_FREE,900,0,FREQUENCY_300,1791,0.48520379676159,-0.091832821451618,-164.47258321985,-0.35343383584591,-633.00000000002,0.83021679945979,167.73648253829,517,1274,0,0,1791,-0.058806597910103,0.10608381496244,-196.13215452674,914.88490508096,1,1791,103,0.051581166519849,9,153,1,-0.17116106157262,0.41411859197053,-223.6225495827,True,False,False
RANDOM_FOREST,SCALE_FREE,900,0,FREQUENCY_500,2874,0.47564370215727,-0.095022216733877,-273.09385089316,-0.51830201809328,-1489.6000000001,0.82511598693683,287.24857040749,952,1922,0,0,2874,-0.063135514553195,0.074588977896322,-313.9293659855,909.46867988866,1,2874,106,0.012484487621064,11,278,0,-0.19935157757612,0.46645090972247,-364.73623296044,True,False,False
RANDOM_FOREST,SCALE_FREE,900,0,PERCENTILE_100,375,0.504,-0.064601096478007,-24.225411179253,-0.057066666666635,-21.399999999988,0.88951962276971,34.762648053562,38,337,0,0,375,-0.02934134522684,0.12508626099684,-45.863652265427,924.74678133333,1,375,91,0.14208325704048,6,32,2,-0.30332234514541,0.27897913456472,-37.44781789844,True,False,False
RANDOM_FOREST,SCALE_FREE,900,0,PERCENTILE_150,593,0.48397976391231,-0.1411458260967,-83.699474875344,-0.75413153456998,-447.2,0.76566386680298,85.50580016808,113,480,0,0,593,-0.10647643225045,0.094090049515358,-105.33771596152,919.33086003373,1,593,97,0.12073776967372,8,48,0,-0.24185455239794,0.2857384785403,-104.25842542617,True,False,False
RANDOM_FOREST,SCALE_FREE,900,0,PERCENTILE_200,846,0.49527186761229,-0.070764054616489,-59.86639020555,-0.24728132387712,-209.20000000004,0.87384688604466,64.4598031758,189,657,0,0,846,-0.035939103998567,0.10534815958116,-84.92069456973,914.41896217494,1,846,100,0.10239233425266,9,68,1,-0.11738654366997,0.36952861350004,-89.328298428312,True,False,False
RANDOM_FOREST,SCALE_FREE,900,0,PERCENTILE_300,1265,0.48853754940711,-0.077751051378561,-98.35507999388,-0.27715415019766,-350.60000000004,0.85442615562178,105.83918627187,333,932,0,0,1265,-0.044280523004903,0.083141749784831,-124.23697716538,917.47822055336,1,1265,103,0.073067990943621,11,118,0,-0.14603152540153,0.39968109845721,-140.69529838656,True,False,False
RANDOM_FOREST,SCALE_FREE,900,0,PERCENTILE_500,1986,0.4944612286002,-0.046310842494342,-91.973333193763,-0.068982880161144,-137.00000000003,0.91102323781357,103.17661355887,583,1403,0,0,1986,-0.01359399321758,0.073399204235486,-134.89551530871,914.29232225579,1,1986,104,0.042087965902891,9,191,1,-0.14293100085426,0.40287847624567,-156.94899585741,True,False,False
RANDOM_FOREST,SCALE_FREE,900,0,ROLLING_100,489,0.48875255623722,-0.093764404756604,-45.850793925979,-0.35501022494881,-173.59999999997,0.8390918798363,55.058213757515,67,422,0,0,489,-0.057765575316992,0.12773925189895,-67.489035012154,922.83864417178,1,489,91,0.13288654885963,8,36,1,-0.23009773954683,0.25841184213425,-63.45422152195,True,False,False
RANDOM_FOREST,SCALE_FREE,900,0,ROLLING_150,743,0.49259757738896,-0.10439006313884,-77.561816912158,-0.46689098250339,-346.90000000002,0.81891761040726,79.787823910702,145,598,0,0,743,-0.069047319948859,0.110163544923,-99.541069615557,916.10017362046,1,743,97,0.10984323949412,7,56,0,-0.23142599408101,0.33412959860405,-103.82147510231,True,False,False
RANDOM_FOREST,SCALE_FREE,900,0,ROLLING_200,964,0.50414937759336,-0.048569864779947,-46.821349647869,-0.098651452282204,-95.100000000045,0.90973587463402,55.761217125321,219,745,0,0,964,-0.014177475642167,0.10245074632285,-71.110597953173,913.08782883817,1,964,101,0.093437773195061,8,74,1,-0.1168500991135,0.38603599913062,-79.975612776688,True,False,False
RANDOM_FOREST,SCALE_FREE,900,0,ROLLING_300,1381,0.48443157132513,-0.068010153674136,-93.922022223982,-0.20391020999279,-281.60000000005,0.87144403348918,110.62613749068,365,1016,0,0,1381,-0.034388132520059,0.11275428129552,-128.3572414467,916.93766111513,1,1381,103,0.067864529395857,10,126,1,-0.16687824567276,0.38648398173556,-140.35403343776,True,False,False
RANDOM_FOREST,SCALE_FREE,900,0,ROLLING_500,2042,0.48775710088149,-0.06578757964953,-134.33823764434,-0.21356513222333,-436.10000000005,0.87668204069035,137.97344980681,604,1438,0,0,2042,-0.033096219115126,0.07220142365931,-177.26041975929,913.34824779628,1,2042,104,0.039798098314073,10,194,1,-0.14513347212384,0.40781940416849,-201.09399585559,True,False,False
RANDOM_FOREST,SCALE_FREE,900,0,ZERO,1472,0.49388586956522,-0.063124275793802,-92.918933968476,-0.26406250000001,-388.70000000001,0.88193041099136,102.48922903839,437,1035,0,0,1472,-0.030209631070143,0.090288673257962,-127.20797418364,909.19082201087,1,1472,89,0.076196056018276,8,17,1,-0.21494588334027,0.47798280425267,-141.3692910017,True,False,False
RANDOM_FOREST,SCALE_FREE,900,25,FREQUENCY_100,479,0.48225469728601,-0.11837360151565,-56.700955125998,-0.57912317327766,-277.4,0.801313359366,61.420591959895,78,401,0,0,479,-0.08319707488214,0.10978274855141,-78.339196212172,922.71082463466,1,479,94,0.13565275032008,8,36,1,-0.26925327680629,0.27803202966477,-73.550511383451,True,False,False
RANDOM_FOREST,SCALE_FREE,900,25,FREQUENCY_150,791,0.50189633375474,-0.049093220692778,-38.832737567988,-0.10960809102405,-86.700000000024,0.91350938674748,47.669333465708,168,623,0,0,791,-0.013581588126334,0.093965548998781,-65.47969079836,914.92959797724,1,791,100,0.10463155579268,7,65,1,-0.092583917226151,0.35188933204456,-66.922438928045,True,False,False
RANDOM_FOREST,SCALE_FREE,900,25,FREQUENCY_200,1082,0.48706099815157,-0.093587788474253,-101.26198712914,-0.38243992606288,-413.80000000003,0.83492104904534,103.87938964837,260,822,0,0,1082,-0.058862013371043,0.08942933755046,-127.14388430064,913.70198151571,1,1082,103,0.08249608516011,10,95,0,-0.15404791280665,0.38957717985899,-138.83527579081,True,False,False
RANDOM_FOREST,SCALE_FREE,900,25,FREQUENCY_300,1797,0.48914858096828,-0.061385090071387,-110.30900685828,-0.16655537006123,-299.30000000002,0.8875183513989,116.44933196672,526,1271,0,0,1797,-0.028337982598839,0.070989390635346,-153.23118897323,915.71545798553,1,1797,103,0.043969387008749,9,169,1,-0.18345595735815,0.3823874575472,-169.69465898645,True,False,False
RANDOM_FOREST,SCALE_FREE,900,25,FREQUENCY_500,2881,0.46893439777855,-0.11861213914709,-341.72157288277,-0.68552585907674,-1975.0000000001,0.79500847563187,349.47101773281,976,1905,0,0,2881,-0.08556900115966,0.099320746790778,-386.4356310043,910.65944706699,1,2881,106,-0.0024735637943809,14,291,0,-0.21339878109545,0.45670074910013,-436.91885342456,True,False,False
RANDOM_FOREST,SCALE_FREE,900,25,PERCENTILE_100,373,0.50134048257373,-0.071337698282029,-26.608961459197,-0.081233243967796,-30.299999999988,0.87943965317107,38.508059315006,36,337,0,0,373,-0.035532957507641,0.1265626286648,-48.247202545371,924.89016353887,1,373,89,0.14315269012213,6,32,2,-0.31370224130686,0.27681261141258,-39.964129768043,True,False,False
RANDOM_FOREST,SCALE_FREE,900,25,PERCENTILE_150,573,0.4869109947644,-0.13557738947461,-77.685844168952,-0.65357766143107,-374.5,0.77826105460815,79.492169461688,106,467,0,0,573,-0.10027821976328,0.11502603945602,-99.324085255126,920.6917504363,1,573,96,0.12144162498284,8,47,0,-0.271308518593,0.28675147488666,-97.912268413545,True,False,False
RANDOM_FOREST,SCALE_FREE,900,25,PERCENTILE_200,821,0.49451887941535,-0.073651097203231,-60.467550803853,-0.25164433617544,-206.60000000004,0.87124308223954,64.156990455113,178,643,0,0,821,-0.03834007793606,0.089590125300663,-85.521855168033,914.73068940317,1,821,102,0.10034215732224,7,67,0,-0.10170648123622,0.36494560041048,-89.4578976222,True,False,False
RANDOM_FOREST,SCALE_FREE,900,25,PERCENTILE_300,1242,0.47987117552335,-0.068965809062576,-85.65553485572,-0.19178743961354,-238.20000000001,0.87399497762902,88.272937374951,324,918,0,0,1242,-0.034928610797816,0.1177971128659,-120.09075407844,918.53275040258,1,1242,103,0.069987072316906,9,117,1,-0.14761059006735,0.38454488279882,-127.92973510055,True,False,False
RANDOM_FOREST,SCALE_FREE,900,25,PERCENTILE_500,1917,0.48721961398018,-0.068373221234103,-131.07146510578,-0.24173187271781,-463.40000000004,0.87572721887348,135.33029517781,566,1351,0,0,1917,-0.03523549081849,0.060122989233638,-173.99364722072,914.23051434533,1,1917,104,0.038008800949584,9,183,1,-0.18345595735815,0.38361688957572,-194.5964943125,True,False,False
RANDOM_FOREST,SCALE_FREE,900,25,ROLLING_100,613,0.48450244698206,-0.119370186283,-73.173924191477,-0.60375203915171,-370.1,0.80042933456244,76.769680102899,103,510,0,0,613,-0.083177754293173,0.11513413596248,-95.153176894876,918.56985644372,1,613,95,0.11702567514945,9,48,0,-0.2589935650388,0.28682864412172,-95.359885001238,True,False,False
RANDOM_FOREST,SCALE_FREE,900,25,ROLLING_150,887,0.50056369785795,-0.053495447167883,-47.450461637912,-0.14317925591888,-127.00000000004,0.90332920768524,54.754316795698,190,697,0,0,887,-0.018388495336693,0.10023612302272,-71.739709943216,914.0724723788,1,887,101,0.094709940228665,8,71,1,-0.12178491296048,0.36583032427023,-78.590327912178,True,False,False
RANDOM_FOREST,SCALE_FREE,900,25,ROLLING_200,1141,0.48553900087642,-0.078716585784759,-89.81562438041,-0.26871165644175,-306.60000000003,0.85619811782007,92.433026899641,285,856,0,0,1141,-0.04424349320513,0.10699604858436,-117.77720666476,919.14096494303,1,1141,103,0.075175549472788,11,107,0,-0.1468460515303,0.38149710634268,-129.14942301377,True,False,False
RANDOM_FOREST,SCALE_FREE,900,25,ROLLING_300,1547,0.48028442146089,-0.087595761251819,-135.51064265656,-0.39185520361993,-606.20000000003,0.84114265097509,139.48460017361,433,1114,0,0,1547,-0.053880545961515,0.082938218862692,-167.17021396346,916.7703904331,1,1547,103,0.054693173641602,8,145,1,-0.15907177894168,0.3941561092367,-187.66808071067,True,False,False
RANDOM_FOREST,SCALE_FREE,900,25,ROLLING_500,2173,0.47445927289462,-0.09858411242626,-214.22327630226,-0.42636907501155,-926.50000000009,0.82437643821176,216.59061775315,668,1505,0,0,2173,-0.065431483953257,0.081504090504715,-252.68499582446,912.37051725725,1,2173,104,0.026450042658567,11,212,0,-0.19425698933146,0.39942923129141,-286.2639379741,True,False,False
RANDOM_FOREST,SCALE_FREE,900,25,ZERO,1289,0.48487199379364,-0.077734052899288,-100.19919418718,-0.30504266873549,-393.20000000004,0.86132437787587,109.70160257054,337,952,0,0,1289,-0.043516239526794,0.099010666528097,-134.48823440235,910.22046082234,1,1289,89,0.079318327298065,8,17,1,-0.21494588334027,0.43706550495882,-144.30595562433,True,False,False
RANDOM_FOREST,SCALE_FREE,900,50,FREQUENCY_100,507,0.49112426035503,-0.091611592317464,-46.447077304954,-0.3197238658777,-162.09999999999,0.84786992044493,52.519336196306,84,423,0,0,507,-0.054517917451375,0.12042500140116,-71.501381669135,921.27868639053,1,507,95,0.12911845525148,6,41,1,-0.15447073108594,0.2997479600511,-65.253570462062,True,False,False
RANDOM_FOREST,SCALE_FREE,900,50,FREQUENCY_150,837,0.4910394265233,-0.052155605038751,-43.654241417435,-0.089486260454012,-74.900000000008,0.90668073176694,53.789421078262,178,659,0,0,837,-0.015182581048249,0.074644895920579,-69.536138588931,916.89907885305,1,837,103,0.092211986589906,7,77,1,-0.13463107685004,0.34083933857127,-74.600662497486,True,False,False
RANDOM_FOREST,SCALE_FREE,900,50,FREQUENCY_200,1136,0.47799295774648,-0.089645727366105,-101.8375462879,-0.41963028169015,-476.70000000001,0.84782929921589,109.10346396267,285,851,0,0,1136,-0.053180212574894,0.091448490182797,-130.78725655453,919.73589964789,1,1136,103,0.066813903713491,8,99,1,-0.22957046981123,0.3450444576202,-143.26237109071,True,False,False
RANDOM_FOREST,SCALE_FREE,900,50,FREQUENCY_300,1727,0.48118123914302,-0.10218107978915,-176.46672479587,-0.4026635784598,-695.40000000008,0.82956094441296,186.78735867102,503,1224,0,0,1727,-0.066037778274643,0.11221942212856,-211.19745647688,912.94149449913,1,1727,104,0.024538840309958,10,159,0,-0.26159919813213,0.36917279855113,-238.88620651143,True,False,False
RANDOM_FOREST,SCALE_FREE,900,50,FREQUENCY_500,2786,0.46159368269921,-0.16337465924184,-455.16180064776,-0.74095477386938,-2064.3000000001,0.74245559558609,456.96340925849,927,1859,0,0,2786,-0.1234180635477,0.07850622004846,-496.78802357663,1221.2656482412,1,2786,104,-0.056424018777461,12,304,0,-0.29811531290396,0.40486950792016,-566.48087625163,True,False,False
RANDOM_FOREST,SCALE_FREE,900,50,PERCENTILE_100,373,0.49865951742627,-0.07523572248656,-28.062924487487,-0.093565683646064,-34.899999999982,0.87194660239017,40.847672946973,46,327,0,0,373,-0.038520761740188,0.1182235598595,-49.701165573661,925.59989276139,1,373,89,0.13977496471159,6,31,2,-0.2982648985563,0.27347846199697,-41.757604845884,True,False,False
RANDOM_FOREST,SCALE_FREE,900,50,PERCENTILE_150,632,0.49683544303797,-0.062076875140726,-39.232585088939,-0.15759493670888,-99.60000000001,0.89350816379607,54.964941273084,118,514,0,0,632,-0.024649926448054,0.083808853601862,-64.286889453119,917.90767405063,1,632,98,0.11367004334208,7,52,2,-0.18559628755963,0.3232393193016,-62.886416662708,True,False,False
RANDOM_FOREST,SCALE_FREE,900,50,PERCENTILE_200,832,0.48798076923077,-0.051624848237453,-42.951873733561,-0.072115384615407,-60.000000000019,0.90697401902767,46.064699315404,178,654,0,0,832,-0.014822260563105,0.08569361544499,-68.833770905057,915.86929447115,1,832,102,0.09088902293944,7,69,0,-0.11121178119622,0.34385848803904,-73.571626678619,True,False,False
RANDOM_FOREST,SCALE_FREE,900,50,PERCENTILE_300,1203,0.48046550290939,-0.079908339083114,-96.129731916986,-0.41995012468829,-505.20000000001,0.86286305588586,104.9037878309,312,891,0,0,1203,-0.043290991969242,0.080628917031616,-125.52806421398,919.48124355777,1,1203,103,0.060512865489497,8,99,2,-0.24434830127981,0.33705776238963,-140.18040049497,True,False,False
RANDOM_FOREST,SCALE_FREE,900,50,PERCENTILE_500,1811,0.48481501932634,-0.085885143483342,-155.53799484833,-0.31131971286587,-563.80000000009,0.8553495298983,168.09525126772,537,1274,0,0,1811,-0.04984600844661,0.095653108571489,-192.30884694787,911.82537327443,1,1811,104,0.017519512521829,10,164,1,-0.25865018462365,0.3723842504307,-220.80486839986,True,False,False
RANDOM_FOREST,SCALE_FREE,900,50,ROLLING_100,730,0.5041095890411,-0.033431365006751,-24.404896454928,0.034109589041062,24.899999999975,0.94018685333675,29.94327993716,145,585,0,0,730,0.0036124263074521,0.079955852111888,-48.694144760232,915.84246438356,1,730,100,0.10027990191134,7,60,2,-0.11160314879437,0.3336914763163,-51.446864114296,True,False,False
RANDOM_FOREST,SCALE_FREE,900,50,ROLLING_150,965,0.4839378238342,-0.072447170146041,-69.91151919093,-0.20891191709844,-201.59999999999,0.87434694016986,77.423387001348,224,741,0,0,965,-0.035784761481449,0.09108613316467,-104.34673841365,920.38130362694,1,965,103,0.078208762443453,7,85,1,-0.17220948599886,0.33584924019128,-105.29074355226,True,False,False
RANDOM_FOREST,SCALE_FREE,900,50,ROLLING_200,1150,0.47913043478261,-0.10609584321079,-122.01021969241,-0.50008695652175,-575.10000000001,0.82095479680179,130.38578159184,295,855,0,0,1150,-0.069843313946889,0.09752338774317,-150.06570655273,920.10838521739,1,1150,103,0.064305553612709,7,95,1,-0.24265184106577,0.35496114940036,-163.70062834589,True,False,False
RANDOM_FOREST,SCALE_FREE,900,50,ROLLING_300,1455,0.48178694158076,-0.080965762917396,-117.80518504481,-0.2902405498282,-422.30000000003,0.8615561000607,122.2766198537,399,1056,0,0,1455,-0.044889116681979,0.067843760021936,-158.0175061195,917.02866323024,1,1455,104,0.042232964107812,11,130,1,-0.25787605674684,0.34487332780949,-170.29670531734,True,False,False
RANDOM_FOREST,SCALE_FREE,900,50,ROLLING_500,1956,0.48364008179959,-0.095171548175052,-186.1555482304,-0.35046012269944,-685.5000000001,0.84167033837804,194.94432160118,602,1354,0,0,1956,-0.059103872843904,0.099096081677837,-222.92640032994,913.55346932515,1,1956,104,0.0085341026976677,10,189,1,-0.2642008276162,0.3922018015828,-256.70392117813,True,False,False
RANDOM_FOREST,SCALE_FREE,900,50,ZERO,966,0.47722567287785,-0.10352251931183,-100.00275365523,-0.39761904761903,-384.09999999999,0.82686259971207,101.74507622416,207,759,0,0,966,-0.066100246485873,0.10881138819279,-128.9344555017,913.07840165631,1,966,89,0.087813017075611,10,17,1,-0.29396121536642,0.35528371882903,-136.1526692051,True,False,False
SHALLOW_TREE,FULL486,300,0,FREQUENCY_100,371,0.39083557951482,-0.24894902233127,-92.360087284901,-1.0760107816712,-399.20000000001,0.51895831204476,99.233452469627,160,211,0,0,371,-0.1948533458988,0.15169704607611,-108.118933742,305.2028787062,1,371,61,1.2995379155823,14,2,2,-0.80262198365357,0.27347339795189,-112.42958324135,True,False,False
SHALLOW_TREE,FULL486,300,0,FREQUENCY_150,371,0.39083557951482,-0.24894902233127,-92.360087284901,-1.0760107816712,-399.20000000001,0.51895831204476,99.233452469627,160,211,0,0,371,-0.1948533458988,0.15169704607611,-108.118933742,305.2028787062,1,371,61,1.2995379155823,14,2,2,-0.80262198365357,0.27347339795189,-112.42958324135,True,False,False
SHALLOW_TREE,FULL486,300,0,FREQUENCY_200,371,0.39083557951482,-0.24894902233127,-92.360087284901,-1.0760107816712,-399.20000000001,0.51895831204476,99.233452469627,160,211,0,0,371,-0.1948533458988,0.15169704607611,-108.118933742,305.2028787062,1,371,61,1.2995379155823,14,2,2,-0.80262198365357,0.27347339795189,-112.42958324135,True,False,False
SHALLOW_TREE,FULL486,300,0,FREQUENCY_300,371,0.39083557951482,-0.24894902233127,-92.360087284901,-1.0760107816712,-399.20000000001,0.51895831204476,99.233452469627,160,211,0,0,371,-0.1948533458988,0.15169704607611,-108.118933742,305.2028787062,1,371,61,1.2995379155823,14,2,2,-0.80262198365357,0.27347339795189,-112.42958324135,True,False,False
SHALLOW_TREE,FULL486,300,0,FREQUENCY_500,3501,0.43730362753499,-0.10368304954834,-362.99435646872,-0.56121108254785,-1964.8,0.70662798092668,371.37881525306,158,3343,0,0,3501,-0.067968187537114,0.19851615595402,-385.69491015674,306.22340816909,1,3501,74,0.10862680464258,11,2,2,-0.12084795807671,0.41395385644822,-488.03208837001,True,False,False
SHALLOW_TREE,FULL486,300,0,PERCENTILE_100,3473,0.45090699683271,-0.10195361680518,-354.08491116438,-0.57765620501008,-2006.2,0.71998105973234,356.98438915626,221,3252,0,0,3473,-0.068542812289153,0.11574814750903,-387.99894173439,415.01709588252,1,3473,106,0.10568270768014,14,137,0,-0.3351013705558,0.39471155858143,-470.12063524853,True,False,False
SHALLOW_TREE,FULL486,300,0,PERCENTILE_150,5509,0.44563441640951,-0.091010088318166,-501.37457654478,-0.49339263024144,-2718.1000000001,0.73792169847373,505.40548937106,188,5321,0,0,5509,-0.05607425053604,0.10711890053682,-535.28860711478,373.88586295153,1,5509,106,0.04536895797806,11,770,0,-0.15185268841445,0.43916072596617,-693.83610688651,True,False,False
SHALLOW_TREE,FULL486,300,0,PERCENTILE_200,5509,0.44563441640951,-0.091010088318166,-501.37457654478,-0.49339263024144,-2718.1000000001,0.73792169847373,505.40548937106,188,5321,0,0,5509,-0.05607425053604,0.10711890053682,-535.28860711478,373.88586295153,1,5509,106,0.04536895797806,11,770,0,-0.15185268841445,0.43916072596617,-693.83610688651,True,False,False
SHALLOW_TREE,FULL486,300,0,PERCENTILE_300,5509,0.44563441640951,-0.091010088318166,-501.37457654478,-0.49339263024144,-2718.1000000001,0.73792169847373,505.40548937106,188,5321,0,0,5509,-0.05607425053604,0.10711890053682,-535.28860711478,373.88586295153,1,5509,106,0.04536895797806,11,770,0,-0.15185268841445,0.43916072596617,-693.83610688651,True,False,False
SHALLOW_TREE,FULL486,300,0,PERCENTILE_500,5509,0.44563441640951,-0.091010088318166,-501.37457654478,-0.49339263024144,-2718.1000000001,0.73792169847373,505.40548937106,188,5321,0,0,5509,-0.05607425053604,0.10711890053682,-535.28860711478,373.88586295153,1,5509,106,0.04536895797806,11,770,0,-0.15185268841445,0.43916072596617,-693.83610688651,True,False,False
SHALLOW_TREE,FULL486,300,0,ROLLING_100,4760,0.44474789915966,-0.099725982303181,-474.69567576314,-0.52121848739496,-2481,0.71926924803573,477.59515375502,191,4569,0,0,4760,-0.063467627620379,0.11134585124545,-508.60970633315,384.54830315126,1,4760,106,0.05640413593638,14,137,0,-0.3351013705558,0.37797000248307,-647.28544405328,True,False,False
SHALLOW_TREE,FULL486,300,0,ROLLING_150,5509,0.44563441640951,-0.091010088318166,-501.37457654478,-0.49339263024144,-2718.1000000001,0.73792169847373,505.40548937106,188,5321,0,0,5509,-0.05607425053604,0.10711890053682,-535.28860711478,373.88586295153,1,5509,106,0.04536895797806,11,770,0,-0.15185268841445,0.43916072596617,-693.83610688651,True,False,False
SHALLOW_TREE,FULL486,300,0,ROLLING_200,5509,0.44563441640951,-0.091010088318166,-501.37457654478,-0.49339263024144,-2718.1000000001,0.73792169847373,505.40548937106,188,5321,0,0,5509,-0.05607425053604,0.10711890053682,-535.28860711478,373.88586295153,1,5509,106,0.04536895797806,11,770,0,-0.15185268841445,0.43916072596617,-693.83610688651,True,False,False
SHALLOW_TREE,FULL486,300,0,ROLLING_300,5509,0.44563441640951,-0.091010088318166,-501.37457654478,-0.49339263024144,-2718.1000000001,0.73792169847373,505.40548937106,188,5321,0,0,5509,-0.05607425053604,0.10711890053682,-535.28860711478,373.88586295153,1,5509,106,0.04536895797806,11,770,0,-0.15185268841445,0.43916072596617,-693.83610688651,True,False,False
SHALLOW_TREE,FULL486,300,0,ROLLING_500,5509,0.44563441640951,-0.091010088318166,-501.37457654478,-0.49339263024144,-2718.1000000001,0.73792169847373,505.40548937106,188,5321,0,0,5509,-0.05607425053604,0.10711890053682,-535.28860711478,373.88586295153,1,5509,106,0.04536895797806,11,770,0,-0.15185268841445,0.43916072596617,-693.83610688651,True,False,False
SHALLOW_TREE,FULL486,300,0,ZERO,2210,0.44434389140271,-0.11486105488454,-253.84293129484,-0.67144796380092,-1483.9,0.69385676809679,256.2354634143,221,1989,0,0,2210,-0.083569152818822,0.18639482962832,-276.27128848747,312.23953257919,1,2210,86,0.22057623580958,10,18,1,-0.82379988630163,0.44720315339264,-322.99803486008,True,False,False
SHALLOW_TREE,FULL486,300,25,FREQUENCY_100,356,0.39325842696629,-0.24357441167773,-86.712490557272,-1.0606741573034,-377.6,0.5296227835638,93.585855741998,153,203,0,0,356,-0.18896841077796,0.14599750653371,-102.47133701438,305.17710674157,1,356,60,1.3042477103061,14,2,2,-0.80689919255988,0.27909183885208,-106.15222687759,True,False,False
SHALLOW_TREE,FULL486,300,25,FREQUENCY_150,356,0.39325842696629,-0.24357441167773,-86.712490557272,-1.0606741573034,-377.6,0.5296227835638,93.585855741998,153,203,0,0,356,-0.18896841077796,0.14599750653371,-102.47133701438,305.17710674157,1,356,60,1.3042477103061,14,2,2,-0.80689919255988,0.27909183885208,-106.15222687759,True,False,False
SHALLOW_TREE,FULL486,300,25,FREQUENCY_200,356,0.39325842696629,-0.24357441167773,-86.712490557272,-1.0606741573034,-377.6,0.5296227835638,93.585855741998,153,203,0,0,356,-0.18896841077796,0.14599750653371,-102.47133701438,305.17710674157,1,356,60,1.3042477103061,14,2,2,-0.80689919255988,0.27909183885208,-106.15222687759,True,False,False
SHALLOW_TREE,FULL486,300,25,FREQUENCY_300,356,0.39325842696629,-0.24357441167773,-86.712490557272,-1.0606741573034,-377.6,0.5296227835638,93.585855741998,153,203,0,0,356,-0.18896841077796,0.14599750653371,-102.47133701438,305.17710674157,1,356,60,1.3042477103061,14,2,2,-0.80689919255988,0.27909183885208,-106.15222687759,True,False,False
SHALLOW_TREE,FULL486,300,25,FREQUENCY_500,3407,0.44085705899618,-0.09857349921623,-335.83991182969,-0.5286762547696,-1801.2,0.71916720726086,346.72327797438,146,3261,0,0,3407,-0.063063856534632,0.17223483085237,-358.54046551771,306.15294540652,1,3407,74,0.10673075451941,11,2,2,-0.11522055251533,0.41029707393133,-456.8212644459,True,False,False
SHALLOW_TREE,FULL486,300,25,PERCENTILE_100,3446,0.45269878119559,-0.097117422945898,-334.66663947156,-0.55545560069646,-1914.1,0.73040566411184,337.56611746345,207,3239,0,0,3446,-0.063787912636626,0.11426962260899,-368.58067004157,415.87679715612,1,3446,106,0.10047393044227,14,128,0,-0.3611877500257,0.3946091431129,-449.52013199731,True,False,False
SHALLOW_TREE,FULL486,300,25,PERCENTILE_150,5411,0.4483459619294,-0.086299146995541,-466.96468439287,-0.46771391609685,-2530.8000000001,0.74953219316032,473.49450457951,175,5236,0,0,5411,-0.051521294434798,0.098969981304227,-500.87871496288,375.06898188875,1,5411,106,0.043063628280506,11,766,0,-0.14317378925098,0.43716796213844,-655.14764459906,True,False,False
SHALLOW_TREE,FULL486,300,25,PERCENTILE_200,5411,0.4483459619294,-0.086299146995541,-466.96468439287,-0.46771391609685,-2530.8000000001,0.74953219316032,473.49450457951,175,5236,0,0,5411,-0.051521294434798,0.098969981304227,-500.87871496288,375.06898188875,1,5411,106,0.043063628280506,11,766,0,-0.14317378925098,0.43716796213844,-655.14764459906,True,False,False
SHALLOW_TREE,FULL486,300,25,PERCENTILE_300,5411,0.4483459619294,-0.086299146995541,-466.96468439287,-0.46771391609685,-2530.8000000001,0.74953219316032,473.49450457951,175,5236,0,0,5411,-0.051521294434798,0.098969981304227,-500.87871496288,375.06898188875,1,5411,106,0.043063628280506,11,766,0,-0.14317378925098,0.43716796213844,-655.14764459906,True,False,False
SHALLOW_TREE,FULL486,300,25,PERCENTILE_500,5411,0.4483459619294,-0.086299146995541,-466.96468439287,-0.46771391609685,-2530.8000000001,0.74953219316032,473.49450457951,175,5236,0,0,5411,-0.051521294434798,0.098969981304227,-500.87871496288,375.06898188875,1,5411,106,0.043063628280506,11,766,0,-0.14317378925098,0.43716796213844,-655.14764459906,True,False,False
SHALLOW_TREE,FULL486,300,25,ROLLING_100,4773,0.44626021370207,-0.095552812325219,-456.07357322827,-0.50324743348,-2402,0.72800970998942,459.32475226232,178,4595,0,0,4773,-0.059680557231022,0.10613382706313,-489.98760379828,384.27560067044,1,4773,106,0.052520696611281,14,171,0,-0.2848478932967,0.38496879657416,-627.29184679287,True,False,False
SHALLOW_TREE,FULL486,300,25,ROLLING_150,5411,0.4483459619294,-0.086299146995541,-466.96468439287,-0.46771391609685,-2530.8000000001,0.74953219316032,473.49450457951,175,5236,0,0,5411,-0.051521294434798,0.098969981304227,-500.87871496288,375.06898188875,1,5411,106,0.043063628280506,11,766,0,-0.14317378925098,0.43716796213844,-655.14764459906,True,False,False
SHALLOW_TREE,FULL486,300,25,ROLLING_200,5411,0.4483459619294,-0.086299146995541,-466.96468439287,-0.46771391609685,-2530.8000000001,0.74953219316032,473.49450457951,175,5236,0,0,5411,-0.051521294434798,0.098969981304227,-500.87871496288,375.06898188875,1,5411,106,0.043063628280506,11,766,0,-0.14317378925098,0.43716796213844,-655.14764459906,True,False,False
SHALLOW_TREE,FULL486,300,25,ROLLING_300,5411,0.4483459619294,-0.086299146995541,-466.96468439287,-0.46771391609685,-2530.8000000001,0.74953219316032,473.49450457951,175,5236,0,0,5411,-0.051521294434798,0.098969981304227,-500.87871496288,375.06898188875,1,5411,106,0.043063628280506,11,766,0,-0.14317378925098,0.43716796213844,-655.14764459906,True,False,False
SHALLOW_TREE,FULL486,300,25,ROLLING_500,5411,0.4483459619294,-0.086299146995541,-466.96468439287,-0.46771391609685,-2530.8000000001,0.74953219316032,473.49450457951,175,5236,0,0,5411,-0.051521294434798,0.098969981304227,-500.87871496288,375.06898188875,1,5411,106,0.043063628280506,11,766,0,-0.14317378925098,0.43716796213844,-655.14764459906,True,False,False
SHALLOW_TREE,FULL486,300,25,ZERO,2132,0.44981238273921,-0.10618672508397,-226.39009787903,-0.62448405253284,-1331.4,0.71427782227507,234.21342600854,208,1924,0,0,2132,-0.074946571104701,0.16588844083086,-248.81845507166,312.35563930582,1,2132,86,0.21959038804823,10,18,1,-0.66274453789025,0.43859500610198,-292.99410616284,True,False,False
SHALLOW_TREE,FULL486,300,50,FREQUENCY_100,356,0.39325842696629,-0.24357441167773,-86.712490557272,-1.0606741573034,-377.6,0.5296227835638,93.585855741998,153,203,0,0,356,-0.18896841077796,0.14599750653371,-102.47133701438,305.17710674157,1,356,60,1.3042477103061,14,2,2,-0.80689919255988,0.27909183885208,-106.15222687759,True,False,False
SHALLOW_TREE,FULL486,300,50,FREQUENCY_150,356,0.39325842696629,-0.24357441167773,-86.712490557272,-1.0606741573034,-377.6,0.5296227835638,93.585855741998,153,203,0,0,356,-0.18896841077796,0.14599750653371,-102.47133701438,305.17710674157,1,356,60,1.3042477103061,14,2,2,-0.80689919255988,0.27909183885208,-106.15222687759,True,False,False
SHALLOW_TREE,FULL486,300,50,FREQUENCY_200,356,0.39325842696629,-0.24357441167773,-86.712490557272,-1.0606741573034,-377.6,0.5296227835638,93.585855741998,153,203,0,0,356,-0.18896841077796,0.14599750653371,-102.47133701438,305.17710674157,1,356,60,1.3042477103061,14,2,2,-0.80689919255988,0.27909183885208,-106.15222687759,True,False,False
SHALLOW_TREE,FULL486,300,50,FREQUENCY_300,356,0.39325842696629,-0.24357441167773,-86.712490557272,-1.0606741573034,-377.6,0.5296227835638,93.585855741998,153,203,0,0,356,-0.18896841077796,0.14599750653371,-102.47133701438,305.17710674157,1,356,60,1.3042477103061,14,2,2,-0.80689919255988,0.27909183885208,-106.15222687759,True,False,False
SHALLOW_TREE,FULL486,300,50,FREQUENCY_500,3407,0.44085705899618,-0.09857349921623,-335.83991182969,-0.5286762547696,-1801.2,0.71916720726086,346.72327797438,146,3261,0,0,3407,-0.063063856534632,0.17223483085237,-358.54046551771,306.15294540652,1,3407,74,0.10673075451941,11,2,2,-0.11522055251533,0.41029707393133,-456.8212644459,True,False,False
SHALLOW_TREE,FULL486,300,50,PERCENTILE_100,3446,0.45269878119559,-0.097117422945898,-334.66663947156,-0.55545560069646,-1914.1,0.73040566411184,337.56611746345,207,3239,0,0,3446,-0.063787912636626,0.11426962260899,-368.58067004157,415.87679715612,1,3446,106,0.10047393044227,14,128,0,-0.3611877500257,0.3946091431129,-449.52013199731,True,False,False
SHALLOW_TREE,FULL486,300,50,PERCENTILE_150,5411,0.4483459619294,-0.086299146995541,-466.96468439287,-0.46771391609685,-2530.8000000001,0.74953219316032,473.49450457951,175,5236,0,0,5411,-0.051521294434798,0.098969981304227,-500.87871496288,375.06898188875,1,5411,106,0.043063628280506,11,766,0,-0.14317378925098,0.43716796213844,-655.14764459906,True,False,False
SHALLOW_TREE,FULL486,300,50,PERCENTILE_200,5411,0.4483459619294,-0.086299146995541,-466.96468439287,-0.46771391609685,-2530.8000000001,0.74953219316032,473.49450457951,175,5236,0,0,5411,-0.051521294434798,0.098969981304227,-500.87871496288,375.06898188875,1,5411,106,0.043063628280506,11,766,0,-0.14317378925098,0.43716796213844,-655.14764459906,True,False,False
SHALLOW_TREE,FULL486,300,50,PERCENTILE_300,5411,0.4483459619294,-0.086299146995541,-466.96468439287,-0.46771391609685,-2530.8000000001,0.74953219316032,473.49450457951,175,5236,0,0,5411,-0.051521294434798,0.098969981304227,-500.87871496288,375.06898188875,1,5411,106,0.043063628280506,11,766,0,-0.14317378925098,0.43716796213844,-655.14764459906,True,False,False
SHALLOW_TREE,FULL486,300,50,PERCENTILE_500,5411,0.4483459619294,-0.086299146995541,-466.96468439287,-0.46771391609685,-2530.8000000001,0.74953219316032,473.49450457951,175,5236,0,0,5411,-0.051521294434798,0.098969981304227,-500.87871496288,375.06898188875,1,5411,106,0.043063628280506,11,766,0,-0.14317378925098,0.43716796213844,-655.14764459906,True,False,False
SHALLOW_TREE,FULL486,300,50,ROLLING_100,4773,0.44626021370207,-0.095552812325219,-456.07357322827,-0.50324743348,-2402,0.72800970998942,459.32475226232,178,4595,0,0,4773,-0.059680557231022,0.10613382706313,-489.98760379828,384.27560067044,1,4773,106,0.052520696611281,14,171,0,-0.2848478932967,0.38496879657416,-627.29184679287,True,False,False
SHALLOW_TREE,FULL486,300,50,ROLLING_150,5411,0.4483459619294,-0.086299146995541,-466.96468439287,-0.46771391609685,-2530.8000000001,0.74953219316032,473.49450457951,175,5236,0,0,5411,-0.051521294434798,0.098969981304227,-500.87871496288,375.06898188875,1,5411,106,0.043063628280506,11,766,0,-0.14317378925098,0.43716796213844,-655.14764459906,True,False,False
SHALLOW_TREE,FULL486,300,50,ROLLING_200,5411,0.4483459619294,-0.086299146995541,-466.96468439287,-0.46771391609685,-2530.8000000001,0.74953219316032,473.49450457951,175,5236,0,0,5411,-0.051521294434798,0.098969981304227,-500.87871496288,375.06898188875,1,5411,106,0.043063628280506,11,766,0,-0.14317378925098,0.43716796213844,-655.14764459906,True,False,False
SHALLOW_TREE,FULL486,300,50,ROLLING_300,5411,0.4483459619294,-0.086299146995541,-466.96468439287,-0.46771391609685,-2530.8000000001,0.74953219316032,473.49450457951,175,5236,0,0,5411,-0.051521294434798,0.098969981304227,-500.87871496288,375.06898188875,1,5411,106,0.043063628280506,11,766,0,-0.14317378925098,0.43716796213844,-655.14764459906,True,False,False
SHALLOW_TREE,FULL486,300,50,ROLLING_500,5411,0.4483459619294,-0.086299146995541,-466.96468439287,-0.46771391609685,-2530.8000000001,0.74953219316032,473.49450457951,175,5236,0,0,5411,-0.051521294434798,0.098969981304227,-500.87871496288,375.06898188875,1,5411,106,0.043063628280506,11,766,0,-0.14317378925098,0.43716796213844,-655.14764459906,True,False,False
SHALLOW_TREE,FULL486,300,50,ZERO,2132,0.44981238273921,-0.10618672508397,-226.39009787903,-0.62448405253284,-1331.4,0.71427782227507,234.21342600854,208,1924,0,0,2132,-0.074946571104701,0.16588844083086,-248.81845507166,312.35563930582,1,2132,86,0.21959038804823,10,18,1,-0.66274453789025,0.43859500610198,-292.99410616284,True,False,False
SHALLOW_TREE,FULL486,600,0,FREQUENCY_100,477,0.42138364779874,-0.30709524993044,-146.48443421682,-1.600209643606,-763.30000000005,0.53269369881951,155.22562642653,273,204,0,0,477,-0.26181641206589,0.10223327855233,-164.71484559992,608.24166457023,1,477,77,0.7447173231842,13,4,1,-0.4423011961351,0.33827520516335,-168.08243987821,True,False,False
SHALLOW_TREE,FULL486,600,0,FREQUENCY_150,523,0.4321223709369,-0.27269428084243,-142.61910888059,-1.4254302103251,-745.50000000004,0.57736463138121,157.67106714561,268,255,0,0,523,-0.22611528242851,0.08881200907795,-160.8495202637,608.02572466539,1,523,77,0.70468643550532,13,4,1,-0.4423011961351,0.33585227307388,-166.97992505108,True,False,False
SHALLOW_TREE,FULL486,600,0,FREQUENCY_200,523,0.4321223709369,-0.27269428084243,-142.61910888059,-1.4254302103251,-745.50000000004,0.57736463138121,157.67106714561,268,255,0,0,523,-0.22611528242851,0.08881200907795,-160.8495202637,608.02572466539,1,523,77,0.70468643550532,13,4,1,-0.4423011961351,0.33585227307388,-166.97992505108,True,False,False
SHALLOW_TREE,FULL486,600,0,FREQUENCY_300,759,0.43083003952569,-0.2087942837807,-158.47486138955,-1.0791831357049,-819.10000000003,0.63745577643011,182.79275380443,267,492,0,0,759,-0.16900699769376,0.20461593160238,-178.75301090495,606.90327009223,1,759,77,0.53779577938076,13,4,1,-0.4423011961351,0.48516304487,-188.67341152954,True,False,False
SHALLOW_TREE,FULL486,600,0,FREQUENCY_500,1704,0.43838028169014,-0.17527819378898,-298.67404221642,-1.1646713615024,-1984.6000000001,0.66287329929741,322.9919346313,265,1439,0,0,1704,-0.14306425667709,0.18957181354354,-318.95219173182,709.27290492958,1,1704,81,0.2366028715041,13,4,1,-0.27554722920442,0.39289111433419,-353.56659105508,True,False,False
SHALLOW_TREE,FULL486,600,0,PERCENTILE_100,2972,0.45659488559892,-0.12370610429926,-367.65454197739,-0.78946837146706,-2346.3000000001,0.74743460716181,370.01984430458,306,2666,0,0,2972,-0.090742106809563,0.18278387962772,-397.25009201411,793.42992631225,1,2972,106,0.08927391723482,13,133,0,-0.33244981737585,0.45129424589309,-465.62354251677,True,False,False
SHALLOW_TREE,FULL486,600,0,PERCENTILE_150,4359,0.45652672631337,-0.12766070395997,-556.47300856149,-0.71631108052308,-3122.4000000001,0.73590818786012,565.14907694399,184,4175,0,0,4359,-0.090424585065098,0.16266490205688,-587.18700629218,851.36248107364,1,4359,106,0.044795575594329,12,179,0,-0.22542178980314,0.43443607550054,-718.78525082423,True,False,False
SHALLOW_TREE,FULL486,600,0,PERCENTILE_200,4595,0.4550598476605,-0.12455468140815,-572.32876107045,-0.69553862894453,-3196.0000000001,0.74065057458201,590.27076360281,183,4412,0,0,4595,-0.087960562532801,0.14420181337144,-603.04275880114,838.67925636561,1,4595,106,0.051120762741326,12,415,0,-0.1731389388475,0.45483557459839,-740.47873730269,True,False,False
SHALLOW_TREE,FULL486,600,0,PERCENTILE_300,4595,0.4550598476605,-0.12455468140815,-572.32876107045,-0.69553862894453,-3196.0000000001,0.74065057458201,590.27076360281,183,4412,0,0,4595,-0.087960562532801,0.14420181337144,-603.04275880114,838.67925636561,1,4595,106,0.051120762741326,12,415,0,-0.1731389388475,0.45483557459839,-740.47873730269,True,False,False
SHALLOW_TREE,FULL486,600,0,PERCENTILE_500,5161,0.45495059097074,-0.12715885111453,-656.26683060209,-0.72144933152493,-3723.4000000002,0.73567525593772,659.44809466614,822,4339,0,0,5161,-0.091299070814585,0.14985234502287,-686.98082833278,846.13192927727,1,5161,106,0.025530183671731,15,610,0,-0.1731389388475,0.50335188988718,-841.33915673012,True,False,False
SHALLOW_TREE,FULL486,600,0,ROLLING_100,3910,0.45575447570332,-0.12932025398864,-505.64219309557,-0.75158567774939,-2938.7000000001,0.73331030555153,508.00749542276,218,3692,0,0,3910,-0.092585421603897,0.17810340820096,-536.35619082626,835.80167493606,1,3910,106,0.052497193647584,13,133,0,-0.33244981737585,0.44068583880369,-649.2753877199,True,False,False
SHALLOW_TREE,FULL486,600,0,ROLLING_150,4359,0.45652672631337,-0.12766070395997,-556.47300856149,-0.71631108052308,-3122.4000000001,0.73590818786012,565.14907694399,184,4175,0,0,4359,-0.090424585065098,0.16266490205688,-587.18700629218,851.36248107364,1,4359,106,0.044795575594329,12,179,0,-0.22542178980314,0.43443607550054,-718.78525082423,True,False,False
SHALLOW_TREE,FULL486,600,0,ROLLING_200,4475,0.45631284916201,-0.12516283442387,-560.10368404683,-0.70234636871511,-3143.0000000001,0.74006915377113,578.04568657919,183,4292,0,0,4475,-0.088240699944223,0.1466472181007,-590.81768177752,844.9751150838,1,4475,106,0.048670131941864,12,295,0,-0.1731389388475,0.44675751707909,-725.33023584326,True,False,False
SHALLOW_TREE,FULL486,600,0,ROLLING_300,4595,0.4550598476605,-0.12455468140815,-572.32876107045,-0.69553862894453,-3196.0000000001,0.74065057458201,590.27076360281,183,4412,0,0,4595,-0.087960562532801,0.14420181337144,-603.04275880114,838.67925636561,1,4595,106,0.051120762741326,12,415,0,-0.1731389388475,0.45483557459839,-740.47873730269,True,False,False
SHALLOW_TREE,FULL486,600,0,ROLLING_500,5161,0.45495059097074,-0.12715885111453,-656.26683060209,-0.72144933152493,-3723.4000000002,0.73567525593772,659.44809466614,822,4339,0,0,5161,-0.091299070814585,0.14985234502287,-686.98082833278,846.13192927727,1,5161,106,0.025530183671731,15,610,0,-0.1731389388475,0.50335188988718,-841.33915673012,True,False,False
SHALLOW_TREE,FULL486,600,0,ZERO,1741,0.43538196438828,-0.18376391845415,-319.93298202868,-1.2105112004595,-2107.5000000001,0.65563506610999,340.48479201724,302,1439,0,0,1741,-0.15115382700529,0.16786154672113,-342.23033413178,807.17649454337,1,1741,94,0.23460541830918,13,32,0,-0.50526291092475,0.38131026225466,-376.70715124115,True,False,False
SHALLOW_TREE,FULL486,600,25,FREQUENCY_100,463,0.42980561555076,-0.28989915243861,-134.22330757908,-1.5209503239742,-704.20000000004,0.54786862162121,142.96449978879,264,199,0,0,463,-0.24505467612433,0.090130448782422,-152.43469719073,608.10314038877,1,463,77,0.7364937049795,12,4,1,-0.38058870779614,0.32963124593397,-154.98630011259,True,False,False
SHALLOW_TREE,FULL486,600,25,FREQUENCY_150,509,0.44204322200393,-0.25317627806307,-128.8667255341,-1.3202357563851,-672.00000000003,0.59806056022901,143.91868379912,260,249,0,0,509,-0.20707951928664,0.077318223726447,-147.07811514576,607.89447937132,1,509,77,0.69729197150728,12,4,1,-0.38058870779614,0.33279252564275,-152.3299757513,True,False,False
SHALLOW_TREE,FULL486,600,25,FREQUENCY_200,509,0.44204322200393,-0.25317627806307,-128.8667255341,-1.3202357563851,-672.00000000003,0.59806056022901,143.91868379912,260,249,0,0,509,-0.20707951928664,0.077318223726447,-147.07811514576,607.89447937132,1,509,77,0.69729197150728,12,4,1,-0.38058870779614,0.33279252564275,-152.3299757513,True,False,False
SHALLOW_TREE,FULL486,600,25,FREQUENCY_300,746,0.43699731903485,-0.19556522393486,-145.89165705541,-1.0057640750671,-750.30000000003,0.65383259193946,170.20954947029,259,487,0,0,746,-0.1562210731506,0.18381404835592,-166.16980657081,606.78514879357,1,746,77,0.52916927903506,12,4,1,-0.38058870779614,0.48470674285253,-175.24239354047,True,False,False
SHALLOW_TREE,FULL486,600,25,FREQUENCY_500,1691,0.44115907746895,-0.16918441033842,-286.09083788227,-1.1329390892963,-1915.8000000001,0.67126183093491,310.40873029715,257,1434,0,0,1691,-0.1372241884675,0.17717612187735,-306.36898739768,710.00778769959,1,1691,81,0.23048171416508,12,4,1,-0.2725704433848,0.39218824513704,-340.13557306601,True,False,False
SHALLOW_TREE,FULL486,600,25,PERCENTILE_100,2958,0.45807978363759,-0.12014652310333,-355.39341533965,-0.77322515212985,-2287.2000000001,0.7530417465943,357.75871766684,297,2661,0,0,2958,-0.087308799164352,0.17196711537238,-384.98896537637,794.28472650439,1,2958,106,0.084884551814919,12,129,0,-0.31960845167334,0.4504491831413,-452.52740275115,True,False,False
SHALLOW_TREE,FULL486,600,25,PERCENTILE_150,4324,0.4595282146161,-0.12108665091838,-523.57867857107,-0.68582331174841,-2965.5000000001,0.74718648304539,532.25474695356,176,4148,0,0,4324,-0.084070878856536,0.16234860870208,-554.29267630176,813.37895652174,1,4324,106,0.042110745081914,12,175,0,-0.20498804697649,0.4336729781085,-683.63487696648,True,False,False
SHALLOW_TREE,FULL486,600,25,PERCENTILE_200,4561,0.45779434334576,-0.11852743040833,-540.60361009238,-0.66735365051526,-3043.8000000001,0.75108536800224,558.54561262473,175,4386,0,0,4561,-0.08214425025852,0.14449120349674,-571.31760782307,802.5200699408,1,4561,106,0.048657209032482,12,412,0,-0.16690112450453,0.45415192343885,-706.54729475564,True,False,False
SHALLOW_TREE,FULL486,600,25,PERCENTILE_300,4561,0.45779434334576,-0.11852743040833,-540.60361009238,-0.66735365051526,-3043.8000000001,0.75108536800224,558.54561262473,175,4386,0,0,4561,-0.08214425025852,0.14449120349674,-571.31760782307,802.5200699408,1,4561,106,0.048657209032482,12,412,0,-0.16690112450453,0.45415192343885,-706.54729475564,True,False,False
SHALLOW_TREE,FULL486,600,25,PERCENTILE_500,5120,0.4572265625,-0.12166112567752,-622.9049634689,-0.69492187500003,-3558.0000000002,0.74537342178141,626.08622753294,805,4315,0,0,5120,-0.086061502338734,0.15217403862715,-653.61896119959,814.23425175781,1,5120,106,0.023613754513112,14,610,0,-0.16690112450453,0.50287927042055,-805.17503496348,True,False,False
SHALLOW_TREE,FULL486,600,25,ROLLING_100,4075,0.45791411042945,-0.126412442375,-515.13070267812,-0.72149693251536,-2940.1000000001,0.73691343754224,517.49600500531,190,3885,0,0,4075,-0.08956224089179,0.17542244045279,-545.84470040881,826.31130184049,1,4075,106,0.043874881236963,12,129,0,-0.31960845167334,0.43312376544344,-665.29527372219,True,False,False
SHALLOW_TREE,FULL486,600,25,ROLLING_150,4331,0.45901639344262,-0.121468867294,-526.08166425033,-0.69067190025401,-2991.3000000001,0.74643542872539,532.25474695356,176,4155,0,0,4331,-0.084477009879188,0.16644239038719,-556.79566198102,813.03549688294,1,4331,106,0.042370262505164,12,182,0,-0.21085655989089,0.43412420713483,-686.29339871389,True,False,False
SHALLOW_TREE,FULL486,600,25,ROLLING_200,4525,0.45834254143646,-0.11918688541075,-539.32065648366,-0.67544751381218,-3056.4000000001,0.74987182871816,557.26265901602,175,4350,0,0,4525,-0.082727436861412,0.14449120349674,-570.03465421435,804.12261922652,1,4525,106,0.047431851190403,12,376,0,-0.16690112450453,0.45421460408258,-704.29966116944,True,False,False
SHALLOW_TREE,FULL486,600,25,ROLLING_300,4561,0.45779434334576,-0.11852743040833,-540.60361009238,-0.66735365051526,-3043.8000000001,0.75108536800224,558.54561262473,175,4386,0,0,4561,-0.08214425025852,0.14449120349674,-571.31760782307,802.5200699408,1,4561,106,0.048657209032482,12,412,0,-0.16690112450453,0.45415192343885,-706.54729475564,True,False,False
SHALLOW_TREE,FULL486,600,25,ROLLING_500,5120,0.4572265625,-0.12166112567752,-622.9049634689,-0.69492187500003,-3558.0000000002,0.74537342178141,626.08622753294,805,4315,0,0,5120,-0.086061502338734,0.15217403862715,-653.61896119959,814.23425175781,1,5120,106,0.023613754513112,14,610,0,-0.16690112450453,0.50287927042055,-805.17503496348,True,False,False
SHALLOW_TREE,FULL486,600,25,ZERO,1728,0.4380787037037,-0.17786445468434,-307.34977769453,-1.1798032407408,-2038.7,0.66350347180391,327.9015876831,294,1434,0,0,1728,-0.14549966558853,0.15806912563829,-329.64712979763,808.63218518519,1,1728,94,0.22860030028151,12,32,0,-0.50526291092475,0.38057374338434,-363.27613325208,True,False,False
SHALLOW_TREE,FULL486,600,50,FREQUENCY_100,463,0.42980561555076,-0.28989915243861,-134.22330757908,-1.5209503239742,-704.20000000004,0.54786862162121,142.96449978879,264,199,0,0,463,-0.24505467612433,0.090130448782422,-152.43469719073,608.10314038877,1,463,77,0.7364937049795,12,4,1,-0.38058870779614,0.32963124593397,-154.98630011259,True,False,False
SHALLOW_TREE,FULL486,600,50,FREQUENCY_150,509,0.44204322200393,-0.25317627806307,-128.8667255341,-1.3202357563851,-672.00000000003,0.59806056022901,143.91868379912,260,249,0,0,509,-0.20707951928664,0.077318223726447,-147.07811514576,607.89447937132,1,509,77,0.69729197150728,12,4,1,-0.38058870779614,0.33279252564275,-152.3299757513,True,False,False
SHALLOW_TREE,FULL486,600,50,FREQUENCY_200,509,0.44204322200393,-0.25317627806307,-128.8667255341,-1.3202357563851,-672.00000000003,0.59806056022901,143.91868379912,260,249,0,0,509,-0.20707951928664,0.077318223726447,-147.07811514576,607.89447937132,1,509,77,0.69729197150728,12,4,1,-0.38058870779614,0.33279252564275,-152.3299757513,True,False,False
SHALLOW_TREE,FULL486,600,50,FREQUENCY_300,746,0.43699731903485,-0.19556522393486,-145.89165705541,-1.0057640750671,-750.30000000003,0.65383259193946,170.20954947029,259,487,0,0,746,-0.1562210731506,0.18381404835592,-166.16980657081,606.78514879357,1,746,77,0.52916927903506,12,4,1,-0.38058870779614,0.48470674285253,-175.24239354047,True,False,False
SHALLOW_TREE,FULL486,600,50,FREQUENCY_500,1691,0.44115907746895,-0.16918441033842,-286.09083788227,-1.1329390892963,-1915.8000000001,0.67126183093491,310.40873029715,257,1434,0,0,1691,-0.1372241884675,0.17717612187735,-306.36898739768,710.00778769959,1,1691,81,0.23048171416508,12,4,1,-0.2725704433848,0.39218824513704,-340.13557306601,True,False,False
SHALLOW_TREE,FULL486,600,50,PERCENTILE_100,2958,0.45807978363759,-0.12014652310333,-355.39341533965,-0.77322515212985,-2287.2000000001,0.7530417465943,357.75871766684,297,2661,0,0,2958,-0.087308799164352,0.17196711537238,-384.98896537637,794.28472650439,1,2958,106,0.084884551814919,12,129,0,-0.31960845167334,0.4504491831413,-452.52740275115,True,False,False
SHALLOW_TREE,FULL486,600,50,PERCENTILE_150,4324,0.4595282146161,-0.12108665091838,-523.57867857107,-0.68582331174841,-2965.5000000001,0.74718648304539,532.25474695356,176,4148,0,0,4324,-0.084070878856536,0.16234860870208,-554.29267630176,813.37895652174,1,4324,106,0.042110745081914,12,175,0,-0.20498804697649,0.4336729781085,-683.63487696648,True,False,False
SHALLOW_TREE,FULL486,600,50,PERCENTILE_200,4561,0.45779434334576,-0.11852743040833,-540.60361009238,-0.66735365051526,-3043.8000000001,0.75108536800224,558.54561262473,175,4386,0,0,4561,-0.08214425025852,0.14449120349674,-571.31760782307,802.5200699408,1,4561,106,0.048657209032482,12,412,0,-0.16690112450453,0.45415192343885,-706.54729475564,True,False,False
SHALLOW_TREE,FULL486,600,50,PERCENTILE_300,4561,0.45779434334576,-0.11852743040833,-540.60361009238,-0.66735365051526,-3043.8000000001,0.75108536800224,558.54561262473,175,4386,0,0,4561,-0.08214425025852,0.14449120349674,-571.31760782307,802.5200699408,1,4561,106,0.048657209032482,12,412,0,-0.16690112450453,0.45415192343885,-706.54729475564,True,False,False
SHALLOW_TREE,FULL486,600,50,PERCENTILE_500,5120,0.4572265625,-0.12166112567752,-622.9049634689,-0.69492187500003,-3558.0000000002,0.74537342178141,626.08622753294,805,4315,0,0,5120,-0.086061502338734,0.15217403862715,-653.61896119959,814.23425175781,1,5120,106,0.023613754513112,14,610,0,-0.16690112450453,0.50287927042055,-805.17503496348,True,False,False
SHALLOW_TREE,FULL486,600,50,ROLLING_100,4075,0.45791411042945,-0.126412442375,-515.13070267812,-0.72149693251536,-2940.1000000001,0.73691343754224,517.49600500531,190,3885,0,0,4075,-0.08956224089179,0.17542244045279,-545.84470040881,826.31130184049,1,4075,106,0.043874881236963,12,129,0,-0.31960845167334,0.43312376544344,-665.29527372219,True,False,False
SHALLOW_TREE,FULL486,600,50,ROLLING_150,4331,0.45901639344262,-0.121468867294,-526.08166425033,-0.69067190025401,-2991.3000000001,0.74643542872539,532.25474695356,176,4155,0,0,4331,-0.084477009879188,0.16644239038719,-556.79566198102,813.03549688294,1,4331,106,0.042370262505164,12,182,0,-0.21085655989089,0.43412420713483,-686.29339871389,True,False,False
SHALLOW_TREE,FULL486,600,50,ROLLING_200,4525,0.45834254143646,-0.11918688541075,-539.32065648366,-0.67544751381218,-3056.4000000001,0.74987182871816,557.26265901602,175,4350,0,0,4525,-0.082727436861412,0.14449120349674,-570.03465421435,804.12261922652,1,4525,106,0.047431851190403,12,376,0,-0.16690112450453,0.45421460408258,-704.29966116944,True,False,False
SHALLOW_TREE,FULL486,600,50,ROLLING_300,4561,0.45779434334576,-0.11852743040833,-540.60361009238,-0.66735365051526,-3043.8000000001,0.75108536800224,558.54561262473,175,4386,0,0,4561,-0.08214425025852,0.14449120349674,-571.31760782307,802.5200699408,1,4561,106,0.048657209032482,12,412,0,-0.16690112450453,0.45415192343885,-706.54729475564,True,False,False
SHALLOW_TREE,FULL486,600,50,ROLLING_500,5120,0.4572265625,-0.12166112567752,-622.9049634689,-0.69492187500003,-3558.0000000002,0.74537342178141,626.08622753294,805,4315,0,0,5120,-0.086061502338734,0.15217403862715,-653.61896119959,814.23425175781,1,5120,106,0.023613754513112,14,610,0,-0.16690112450453,0.50287927042055,-805.17503496348,True,False,False
SHALLOW_TREE,FULL486,600,50,ZERO,1728,0.4380787037037,-0.17786445468434,-307.34977769453,-1.1798032407408,-2038.7,0.66350347180391,327.9015876831,294,1434,0,0,1728,-0.14549966558853,0.15806912563829,-329.64712979763,808.63218518519,1,1728,94,0.22860030028151,12,32,0,-0.50526291092475,0.38057374338434,-363.27613325208,True,False,False
SHALLOW_TREE,FULL486,900,0,FREQUENCY_100,242,0.45867768595041,-0.28207457367943,-68.262046830422,-1.053305785124,-254.90000000002,0.67313435456824,89.822399971221,34,208,0,0,242,-0.22418717542533,0.11166735756023,-95.873567378169,906.205,1,242,61,1.3465732475438,9,9,1,-1.4779534185814,0.3036814484607,-82.270797207914,True,False,False
SHALLOW_TREE,FULL486,900,0,FREQUENCY_150,434,0.47465437788018,-0.2158444329733,-93.676483910414,-0.75645161290327,-328.30000000002,0.71916450243075,133.31068935084,39,395,0,0,434,-0.16399098715019,0.11028635611062,-124.36427411859,1311.7032211982,1,434,73,0.83503720077899,9,9,1,-1.4779534185814,0.25381295841835,-116.18087939764,True,False,False
SHALLOW_TREE,FULL486,900,0,FREQUENCY_200,494,0.47570850202429,-0.21900905239862,-108.19047188492,-0.89635627530365,-442.8,0.7110401098223,137.29010815116,102,392,0,0,494,-0.17076691240033,0.1158629711656,-138.8782620931,1263.4663279352,1,494,73,0.77858156594474,9,9,1,-1.4779534185814,0.32907070344472,-132.02208904408,True,False,False
SHALLOW_TREE,FULL486,900,0,FREQUENCY_300,1319,0.45716451857468,-0.19056893004145,-251.36041872467,-0.71114480667171,-937.99999999998,0.70995754002436,282.21172014202,911,408,0,0,1319,-0.14589601670239,0.17193978837915,-287.95665344088,1431.4511190296,1,1319,75,0.27275483478945,9,9,0,-1.4779534185814,0.38347129252777,-310.28399141888,True,False,False
SHALLOW_TREE,FULL486,900,0,FREQUENCY_500,3489,0.45657781599312,-0.14733739086136,-514.06015671528,-0.77893379191743,-2717.6999999999,0.74729202972714,535.7073749762,1670,1819,0,0,3489,-0.11303232303359,0.1173836631424,-557.67770328957,1208.3207357409,1,3489,104,0.043716792077542,12,188,0,-0.50109136085125,0.52631664905248,-633.75053836636,True,False,False
SHALLOW_TREE,FULL486,900,0,PERCENTILE_100,2652,0.45663650075415,-0.14672794756478,-389.1225169418,-0.73910256410255,-1960.1,0.74832414057617,411.29762487351,851,1801,0,0,2652,-0.11056277334222,0.12351550104855,-427.74136059369,1238.8891112368,1,2652,102,0.11073140907994,12,105,0,-0.35916531384029,0.39261902855855,-485.03255898003,True,False,False
SHALLOW_TREE,FULL486,900,0,PERCENTILE_150,2710,0.45940959409594,-0.13164587964092,-356.7603338269,-0.65605166051659,-1777.9,0.77233594191867,397.00929405823,850,1860,0,0,2710,-0.095596391945056,0.11040502575157,-396.47226085792,1232.026395203,1,2710,104,0.12202000850594,12,152,1,-0.35916531384029,0.3976047376015,-454.4544454827,True,False,False
SHALLOW_TREE,FULL486,900,0,PERCENTILE_200,2770,0.45992779783394,-0.13403405119184,-371.27432180141,-0.68317689530684,-1892.3999999999,0.76909324031051,400.98871285855,913,1857,0,0,2770,-0.098286277427323,0.11649630065042,-410.98624883243,1225.1497108303,1,2770,104,0.12739616299268,12,152,1,-0.35916531384029,0.41074411325536,-470.29565512913,True,False,False
SHALLOW_TREE,FULL486,900,0,PERCENTILE_300,2866,0.45673412421493,-0.14862688777078,-425.96466035105,-0.71503838101883,-2049.3,0.75087537337952,457.4307165593,948,1918,0,0,2866,-0.11190894240344,0.12675627853164,-465.67658738207,1275.2590376832,1,2866,104,0.11804033793288,12,191,0,-0.48136037831237,0.40240475605155,-531.19829177386,True,False,False
SHALLOW_TREE,FULL486,900,0,PERCENTILE_500,4211,0.47114699596295,-0.10285379141935,-433.1173156669,-0.50040370458322,-2107.1999999999,0.8151346075799,454.76453392782,1647,2564,0,0,4211,-0.069741407919678,0.083060422824829,-476.73486224119,1158.3116896224,1,4211,106,0.025115267411651,12,546,0,-0.16013528284177,0.56204404247887,-572.55356258403,True,False,False
SHALLOW_TREE,FULL486,900,0,ROLLING_100,2652,0.45663650075415,-0.14672794756478,-389.1225169418,-0.73910256410255,-1960.1,0.74832414057617,411.29762487351,851,1801,0,0,2652,-0.11056277334222,0.12351550104855,-427.74136059369,1238.8891112368,1,2652,102,0.11073140907994,12,105,0,-0.35916531384029,0.39261902855855,-485.03255898003,True,False,False
SHALLOW_TREE,FULL486,900,0,ROLLING_150,2710,0.45940959409594,-0.13164587964092,-356.7603338269,-0.65605166051659,-1777.9,0.77233594191867,397.00929405823,850,1860,0,0,2710,-0.095596391945056,0.11040502575157,-396.47226085792,1232.026395203,1,2710,104,0.12202000850594,12,152,1,-0.35916531384029,0.3976047376015,-454.4544454827,True,False,False
SHALLOW_TREE,FULL486,900,0,ROLLING_200,2762,0.45546705286025,-0.1448936625085,-400.19629584848,-0.71136857349745,-1964.8,0.75378282767057,431.28284351407,909,1853,0,0,2762,-0.10860682770259,0.12061524564237,-439.9082228795,1289.1780181028,1,2762,104,0.12184933957551,12,183,1,-0.48297107151936,0.39595733783178,-500.4205335824,True,False,False
SHALLOW_TREE,FULL486,900,0,ROLLING_300,3585,0.47391910739191,-0.096872290902384,-347.28716288505,-0.40100418410041,-1437.6,0.82765853080564,378.7532190933,926,2659,0,0,3585,-0.062059793613979,0.089393948675931,-386.99908991606,1203.3455299861,1,3585,106,0.081366810376326,12,280,0,-0.16013528284177,0.47363037864555,-472.08996566398,True,False,False
SHALLOW_TREE,FULL486,900,0,ROLLING_500,4211,0.47114699596295,-0.10285379141935,-433.1173156669,-0.50040370458322,-2107.1999999999,0.8151346075799,454.76453392782,1647,2564,0,0,4211,-0.069741407919678,0.083060422824829,-476.73486224119,1158.3116896224,1,4211,106,0.025115267411651,12,546,0,-0.16013528284177,0.56204404247887,-572.55356258403,True,False,False
SHALLOW_TREE,FULL486,900,0,ZERO,1278,0.45696400625978,-0.18396404524378,-235.10604982156,-0.7816118935837,-998.89999999997,0.71633209665015,264.2056860878,918,360,0,0,1278,-0.14075293595625,0.13692350384562,-271.70228453776,1446.7265305164,1,1278,91,0.30908581253118,11,18,1,-0.93468095068216,0.39190988769065,-290.32984749103,True,False,False
SHALLOW_TREE,FULL486,900,25,FREQUENCY_100,238,0.45798319327731,-0.28737284138713,-68.394736250137,-1.0983193277312,-261.40000000002,0.66517401034829,89.955089390936,34,204,0,0,238,-0.2293487112871,0.11038426148108,-96.006256797884,905.91530252101,1,238,61,1.3537085399162,9,9,1,-1.4779534185814,0.31418920349778,-82.204479213944,True,False,False
SHALLOW_TREE,FULL486,900,25,FREQUENCY_150,430,0.47441860465116,-0.2181608682096,-93.809173330129,-0.77860465116284,-334.80000000002,0.71486122632691,133.44337877056,39,391,0,0,430,-0.16628787268973,0.1094373778567,-124.49696353831,1315.3149534884,1,430,73,0.83422802728493,9,9,1,-1.4779534185814,0.24459040779055,-116.11456140367,True,False,False
SHALLOW_TREE,FULL486,900,25,FREQUENCY_200,490,0.47551020408163,-0.22106767613191,-108.32316130464,-0.91693877551022,-449.30000000001,0.7071117753363,137.42279757088,102,388,0,0,490,-0.17283786032482,0.11488024942916,-139.01095151282,1266.2420367347,1,490,73,0.77741061259417,9,9,1,-1.4779534185814,0.32212981501201,-131.95577105011,True,False,False
SHALLOW_TREE,FULL486,900,25,FREQUENCY_300,1309,0.45530939648587,-0.19442706698579,-254.5050306844,-0.73781512605041,-965.79999999998,0.70452140046583,285.35633210175,905,404,0,0,1309,-0.14980317789808,0.17289923153486,-291.10126540061,1435.426868602,1,1309,75,0.27183998392185,9,9,0,-1.4779534185814,0.38123158772326,-312.91770150021,True,False,False
SHALLOW_TREE,FULL486,900,25,FREQUENCY_500,3470,0.45677233429395,-0.14689500301061,-509.72566044681,-0.77720461095099,-2696.8999999999,0.74767358852519,531.37287870773,1661,1809,0,0,3470,-0.11266956715222,0.11735343469678,-553.3432070211,1209.9369769452,1,3470,104,0.042621013565963,12,188,0,-0.50109136085125,0.52786479061833,-628.48792287543,True,False,False
SHALLOW_TREE,FULL486,900,25,PERCENTILE_100,2633,0.45689327763008,-0.1461405319686,-384.78802067334,-0.73653627041396,-1939.3,0.74883675895118,406.96312860504,842,1791,0,0,2633,-0.1100668810701,0.12348203244547,-423.40686432522,1241.2397212305,1,2633,102,0.10977087975516,12,105,0,-0.35916531384029,0.39351891115213,-479.7699434891,True,False,False
SHALLOW_TREE,FULL486,900,25,PERCENTILE_150,2691,0.45968041620216,-0.13096463677385,-352.42583755843,-0.65295429208471,-1757.1,0.77305970204079,392.67479778976,841,1850,0,0,2691,-0.09500551658309,0.11037828430879,-392.13776458945,1234.2778870308,1,2691,104,0.1211598857549,12,152,1,-0.35916531384029,0.39850524429095,-449.19182999177,True,False,False
SHALLOW_TREE,FULL486,900,25,PERCENTILE_200,2751,0.46019629225736,-0.13338416049907,-366.93982553294,-0.68033442384585,-1871.5999999999,0.76976975824081,396.65421659009,904,1847,0,0,2751,-0.097726867112932,0.11646652744363,-406.65175256396,1227.3046026899,1,2751,104,0.12659193057254,12,152,1,-0.35916531384029,0.41172989834934,-465.0330396382,True,False,False
SHALLOW_TREE,FULL486,900,25,PERCENTILE_300,2846,0.45713281799016,-0.1473928018356,-419.47991402413,-0.71008432888263,-2020.9,0.75231367083183,450.94597023237,940,1906,0,0,2846,-0.11076096517487,0.1276754625166,-459.19184105514,1277.8021943078,1,2846,104,0.11728175007087,12,190,0,-0.47257674841686,0.40329004636197,-523.73412116056,True,False,False
SHALLOW_TREE,FULL486,900,25,PERCENTILE_500,4191,0.47148651873061,-0.10179732029109,-426.63256933997,-0.4960152708184,-2078.7999999999,0.81663044386956,448.27978760089,1639,2552,0,0,4191,-0.068760617205728,0.083454124690672,-470.25011591426,1159.4805936531,1,4191,106,0.02415667937402,12,539,0,-0.16593011164292,0.5634583887799,-565.08939197073,True,False,False
SHALLOW_TREE,FULL486,900,25,ROLLING_100,2633,0.45689327763008,-0.1461405319686,-384.78802067334,-0.73653627041396,-1939.3,0.74883675895118,406.96312860504,842,1791,0,0,2633,-0.1100668810701,0.12348203244547,-423.40686432522,1241.2397212305,1,2633,102,0.10977087975516,12,105,0,-0.35916531384029,0.39351891115213,-479.7699434891,True,False,False
SHALLOW_TREE,FULL486,900,25,ROLLING_150,2691,0.45968041620216,-0.13096463677385,-352.42583755843,-0.65295429208471,-1757.1,0.77305970204079,392.67479778976,841,1850,0,0,2691,-0.09500551658309,0.11037828430879,-392.13776458945,1234.2778870308,1,2691,104,0.1211598857549,12,152,1,-0.35916531384029,0.39850524429095,-449.19182999177,True,False,False
SHALLOW_TREE,FULL486,900,25,ROLLING_200,2747,0.45540589734256,-0.14605034519857,-401.20029826048,-0.71390607935928,-1961.1,0.75202824144512,432.28684592607,904,1843,0,0,2747,-0.10981755752343,0.11955818441197,-440.9122252915,1291.2140211139,1,2747,104,0.12080252093599,12,183,1,-0.50109136085125,0.3964057729402,-500.7317660041,True,False,False
SHALLOW_TREE,FULL486,900,25,ROLLING_300,3565,0.47433380084151,-0.095596750787691,-340.80241655812,-0.39528751753155,-1409.2,0.82950148070437,372.26847276637,918,2647,0,0,3565,-0.060863685291882,0.089850145687354,-380.51434358914,1204.9723332398,1,3565,106,0.080555474722353,12,280,0,-0.16593011164292,0.47473025844506,-464.62579505067,True,False,False
SHALLOW_TREE,FULL486,900,25,ROLLING_500,4191,0.47148651873061,-0.10179732029109,-426.63256933997,-0.4960152708184,-2078.7999999999,0.81663044386956,448.27978760089,1639,2552,0,0,4191,-0.068760617205728,0.083454124690672,-470.25011591426,1159.4805936531,1,4191,106,0.02415667937402,12,539,0,-0.16593011164292,0.5634583887799,-565.08939197073,True,False,False
SHALLOW_TREE,FULL486,900,25,ZERO,1265,0.45533596837945,-0.18672449459276,-236.20648565984,-0.80561264822132,-1019.1,0.71167579658712,265.30612192608,909,356,0,0,1265,-0.14358428587444,0.13597068076924,-272.80272037604,1452.2310498024,1,1265,91,0.30838189830527,10,18,1,-0.94901805880668,0.39119487470554,-290.77884968851,True,False,False
SHALLOW_TREE,FULL486,900,50,FREQUENCY_100,210,0.45238095238095,-0.29978820802314,-62.955523684859,-1.1285714285715,-237.00000000001,0.65494238766532,84.515876825658,34,176,0,0,210,-0.2402408746761,0.12070668298524,-90.796224683401,906.54858571429,1,210,61,1.3989327855452,9,9,1,-1.4779534185814,0.34074359954163,-75.460463687739,True,False,False
SHALLOW_TREE,FULL486,900,50,FREQUENCY_150,402,0.4726368159204,-0.21982577304689,-88.369960764851,-0.77213930348263,-310.40000000002,0.71231359307033,128.00416620528,39,363,0,0,402,-0.16758551157272,0.11608827889266,-119.05775097303,1344.1611716418,1,402,73,0.82166991093775,9,9,1,-1.4779534185814,0.25271127639318,-109.37054587747,True,False,False
SHALLOW_TREE,FULL486,900,50,FREQUENCY_200,940,0.46489361702128,-0.18418930477041,-173.13794648419,-0.67553191489361,-634.99999999999,0.73359986254117,202.23758275043,603,337,0,0,940,-0.13961590342911,0.10419244889318,-215.09672784559,1459.3118276596,1,940,75,0.37198727063941,9,9,1,-1.4779534185814,0.36791165870238,-215.03694374501,True,False,False
SHALLOW_TREE,FULL486,900,50,FREQUENCY_300,1033,0.45595353339787,-0.22274310611443,-230.09362861621,-0.76544046466602,-790.7,0.69257624131773,260.94493003355,639,394,0,0,1033,-0.17633981333033,0.12690628738998,-272.0524099776,1578.1826389158,1,1033,75,0.32453840716219,8,9,0,-1.4779534185814,0.35518830709396,-278.02823006219,True,False,False
SHALLOW_TREE,FULL486,900,50,FREQUENCY_500,3579,0.4565521095278,-0.14511345792295,-519.36106590623,-0.70609108689576,-2527.0999999999,0.75324975880808,541.00828416715,1234,2345,0,0,3579,-0.10932940619739,0.1246375453613,-562.05237256719,1248.7259555742,1,3579,104,0.014621253899293,12,188,0,-0.50109136085125,0.53030010357857,-647.43218703198,True,False,False
SHALLOW_TREE,FULL486,900,50,PERCENTILE_100,2357,0.45736105218498,-0.15289631676077,-360.37661860514,-0.748493848112,-1764.2,0.74606158062387,382.55172653684,576,1781,0,0,2357,-0.11704402425083,0.1346994044156,-404.35800890221,1281.0662201952,1,2357,102,0.1138889953501,12,105,0,-0.35916531384029,0.38179503078629,-444.88047205108,True,False,False
SHALLOW_TREE,FULL486,900,50,PERCENTILE_150,2415,0.46045548654244,-0.13582378281169,-328.01443549023,-0.65507246376811,-1582,0.77222345637584,368.26339572157,575,1840,0,0,2415,-0.10009379396552,0.1192556537429,-372.46305856821,1272.3522521739,1,2415,104,0.12648069905229,12,152,1,-0.35916531384029,0.3877397644544,-414.30235855374,True,False,False
SHALLOW_TREE,FULL486,900,50,PERCENTILE_200,2475,0.4610101010101,-0.13839532261202,-342.52842346474,-0.68545454545453,-1696.5,0.76870582421444,372.24281452189,638,1837,0,0,2475,-0.10299526413305,0.1263942621338,-386.97704654272,1263.6783260606,1,2475,104,0.13238950975754,12,152,1,-0.35916531384029,0.40224113607736,-430.14356820017,True,False,False
SHALLOW_TREE,FULL486,900,50,PERCENTILE_300,2570,0.45758754863813,-0.15372315640309,-395.06851195593,-0.71821011673151,-1845.8,0.75007042602631,426.53456816418,674,1896,0,0,2570,-0.1172343868441,0.13970476167098,-439.51713503391,1318.2544513619,1,2570,104,0.12186517367569,12,190,0,-0.47257674841686,0.39354978540522,-488.84464972253,True,False,False
SHALLOW_TREE,FULL486,900,50,PERCENTILE_500,4169,0.47445430558887,-0.099948442607254,-416.68505722964,-0.44447109618612,-1852.9999999999,0.82034469073194,438.33227549056,1273,2896,0,0,4169,-0.066242757192838,0.091870616672066,-456.37100409921,1160.7547083233,1,4169,106,0.013495460661211,12,539,0,-0.15802917104797,0.56672980927091,-557.20405972234,True,False,False
SHALLOW_TREE,FULL486,900,50,ROLLING_100,2357,0.45736105218498,-0.15289631676077,-360.37661860514,-0.748493848112,-1764.2,0.74606158062387,382.55172653684,576,1781,0,0,2357,-0.11704402425083,0.1346994044156,-404.35800890221,1281.0662201952,1,2357,102,0.1138889953501,12,105,0,-0.35916531384029,0.38179503078629,-444.88047205108,True,False,False
SHALLOW_TREE,FULL486,900,50,ROLLING_150,2415,0.46045548654244,-0.13582378281169,-328.01443549023,-0.65507246376811,-1582,0.77222345637584,368.26339572157,575,1840,0,0,2415,-0.10009379396552,0.1192556537429,-372.46305856821,1272.3522521739,1,2415,104,0.12648069905229,12,152,1,-0.35916531384029,0.3877397644544,-414.30235855374,True,False,False
SHALLOW_TREE,FULL486,900,50,ROLLING_200,2471,0.45568595710239,-0.15248437725305,-376.78889619229,-0.72278429785511,-1786,0.74965081217377,407.87544385788,638,1833,0,0,2471,-0.11644496067118,0.13004371353629,-421.23751927026,1334.7850307568,1,2471,104,0.12596283312666,12,183,1,-0.50109136085125,0.38563033060613,-465.84229456607,True,False,False
SHALLOW_TREE,FULL486,900,50,ROLLING_300,3289,0.47613256308908,-0.096196720732722,-316.39101448992,-0.37522043174217,-1234.1,0.83224092793213,347.85707069817,652,2637,0,0,3289,-0.061734784240558,0.095645855301003,-360.8396375679,1230.4698276072,1,3289,106,0.081055002441478,12,280,0,-0.20531373732478,0.4713989736875,-429.73632361265,True,False,False
SHALLOW_TREE,FULL486,900,50,ROLLING_500,4169,0.47445430558887,-0.099948442607254,-416.68505722964,-0.44447109618612,-1852.9999999999,0.82034469073194,438.33227549056,1273,2896,0,0,4169,-0.066242757192838,0.091870616672066,-456.37100409921,1160.7547083233,1,4169,106,0.013495460661211,12,539,0,-0.15802917104797,0.56672980927091,-557.20405972234,True,False,False
SHALLOW_TREE,FULL486,900,50,ZERO,989,0.45601617795753,-0.2141507417509,-211.79508359164,-0.85338725985844,-843.99999999999,0.70016206523065,240.89471985789,643,346,0,0,989,-0.16956601509889,0.096499796810973,-253.75386495304,1606.0274752275,1,989,91,0.37362258544085,9,18,1,-0.94901805880668,0.36568076030508,-255.88937825048,True,False,False
SHALLOW_TREE,SCALE_FREE,300,0,FREQUENCY_100,279,0.42293906810036,-0.17488429928528,-48.792719500593,-0.67311827956988,-187.8,0.61008890452341,63.141750673293,109,170,0,0,279,-0.1262938485327,0.12738542928125,-61.2126263553,306.34795340502,1,279,58,1.3967806395615,9,2,2,-0.80262198365357,0.2965065343004,-62.349455260562,True,False,False
SHALLOW_TREE,SCALE_FREE,300,0,FREQUENCY_150,729,0.41289437585734,-0.19139198930008,-139.52476019975,-0.89835390946504,-654.90000000001,0.56994106961232,147.99809028078,538,191,0,0,729,-0.1454766159517,0.1669362949603,-160.63058974454,305.07512482853,1,729,61,0.541812093798,13,2,2,-0.80262198365357,0.31933147778752,-172.99706737072,True,False,False
SHALLOW_TREE,SCALE_FREE,300,0,FREQUENCY_200,729,0.41289437585734,-0.19139198930008,-139.52476019975,-0.89835390946504,-654.90000000001,0.56994106961232,147.99809028078,538,191,0,0,729,-0.1454766159517,0.1669362949603,-160.63058974454,305.07512482853,1,729,61,0.541812093798,13,2,2,-0.80262198365357,0.31933147778752,-172.99706737072,True,False,False
SHALLOW_TREE,SCALE_FREE,300,0,FREQUENCY_300,729,0.41289437585734,-0.19139198930008,-139.52476019975,-0.89835390946504,-654.90000000001,0.56994106961232,147.99809028078,538,191,0,0,729,-0.1454766159517,0.1669362949603,-160.63058974454,305.07512482853,1,729,61,0.541812093798,13,2,2,-0.80262198365357,0.31933147778752,-172.99706737072,True,False,False
SHALLOW_TREE,SCALE_FREE,300,0,FREQUENCY_500,3639,0.43473481725749,-0.10867554242069,-395.47029886887,-0.60035724100029,-2184.7000000001,0.69513362504305,410.50898113011,449,3190,0,0,3639,-0.072581329083579,0.19385830571472,-420.72468645247,306.19690601814,1,3639,74,0.088372568408874,12,2,2,-0.12575348700141,0.41618822844535,-526.8171412026,True,False,False
SHALLOW_TREE,SCALE_FREE,300,0,PERCENTILE_100,3743,0.45097515362009,-0.098602232314858,-369.06815555451,-0.57403152551429,-2148.6,0.72409298731286,379.44329953437,508,3235,0,0,3743,-0.065464096698491,0.11219431041657,-403.61616092365,406.85989981298,1,3743,105,0.075961594442266,10,128,0,-0.17776608699904,0.40220440102597,-493.10419716658,True,False,False
SHALLOW_TREE,SCALE_FREE,300,0,PERCENTILE_150,3831,0.4494909945184,-0.10473755783848,-401.24958407923,-0.59042025580789,-2261.9,0.71276430987958,405.74902696741,599,3232,0,0,3831,-0.070950417327216,0.11483193199815,-435.79758944837,404.73084625424,1,3831,106,0.073058860211655,13,216,0,-0.25433096139165,0.40096182760895,-530.6881193779,True,False,False
SHALLOW_TREE,SCALE_FREE,300,0,PERCENTILE_200,3831,0.4494909945184,-0.10473755783848,-401.24958407923,-0.59042025580789,-2261.9,0.71276430987958,405.74902696741,599,3232,0,0,3831,-0.070950417327216,0.11483193199815,-435.79758944837,404.73084625424,1,3831,106,0.073058860211655,13,216,0,-0.25433096139165,0.40096182760895,-530.6881193779,True,False,False
SHALLOW_TREE,SCALE_FREE,300,0,PERCENTILE_300,5647,0.44377545599433,-0.094537014157062,-533.85051894493,-0.52027625287765,-2938.0000000001,0.72941457895734,544.53565524811,479,5168,0,0,5647,-0.059337679860236,0.10574788290811,-568.39852431406,372.21526615902,1,5647,106,0.033862745331567,12,770,0,-0.15185268841445,0.44008084961527,-732.6211597191,True,False,False
SHALLOW_TREE,SCALE_FREE,300,0,PERCENTILE_500,5647,0.44377545599433,-0.094537014157062,-533.85051894493,-0.52027625287765,-2938.0000000001,0.72941457895734,544.53565524811,479,5168,0,0,5647,-0.059337679860236,0.10574788290811,-568.39852431406,372.21526615902,1,5647,106,0.033862745331567,12,770,0,-0.15185268841445,0.44008084961527,-732.6211597191,True,False,False
SHALLOW_TREE,SCALE_FREE,300,0,ROLLING_100,3743,0.45097515362009,-0.098602232314858,-369.06815555451,-0.57403152551429,-2148.6,0.72409298731286,379.44329953437,508,3235,0,0,3743,-0.065464096698491,0.11219431041657,-403.61616092365,406.85989981298,1,3743,105,0.075961594442266,10,128,0,-0.17776608699904,0.40220440102597,-493.10419716658,True,False,False
SHALLOW_TREE,SCALE_FREE,300,0,ROLLING_150,3831,0.4494909945184,-0.10473755783848,-401.24958407923,-0.59042025580789,-2261.9,0.71276430987958,405.74902696741,599,3232,0,0,3831,-0.070950417327216,0.11483193199815,-435.79758944837,404.73084625424,1,3831,106,0.073058860211655,13,216,0,-0.25433096139165,0.40096182760895,-530.6881193779,True,False,False
SHALLOW_TREE,SCALE_FREE,300,0,ROLLING_200,4071,0.44952100221076,-0.098468733071631,-400.86621233461,-0.56615082289365,-2304.8,0.72632697804877,414.57142505542,598,3473,0,0,4071,-0.065189802014185,0.11070707039272,-435.41421770375,399.09602751167,1,4071,106,0.068354110883438,11,456,0,-0.16513702133721,0.42953356406406,-536.34474066947,True,False,False
SHALLOW_TREE,SCALE_FREE,300,0,ROLLING_300,5647,0.44377545599433,-0.094537014157062,-533.85051894493,-0.52027625287765,-2938.0000000001,0.72941457895734,544.53565524811,479,5168,0,0,5647,-0.059337679860236,0.10574788290811,-568.39852431406,372.21526615902,1,5647,106,0.033862745331567,12,770,0,-0.15185268841445,0.44008084961527,-732.6211597191,True,False,False
SHALLOW_TREE,SCALE_FREE,300,0,ROLLING_500,5647,0.44377545599433,-0.094537014157062,-533.85051894493,-0.52027625287765,-2938.0000000001,0.72941457895734,544.53565524811,479,5168,0,0,5647,-0.059337679860236,0.10574788290811,-568.39852431406,372.21526615902,1,5647,106,0.033862745331567,12,770,0,-0.15185268841445,0.44008084961527,-732.6211597191,True,False,False
SHALLOW_TREE,SCALE_FREE,300,0,ZERO,2209,0.44816659121775,-0.10947744805429,-241.83568275194,-0.62901765504755,-1389.5,0.70663320683646,250.88243834829,250,1959,0,0,2209,-0.07852232013048,0.1672183289403,-264.56293315138,312.50179764599,1,2209,85,0.18870205488835,10,18,1,-0.82379988630163,0.45587876983189,-310.21556033564,True,False,False
SHALLOW_TREE,SCALE_FREE,300,25,FREQUENCY_100,269,0.4275092936803,-0.1698464767857,-45.688702255353,-0.61226765799254,-164.69999999999,0.62154316891465,61.425139978112,100,169,0,0,269,-0.1205761370966,0.12526346385038,-58.10860911006,306.50630855019,1,269,57,1.4023353510775,9,2,2,-0.79494817507801,0.30168453954546,-58.94242363172,True,False,False
SHALLOW_TREE,SCALE_FREE,300,25,FREQUENCY_150,703,0.41963015647226,-0.17763701348849,-124.8788204824,-0.83157894736844,-584.60000000001,0.59292927760087,138.81335208494,513,190,0,0,703,-0.1315283628377,0.1470487571083,-145.98465002719,304.26631721195,1,703,60,0.54362905912881,13,2,2,-0.79494817507801,0.31136688070355,-157.29320188991,True,False,False
SHALLOW_TREE,SCALE_FREE,300,25,FREQUENCY_200,703,0.41963015647226,-0.17763701348849,-124.8788204824,-0.83157894736844,-584.60000000001,0.59292927760087,138.81335208494,513,190,0,0,703,-0.1315283628377,0.1470487571083,-145.98465002719,304.26631721195,1,703,60,0.54362905912881,13,2,2,-0.79494817507801,0.31136688070355,-157.29320188991,True,False,False
SHALLOW_TREE,SCALE_FREE,300,25,FREQUENCY_300,703,0.41963015647226,-0.17763701348849,-124.8788204824,-0.83157894736844,-584.60000000001,0.59292927760087,138.81335208494,513,190,0,0,703,-0.1315283628377,0.1470487571083,-145.98465002719,304.26631721195,1,703,60,0.54362905912881,13,2,2,-0.79494817507801,0.31136688070355,-157.29320188991,True,False,False
SHALLOW_TREE,SCALE_FREE,300,25,FREQUENCY_500,3534,0.43746462931522,-0.10446660256615,-369.18497346879,-0.57642897566498,-2037.1,0.70511927442616,387.58096402146,420,3114,0,0,3534,-0.068233902958662,0.15547285986889,-394.43936105239,306.14542218449,1,3534,74,0.087615738901622,12,2,2,-0.12555853005386,0.40873705224685,-497.23133388167,True,False,False
SHALLOW_TREE,SCALE_FREE,300,25,PERCENTILE_100,3717,0.45224643529728,-0.095049242752881,-353.29803531246,-0.55534032822168,-2064.2,0.73172167513882,365.06058584237,491,3226,0,0,3717,-0.061924106343647,0.11479325189882,-387.8460406816,407.58633198816,1,3717,105,0.072334549844125,10,119,0,-0.17264495443023,0.40269388427241,-476.42416734558,True,False,False
SHALLOW_TREE,SCALE_FREE,300,25,PERCENTILE_150,3790,0.45171503957784,-0.098780720356243,-374.37893015016,-0.56308707124011,-2134.1,0.72540539163385,384.33957455985,567,3223,0,0,3790,-0.065061209715463,0.11349641203182,-408.9269355193,405.66408469657,1,3790,106,0.069679893156259,13,192,0,-0.21680023132759,0.40100991085194,-502.17587547871,True,False,False
SHALLOW_TREE,SCALE_FREE,300,25,PERCENTILE_200,4404,0.45458673932788,-0.085568957642953,-376.84568945956,-0.5018846503179,-2210.3,0.75490233041383,390.88813405418,555,3849,0,0,4404,-0.052975797092758,0.1025980678548,-411.3936948287,391.81134150772,1,4404,106,0.056398549870462,10,485,0,-0.16456743007174,0.46253040019469,-520.38596852262,True,False,False
SHALLOW_TREE,SCALE_FREE,300,25,PERCENTILE_300,5538,0.44600938967136,-0.090341232580709,-500.30974603197,-0.49958468761287,-2766.7000000001,0.73948704600307,514.35219062659,449,5089,0,0,5538,-0.055085189243248,0.1005741071391,-534.85775140111,373.48376634164,1,5538,106,0.032325683144909,12,766,0,-0.14317378925098,0.4357675133645,-695.55771403483,True,False,False
SHALLOW_TREE,SCALE_FREE,300,25,PERCENTILE_500,5538,0.44600938967136,-0.090341232580709,-500.30974603197,-0.49958468761287,-2766.7000000001,0.73948704600307,514.35219062659,449,5089,0,0,5538,-0.055085189243248,0.1005741071391,-534.85775140111,373.48376634164,1,5538,106,0.032325683144909,12,766,0,-0.14317378925098,0.4357675133645,-695.55771403483,True,False,False
SHALLOW_TREE,SCALE_FREE,300,25,ROLLING_100,3727,0.45237456399249,-0.095277687532247,-355.09994143268,-0.554386906359,-2066.2,0.73119343181669,365.06058584237,502,3225,0,0,3727,-0.06210642887595,0.11490448539204,-389.64794680182,407.39777971559,1,3727,106,0.071624444893019,10,129,0,-0.17322988912729,0.4048121773598,-478.7292224447,True,False,False
SHALLOW_TREE,SCALE_FREE,300,25,ROLLING_150,3790,0.45171503957784,-0.098780720356243,-374.37893015016,-0.56308707124011,-2134.1,0.72540539163385,384.33957455985,567,3223,0,0,3790,-0.065061209715463,0.11349641203182,-408.9269355193,405.66408469657,1,3790,106,0.069679893156259,13,192,0,-0.21680023132759,0.40100991085194,-502.17587547871,True,False,False
SHALLOW_TREE,SCALE_FREE,300,25,ROLLING_200,4207,0.45519372474447,-0.086708624590449,-364.78318365202,-0.50532445923462,-2125.9,0.75282183981505,378.82562824664,560,3647,0,0,4207,-0.053862852655219,0.1055772519392,-399.33118902116,396.00676301402,1,4207,106,0.05969402994384,10,485,0,-0.16456743007174,0.4501335665305,-502.96534618353,True,False,False
SHALLOW_TREE,SCALE_FREE,300,25,ROLLING_300,5538,0.44600938967136,-0.090341232580709,-500.30974603197,-0.49958468761287,-2766.7000000001,0.73948704600307,514.35219062659,449,5089,0,0,5538,-0.055085189243248,0.1005741071391,-534.85775140111,373.48376634164,1,5538,106,0.032325683144909,12,766,0,-0.14317378925098,0.4357675133645,-695.55771403483,True,False,False
SHALLOW_TREE,SCALE_FREE,300,25,ROLLING_500,5538,0.44600938967136,-0.090341232580709,-500.30974603197,-0.49958468761287,-2766.7000000001,0.73948704600307,514.35219062659,449,5089,0,0,5538,-0.055085189243248,0.1005741071391,-534.85775140111,373.48376634164,1,5538,106,0.032325683144909,12,766,0,-0.14317378925098,0.4357675133645,-695.55771403483,True,False,False
SHALLOW_TREE,SCALE_FREE,300,25,ZERO,2105,0.45368171021378,-0.10039009075202,-211.32114103301,-0.58351543942994,-1228.3,0.72794313944139,226.65709357051,222,1883,0,0,2105,-0.069469046872722,0.13241698905717,-234.04839143245,312.72360142518,1,2105,85,0.192342190365,10,18,1,-0.66274453789025,0.44408355820926,-276.40993839895,True,False,False
SHALLOW_TREE,SCALE_FREE,300,50,FREQUENCY_100,269,0.4275092936803,-0.1698464767857,-45.688702255353,-0.61226765799254,-164.69999999999,0.62154316891465,61.425139978112,100,169,0,0,269,-0.1205761370966,0.12526346385038,-58.10860911006,306.50630855019,1,269,57,1.4023353510775,9,2,2,-0.79494817507801,0.30168453954546,-58.94242363172,True,False,False
SHALLOW_TREE,SCALE_FREE,300,50,FREQUENCY_150,703,0.41963015647226,-0.17763701348849,-124.8788204824,-0.83157894736844,-584.60000000001,0.59292927760087,138.81335208494,513,190,0,0,703,-0.1315283628377,0.1470487571083,-145.98465002719,304.26631721195,1,703,60,0.54362905912881,13,2,2,-0.79494817507801,0.31136688070355,-157.29320188991,True,False,False
SHALLOW_TREE,SCALE_FREE,300,50,FREQUENCY_200,703,0.41963015647226,-0.17763701348849,-124.8788204824,-0.83157894736844,-584.60000000001,0.59292927760087,138.81335208494,513,190,0,0,703,-0.1315283628377,0.1470487571083,-145.98465002719,304.26631721195,1,703,60,0.54362905912881,13,2,2,-0.79494817507801,0.31136688070355,-157.29320188991,True,False,False
SHALLOW_TREE,SCALE_FREE,300,50,FREQUENCY_300,703,0.41963015647226,-0.17763701348849,-124.8788204824,-0.83157894736844,-584.60000000001,0.59292927760087,138.81335208494,513,190,0,0,703,-0.1315283628377,0.1470487571083,-145.98465002719,304.26631721195,1,703,60,0.54362905912881,13,2,2,-0.79494817507801,0.31136688070355,-157.29320188991,True,False,False
SHALLOW_TREE,SCALE_FREE,300,50,FREQUENCY_500,3534,0.43746462931522,-0.10446660256615,-369.18497346879,-0.57642897566498,-2037.1,0.70511927442616,387.58096402146,420,3114,0,0,3534,-0.068233902958662,0.15547285986889,-394.43936105239,306.14542218449,1,3534,74,0.087615738901622,12,2,2,-0.12555853005386,0.40873705224685,-497.23133388167,True,False,False
SHALLOW_TREE,SCALE_FREE,300,50,PERCENTILE_100,3717,0.45224643529728,-0.095049242752881,-353.29803531246,-0.55534032822168,-2064.2,0.73172167513882,365.06058584237,491,3226,0,0,3717,-0.061924106343647,0.11479325189882,-387.8460406816,407.58633198816,1,3717,105,0.072334549844125,10,119,0,-0.17264495443023,0.40269388427241,-476.42416734558,True,False,False
SHALLOW_TREE,SCALE_FREE,300,50,PERCENTILE_150,3790,0.45171503957784,-0.098780720356243,-374.37893015016,-0.56308707124011,-2134.1,0.72540539163385,384.33957455985,567,3223,0,0,3790,-0.065061209715463,0.11349641203182,-408.9269355193,405.66408469657,1,3790,106,0.069679893156259,13,192,0,-0.21680023132759,0.40100991085194,-502.17587547871,True,False,False
SHALLOW_TREE,SCALE_FREE,300,50,PERCENTILE_200,4404,0.45458673932788,-0.085568957642953,-376.84568945956,-0.5018846503179,-2210.3,0.75490233041383,390.88813405418,555,3849,0,0,4404,-0.052975797092758,0.1025980678548,-411.3936948287,391.81134150772,1,4404,106,0.056398549870462,10,485,0,-0.16456743007174,0.46253040019469,-520.38596852262,True,False,False
SHALLOW_TREE,SCALE_FREE,300,50,PERCENTILE_300,5538,0.44600938967136,-0.090341232580709,-500.30974603197,-0.49958468761287,-2766.7000000001,0.73948704600307,514.35219062659,449,5089,0,0,5538,-0.055085189243248,0.1005741071391,-534.85775140111,373.48376634164,1,5538,106,0.032325683144909,12,766,0,-0.14317378925098,0.4357675133645,-695.55771403483,True,False,False
SHALLOW_TREE,SCALE_FREE,300,50,PERCENTILE_500,5538,0.44600938967136,-0.090341232580709,-500.30974603197,-0.49958468761287,-2766.7000000001,0.73948704600307,514.35219062659,449,5089,0,0,5538,-0.055085189243248,0.1005741071391,-534.85775140111,373.48376634164,1,5538,106,0.032325683144909,12,766,0,-0.14317378925098,0.4357675133645,-695.55771403483,True,False,False
SHALLOW_TREE,SCALE_FREE,300,50,ROLLING_100,3727,0.45237456399249,-0.095277687532247,-355.09994143268,-0.554386906359,-2066.2,0.73119343181669,365.06058584237,502,3225,0,0,3727,-0.06210642887595,0.11490448539204,-389.64794680182,407.39777971559,1,3727,106,0.071624444893019,10,129,0,-0.17322988912729,0.4048121773598,-478.7292224447,True,False,False
SHALLOW_TREE,SCALE_FREE,300,50,ROLLING_150,3790,0.45171503957784,-0.098780720356243,-374.37893015016,-0.56308707124011,-2134.1,0.72540539163385,384.33957455985,567,3223,0,0,3790,-0.065061209715463,0.11349641203182,-408.9269355193,405.66408469657,1,3790,106,0.069679893156259,13,192,0,-0.21680023132759,0.40100991085194,-502.17587547871,True,False,False
SHALLOW_TREE,SCALE_FREE,300,50,ROLLING_200,4207,0.45519372474447,-0.086708624590449,-364.78318365202,-0.50532445923462,-2125.9,0.75282183981505,378.82562824664,560,3647,0,0,4207,-0.053862852655219,0.1055772519392,-399.33118902116,396.00676301402,1,4207,106,0.05969402994384,10,485,0,-0.16456743007174,0.4501335665305,-502.96534618353,True,False,False
SHALLOW_TREE,SCALE_FREE,300,50,ROLLING_300,5538,0.44600938967136,-0.090341232580709,-500.30974603197,-0.49958468761287,-2766.7000000001,0.73948704600307,514.35219062659,449,5089,0,0,5538,-0.055085189243248,0.1005741071391,-534.85775140111,373.48376634164,1,5538,106,0.032325683144909,12,766,0,-0.14317378925098,0.4357675133645,-695.55771403483,True,False,False
SHALLOW_TREE,SCALE_FREE,300,50,ROLLING_500,5538,0.44600938967136,-0.090341232580709,-500.30974603197,-0.49958468761287,-2766.7000000001,0.73948704600307,514.35219062659,449,5089,0,0,5538,-0.055085189243248,0.1005741071391,-534.85775140111,373.48376634164,1,5538,106,0.032325683144909,12,766,0,-0.14317378925098,0.4357675133645,-695.55771403483,True,False,False
SHALLOW_TREE,SCALE_FREE,300,50,ZERO,2105,0.45368171021378,-0.10039009075202,-211.32114103301,-0.58351543942994,-1228.3,0.72794313944139,226.65709357051,222,1883,0,0,2105,-0.069469046872722,0.13241698905717,-234.04839143245,312.72360142518,1,2105,85,0.192342190365,10,18,1,-0.66274453789025,0.44408355820926,-276.40993839895,True,False,False
SHALLOW_TREE,SCALE_FREE,600,0,FREQUENCY_100,432,0.4375,-0.16963044135034,-73.280350663347,-0.92685185185194,-400.40000000004,0.70282742749147,93.910848334735,222,210,0,0,432,-0.12343965731223,0.12392758876043,-95.531438507292,1050.33525,1,432,83,0.84645927299809,10,4,1,-0.4423011961351,0.28557743623033,-93.234769367812,True,False,False
SHALLOW_TREE,SCALE_FREE,600,0,FREQUENCY_150,432,0.4375,-0.16963044135034,-73.280350663347,-0.92685185185194,-400.40000000004,0.70282742749147,93.910848334735,222,210,0,0,432,-0.12343965731223,0.12392758876043,-95.531438507292,1050.33525,1,432,83,0.84645927299809,10,4,1,-0.4423011961351,0.28557743623033,-93.234769367812,True,False,False
SHALLOW_TREE,SCALE_FREE,600,0,FREQUENCY_200,483,0.43685300207039,-0.16668465813544,-80.508689879419,-0.96066252587998,-464.00000000003,0.70355015223522,97.415405938743,218,265,0,0,483,-0.12240959956155,0.12759430308144,-102.75977772336,1002.8564865424,1,483,83,0.8079095830985,10,4,1,-0.4423011961351,0.29929138982097,-101.89354317061,True,False,False
SHALLOW_TREE,SCALE_FREE,600,0,FREQUENCY_300,522,0.44444444444444,-0.15591982467785,-81.390148481838,-0.91934865900388,-479.90000000002,0.72181188404302,99.42176196851,216,306,0,0,522,-0.11056498188918,0.13987200245827,-103.64123632578,972.97852298851,1,522,83,0.77123423918472,10,4,1,-0.4423011961351,0.30217571980661,-105.06537641752,True,False,False
SHALLOW_TREE,SCALE_FREE,600,0,FREQUENCY_500,3298,0.44815039417829,-0.14690540373816,-484.49402152844,-0.86758641600973,-2861.3000000001,0.69892769761497,507.29805399841,441,2857,0,0,3298,-0.1089358149923,0.17797970923372,-511.90666353586,872.2508405094,1,3298,87,0.085885659950019,12,4,1,-0.1731389388475,0.41410620257115,-609.71772521226,True,False,False
SHALLOW_TREE,SCALE_FREE,600,0,PERCENTILE_100,3405,0.44229074889868,-0.14705259594711,-500.71408919992,-0.85306901615275,-2904.7000000001,0.69923658378587,510.86527742462,191,3214,0,0,3405,-0.10827935741686,0.14711924176699,-530.19977291457,920.90044317181,1,3405,104,0.077476965727196,12,80,0,-0.1731389388475,0.37731771666511,-632.73696639543,True,False,False
SHALLOW_TREE,SCALE_FREE,600,0,PERCENTILE_150,4307,0.45553749709775,-0.11636132826271,-501.16824082749,-0.67028093800792,-2886.9000000001,0.75453475299875,511.31942905219,189,4118,0,0,4307,-0.079171185601002,0.16002622648929,-534.52010252673,897.74268678895,1,4307,106,0.047605236606905,12,163,0,-0.1731389388475,0.42420703297241,-661.34618527146,True,False,False
SHALLOW_TREE,SCALE_FREE,600,0,PERCENTILE_200,4358,0.45525470399266,-0.11665823314446,-508.39658004356,-0.67703074804959,-2950.5000000001,0.75400463497023,514.8239866562,185,4173,0,0,4358,-0.079575080544484,0.16277396621588,-541.7484417428,894.26631642955,1,4358,106,0.052681431107696,12,214,0,-0.1731389388475,0.4243089417461,-670.00495907426,True,False,False
SHALLOW_TREE,SCALE_FREE,600,0,PERCENTILE_300,4552,0.45584358523726,-0.11217621885613,-510.62614823312,-0.64110281195081,-2918.3000000001,0.76223799214417,530.13354834828,179,4373,0,0,4552,-0.075218901851261,0.14248069941632,-543.97800993236,881.94021309315,1,4552,106,0.051228815737916,12,408,0,-0.1731389388475,0.43961547201727,-678.8558552393,True,False,False
SHALLOW_TREE,SCALE_FREE,600,0,PERCENTILE_500,4552,0.45584358523726,-0.11217621885613,-510.62614823312,-0.64110281195081,-2918.3000000001,0.76223799214417,530.13354834828,179,4373,0,0,4552,-0.075218901851261,0.14248069941632,-543.97800993236,881.94021309315,1,4552,106,0.051228815737916,12,408,0,-0.1731389388475,0.43961547201727,-678.8558552393,True,False,False
SHALLOW_TREE,SCALE_FREE,600,0,ROLLING_100,3403,0.44284454892742,-0.14681891288331,-499.62476054192,-0.85286511901267,-2902.3000000001,0.69961136526742,509.77594876662,187,3216,0,0,3403,-0.1080737610401,0.14643026757203,-529.11044425658,917.56303056127,1,3403,104,0.077727475751186,12,78,0,-0.1731389388475,0.37746686189297,-631.47451226439,True,False,False
SHALLOW_TREE,SCALE_FREE,600,0,ROLLING_150,4307,0.45553749709775,-0.11636132826271,-501.16824082749,-0.67028093800792,-2886.9000000001,0.75453475299875,511.31942905219,189,4118,0,0,4307,-0.079171185601002,0.16002622648929,-534.52010252673,897.74268678895,1,4307,106,0.047605236606905,12,163,0,-0.1731389388475,0.42420703297241,-661.34618527146,True,False,False
SHALLOW_TREE,SCALE_FREE,600,0,ROLLING_200,4358,0.45525470399266,-0.11665823314446,-508.39658004356,-0.67703074804959,-2950.5000000001,0.75400463497023,514.8239866562,185,4173,0,0,4358,-0.079575080544484,0.16277396621588,-541.7484417428,894.26631642955,1,4358,106,0.052681431107696,12,214,0,-0.1731389388475,0.4243089417461,-670.00495907426,True,False,False
SHALLOW_TREE,SCALE_FREE,600,0,ROLLING_300,4461,0.45572741537772,-0.11441036648462,-510.3846448879,-0.66310244339836,-2958.1000000001,0.75896087107937,529.89204500306,181,4280,0,0,4461,-0.077286422580404,0.15578805887492,-543.73650658714,887.59685541358,1,4461,106,0.053985912590642,12,317,0,-0.1731389388475,0.43109762496838,-675.99455864461,True,False,False
SHALLOW_TREE,SCALE_FREE,600,0,ROLLING_500,4555,0.45576289791438,-0.11255824514209,-512.70280662224,-0.64414928649837,-2934.1000000001,0.76151550044817,530.13354834828,182,4373,0,0,4555,-0.075608778887879,0.1449490934227,-546.05466832147,881.75630669594,1,4555,106,0.051191486022794,12,411,0,-0.1731389388475,0.43965818455039,-681.00762541018,True,False,False
SHALLOW_TREE,SCALE_FREE,600,0,ZERO,1656,0.44263285024155,-0.14449472951181,-239.28327207156,-1.0061594202899,-1666.2,0.71323669935001,262.15238978528,221,1435,0,0,1656,-0.11132266140354,0.11139761279048,-261.50118679589,817.2715513285,1,1656,98,0.24430061566179,12,32,0,-0.1731389388475,0.3541430801506,-294.21621685886,True,False,False
SHALLOW_TREE,SCALE_FREE,600,25,FREQUENCY_100,393,0.44274809160305,-0.17650376427641,-69.365979360631,-0.92391857506367,-363.10000000002,0.68588996857722,85.439875889693,181,212,0,0,393,-0.13090641328897,0.093709280305666,-87.122505030653,608.11516793893,1,393,83,0.86562009806182,9,4,1,-0.38058870779614,0.2935237943882,-87.285738298695,True,False,False
SHALLOW_TREE,SCALE_FREE,600,25,FREQUENCY_150,441,0.44444444444444,-0.16373504255489,-72.207153766708,-0.91950113378689,-405.50000000002,0.70091937547852,85.159193177832,177,264,0,0,441,-0.12019038292434,0.095895314221379,-90.005586314908,607.30016099773,1,441,83,0.82327950152786,9,4,1,-0.38058870779614,0.30817423538047,-91.410348663782,True,False,False
SHALLOW_TREE,SCALE_FREE,600,25,FREQUENCY_200,482,0.45228215767635,-0.15151627665175,-73.030845346144,-0.8773858921162,-422.90000000001,0.72372277716216,87.045890433431,175,307,0,0,482,-0.10678872393044,0.096508982292323,-90.829277894344,606.92197925311,1,482,83,0.78051261948194,9,4,1,-0.38058870779614,0.30725060877332,-94.589525757818,True,False,False
SHALLOW_TREE,SCALE_FREE,600,25,FREQUENCY_300,626,0.45527156549521,-0.110491747407,-69.167833876783,-0.58306709265177,-365.00000000001,0.78205386821838,97.689064127616,173,453,0,0,626,-0.069507094899308,0.1342511364357,-88.751138445932,606.71049680511,1,626,83,0.59296721772333,9,4,1,-0.38058870779614,0.4295876603367,-94.824226346599,True,False,False
SHALLOW_TREE,SCALE_FREE,600,25,FREQUENCY_500,3212,0.45205479452055,-0.1414430271089,-454.31500307378,-0.84364881693652,-2709.8000000001,0.7068269838031,475.90166382586,382,2830,0,0,3212,-0.103701511404,0.21066420818656,-478.21856337624,766.19647696139,1,3212,87,0.082964146657425,12,4,1,-0.16690112450453,0.40724335944877,-575.54075151792,True,False,False
SHALLOW_TREE,SCALE_FREE,600,25,PERCENTILE_100,3357,0.4453380994936,-0.14055943965363,-471.85803891724,-0.82832886505812,-2780.7000000001,0.70979740680636,480.88403235008,166,3191,0,0,3357,-0.10200852901545,0.15528724487867,-501.3437226319,873.94486386655,1,3357,104,0.07043864981184,12,80,0,-0.18777755387113,0.37272301632636,-601.27344592961,True,False,False
SHALLOW_TREE,SCALE_FREE,600,25,PERCENTILE_150,4307,0.45809147898769,-0.11032118991198,-475.15336495089,-0.65133503598795,-2805.3000000001,0.76517718411067,481.05750126579,160,4147,0,0,4307,-0.073438461743918,0.16906402025072,-508.50522665013,857.57482261435,1,4307,106,0.046567632881049,12,192,0,-0.16690112450453,0.42118736438646,-634.00727517073,True,False,False
SHALLOW_TREE,SCALE_FREE,600,25,PERCENTILE_200,4307,0.45809147898769,-0.11032118991198,-475.15336495089,-0.65133503598795,-2805.3000000001,0.76517718411067,481.05750126579,160,4147,0,0,4307,-0.073438461743918,0.16906402025072,-508.50522665013,857.57482261435,1,4307,106,0.046567632881049,12,192,0,-0.16690112450453,0.42118736438646,-634.00727517073,True,False,False
SHALLOW_TREE,SCALE_FREE,600,25,PERCENTILE_300,4492,0.45903829029386,-0.10510107859772,-472.11404506096,-0.61549421193234,-2764.8000000001,0.77511809178333,493.58737221558,156,4336,0,0,4492,-0.068300742935972,0.14186324382562,-505.4659067602,847.18525400712,1,4492,106,0.046459931642853,12,377,0,-0.16690112450453,0.43422104716396,-637.42115285354,True,False,False
SHALLOW_TREE,SCALE_FREE,600,25,PERCENTILE_500,4731,0.45909955611921,-0.1096589944886,-518.79670292558,-0.65320228281549,-3090.3000000001,0.76658556222792,533.33546058144,422,4309,0,0,4731,-0.0733140617939,0.16755626631806,-552.14856462482,834.7421589516,1,4731,106,0.037784978998058,12,610,0,-0.16690112450453,0.45609599261138,-690.74457950422,True,False,False
SHALLOW_TREE,SCALE_FREE,600,25,ROLLING_100,3356,0.44547079856973,-0.14058432238763,-471.80098593289,-0.82851609058407,-2780.5000000001,0.70982231360699,480.82697936573,165,3191,0,0,3356,-0.10203892488226,0.15528724487867,-501.28666964755,874.02622854589,1,3356,104,0.070469787021042,12,79,0,-0.18777755387113,0.37272301632636,-601.15933996091,True,False,False
SHALLOW_TREE,SCALE_FREE,600,25,ROLLING_150,4274,0.457416939635,-0.1117113969171,-477.4545104237,-0.6595928872251,-2819.1000000001,0.76249134921643,483.3586467386,163,4111,0,0,4274,-0.07476331575751,0.17299734737899,-510.80637212293,859.55855311184,1,4274,106,0.043462726167407,12,159,0,-0.20240432475677,0.42088115242794,-635.37060929979,True,False,False
SHALLOW_TREE,SCALE_FREE,600,25,ROLLING_200,4307,0.45809147898769,-0.11032118991198,-475.15336495089,-0.65133503598795,-2805.3000000001,0.76517718411067,481.05750126579,160,4147,0,0,4307,-0.073438461743918,0.16906402025072,-508.50522665013,857.57482261435,1,4307,106,0.046567632881049,12,192,0,-0.16690112450453,0.42118736438646,-634.00727517073,True,False,False
SHALLOW_TREE,SCALE_FREE,600,25,ROLLING_300,4492,0.45903829029386,-0.10510107859772,-472.11404506096,-0.61549421193234,-2764.8000000001,0.77511809178333,493.58737221558,156,4336,0,0,4492,-0.068300742935972,0.14186324382562,-505.4659067602,847.18525400712,1,4492,106,0.046459931642853,12,377,0,-0.16690112450453,0.43422104716396,-637.42115285354,True,False,False
SHALLOW_TREE,SCALE_FREE,600,25,ROLLING_500,4731,0.45909955611921,-0.1096589944886,-518.79670292558,-0.65320228281549,-3090.3000000001,0.76658556222792,533.33546058144,422,4309,0,0,4731,-0.0733140617939,0.16755626631806,-552.14856462482,834.7421589516,1,4731,106,0.037784978998058,12,610,0,-0.16690112450453,0.45609599261138,-690.74457950422,True,False,False
SHALLOW_TREE,SCALE_FREE,600,25,ZERO,1614,0.44609665427509,-0.13642269884821,-220.18623594101,-0.98965303593559,-1597.3,0.72636227796185,245.02128069418,197,1417,0,0,1614,-0.1034833698129,0.11032906650743,-242.40415066534,822.76868401487,1,1614,98,0.23472790224069,12,32,0,-0.16690112450453,0.33989833651409,-273.35031300401,True,False,False
SHALLOW_TREE,SCALE_FREE,600,50,FREQUENCY_100,393,0.44274809160305,-0.17650376427641,-69.365979360631,-0.92391857506367,-363.10000000002,0.68588996857722,85.439875889693,181,212,0,0,393,-0.13090641328897,0.093709280305666,-87.122505030653,608.11516793893,1,393,83,0.86562009806182,9,4,1,-0.38058870779614,0.2935237943882,-87.285738298695,True,False,False
SHALLOW_TREE,SCALE_FREE,600,50,FREQUENCY_150,441,0.44444444444444,-0.16373504255489,-72.207153766708,-0.91950113378689,-405.50000000002,0.70091937547852,85.159193177832,177,264,0,0,441,-0.12019038292434,0.095895314221379,-90.005586314908,607.30016099773,1,441,83,0.82327950152786,9,4,1,-0.38058870779614,0.30817423538047,-91.410348663782,True,False,False
SHALLOW_TREE,SCALE_FREE,600,50,FREQUENCY_200,482,0.45228215767635,-0.15151627665175,-73.030845346144,-0.8773858921162,-422.90000000001,0.72372277716216,87.045890433431,175,307,0,0,482,-0.10678872393044,0.096508982292323,-90.829277894344,606.92197925311,1,482,83,0.78051261948194,9,4,1,-0.38058870779614,0.30725060877332,-94.589525757818,True,False,False
SHALLOW_TREE,SCALE_FREE,600,50,FREQUENCY_300,626,0.45527156549521,-0.110491747407,-69.167833876783,-0.58306709265177,-365.00000000001,0.78205386821838,97.689064127616,173,453,0,0,626,-0.069507094899308,0.1342511364357,-88.751138445932,606.71049680511,1,626,83,0.59296721772333,9,4,1,-0.38058870779614,0.4295876603367,-94.824226346599,True,False,False
SHALLOW_TREE,SCALE_FREE,600,50,FREQUENCY_500,3212,0.45205479452055,-0.1414430271089,-454.31500307378,-0.84364881693652,-2709.8000000001,0.7068269838031,475.90166382586,382,2830,0,0,3212,-0.103701511404,0.21066420818656,-478.21856337624,766.19647696139,1,3212,87,0.082964146657425,12,4,1,-0.16690112450453,0.40724335944877,-575.54075151792,True,False,False
SHALLOW_TREE,SCALE_FREE,600,50,PERCENTILE_100,3357,0.4453380994936,-0.14055943965363,-471.85803891724,-0.82832886505812,-2780.7000000001,0.70979740680636,480.88403235008,166,3191,0,0,3357,-0.10200852901545,0.15528724487867,-501.3437226319,873.94486386655,1,3357,104,0.07043864981184,12,80,0,-0.18777755387113,0.37272301632636,-601.27344592961,True,False,False
SHALLOW_TREE,SCALE_FREE,600,50,PERCENTILE_150,4307,0.45809147898769,-0.11032118991198,-475.15336495089,-0.65133503598795,-2805.3000000001,0.76517718411067,481.05750126579,160,4147,0,0,4307,-0.073438461743918,0.16906402025072,-508.50522665013,857.57482261435,1,4307,106,0.046567632881049,12,192,0,-0.16690112450453,0.42118736438646,-634.00727517073,True,False,False
SHALLOW_TREE,SCALE_FREE,600,50,PERCENTILE_200,4307,0.45809147898769,-0.11032118991198,-475.15336495089,-0.65133503598795,-2805.3000000001,0.76517718411067,481.05750126579,160,4147,0,0,4307,-0.073438461743918,0.16906402025072,-508.50522665013,857.57482261435,1,4307,106,0.046567632881049,12,192,0,-0.16690112450453,0.42118736438646,-634.00727517073,True,False,False
SHALLOW_TREE,SCALE_FREE,600,50,PERCENTILE_300,4492,0.45903829029386,-0.10510107859772,-472.11404506096,-0.61549421193234,-2764.8000000001,0.77511809178333,493.58737221558,156,4336,0,0,4492,-0.068300742935972,0.14186324382562,-505.4659067602,847.18525400712,1,4492,106,0.046459931642853,12,377,0,-0.16690112450453,0.43422104716396,-637.42115285354,True,False,False
SHALLOW_TREE,SCALE_FREE,600,50,PERCENTILE_500,4731,0.45909955611921,-0.1096589944886,-518.79670292558,-0.65320228281549,-3090.3000000001,0.76658556222792,533.33546058144,422,4309,0,0,4731,-0.0733140617939,0.16755626631806,-552.14856462482,834.7421589516,1,4731,106,0.037784978998058,12,610,0,-0.16690112450453,0.45609599261138,-690.74457950422,True,False,False
SHALLOW_TREE,SCALE_FREE,600,50,ROLLING_100,3356,0.44547079856973,-0.14058432238763,-471.80098593289,-0.82851609058407,-2780.5000000001,0.70982231360699,480.82697936573,165,3191,0,0,3356,-0.10203892488226,0.15528724487867,-501.28666964755,874.02622854589,1,3356,104,0.070469787021042,12,79,0,-0.18777755387113,0.37272301632636,-601.15933996091,True,False,False
SHALLOW_TREE,SCALE_FREE,600,50,ROLLING_150,4274,0.457416939635,-0.1117113969171,-477.4545104237,-0.6595928872251,-2819.1000000001,0.76249134921643,483.3586467386,163,4111,0,0,4274,-0.07476331575751,0.17299734737899,-510.80637212293,859.55855311184,1,4274,106,0.043462726167407,12,159,0,-0.20240432475677,0.42088115242794,-635.37060929979,True,False,False
SHALLOW_TREE,SCALE_FREE,600,50,ROLLING_200,4307,0.45809147898769,-0.11032118991198,-475.15336495089,-0.65133503598795,-2805.3000000001,0.76517718411067,481.05750126579,160,4147,0,0,4307,-0.073438461743918,0.16906402025072,-508.50522665013,857.57482261435,1,4307,106,0.046567632881049,12,192,0,-0.16690112450453,0.42118736438646,-634.00727517073,True,False,False
SHALLOW_TREE,SCALE_FREE,600,50,ROLLING_300,4492,0.45903829029386,-0.10510107859772,-472.11404506096,-0.61549421193234,-2764.8000000001,0.77511809178333,493.58737221558,156,4336,0,0,4492,-0.068300742935972,0.14186324382562,-505.4659067602,847.18525400712,1,4492,106,0.046459931642853,12,377,0,-0.16690112450453,0.43422104716396,-637.42115285354,True,False,False
SHALLOW_TREE,SCALE_FREE,600,50,ROLLING_500,4731,0.45909955611921,-0.1096589944886,-518.79670292558,-0.65320228281549,-3090.3000000001,0.76658556222792,533.33546058144,422,4309,0,0,4731,-0.0733140617939,0.16755626631806,-552.14856462482,834.7421589516,1,4731,106,0.037784978998058,12,610,0,-0.16690112450453,0.45609599261138,-690.74457950422,True,False,False
SHALLOW_TREE,SCALE_FREE,600,50,ZERO,1614,0.44609665427509,-0.13642269884821,-220.18623594101,-0.98965303593559,-1597.3,0.72636227796185,245.02128069418,197,1417,0,0,1614,-0.1034833698129,0.11032906650743,-242.40415066534,822.76868401487,1,1614,98,0.23472790224069,12,32,0,-0.16690112450453,0.33989833651409,-273.35031300401,True,False,False
SHALLOW_TREE,SCALE_FREE,900,0,FREQUENCY_100,377,0.46949602122016,-0.20571164221557,-77.55328911527,-0.8100795755969,-305.40000000003,0.72824329491049,98.43254355932,0,377,0,0,377,-0.15330346092421,0.17405822913378,-117.20060025018,1371.6435702918,1,377,72,0.80224220251782,9,9,0,-1.4779534185814,0.29584011166201,-97.311173462111,True,False,False
SHALLOW_TREE,SCALE_FREE,900,0,FREQUENCY_150,463,0.48596112311015,-0.17398438418337,-80.554769876899,-0.72937365010805,-337.70000000003,0.75859929013462,94.014649868915,91,372,0,0,463,-0.12627223200632,0.16881341775603,-120.20208101181,1285.8964989201,1,463,73,0.78288585720572,9,9,0,-1.4779534185814,0.36268285750363,-102.64549633487,True,False,False
SHALLOW_TREE,SCALE_FREE,900,0,FREQUENCY_200,499,0.46693386773547,-0.24081526655954,-120.16681801321,-0.90661322645296,-452.40000000002,0.68726908441661,133.62669800523,132,367,0,0,499,-0.1919342078099,0.20951070356456,-159.81412914812,1607.3120841683,1,499,73,0.72142523453004,8,9,0,-1.4779534185814,0.34883330558918,-144.55846632928,True,False,False
SHALLOW_TREE,SCALE_FREE,900,0,FREQUENCY_300,1231,0.46060113728676,-0.16765319473675,-206.38108272094,-0.64329813160032,-791.89999999999,0.73470445731666,219.84096271296,905,326,0,0,1231,-0.12423483595042,0.16255453869379,-251.93683836388,1468.2947538587,1,1231,75,0.28396050799641,9,9,0,-1.4779534185814,0.40547776903035,-259.82908238692,True,False,False
SHALLOW_TREE,SCALE_FREE,900,0,FREQUENCY_500,3216,0.45553482587065,-0.14789600184088,-475.63354192028,-0.7882462686567,-2535,0.74701351686245,480.89665764337,1410,1806,0,0,3216,-0.11320921157191,0.12669073501748,-528.2106094213,1234.3631383706,1,3216,104,0.08327579017429,12,185,0,-0.25752453288329,0.48702478361407,-587.1862594253,True,False,False
SHALLOW_TREE,SCALE_FREE,900,0,PERCENTILE_100,2653,0.45834903882397,-0.12839696156493,-340.63713903176,-0.66151526573689,-1755,0.77572861365125,362.13114826671,811,1842,0,0,2653,-0.092608193937561,0.12285462587553,-389.3085869895,1238.8322499058,1,2653,103,0.10204047804834,12,109,0,-0.16013528284177,0.40893078157264,-435.58473954716,True,False,False
SHALLOW_TREE,SCALE_FREE,900,0,PERCENTILE_150,2739,0.46148229280759,-0.12546134348061,-343.63861979339,-0.65253742241693,-1787.3,0.78072818875808,357.71325457631,902,1837,0,0,2739,-0.089944569976943,0.12093095538473,-392.31006775113,1228.5076349032,1,2739,104,0.12075364359228,12,149,0,-0.16013528284177,0.4185713780059,-440.91906241992,True,False,False
SHALLOW_TREE,SCALE_FREE,900,0,PERCENTILE_200,2775,0.45837837837838,-0.13810834880349,-383.2506679297,-0.68540540540539,-1902,0.76309407632127,397.32530271262,943,1832,0,0,2775,-0.10222317241263,0.12210791528177,-431.92211588744,1287.0490317117,1,2775,104,0.11829162880847,12,185,0,-0.25752453288329,0.41511334602843,-482.83203241433,True,False,False
SHALLOW_TREE,SCALE_FREE,900,0,PERCENTILE_300,3939,0.47118558009647,-0.10060109653892,-396.26771926682,-0.49086062452398,-1933.5,0.81908268198396,401.53083498991,1388,2551,0,0,3939,-0.067259226108788,0.088101116356598,-448.84478676784,1176.0427405433,1,3939,106,0.056133533100348,12,546,1,-0.16013528284177,0.53358938180916,-527.60134689112,True,False,False
SHALLOW_TREE,SCALE_FREE,900,0,PERCENTILE_500,3939,0.47118558009647,-0.10060109653892,-396.26771926682,-0.49086062452398,-1933.5,0.81908268198396,401.53083498991,1388,2551,0,0,3939,-0.067259226108788,0.088101116356598,-448.84478676784,1176.0427405433,1,3939,106,0.056133533100348,12,546,1,-0.16013528284177,0.53358938180916,-527.60134689112,True,False,False
SHALLOW_TREE,SCALE_FREE,900,0,ROLLING_100,2653,0.45834903882397,-0.12839696156493,-340.63713903176,-0.66151526573689,-1755,0.77572861365125,362.13114826671,811,1842,0,0,2653,-0.092608193937561,0.12285462587553,-389.3085869895,1238.8322499058,1,2653,103,0.10204047804834,12,109,0,-0.16013528284177,0.40893078157264,-435.58473954716,True,False,False
SHALLOW_TREE,SCALE_FREE,900,0,ROLLING_150,2741,0.4611455673112,-0.12548791371223,-343.96237148522,-0.65264502006566,-1788.9,0.78056693752792,358.03700626814,904,1837,0,0,2741,-0.08996741283267,0.12093095538473,-392.63381944296,1228.2703163079,1,2741,104,0.12065269594797,12,151,0,-0.16013528284177,0.4185713780059,-441.32406439608,True,False,False
SHALLOW_TREE,SCALE_FREE,900,0,ROLLING_200,2797,0.45834823024669,-0.13554849720333,-379.12914667772,-0.65327136217375,-1827.2,0.76694286146035,393.20378146064,943,1854,0,0,2797,-0.099785937909377,0.11886487298822,-427.80059463546,1284.0107297104,1,2797,106,0.11698998651837,12,195,0,-0.21024404507936,0.42030284550407,-479.1570250229,True,False,False
SHALLOW_TREE,SCALE_FREE,900,0,ROLLING_300,3939,0.47118558009647,-0.10060109653892,-396.26771926682,-0.49086062452398,-1933.5,0.81908268198396,401.53083498991,1388,2551,0,0,3939,-0.067259226108788,0.088101116356598,-448.84478676784,1176.0427405433,1,3939,106,0.056133533100348,12,546,1,-0.16013528284177,0.53358938180916,-527.60134689112,True,False,False
SHALLOW_TREE,SCALE_FREE,900,0,ROLLING_500,3939,0.47118558009647,-0.10060109653892,-396.26771926682,-0.49086062452398,-1933.5,0.81908268198396,401.53083498991,1388,2551,0,0,3939,-0.067259226108788,0.088101116356598,-448.84478676784,1176.0427405433,1,3939,106,0.056133533100348,12,546,1,-0.16013528284177,0.53358938180916,-527.60134689112,True,False,False
SHALLOW_TREE,SCALE_FREE,900,0,ZERO,1247,0.46030473135525,-0.16637557964197,-207.47034781353,-0.71676022453889,-893.8,0.73674323634005,220.93022780555,907,340,0,0,1247,-0.12348631984382,0.14428671603966,-253.02610345647,1459.6104402566,1,1247,91,0.29901245126255,11,18,0,-0.93468095068216,0.40797997849051,-260.95325478182,True,False,False
SHALLOW_TREE,SCALE_FREE,900,25,FREQUENCY_100,373,0.46916890080429,-0.20827340089808,-77.685978534985,-0.83619302949071,-311.90000000003,0.72334930205163,98.565232979035,0,373,0,0,373,-0.15583673351697,0.17242600824311,-117.3332896699,1376.4500214477,1,373,72,0.80095768617603,9,9,0,-1.4779534185814,0.28613454341414,-97.244855468141,True,False,False
SHALLOW_TREE,SCALE_FREE,900,25,FREQUENCY_150,459,0.48583877995643,-0.17578967167018,-80.687459296614,-0.74989106753819,-344.20000000003,0.75484517084382,94.14733928863,91,368,0,0,459,-0.12809529466738,0.1672776467298,-120.33477043152,1289.0551437908,1,459,73,0.78167333002329,9,9,0,-1.4779534185814,0.35601259865822,-102.5791783409,True,False,False
SHALLOW_TREE,SCALE_FREE,900,25,FREQUENCY_200,495,0.46666666666667,-0.2430293079453,-120.29950743292,-0.92707070707076,-458.90000000003,0.68315648213422,133.75938742494,132,363,0,0,495,-0.19415528592028,0.207569002746,-159.94681856783,1612.8383070707,1,495,73,0.71980423964632,8,9,0,-1.4779534185814,0.34219336230928,-144.49214833531,True,False,False
SHALLOW_TREE,SCALE_FREE,900,25,FREQUENCY_300,1221,0.45864045864046,-0.17160171554519,-209.52569468067,-0.67133497133497,-819.69999999999,0.72881401224784,222.98557467269,899,322,0,0,1221,-0.12824618910164,0.16337382799295,-255.08145032361,1472.8587936118,1,1221,75,0.28307149648648,9,9,0,-1.4779534185814,0.40339423821752,-262.46279246824,True,False,False
SHALLOW_TREE,SCALE_FREE,900,25,FREQUENCY_500,3197,0.45573975602127,-0.14741915722609,-471.29904565181,-0.78642477322488,-2514.1999999999,0.74742448798105,476.5621613749,1401,1796,0,0,3197,-0.11281653030005,0.12665552377553,-523.87611315284,1236.272166406,1,3197,104,0.082321542294609,12,185,0,-0.25752453288329,0.48842618182544,-581.92364393437,True,False,False
SHALLOW_TREE,SCALE_FREE,900,25,PERCENTILE_100,2634,0.45861807137434,-0.12767754091241,-336.30264276329,-0.65839028094152,-1734.2,0.77650734519425,357.79665199824,802,1832,0,0,2634,-0.091982977019871,0.12282151441678,-384.97409072103,1241.1815573273,1,2634,103,0.10101762254274,12,109,0,-0.16593011164292,0.40995067715905,-430.32212405623,True,False,False
SHALLOW_TREE,SCALE_FREE,900,25,PERCENTILE_150,2720,0.46176470588235,-0.12474416306063,-339.30412352492,-0.64944852941175,-1766.5,0.78152808879949,353.37875830784,893,1827,0,0,2720,-0.089320514750308,0.12089887259777,-387.97557148266,1230.7105422794,1,2720,104,0.11989384533626,12,149,0,-0.16593011164292,0.41963077473954,-435.65644692899,True,False,False
SHALLOW_TREE,SCALE_FREE,900,25,PERCENTILE_200,2756,0.45863570391872,-0.13748772556648,-378.91617166123,-0.68258345428155,-1881.2,0.76371368890804,392.99080644415,934,1822,0,0,2756,-0.10169191814189,0.12207520504922,-427.58761961897,1289.6267510885,1,2756,104,0.11742608833776,12,185,0,-0.25752453288329,0.41613569990108,-477.5694169234,True,False,False
SHALLOW_TREE,SCALE_FREE,900,25,PERCENTILE_300,3918,0.47166921898928,-0.09908268365109,-388.20595454497,-0.48394589076058,-1896.1,0.82130875184627,393.46907026806,1379,2539,0,0,3918,-0.065821030132789,0.087878939401554,-440.783022046,1177.4537963247,1,3918,106,0.055264853726006,12,539,1,-0.16593011164292,0.53493967652884,-518.52511302968,True,False,False
SHALLOW_TREE,SCALE_FREE,900,25,PERCENTILE_500,3918,0.47166921898928,-0.09908268365109,-388.20595454497,-0.48394589076058,-1896.1,0.82130875184627,393.46907026806,1379,2539,0,0,3918,-0.065821030132789,0.087878939401554,-440.783022046,1177.4537963247,1,3918,106,0.055264853726006,12,539,1,-0.16593011164292,0.53493967652884,-518.52511302968,True,False,False
SHALLOW_TREE,SCALE_FREE,900,25,ROLLING_100,2634,0.45861807137434,-0.12767754091241,-336.30264276329,-0.65839028094152,-1734.2,0.77650734519425,357.79665199824,802,1832,0,0,2634,-0.091982977019871,0.12282151441678,-384.97409072103,1241.1815573273,1,2634,103,0.10101762254274,12,109,0,-0.16593011164292,0.40995067715905,-430.32212405623,True,False,False
SHALLOW_TREE,SCALE_FREE,900,25,ROLLING_150,2722,0.46142542248347,-0.12477144570784,-339.62787521675,-0.64955914768551,-1768.1,0.78136520698986,353.70250999967,895,1827,0,0,2722,-0.089343975579846,0.12089887259777,-388.29932317449,1230.4699485672,1,2722,104,0.11979282480115,12,151,0,-0.16593011164292,0.41963077473954,-436.06144890515,True,False,False
SHALLOW_TREE,SCALE_FREE,900,25,ROLLING_200,2777,0.45876845516745,-0.1347878241131,-374.30578756209,-0.64962189413034,-1804,0.76782541888889,388.38042234501,934,1843,0,0,2777,-0.099116588768429,0.11846079892015,-422.97723551984,1286.6845016205,1,2777,106,0.11617333887564,12,195,0,-0.20889152662267,0.42135528507089,-473.36480811425,True,False,False
SHALLOW_TREE,SCALE_FREE,900,25,ROLLING_300,3918,0.47166921898928,-0.09908268365109,-388.20595454497,-0.48394589076058,-1896.1,0.82130875184627,393.46907026806,1379,2539,0,0,3918,-0.065821030132789,0.087878939401554,-440.783022046,1177.4537963247,1,3918,106,0.055264853726006,12,539,1,-0.16593011164292,0.53493967652884,-518.52511302968,True,False,False
SHALLOW_TREE,SCALE_FREE,900,25,ROLLING_500,3918,0.47166921898928,-0.09908268365109,-388.20595454497,-0.48394589076058,-1896.1,0.82130875184627,393.46907026806,1379,2539,0,0,3918,-0.065821030132789,0.087878939401554,-440.783022046,1177.4537963247,1,3918,106,0.055264853726006,12,539,1,-0.16593011164292,0.53493967652884,-518.52511302968,True,False,False
SHALLOW_TREE,SCALE_FREE,900,25,ZERO,1234,0.45867098865478,-0.16902008399661,-208.57078365182,-0.74068071312804,-914,0.73209427202392,222.03066364383,898,336,0,0,1234,-0.12620689653511,0.14322905509818,-254.12653929475,1465.388971637,1,1234,91,0.29818473230609,10,18,0,-0.94901805880668,0.40754936311379,-261.40225697931,True,False,False
SHALLOW_TREE,SCALE_FREE,900,50,FREQUENCY_100,345,0.46666666666667,-0.20941091585422,-72.246765969707,-0.83333333333342,-287.50000000003,0.72104280435817,93.126020413757,0,345,0,0,345,-0.15650055651443,0.18536272634177,-111.89407710462,1415.0238231884,1,345,72,0.78362454900902,9,9,0,-1.4779534185814,0.29929397103263,-90.500839941936,True,False,False
SHALLOW_TREE,SCALE_FREE,900,50,FREQUENCY_150,431,0.48491879350348,-0.17458989960867,-75.248246731336,-0.74199535962883,-319.80000000003,0.7551376744468,88.708126723353,91,340,0,0,431,-0.12682443305795,0.17942614416926,-114.89555786625,1314.2544593968,1,431,73,0.76654596506994,9,9,0,-1.4779534185814,0.37153481479894,-95.835162814696,True,False,False
SHALLOW_TREE,SCALE_FREE,900,50,FREQUENCY_200,945,0.46031746031746,-0.19588814033066,-185.11429261248,-0.68211640211642,-644.60000000001,0.71941892402455,198.57417260449,633,312,0,0,945,-0.15095795152882,0.18664873047995,-236.0325949006,1639.8407216931,1,945,75,0.34395760090459,8,9,0,-1.4779534185814,0.37908243265643,-227.57332103022,True,False,False
SHALLOW_TREE,SCALE_FREE,900,50,FREQUENCY_300,945,0.46031746031746,-0.19588814033066,-185.11429261248,-0.68211640211642,-644.60000000001,0.71941892402455,198.57417260449,633,312,0,0,945,-0.15095795152882,0.18664873047995,-236.0325949006,1639.8407216931,1,945,75,0.34395760090459,8,9,0,-1.4779534185814,0.37908243265643,-227.57332103022,True,False,False
SHALLOW_TREE,SCALE_FREE,900,50,FREQUENCY_500,3306,0.45553539019964,-0.14547321570213,-480.93445111123,-0.70913490623108,-2344.4,0.7534520726627,486.19756683432,974,2332,0,0,3306,-0.10919570300409,0.13518211022648,-532.58527869892,1277.3959470659,1,3306,104,0.050700702161991,12,185,0,-0.25752453288329,0.4930674904469,-600.86790809092,True,False,False
SHALLOW_TREE,SCALE_FREE,900,50,PERCENTILE_100,2358,0.45928753180662,-0.13226939808952,-311.89124069509,-0.66119592875318,-1559.1,0.7759217336672,333.38524993005,536,1822,0,0,2358,-0.096840470217123,0.13391381159481,-365.2993846998,1280.9843583545,1,2358,103,0.10410943741409,12,109,0,-0.20531373732478,0.39980309161933,-395.43265261821,True,False,False
SHALLOW_TREE,SCALE_FREE,900,50,PERCENTILE_150,2444,0.46276595744681,-0.12884317571879,-314.89272145672,-0.65114566284778,-1591.4,0.7813556183913,328.96735623964,627,1817,0,0,2444,-0.09370641056566,0.13163143826678,-368.30086546143,1267.9302659574,1,2444,104,0.12500854949241,12,149,0,-0.20531373732478,0.41065281715422,-400.76697549097,True,False,False
SHALLOW_TREE,SCALE_FREE,900,50,PERCENTILE_200,2480,0.45927419354839,-0.14294547161009,-354.50476959303,-0.68794354838709,-1706.1,0.76219823452928,368.57940437595,668,1812,0,0,2480,-0.10739096520189,0.13302709981733,-407.91291359774,1332.8629923387,1,2480,104,0.122191909316,12,185,0,-0.25752453288329,0.40697207952842,-442.67994548538,True,False,False
SHALLOW_TREE,SCALE_FREE,900,50,PERCENTILE_300,3642,0.47309170785283,-0.09988867448566,-363.79455247678,-0.47254255903349,-1721,0.82336826077147,369.05766819987,1113,2529,0,0,3642,-0.066983378188331,0.093415301725867,-421.08123951067,1198.3945274574,1,3642,106,0.053799377414423,12,539,1,-0.20531373732478,0.53499718096115,-483.63564159165,True,False,False
SHALLOW_TREE,SCALE_FREE,900,50,PERCENTILE_500,3896,0.47484599589322,-0.097088922596162,-378.25844243465,-0.42872176591375,-1670.3,0.82530310189063,383.52155815774,1013,2883,0,0,3896,-0.063110139652977,0.097261764647808,-426.90391023095,1178.9186819815,1,3896,106,0.044032245672116,12,539,1,-0.15802917104797,0.53846567220127,-510.63978078129,True,False,False
SHALLOW_TREE,SCALE_FREE,900,50,ROLLING_100,2358,0.45928753180662,-0.13226939808952,-311.89124069509,-0.66119592875318,-1559.1,0.7759217336672,333.38524993005,536,1822,0,0,2358,-0.096840470217123,0.13391381159481,-365.2993846998,1280.9843583545,1,2358,103,0.10410943741409,12,109,0,-0.20531373732478,0.39980309161933,-395.43265261821,True,False,False
SHALLOW_TREE,SCALE_FREE,900,50,ROLLING_150,2446,0.46238757154538,-0.12887018526106,-315.21647314855,-0.65126737530662,-1593,0.78118001258597,329.29110793147,629,1817,0,0,2446,-0.093728932473416,0.13163143826678,-368.62461715326,1267.6320911693,1,2446,104,0.12489194797775,12,151,0,-0.20531373732478,0.41065281715422,-401.17197746713,True,False,False
SHALLOW_TREE,SCALE_FREE,900,50,ROLLING_200,2501,0.4594162335066,-0.13990179348016,-349.89438549389,-0.65129948020791,-1628.9,0.76662814827544,363.96902027681,668,1833,0,0,2501,-0.10448358029251,0.12874644509038,-403.3025294986,1329.2330091963,1,2501,106,0.12076089472311,12,195,0,-0.20889152662267,0.41269824363229,-438.47533667622,True,False,False
SHALLOW_TREE,SCALE_FREE,900,50,ROLLING_300,3642,0.47309170785283,-0.09988867448566,-363.79455247678,-0.47254255903349,-1721,0.82336826077147,369.05766819987,1113,2529,0,0,3642,-0.066983378188331,0.093415301725867,-421.08123951067,1198.3945274574,1,3642,106,0.053799377414423,12,539,1,-0.20531373732478,0.53499718096115,-483.63564159165,True,False,False
SHALLOW_TREE,SCALE_FREE,900,50,ROLLING_500,3896,0.47484599589322,-0.097088922596162,-378.25844243465,-0.42872176591375,-1670.3,0.82530310189063,383.52155815774,1013,2883,0,0,3896,-0.063110139652977,0.097261764647808,-426.90391023095,1178.9186819815,1,3896,106,0.044032245672116,12,539,1,-0.15802917104797,0.53846567220127,-510.63978078129,True,False,False
SHALLOW_TREE,SCALE_FREE,900,50,ZERO,958,0.46033402922756,-0.19223317493071,-184.15938158362,-0.7712943632568,-738.90000000002,0.72333863057646,197.61926157564,632,326,0,0,958,-0.14802294115445,0.13890058178975,-235.07768387175,1627.952908142,1,958,91,0.36259874249535,9,18,0,-0.94901805880668,0.38434687559671,-226.51278554128,True,False,False
