symbol,server_hour,horizon_ms,events,valid,mean_continuation,median_continuation,mean_absolute,mean_spread
AUDUSD,0,250,5,5,-4.60895654e-05,7.948904e-06,5.5632499799999996e-05,0.00059
AUDUSD,0,500,5,5,3.5712799999999013e-08,7.951875e-06,2.5414008000000003e-05,0.0006000000000000001
AUDUSD,0,1000,5,5,-4.13227538e-05,7.948904e-06,5.086568820000001e-05,0.000592
AUDUSD,0,2000,5,5,-3.4961177799999996e-05,7.948904e-06,5.4046514200000007e-05,0.000584
AUDUSD,0,3000,5,5,-2.70088092e-05,7.948904e-06,6.51796328e-05,0.0005780000000000001
AUDUSD,0,5000,5,5,-8.725392000000001e-05,-2.3846334e-05,0.000122246802,0.000562
AUDUSD,0,10000,5,5,-4.76135734e-05,1.5913051e-05,0.0001016795526,0.000652
AUDUSD,0,15000,5,5,-2.0616796399999998e-05,1.5913051e-05,7.786365199999999e-05,0.0006739999999999999
AUDUSD,0,30000,5,5,-3.1356868000000016e-06,0.0,6.040748520000001e-05,0.0006760000000000001
AUDUSD,0,60000,5,5,1.5960834400000004e-05,7.1606736e-05,0.0001017264784,0.00062
AUDUSD,0,120000,5,5,8.2790321e-05,8.7441424e-05,0.0001367172738,0.000592
AUDUSD,1,250,17,17,-6.996265529411765e-06,-7.897241e-06,2.0032784117647058e-05,0.0002876470588235294
AUDUSD,1,500,17,17,-2.318320647058824e-06,-0.0,2.2829089941176473e-05,0.00027823529411764706
AUDUSD,1,1000,17,17,2.6887764705882205e-08,1.5664651e-05,2.8905039529411766e-05,0.00027882352941176474
AUDUSD,1,2000,17,17,1.1669115470588237e-05,7.964034e-06,3.4051858647058826e-05,0.0002758823529411765
AUDUSD,1,3000,17,17,1.2150072470588237e-05,2.3892294e-05,4.569053117647059e-05,0.00027764705882352944
AUDUSD,1,5000,17,17,9.803840235294117e-06,1.5664651e-05,4.150278447058824e-05,0.00028411764705882353
AUDUSD,1,10000,17,17,7.971287470588235e-06,7.928296e-06,3.9634908999999993e-05,0.00029117647058823524
AUDUSD,1,15000,17,17,-8.820226647058823e-06,7.933328e-06,9.746033288235294e-05,0.00029117647058823524
AUDUSD,1,30000,17,17,-2.4698900529411765e-05,-2.3891532e-05,0.00014036078935294118,0.0002864705882352941
AUDUSD,1,60000,17,17,1.3526539117647057e-05,1.5664651e-05,0.00013856049570588235,0.00025823529411764706
AUDUSD,1,120000,17,17,7.66333125882353e-05,8.7270073e-05,0.0001922553571764706,0.0002541176470588235
AUDUSD,2,250,16,16,-1.1417298375e-05,-1.19003105e-05,1.9340763e-05,0.00022437500000000002
AUDUSD,2,500,16,16,-1.24074530625e-05,-1.19003105e-05,1.93343153125e-05,0.00022437500000000002
AUDUSD,2,1000,16,16,-1.7860570125e-05,-1.1922132e-05,2.4787345875e-05,0.00022625
AUDUSD,2,2000,16,16,-1.23987508125e-05,-1.19173495e-05,3.71821386875e-05,0.000229375
AUDUSD,2,3000,16,16,-1.2403106187499999e-05,-1.9921827e-05,4.01564543125e-05,0.000226875
AUDUSD,2,5000,16,16,-7.4848773124999984e-06,-1.1933947e-05,4.50962805625e-05,0.000228125
AUDUSD,2,10000,16,16,-1.9948057437499997e-05,-1.18967205e-05,7.74178596875e-05,0.0002275
AUDUSD,2,15000,16,16,-1.99563245625e-05,-1.9782417999999998e-05,8.23665984375e-05,0.00022250000000000001
AUDUSD,2,30000,16,16,-2.0848466874999993e-06,-7.925221e-06,0.0001032062066875,0.00022
AUDUSD,2,60000,16,16,1.1301460437499996e-05,-5.55895505e-05,0.0001502209626875,0.000218125
AUDUSD,2,120000,16,16,-7.363378675e-05,-4.7590373499999995e-05,0.000195415635625,0.000225
AUDUSD,3,250,83,83,8.633496626506029e-07,7.882923e-06,3.831104014457831e-05,0.0002583132530120482
AUDUSD,3,500,83,83,3.138868024096386e-06,7.883731e-06,4.724830539759036e-05,0.00025590361445783133
AUDUSD,3,1000,83,83,4.002718759036144e-06,7.885285e-06,6.786041569879517e-05,0.000253855421686747
AUDUSD,3,2000,83,83,-6.632735301204817e-06,1.5786815e-05,0.00010358202233734939,0.0002533734939759036
AUDUSD,3,3000,83,83,-9.4311743373494e-07,7.883731e-06,0.00014861844155421687,0.0002521686746987952
AUDUSD,3,5000,83,83,1.1897221361445783e-05,7.887026e-06,0.00020116223138554217,0.00024626506024096387
AUDUSD,3,10000,83,83,6.723976216867473e-06,1.5725867e-05,0.0003303730995903615,0.00024168674698795182
AUDUSD,3,15000,83,83,4.080569880722891e-05,1.593067e-05,0.0003422715408554217,0.0002374698795180723
AUDUSD,3,30000,83,83,2.700956309638554e-05,3.9418032e-05,0.0004517113702289157,0.00023060240963855422
AUDUSD,3,60000,83,83,0.0001669885828433735,1.5859045e-05,0.0008538511428674699,0.00022963855421686747
AUDUSD,3,120000,83,83,5.062491807228916e-05,0.000117950029,0.0007027222217108434,0.00022759036144578314
AUDUSD,4,250,52,52,4.5721094230769264e-07,-3.9426115e-06,2.024937917307692e-05,0.00022230769230769233
AUDUSD,4,500,52,52,-1.515246442307692e-06,-3.9426115e-06,2.313628028846154e-05,0.00022250000000000001
AUDUSD,4,1000,52,52,-4.4165037692307695e-06,-0.0,2.6327616499999997e-05,0.00022153846153846155
AUDUSD,4,2000,52,52,-5.493647134615385e-06,-0.0,3.6511732250000005e-05,0.0002205769230769231
AUDUSD,4,3000,52,52,8.235585980769231e-06,0.0,4.020341955769231e-05,0.0002205769230769231
AUDUSD,4,5000,52,52,1.8744573403846156e-05,7.913615e-06,6.320325290384615e-05,0.0002219230769230769
AUDUSD,4,10000,52,52,7.24342325e-06,1.5787628e-05,6.525965025e-05,0.00022211538461538465
AUDUSD,4,15000,52,52,1.806956371153846e-05,7.891881500000001e-06,8.421313490384615e-05,0.00021961538461538462
AUDUSD,4,30000,52,52,2.5558247596153844e-05,3.947436e-06,0.00011253840651923077,0.00022211538461538465
AUDUSD,4,60000,52,52,2.2555311942307688e-05,-7.934333500000001e-06,0.00016565240755769229,0.00021846153846153847
AUDUSD,4,120000,52,52,4.286833194230769e-05,-1.18858505e-05,0.0002750835443653846,0.00022038461538461537
AUDUSD,5,250,21,21,-4.556949809523809e-06,-7.896119e-06,1.8146228095238097e-05,0.00022476190476190477
AUDUSD,5,500,21,21,-4.936314e-06,-7.834995e-06,1.625537438095238e-05,0.00022333333333333333
AUDUSD,5,1000,21,21,-1.0987549047619047e-05,-7.889889e-06,2.684561266666667e-05,0.00022333333333333333
AUDUSD,5,2000,21,21,-4.5527034285714285e-06,-7.834995e-06,3.0239198380952378e-05,0.00022380952380952383
AUDUSD,5,3000,21,21,7.355872380952377e-07,-0.0,3.551116933333333e-05,0.00022190476190476192
AUDUSD,5,5000,21,21,3.763833047619048e-06,7.889826e-06,3.8523936761904765e-05,0.00022190476190476192
AUDUSD,5,10000,21,21,-2.2636146190476206e-06,-7.956431e-06,7.474399195238095e-05,0.00022380952380952383
AUDUSD,5,15000,21,21,3.0357490000000003e-06,7.88628e-06,8.982696833333333e-05,0.00021904761904761904
AUDUSD,5,30000,21,21,2.0435819190476192e-05,-3.9579037e-05,0.00013367833480952383,0.00022285714285714286
AUDUSD,5,60000,21,21,2.0453566619047616e-05,-1.590938e-05,0.00019645891776190477,0.00021904761904761904
AUDUSD,5,120000,21,21,6.401880152380953e-05,4.7011259e-05,0.00025212076552380954,0.00022238095238095242
AUDUSD,6,250,24,24,-6.409881666666671e-07,-1.186403e-05,3.382583025e-05,0.00021708333333333334
AUDUSD,6,500,24,24,3.3435627499999994e-06,-1.1841252e-05,4.2462317833333336e-05,0.0002179166666666667
AUDUSD,6,1000,24,24,1.8960448375e-05,-7.9689535e-06,5.6731561625e-05,0.0002175
AUDUSD,6,2000,24,24,1.3339147083333337e-05,-1.1865833e-05,0.000110817684,0.00021708333333333334
AUDUSD,6,3000,24,24,8.352223625e-06,0.0,0.000105843083375,0.00022
AUDUSD,6,5000,24,24,-2.8148851416666667e-05,-1.576815e-05,0.00014833592141666666,0.00021583333333333337
AUDUSD,6,10000,24,24,-1.191375e-05,1.98951655e-05,0.00013864836216666667,0.0002179166666666667
AUDUSD,6,15000,24,24,2.6239729874999998e-05,1.59221435e-05,0.00020940139820833332,0.00021666666666666666
AUDUSD,6,30000,24,24,1.586294354166666e-05,3.96964965e-05,0.000298705694375,0.00021541666666666668
AUDUSD,6,60000,24,24,-1.0002576124999999e-05,2.7693687e-05,0.0003743253415416667,0.0002179166666666667
AUDUSD,6,120000,24,24,-5.213347791666667e-05,-6.72831745e-05,0.00031203302116666664,0.00021666666666666666
AUDUSD,7,250,11,11,-4.303652454545455e-06,-7.87932e-06,1.2946104272727273e-05,0.00022363636363636363
AUDUSD,7,500,11,11,-8.622980363636364e-06,-7.87932e-06,1.4381489272727273e-05,0.0002218181818181818
AUDUSD,7,1000,11,11,-2.0110938999999997e-05,-7.87932e-06,2.0110938999999997e-05,0.00022545454545454545
AUDUSD,7,2000,11,11,-2.0813758909090907e-05,-2.3897242e-05,3.232999527272727e-05,0.00022272727272727272
AUDUSD,7,3000,11,11,-2.512540109090909e-05,-2.3897242e-05,3.664163745454546e-05,0.00022454545454545454
AUDUSD,7,5000,11,11,-1.8699928545454544e-05,-3.9397223e-05,4.1712889454545454e-05,0.00022363636363636363
AUDUSD,7,10000,11,11,4.3103567818181814e-05,7.968032e-06,7.616046854545454e-05,0.0002163636363636364
AUDUSD,7,15000,11,11,3.8118911e-05,2.3887537e-05,5.968071372727273e-05,0.00021909090909090912
AUDUSD,7,30000,11,11,6.538007463636363e-05,2.3637588e-05,8.696887463636363e-05,0.0002209090909090909
AUDUSD,7,60000,11,11,4.6069117090909094e-05,8.6950679e-05,0.00015103980345454546,0.00022000000000000003
AUDUSD,7,120000,11,11,0.00014081618545454548,3.939567e-05,0.0002374637549090909,0.00022000000000000003
AUDUSD,8,250,69,69,5.76132484057971e-06,7.843722e-06,2.0250759130434784e-05,0.0002191304347826087
AUDUSD,8,500,69,69,5.2980826956521744e-06,0.0,2.094007168115942e-05,0.00021942028985507246
AUDUSD,8,1000,69,69,4.4863038550724635e-06,0.0,2.197938492753623e-05,0.0002201449275362319
AUDUSD,8,2000,69,69,2.554178492753623e-06,7.921388e-06,2.3698297478260872e-05,0.00022202898550724638
AUDUSD,8,3000,69,69,1.9774702318840583e-06,7.918189e-06,2.8407582927536236e-05,0.00022217391304347827
AUDUSD,8,5000,69,69,8.622558420289855e-06,7.977758e-06,3.7616296855072466e-05,0.00022246376811594203
AUDUSD,8,10000,69,69,8.064916956521739e-06,0.0,5.621787272463768e-05,0.00022347826086956522
AUDUSD,8,15000,69,69,2.2208202666666667e-05,3.1374518e-05,7.358126260869565e-05,0.00022246376811594203
AUDUSD,8,30000,69,69,3.9359795608695645e-05,3.1563166e-05,0.0001235155582753623,0.00022057971014492755
AUDUSD,8,60000,69,69,4.895799605797101e-05,3.963834e-05,0.00014664304066666666,0.00021840579710144927
AUDUSD,8,120000,69,69,5.313861066666666e-05,4.7344375e-05,0.00016325324901449276,0.00021869565217391305
AUDUSD,9,250,128,128,-1.290986e-06,-7.899986e-06,1.780644234375e-05,0.00021976562500000002
AUDUSD,9,500,128,128,-2.4189041875e-06,-7.884632e-06,1.8550917125e-05,0.000219609375
AUDUSD,9,1000,128,128,-6.0978909453125e-06,-7.903578e-06,2.29782279140625e-05,0.000219375
AUDUSD,9,2000,128,128,-3.8608783515625e-06,-7.898146e-06,3.12970285234375e-05,0.00021921875
AUDUSD,9,3000,128,128,-2.9348150937499997e-06,-7.9499605e-06,3.594019965625e-05,0.000219921875
AUDUSD,9,5000,128,128,-6.9057284140625e-06,-1.57482865e-05,4.88626945234375e-05,0.00021835937500000002
AUDUSD,9,10000,128,128,-1.0958992890625001e-05,-7.9056735e-06,8.186569453124999e-05,0.00021796875
AUDUSD,9,15000,128,128,-1.9680071171875013e-06,0.0,9.33200043984375e-05,0.000217578125
AUDUSD,9,30000,128,128,6.084842531249999e-06,-3.923307e-06,0.000138122842375,0.00021843750000000002
AUDUSD,9,60000,128,128,-1.1037843359375e-05,-1.5945276e-05,0.000185999643328125,0.00021796875
AUDUSD,9,120000,128,128,-4.90264068125e-05,-7.158015150000001e-05,0.00024161134009375,0.00021953125
AUDUSD,10,250,245,245,2.5221865714285726e-07,-7.881308e-06,1.886286192244898e-05,0.00021853061224489796
AUDUSD,10,500,245,245,1.4430844530612246e-06,0.0,2.103250526122449e-05,0.00021775510204081634
AUDUSD,10,1000,245,245,2.245096204081633e-06,-0.0,2.707196724081633e-05,0.00021755102040816327
AUDUSD,10,2000,245,245,2.991646383673469e-06,-0.0,3.447702191020408e-05,0.00021816326530612245
AUDUSD,10,3000,245,245,8.368209473469388e-06,-0.0,4.5281270640816326e-05,0.0002179591836734694
AUDUSD,10,5000,245,245,1.6695318028571426e-05,7.896243e-06,5.813228155510204e-05,0.0002183673469387755
AUDUSD,10,10000,245,245,3.084559541632653e-05,1.5788809e-05,9.112906393061224e-05,0.00021804081632653062
AUDUSD,10,15000,245,245,2.9201618440816326e-05,7.915494e-06,0.00010718426813061225,0.0002182857142857143
AUDUSD,10,30000,245,245,4.7176118885714285e-05,1.5913178e-05,0.0001487346478489796,0.00021653061224489797
AUDUSD,10,60000,245,245,5.359250246530612e-05,5.5617132e-05,0.00019295776711836737,0.00021844897959183676
AUDUSD,10,120000,245,245,3.993944073061224e-05,3.9672936e-05,0.0002659823092122449,0.0002186122448979592
AUDUSD,11,250,162,162,-2.5860308209876543e-06,-7.8883325e-06,2.13778217962963e-05,0.00021987654320987653
AUDUSD,11,500,162,162,-3.5101207469135807e-06,-0.0,2.4750822314814815e-05,0.00021993827160493828
AUDUSD,11,1000,162,162,-2.8211094074074075e-06,0.0,3.484083249382716e-05,0.00021944444444444444
AUDUSD,11,2000,162,162,4.866872561728396e-06,0.0,4.8110313919753085e-05,0.00021913580246913581
AUDUSD,11,3000,162,162,8.896493395061734e-07,-7.888146e-06,5.589679861111111e-05,0.00021870370370370373
AUDUSD,11,5000,162,162,7.316648265432099e-06,-0.0,6.455508768518518e-05,0.00021888888888888888
AUDUSD,11,10000,162,162,1.7911097759259257e-05,0.0,8.749301522839507e-05,0.0002190740740740741
AUDUSD,11,15000,162,162,1.637658227160494e-05,7.9005485e-06,0.00010054951112345678,0.00022024691358024694
AUDUSD,11,30000,162,162,2.164393690740741e-05,1.5903563e-05,0.0001220197900308642,0.00021864197530864198
AUDUSD,11,60000,162,162,1.804584010493827e-05,1.1852752e-05,0.00014367634415432098,0.00021944444444444444
AUDUSD,11,120000,162,162,-2.5055611191358025e-05,3.95687e-06,0.00025194899122839504,0.00021746913580246915
AUDUSD,12,250,6,6,-1.3207076666666667e-05,-1.5884111000000003e-05,2.1144309666666668e-05,0.00022166666666666667
AUDUSD,12,500,6,6,-1.8499898666666666e-05,-2.3823612e-05,2.1144488333333334e-05,0.00022166666666666667
AUDUSD,12,1000,6,6,-1.8497008833333336e-05,-2.3733182000000003e-05,2.11415985e-05,0.00021833333333333332
AUDUSD,12,2000,6,6,-3.8347496833333335e-05,-3.56546355e-05,4.09920865e-05,0.00022
AUDUSD,12,3000,6,6,-5.554515066666667e-05,-3.96263095e-05,5.819097866666667e-05,0.00022500000000000002
AUDUSD,12,5000,6,6,-3.3055279666666664e-05,-2.37473555e-05,4.0992827e-05,0.00022
AUDUSD,12,10000,6,6,-3.969445716666667e-05,-1.983395e-05,4.497505016666667e-05,0.00021500000000000002
AUDUSD,12,15000,6,6,-3.4398169e-05,-2.77803135e-05,4.233859733333333e-05,0.00022833333333333334
AUDUSD,12,30000,6,6,-9.790694833333334e-05,-9.9226431e-05,0.00011376279033333334,0.00021833333333333332
AUDUSD,12,60000,6,6,1.1970357500000002e-05,-7.936348e-06,6.209876783333333e-05,0.00022
AUDUSD,12,120000,6,6,0.00013101343033333334,0.0001429691115,0.00013891135766666668,0.00022
AUDUSD,13,250,13,13,-2.2621195846153848e-05,-7.961118e-06,2.629604553846154e-05,0.0002230769230769231
AUDUSD,13,500,13,13,-2.3829542230769228e-05,-7.961118e-06,2.872921823076923e-05,0.0002230769230769231
AUDUSD,13,1000,13,13,-2.4449723153846154e-05,-7.961118e-06,3.057421576923077e-05,0.0002207692307692308
AUDUSD,13,2000,13,13,-1.2393602307692305e-06,-7.903795e-06,2.5682600076923077e-05,0.0002207692307692308
AUDUSD,13,3000,13,13,-5.521219076923078e-06,0.0,2.2641899846153847e-05,0.00022153846153846155
AUDUSD,13,5000,13,13,1.2377726153846138e-06,-2.3879552e-05,5.874004030769231e-05,0.00022230769230769233
AUDUSD,13,10000,13,13,-1.888219823076923e-05,-7.962322e-06,7.031489592307692e-05,0.00022
AUDUSD,13,15000,13,13,-2.498987730769231e-05,-2.3714946e-05,9.234436084615386e-05,0.00022
AUDUSD,13,30000,13,13,-7.084201392307694e-05,-5.5325253e-05,0.0001345237253076923,0.00021615384615384614
AUDUSD,13,60000,13,13,-4.4416154692307686e-05,-0.000111134044,0.00016074209900000002,0.00021846153846153847
AUDUSD,13,120000,13,13,-7.140907461538467e-06,2.3803573e-05,0.0001651092906923077,0.00021615384615384614
AUDUSD,14,250,52,52,-2.0742326173076926e-05,-7.950453e-06,4.393146863461539e-05,0.00021961538461538462
AUDUSD,14,500,52,52,-3.064252513461538e-05,-7.950453e-06,5.565831113461539e-05,0.0002201923076923077
AUDUSD,14,1000,52,52,-3.8676812711538455e-05,-1.98020395e-05,7.469177267307692e-05,0.00022038461538461537
AUDUSD,14,2000,52,52,-1.6913723788461537e-05,-1.19214935e-05,8.738995713461539e-05,0.00021942307692307693
AUDUSD,14,3000,52,52,-4.071281467307693e-05,-1.18312365e-05,9.259763551923078e-05,0.00021826923076923079
AUDUSD,14,5000,52,52,-6.079813223076923e-05,-1.5898885e-05,0.00010324750399999999,0.00021980769230769233
AUDUSD,14,10000,52,52,-4.362581092307692e-05,-1.9735678e-05,0.0001003311878076923,0.00021846153846153847
AUDUSD,14,15000,52,52,-3.061005588461539e-05,-1.1932051e-05,0.0001126644225,0.00021942307692307693
AUDUSD,14,30000,52,52,3.939485403846154e-05,5.94141865e-05,0.0001844642118076923,0.00021576923076923078
AUDUSD,14,60000,52,52,4.678034496153846e-05,2.36139315e-05,0.0002450001090384615,0.0002171153846153846
AUDUSD,14,120000,52,52,1.5428899769230767e-05,7.55175685e-05,0.0002434133989230769,0.00021769230769230768
AUDUSD,15,250,391,391,2.507140496163684e-06,-7.945999e-06,8.422003902813298e-05,0.00028040920716112535
AUDUSD,15,500,391,391,-4.9097991713554985e-06,-7.888333e-06,0.00012324761177493607,0.00027869565217391305
AUDUSD,15,1000,391,391,-3.0158519309462913e-05,-1.5849996e-05,0.00018375311337595908,0.000279309462915601
AUDUSD,15,2000,391,391,-4.976534962148337e-05,-7.960484e-06,0.0002697586946751918,0.0002629923273657289
AUDUSD,15,3000,391,391,-6.54576898337596e-05,-1.5892061e-05,0.0003063173691994885,0.00026199488491048596
AUDUSD,15,5000,391,391,-5.4119123020460356e-05,-3.155246e-05,0.0003309975245294118,0.0002571355498721228
AUDUSD,15,10000,391,391,-0.00011426380068797954,-1.5919258e-05,0.00044005979408951406,0.00025017902813299236
AUDUSD,15,15000,391,391,-0.00010537422468286445,-4.732869e-05,0.0004496418625191816,0.0002459335038363171
AUDUSD,15,30000,391,391,-0.0001483486434117647,-6.3661828e-05,0.0004960904237391304,0.0002356777493606138
AUDUSD,15,60000,391,391,-0.00017102913888235294,-0.00010340727,0.0006907168192148338,0.0002323785166240409
AUDUSD,15,120000,391,391,-0.00024384405896419437,-0.000127160739,0.0008207129213324808,0.0002284143222506394
AUDUSD,16,250,96,96,-1.4879923468749999e-05,-7.954722e-06,3.204998661458334e-05,0.0002184375
AUDUSD,16,500,96,96,-2.4453368364583334e-05,-7.949887000000001e-06,4.262500359375e-05,0.00021885416666666668
AUDUSD,16,1000,96,96,-4.6124228479166665e-05,-8.0008745e-06,6.280046218749999e-05,0.0002184375
AUDUSD,16,2000,96,96,-5.820967102083333e-05,-2.36927885e-05,7.851350370833333e-05,0.00021739583333333333
AUDUSD,16,3000,96,96,-5.55138998125e-05,-2.38209155e-05,7.584442433333334e-05,0.00021677083333333336
AUDUSD,16,5000,96,96,-6.9515650375e-05,-3.5714446499999995e-05,9.24679563125e-05,0.00021666666666666666
AUDUSD,16,10000,96,96,-6.136334066666667e-05,-4.74527855e-05,0.00011777157670833333,0.00021958333333333335
AUDUSD,16,15000,96,96,-5.935359155208333e-05,-3.5556033e-05,0.00015895595409375,0.0002190625
AUDUSD,16,30000,96,96,-4.07238958125e-05,-7.904048e-06,0.00021246609614583331,0.0002175
AUDUSD,16,60000,96,96,-6.095838888541667e-05,-6.33015435e-05,0.00027317010380208335,0.00021625
AUDUSD,16,120000,96,96,-6.065346927083333e-05,-7.907138550000001e-05,0.00034594257952083336,0.00021604166666666668
AUDUSD,17,250,229,229,-9.035239550218341e-06,-7.910548e-06,4.8376876021834065e-05,0.00022978165938864628
AUDUSD,17,500,229,229,-1.9920768655021837e-05,0.0,6.536351791266376e-05,0.00023
AUDUSD,17,1000,229,229,-5.381799141921398e-05,-7.960548e-06,0.00010747765638864628,0.00022995633187772926
AUDUSD,17,2000,229,229,-7.850670732751092e-05,-1.590609e-05,0.0001436088586113537,0.00022978165938864628
AUDUSD,17,3000,229,229,-6.309625730131005e-05,-2.376906e-05,0.0001542338874323144,0.0002290829694323144
AUDUSD,17,5000,229,229,-6.15762465021834e-05,-2.3756073e-05,0.00017278829927074236,0.0002281222707423581
AUDUSD,17,10000,229,229,-5.25888347161572e-05,-3.9563692e-05,0.00023487817148471615,0.0002266812227074236
AUDUSD,17,15000,229,229,-7.068237940174673e-05,-3.9874793e-05,0.0002717513781091703,0.0002251528384279476
AUDUSD,17,30000,229,229,-6.583238410917031e-05,-1.5835062e-05,0.0003493907726943231,0.00022336244541484716
AUDUSD,17,60000,229,229,-6.505808533187774e-05,-2.3621954e-05,0.0005106767502227074,0.00022423580786026201
AUDUSD,17,120000,229,229,-8.493626055895197e-05,-0.00011010704,0.0006299064347772926,0.00022039301310043669
AUDUSD,18,250,163,163,4.5746604417177905e-06,-7.922267e-06,7.577548472392639e-05,0.0002192638036809816
AUDUSD,18,500,163,163,1.0263396883435582e-05,7.920071e-06,9.88883159018405e-05,0.0002201226993865031
AUDUSD,18,1000,163,163,1.710034290184049e-05,-7.925406e-06,0.0001421643457607362,0.00021883435582822086
AUDUSD,18,2000,163,163,2.3402465779141104e-05,-8.05779e-06,0.0002288312829815951,0.00021748466257668714
AUDUSD,18,3000,163,163,-8.521946791411043e-06,-1.59327e-05,0.0002668335846687116,0.0002187116564417178
AUDUSD,18,5000,163,163,-6.884038895705522e-05,-1.5845098e-05,0.00029980145754601224,0.0002192638036809816
AUDUSD,18,10000,163,163,-0.00010812522060122698,-4.7736115e-05,0.00029742457647852764,0.00022190184049079755
AUDUSD,18,15000,163,163,-8.94078070797546e-05,-4.7736115e-05,0.0003122591716196319,0.0002198159509202454
AUDUSD,18,30000,163,163,-0.000109810338601227,-9.5325098e-05,0.00036035441766871164,0.00021822085889570554
AUDUSD,18,60000,163,163,-0.00014136596353374233,-0.000119154953,0.0003846007526625767,0.00021932515337423316
AUDUSD,18,120000,163,163,-0.00016192203834969327,-0.000103017216,0.0004198780921042945,0.00022042944785276075
AUDUSD,19,250,68,68,-2.1693468676470586e-06,-8.046994500000001e-06,4.7818673573529406e-05,0.00022205882352941179
AUDUSD,19,500,68,68,-1.0761197191176471e-05,-7.900443e-06,5.3799637720588235e-05,0.00022220588235294118
AUDUSD,19,1000,68,68,-1.701273942647059e-05,-1.1831986999999999e-05,7.502234789705882e-05,0.00021970588235294117
AUDUSD,19,2000,68,68,-2.9691915735294116e-05,-1.5984541999999997e-05,7.977612402941177e-05,0.0002211764705882353
AUDUSD,19,3000,68,68,4.574822308823528e-06,-0.0,9.970187525e-05,0.0002198529411764706
AUDUSD,19,5000,68,68,-9.10706930882353e-06,-2.3833653e-05,0.0001239618235735294,0.0002214705882352941
AUDUSD,19,10000,68,68,-5.7443880441176466e-05,-3.1691705e-05,0.00017110122414705882,0.00022191176470588237
AUDUSD,19,15000,68,68,-7.221455663235293e-05,-5.95012305e-05,0.00020313139901470588,0.00022191176470588237
AUDUSD,19,30000,68,68,-5.992338988235295e-05,-6.3813402e-05,0.00020704810664705882,0.00022029411764705882
AUDUSD,19,60000,68,68,2.1110604705882355e-06,-4.4251816999999995e-05,0.00020624733002941176,0.00022
AUDUSD,19,120000,68,68,-5.338263235294511e-08,-1.1652641e-05,0.0002957240343970588,0.00022073529411764707
AUDUSD,20,250,54,54,-1.6438127907407408e-05,-1.5723518e-05,6.74315485e-05,0.00021870370370370373
AUDUSD,20,500,54,54,-2.9171178925925927e-05,-1.5723518e-05,8.601400181481481e-05,0.0002188888888888889
AUDUSD,20,1000,54,54,-4.641054585185185e-05,-3.9559934999999996e-05,0.00010649129774074073,0.00021851851851851852
AUDUSD,20,2000,54,54,-1.2857991074074075e-05,-2.038049999999983e-08,0.00017877376003703704,0.0002190740740740741
AUDUSD,20,3000,54,54,3.0257087888888887e-05,-1.97613005e-05,0.0002338957068888889,0.0002175925925925926
AUDUSD,20,5000,54,54,4.6768938296296295e-05,-7.913272000000001e-06,0.0002330790684814815,0.00022018518518518521
AUDUSD,20,10000,54,54,-5.896764853703703e-05,-7.1204534e-05,0.0002851184693888889,0.000217962962962963
AUDUSD,20,15000,54,54,7.117139018518518e-06,-2.7687333e-05,0.0003353735853888889,0.00021925925925925927
AUDUSD,20,30000,54,54,-0.00011112453892592591,-7.11427485e-05,0.00035572845237037036,0.00021611111111111112
AUDUSD,20,60000,54,54,-6.849174562962963e-05,-4.7414901e-05,0.0002965897280740741,0.00021629629629629633
AUDUSD,20,120000,54,54,-8.409009014814816e-05,-0.00013448520749999998,0.00033839751125925926,0.00021777777777777778
AUDUSD,21,250,149,149,-7.4170690738255035e-06,-7.891383e-06,4.156619347651007e-05,0.0002548322147651007
AUDUSD,21,500,149,149,-6.1686348456375835e-06,-7.890885e-06,5.642933022818792e-05,0.00025496644295302015
AUDUSD,21,1000,149,149,-2.0398182953020133e-06,-0.0,7.666729279194632e-05,0.000255503355704698
AUDUSD,21,2000,149,149,2.465530686577181e-05,1.5745676e-05,0.00010894940689261744,0.00025281879194630875
AUDUSD,21,3000,149,149,2.1568466288590606e-05,-7.862779e-06,0.00013392183846308724,0.00024986577181208055
AUDUSD,21,5000,149,149,5.78184824295302e-05,7.920635e-06,0.0001864296009395973,0.0002497986577181208
AUDUSD,21,10000,149,149,8.313337993959731e-05,3.1687937e-05,0.00028724083175167786,0.0002455704697986577
AUDUSD,21,15000,149,149,8.34326293624161e-05,8.017092e-06,0.0003025886184362416,0.00024255033557046978
AUDUSD,21,30000,149,149,8.095543989932885e-05,3.1581607e-05,0.00032665395244966443,0.00023416107382550334
AUDUSD,21,60000,149,149,8.717978521476509e-05,-1.5836943e-05,0.00035370969930872487,0.00023100671140939596
AUDUSD,21,120000,149,149,0.00013138171905369129,5.5692799e-05,0.0003582219102483222,0.00023208053691275169
AUDUSD,22,250,20,20,-7.132449099999999e-06,-7.884462e-06,3.64968915e-05,0.0002195
AUDUSD,22,500,20,20,-1.579401125e-05,-7.908079e-06,4.201154955e-05,0.0002205
AUDUSD,22,1000,20,20,-3.99454026e-05,-2.3766898e-05,4.71104818e-05,0.00022300000000000003
AUDUSD,22,2000,20,20,-6.338864445e-05,-3.54883245e-05,6.816257265e-05,0.0002195
AUDUSD,22,3000,20,20,-7.170043805000001e-05,-4.34438805e-05,8.363802255000001e-05,0.000219
AUDUSD,22,5000,20,20,-6.53838667e-05,-4.35875055e-05,7.01547164e-05,0.00022200000000000003
AUDUSD,22,10000,20,20,-4.5532525750000004e-05,-5.13933495e-05,6.231196525e-05,0.000221
AUDUSD,22,15000,20,20,-3.525636585e-05,-3.95955195e-05,7.021077644999999e-05,0.000219
AUDUSD,22,30000,20,20,-5.660851520000001e-05,-4.3441483e-05,0.0001012297261,0.000219
AUDUSD,22,60000,20,20,-9.918353610000001e-05,-0.0001376503015,0.0001655664037,0.00022400000000000002
AUDUSD,22,120000,20,20,-6.73183555e-05,-6.33859895e-05,0.0002133309305,0.0002205
AUDUSD,23,250,42,42,1.044413014285714e-05,7.831835000000001e-06,4.7335940952380954e-05,0.00022380952380952383
AUDUSD,23,500,42,42,1.5573935238095238e-05,7.831835000000001e-06,5.6649882761904766e-05,0.00022404761904761905
AUDUSD,23,1000,42,42,1.3279498523809523e-05,3.915933e-06,7.908473828571428e-05,0.00022119047619047617
AUDUSD,23,2000,42,42,-2.8374262952380952e-05,-1.99252885e-05,0.00011467668447619047,0.00022142857142857145
AUDUSD,23,3000,42,42,-7.991418314285714e-05,-7.99016805e-05,0.00011332149152380952,0.00022119047619047617
AUDUSD,23,5000,42,42,-6.103915771428572e-05,-1.97461865e-05,0.00011504356938095238,0.00021952380952380954
AUDUSD,23,10000,42,42,-3.4058933499999995e-05,-3.977962e-06,0.00018810767959523807,0.00022142857142857145
AUDUSD,23,15000,42,42,-6.123506745238095e-05,-3.5529707e-05,0.00023504327178571426,0.00022023809523809523
AUDUSD,23,30000,42,42,-0.00012630834171428572,-0.00011970619300000001,0.0002560081229523809,0.00022285714285714286
AUDUSD,23,60000,42,42,-0.0001405453910952381,-9.89347e-05,0.00024208186666666666,0.00022071428571428573
AUDUSD,23,120000,42,42,-5.436605930952381e-05,-1.59590175e-05,0.00024617174426190476,0.00022071428571428573
EURUSD,8,250,2,2,-9.166969e-06,-9.166969e-06,9.166969e-06,0.00018
EURUSD,8,500,2,2,-9.166969e-06,-9.166969e-06,9.166969e-06,0.00018
EURUSD,8,1000,2,2,-9.166969e-06,-9.166969e-06,9.166969e-06,0.00018
EURUSD,8,2000,2,2,-9.166969e-06,-9.166969e-06,9.166969e-06,0.00018
EURUSD,8,3000,2,2,-2.2951769999999997e-05,-2.2951769999999997e-05,2.2951769999999997e-05,0.00018
EURUSD,8,5000,2,2,-2.2974668e-05,-2.2974668e-05,2.2974668e-05,0.00018
EURUSD,8,10000,2,2,-2.7546619e-05,-2.7546619e-05,2.7546619e-05,0.00018
EURUSD,8,15000,2,2,-7.120680799999999e-05,-7.120680799999999e-05,7.120680799999999e-05,0.000185
EURUSD,8,30000,2,2,-5.50922245e-05,-5.50922245e-05,5.50922245e-05,0.00018
EURUSD,8,60000,2,2,-6.41687755e-05,-6.41687755e-05,6.41687755e-05,0.00018
EURUSD,8,120000,2,2,-2.2745667999999997e-05,-2.2745667999999997e-05,6.8697116e-05,0.00018
EURUSD,9,250,82,82,-1.6261344878048779e-06,-2.297544e-06,2.828801e-05,0.0001826829268292683
EURUSD,9,500,82,82,1.7497823292682934e-06,0.0,3.537232969512195e-05,0.00018243902439024393
EURUSD,9,1000,82,82,7.70137574390244e-06,-4.598103e-06,4.4806619402439025e-05,0.00018243902439024393
EURUSD,9,2000,82,82,3.071806442682927e-05,9.242932500000001e-06,6.109903040243902e-05,0.00018243902439024393
EURUSD,9,3000,82,82,2.3206197158536585e-05,4.6022825000000004e-06,6.122209145121951e-05,0.0001821951219512195
EURUSD,9,5000,82,82,4.015096223170731e-05,3.6832922e-05,8.928559830487805e-05,0.00018207317073170733
EURUSD,9,10000,82,82,3.3017755e-05,4.1481828e-05,0.00014627055646341462,0.00018097560975609758
EURUSD,9,15000,82,82,4.993102565853659e-05,2.3074444500000002e-05,0.00019309062612195122,0.00018182926829268293
EURUSD,9,30000,82,82,0.0001018361938292683,2.3140670500000003e-05,0.00031133439114634147,0.00018158536585365854
EURUSD,9,60000,82,82,1.5945220243902438e-05,-2.3055834e-05,0.0004131581457317073,0.00018195121951219514
EURUSD,9,120000,82,82,-3.124272160975609e-05,-2.99256315e-05,0.00043382952068292684,0.00018121951219512197
EURUSD,10,250,170,170,3.405881923529412e-06,9.145156e-06,2.2638201370588236e-05,0.00018058823529411766
EURUSD,10,500,170,170,6.003783582352942e-06,4.5869259999999995e-06,2.7894872252941178e-05,0.00018058823529411766
EURUSD,10,1000,170,170,8.534160905882353e-06,4.6279585e-06,3.845517382352941e-05,0.00018058823529411766
EURUSD,10,2000,170,170,8.750813817647058e-06,9.184255500000001e-06,5.205869300588235e-05,0.00018070588235294117
EURUSD,10,3000,170,170,7.4559707176470585e-06,1.83351085e-05,6.736069956470589e-05,0.0001803529411764706
EURUSD,10,5000,170,170,4.261255376470588e-06,9.2347665e-06,9.183118576470589e-05,0.0001803529411764706
EURUSD,10,10000,170,170,2.95809641e-05,9.195614e-06,0.00013233656854705884,0.0001805294117647059
EURUSD,10,15000,170,170,8.983900994117647e-06,-1.3817205499999999e-05,0.00014016078272352942,0.00018023529411764706
EURUSD,10,30000,170,170,2.319269555882353e-05,9.1958705e-06,0.00018354562962941178,0.0001805294117647059
EURUSD,10,60000,170,170,-4.085150825882353e-05,-7.3616522e-05,0.00022182133704705883,0.00018076470588235296
EURUSD,10,120000,170,170,-6.805342102352942e-05,-6.006909e-05,0.0003200010194235294,0.00018064705882352941
EURUSD,11,250,222,222,-1.7723073468468472e-06,-9.1312525e-06,3.1340511085585584e-05,0.00018148648648648647
EURUSD,11,500,222,222,-3.2144106981981982e-06,-4.624438e-06,3.825801704054054e-05,0.0001813963963963964
EURUSD,11,1000,222,222,2.0547909684684686e-06,-2.2989085e-06,5.1951340770270276e-05,0.0001809009009009009
EURUSD,11,2000,222,222,1.1811304797297298e-05,0.0,7.833762895945946e-05,0.0001811711711711712
EURUSD,11,3000,222,222,-1.3717590540540543e-06,-9.182881000000001e-06,9.941554808108109e-05,0.00018108108108108107
EURUSD,11,5000,222,222,-5.963894454954954e-06,0.0,0.00011986685116666667,0.0001804954954954955
EURUSD,11,10000,222,222,1.1477431063063063e-05,9.167164499999999e-06,0.0001677929028108108,0.0001804954954954955
EURUSD,11,15000,222,222,1.5840173626126125e-05,9.169055e-06,0.00016426661464414414,0.00018054054054054055
EURUSD,11,30000,222,222,2.7331295409909913e-05,1.85334565e-05,0.00019240644341891893,0.00018054054054054055
EURUSD,11,60000,222,222,2.1740344265765765e-05,3.6899865999999996e-05,0.00022148469549099098,0.0001812612612612613
EURUSD,11,120000,222,222,2.495931743243246e-06,-2.7620126e-05,0.00028455572053603603,0.00018031531531531532
EURUSD,12,250,6,6,1.521974833333334e-06,-2.4150000000000438e-08,1.3839762499999998e-05,0.00018
EURUSD,12,500,6,6,3.057584833333334e-06,4.582086000000001e-06,1.53753725e-05,0.00018
EURUSD,12,1000,6,6,-1.5652881666666657e-06,-4.608019e-06,1.69270255e-05,0.00018
EURUSD,12,2000,6,6,7.662686e-06,4.6067875e-06,1.3837269333333334e-05,0.00018
EURUSD,12,3000,6,6,1.5191990000000002e-06,-4.606745e-06,1.0764945666666667e-05,0.00018
EURUSD,12,5000,6,6,-3.39666545e-05,-9.213448e-06,4.31797205e-05,0.00018
EURUSD,12,10000,6,6,-5.243315383333334e-05,-6.0217802499999995e-05,8.621943583333334e-05,0.00018
EURUSD,12,15000,6,6,-4.323553283333333e-05,-5.9888659499999994e-05,9.237726416666666e-05,0.00018
EURUSD,12,30000,6,6,-2.17344455e-05,-1.3815306999999999e-05,8.316278316666666e-05,0.00018
EURUSD,12,60000,6,6,-3.413893916666667e-05,-1.3810506499999999e-05,0.00012321754316666668,0.00018
EURUSD,12,120000,6,6,-8.4822667e-05,-0.000142843274,0.00014932046766666666,0.00018
EURUSD,13,250,17,17,-2.9784628823529412e-05,-2.3008764e-05,4.275188282352941e-05,0.00018411764705882354
EURUSD,13,500,17,17,-2.6285504999999998e-05,-3.6748493e-05,6.681130711764706e-05,0.0001823529411764706
EURUSD,13,1000,17,17,-3.196392382352941e-05,-9.22522e-06,8.223408170588236e-05,0.00018294117647058825
EURUSD,13,2000,17,17,1.5937557647058823e-05,-1.8381677e-05,0.00011390433929411764,0.0001823529411764706
EURUSD,13,3000,17,17,-1.0010601235294114e-05,-7.3528736e-05,0.00013816608594117646,0.0001811764705882353
EURUSD,13,5000,17,17,-2.8967120823529413e-05,-9.2264541e-05,0.00015874530152941175,0.0001811764705882353
EURUSD,13,10000,17,17,-9.875900964705882e-05,-9.6631028e-05,0.0002073675783529412,0.0001811764705882353
EURUSD,13,15000,17,17,-0.00017776835552941176,-0.000165651286,0.0002636675748235294,0.0001811764705882353
EURUSD,13,30000,17,17,-0.00024095749905882354,-0.000257667923,0.00035533975729411764,0.00018058823529411766
EURUSD,13,60000,17,17,-0.00019947807511764705,-0.000165880272,0.0003052287154705882,0.0001811764705882353
EURUSD,13,120000,17,17,-0.0001589827004117647,-0.000284917307,0.00033782867311764705,0.0001811764705882353
EURUSD,14,250,79,79,6.219071670886076e-06,4.618671e-06,6.397027111392405e-05,0.00018354430379746836
EURUSD,14,500,79,79,-9.358351556962026e-06,-9.268141e-06,9.295174684810126e-05,0.00018291139240506332
EURUSD,14,1000,79,79,-2.5456612924050633e-05,-1.3803988e-05,0.00013680442973417723,0.00018367088607594938
EURUSD,14,2000,79,79,1.9579232202531644e-05,4.605568e-06,0.00020201262351898734,0.00018240506329113924
EURUSD,14,3000,79,79,-2.653032865822785e-05,0.0,0.00018869834015189873,0.00018227848101265824
EURUSD,14,5000,79,79,-2.9472874898734174e-05,-5.0665211e-05,0.00021304473849367088,0.0001818987341772152
EURUSD,14,10000,79,79,2.5866947670886076e-05,-9.219436e-06,0.00029181826427848105,0.00018012658227848104
EURUSD,14,15000,79,79,8.227583384810127e-05,1.3882173e-05,0.000364089648835443,0.00018063291139240508
EURUSD,14,30000,79,79,0.00024344618920253165,0.000101340925,0.0007999406210253165,0.00018227848101265824
EURUSD,14,60000,79,79,0.0002637567220886076,3.6811397e-05,0.0009507692711265822,0.0001810126582278481
EURUSD,14,120000,79,79,0.0003862275424683544,0.000110586848,0.0011249986179113923,0.00018050632911392406
EURUSD,15,250,197,197,1.5948765685279176e-06,-0.0,6.472755449746194e-05,0.00023162436548223352
EURUSD,15,500,197,197,6.295847065989848e-06,-0.0,0.00010040082734010153,0.00023060913705583755
EURUSD,15,1000,197,197,3.894820857868019e-06,4.622621e-06,0.00014601032981218274,0.00023263959390862945
EURUSD,15,2000,197,197,-2.16894847106599e-05,9.246374e-06,0.00023243539527918782,0.00022507614213197969
EURUSD,15,3000,197,197,-8.19978403857868e-05,-4.622557e-06,0.00031301844391878176,0.00022137055837563452
EURUSD,15,5000,197,197,-5.002497374111675e-05,-2.760715e-05,0.0003560682187055837,0.00021248730964467007
EURUSD,15,10000,197,197,1.222531587309645e-05,1.8332142e-05,0.00044594516981218276,0.00021197969543147206
EURUSD,15,15000,197,197,5.4071915893401016e-05,4.1605703e-05,0.0005157011877614213,0.00020436548223350256
EURUSD,15,30000,197,197,3.8116966756345176e-05,3.683784e-05,0.0005672122397411167,0.0001921827411167513
EURUSD,15,60000,197,197,0.00014655816765989847,3.6679076e-05,0.0008299168245329949,0.00019319796954314722
EURUSD,15,120000,197,197,7.849241733502539e-05,0.000156998195,0.0012332542182385787,0.0001916751269035533
EURUSD,16,250,150,150,-7.177783846666667e-06,-4.6455775e-06,3.3188837753333334e-05,0.00018146666666666667
EURUSD,16,500,150,150,-1.301464518e-05,-4.6557165e-06,4.100314131333333e-05,0.0001812
EURUSD,16,1000,150,150,-2.9126892813333334e-05,-9.191937e-06,6.559114889333333e-05,0.00018153333333333335
EURUSD,16,2000,150,150,-4.1945749759999995e-05,-1.61618325e-05,8.747153745333333e-05,0.00018173333333333335
EURUSD,16,3000,150,150,-2.9084795566666667e-05,-9.237150500000002e-06,9.955407194e-05,0.00018253333333333334
EURUSD,16,5000,150,150,-3.911797746666667e-05,-1.3841526e-05,0.00012762302084,0.000182
EURUSD,16,10000,150,150,-1.949487402e-05,-9.300784e-06,0.00014965165989999998,0.0001812
EURUSD,16,15000,150,150,-1.2945036679999999e-05,-1.8525326e-05,0.00018436495017333334,0.00018153333333333335
EURUSD,16,30000,150,150,-2.6736219219999998e-05,-6.500622700000001e-05,0.00025464195026,0.00018086666666666668
EURUSD,16,60000,150,150,-4.577643356666666e-05,-6.5128775e-05,0.00029483855522000003,0.00018033333333333334
EURUSD,16,120000,150,150,-9.476633946666667e-05,-0.00010147434350000001,0.0004276590857733333,0.00018086666666666668
EURUSD,17,250,158,158,-1.5605340126582272e-06,4.5826585e-06,5.276090206329114e-05,0.00019360759493670888
EURUSD,17,500,158,158,-4.5794636329113915e-06,-0.0,8.110882681012657e-05,0.0001908227848101266
EURUSD,17,1000,158,158,-2.3626977797468353e-05,6.8878035e-06,0.0001146880449113924,0.00019145569620253165
EURUSD,17,2000,158,158,-3.744983748734178e-05,-9.19431e-06,0.00018810603342405064,0.00019436708860759495
EURUSD,17,3000,158,158,-6.21005575949367e-06,-1.3811769499999999e-05,0.00018342906827848102,0.00019056962025316456
EURUSD,17,5000,158,158,2.2791438962025314e-05,0.0,0.00023234562959493672,0.00019044303797468356
EURUSD,17,10000,158,158,9.686470353164556e-05,9.179833e-06,0.0004023340655822785,0.00018822784810126585
EURUSD,17,15000,158,158,0.00011498030288607595,2.31024015e-05,0.0005175549197215189,0.00018854430379746834
EURUSD,17,30000,158,158,0.000169893031721519,0.000110452999,0.0007109045459240507,0.0001929746835443038
EURUSD,17,60000,158,158,-1.9444970000000007e-06,4.6255393e-05,0.0006417307760759494,0.00018240506329113924
EURUSD,17,120000,158,158,-9.152878687341771e-05,-1.3841026e-05,0.0006191806838481013,0.00018107594936708863
EURUSD,18,250,93,93,5.957543870967742e-06,4.644002e-06,5.483953735483871e-05,0.00018709677419354842
EURUSD,18,500,93,93,1.0736247096774198e-06,0.0,8.378674901075269e-05,0.00018709677419354842
EURUSD,18,1000,93,93,-1.541866377419355e-05,-1.8456058e-05,0.00014371132132258064,0.00018655913978494625
EURUSD,18,2000,93,93,-2.621917580645162e-05,-6.0002816e-05,0.0002553871685591398,0.00019129032258064516
EURUSD,18,3000,93,93,-5.389948194623657e-05,-5.5726605e-05,0.00032623474927956993,0.0001909677419354839
EURUSD,18,5000,93,93,-0.0001602347982580645,-0.000101299861,0.000396978521311828,0.0001946236559139785
EURUSD,18,10000,93,93,-0.00021627186848387095,-0.000138473469,0.0004244128846344086,0.00018698924731182798
EURUSD,18,15000,93,93,-0.00016561595644086022,-0.000109983778,0.0003699444013655914,0.0001856989247311828
EURUSD,18,30000,93,93,-0.00024080129124731182,-0.000193851224,0.0003207020076129032,0.0001832258064516129
EURUSD,18,60000,93,93,-0.00019155848801075267,-0.000230184563,0.0004233814676236559,0.00018182795698924733
EURUSD,18,120000,93,93,-0.00021218189405376343,-0.000165722967,0.0004772131248064516,0.00018043010752688172
EURUSD,19,250,29,29,-1.247711975862069e-05,-9.221392e-06,3.374967596551724e-05,0.00018344827586206896
EURUSD,19,500,29,29,-5.493970034482758e-06,-9.166785e-06,4.361278141379311e-05,0.00018413793103448276
EURUSD,19,1000,29,29,-1.279874603448276e-05,-9.156042e-06,4.804467127586207e-05,0.00018344827586206896
EURUSD,19,2000,29,29,-1.953717279310345e-05,-9.211369e-06,5.094266106896551e-05,0.00019241379310344826
EURUSD,19,3000,29,29,-3.2685309241379306e-05,-1.8516633e-05,6.406731379310345e-05,0.00019896551724137932
EURUSD,19,5000,29,29,-2.5691646413793104e-05,-2.7500103e-05,5.452326634482759e-05,0.0001831034482758621
EURUSD,19,10000,29,29,-4.3767872689655176e-05,-4.5783144e-05,0.00011272510648275862,0.00018172413793103448
EURUSD,19,15000,29,29,-9.596492172413794e-06,-5.945915e-05,0.00013764018065517242,0.0001813793103448276
EURUSD,19,30000,29,29,-3.704817020689655e-05,-5.5003484e-05,0.00017666854103448276,0.00018068965517241382
EURUSD,19,60000,29,29,-3.1120520862068964e-05,-4.5836446e-05,0.00014765908624137932,0.0001813793103448276
EURUSD,19,120000,29,29,1.0410081724137935e-05,2.7500859e-05,0.0002125439708275862,0.00018068965517241382
EURUSD,20,250,45,45,-6.908499999999999e-06,-9.268227e-06,4.2015732755555556e-05,0.00018711111111111112
EURUSD,20,500,45,45,-1.974409211111111e-05,-9.281905e-06,5.835355917777778e-05,0.00018822222222222222
EURUSD,20,1000,45,45,-3.9136428533333337e-05,-3.1965587e-05,9.779624822222223e-05,0.00018822222222222222
EURUSD,20,2000,45,45,-4.163150173333333e-05,-5.5000963e-05,0.00011807233773333334,0.00018911111111111112
EURUSD,20,3000,45,45,-2.7466098577777778e-05,-1.846705e-05,0.00013014724657777778,0.00018466666666666666
EURUSD,20,5000,45,45,2.5301934577777777e-05,-1.8572344e-05,0.00020206181591111112,0.00018488888888888892
EURUSD,20,10000,45,45,2.0441236911111107e-05,-0.0,0.00022865207233333334,0.00018822222222222222
EURUSD,20,15000,45,45,3.1495177644444445e-05,2.7850111e-05,0.00023425989888888887,0.00018288888888888893
EURUSD,20,30000,45,45,-5.3791844866666665e-05,-9.133046e-06,0.0002542871766444444,0.00018066666666666668
EURUSD,20,60000,45,45,2.897051999999972e-07,-4.5676074e-05,0.0002557947402666667,0.00018000000000000004
EURUSD,20,120000,45,45,-9.419226155555555e-06,-1.8569757e-05,0.00023756753899999998,0.00018022222222222224
EURUSD,21,250,51,51,-6.5951128627450985e-06,-9.172334e-06,3.434881870588235e-05,0.0002566666666666667
EURUSD,21,500,51,51,1.790217843137246e-07,-0.0,5.300187205882353e-05,0.00025254901960784315
EURUSD,21,1000,51,51,2.950213333333333e-06,-0.0,7.689512815686275e-05,0.0002523529411764706
EURUSD,21,2000,51,51,-1.5048280901960784e-05,-9.231863e-06,0.00011745351976470589,0.00024568627450980395
EURUSD,21,3000,51,51,4.149108509803922e-06,-1.8277526e-05,0.00012062967415686274,0.0002435294117647059
EURUSD,21,5000,51,51,5.320116323529412e-05,4.593003e-06,0.00021563672856862747,0.00023098039215686274
EURUSD,21,10000,51,51,4.802811364705882e-05,-2.7561243e-05,0.0003656501241960784,0.0002096078431372549
EURUSD,21,15000,51,51,-3.5927693490196085e-05,-6.417632e-05,0.0004348923702352941,0.00020470588235294116
EURUSD,21,30000,51,51,-0.00013876576398039216,-9.270504e-05,0.0004564137142156863,0.00019196078431372548
EURUSD,21,60000,51,51,-5.8143670039215696e-05,-5.9703001e-05,0.00040764713047058824,0.0001892156862745098
EURUSD,21,120000,51,51,-7.413940080392156e-05,3.6754234e-05,0.00044514379284313723,0.000193921568627451
EURUSD,22,250,9,9,-4.148274444444444e-06,-9.169559e-06,2.2485601555555554e-05,0.00018111111111111114
EURUSD,22,500,9,9,3.548306888888888e-06,-9.169559e-06,3.1166874e-05,0.00018222222222222224
EURUSD,22,1000,9,9,-1.0152113333333343e-06,-9.169559e-06,3.778712466666667e-05,0.00018333333333333334
EURUSD,22,2000,9,9,-1.7404771333333334e-05,-1.8434029e-05,4.083771755555556e-05,0.00018333333333333334
EURUSD,22,3000,9,9,-2.2989340444444445e-05,-1.8434029e-05,5.355067244444445e-05,0.00018
EURUSD,22,5000,9,9,-4.045326444444444e-05,-2.7725792e-05,6.286281022222222e-05,0.00018
EURUSD,22,10000,9,9,-5.0297448555555556e-05,-3.6702635e-05,8.189717833333334e-05,0.00018111111111111114
EURUSD,22,15000,9,9,-2.941351811111111e-05,-2.743823e-05,9.2605743e-05,0.00018
EURUSD,22,30000,9,9,-7.913573511111111e-05,-2.310488e-05,0.00014027442155555556,0.00018333333333333334
EURUSD,22,60000,9,9,-7.489652e-05,-3.667874e-05,0.00017484861377777778,0.00018111111111111114
EURUSD,22,120000,9,9,-6.942660877777776e-05,-7.3406618e-05,0.00023654630233333333,0.00018
GBPUSD,0,250,9,9,-9.001224555555556e-06,-3.846605e-06,1.7556447e-05,0.0006622222222222222
GBPUSD,0,500,9,9,-1.1999725444444445e-05,-3.846605e-06,2.0554947888888888e-05,0.00067
GBPUSD,0,1000,9,9,-1.1143811777777778e-05,-0.0,1.969903422222222e-05,0.00067
GBPUSD,0,2000,9,9,-1.296827222222222e-06,3.856886e-06,2.011444277777778e-05,0.0006688888888888889
GBPUSD,0,3000,9,9,4.090554444444438e-07,3.856886e-06,2.1822788777777776e-05,0.0006777777777777778
GBPUSD,0,5000,9,9,-5.580576333333334e-06,3.856648e-06,2.182643588888889e-05,0.00068
GBPUSD,0,10000,9,9,1.6689355333333333e-05,7.713788e-06,4.6620714e-05,0.0007311111111111111
GBPUSD,0,15000,9,9,2.143099666666666e-06,7.693166e-06,3.2092320333333336e-05,0.0007533333333333333
GBPUSD,0,30000,9,9,5.1430799666666666e-05,7.6928995e-05,0.00011989048655555555,0.0006833333333333333
GBPUSD,0,60000,9,9,-0.0001201634648888889,-8.0776532e-05,0.00018873357377777777,0.0006133333333333334
GBPUSD,0,120000,9,9,-0.000170136098,-0.000261539469,0.00032397592266666665,0.0006488888888888888
GBPUSD,1,250,13,13,2.3657611538461536e-06,-7.689794e-06,2.7214061153846155e-05,0.0002330769230769231
GBPUSD,1,500,13,13,1.4788236000000002e-05,-7.689794e-06,2.839685046153846e-05,0.00022692307692307693
GBPUSD,1,1000,13,13,1.4196289076923078e-05,3.85013e-06,3.7270586769230766e-05,0.00023
GBPUSD,1,2000,13,13,1.271770053846154e-05,3.85013e-06,3.520019453846154e-05,0.00022461538461538463
GBPUSD,1,3000,13,13,-1.8634379846153844e-05,-7.713401e-06,3.638335e-05,0.0002492307692307693
GBPUSD,1,5000,13,13,-1.2128271615384616e-05,-7.686513e-06,4.939786823076924e-05,0.00024
GBPUSD,1,10000,13,13,-3.105745076923077e-05,-3.8431975e-05,7.838431446153846e-05,0.00032
GBPUSD,1,15000,13,13,-1.952101476923077e-05,-3.4608263e-05,7.276405076923076e-05,0.00031
GBPUSD,1,30000,13,13,-4.703302346153846e-05,-5.3835801e-05,0.00010678392376923077,0.0003323076923076923
GBPUSD,1,60000,13,13,-5.121383630769231e-05,-9.239867e-05,0.00012279597123076924,0.00022769230769230768
GBPUSD,1,120000,13,13,-6.807004907692308e-05,-0.000107797618,0.00015740177907692308,0.00023461538461538463
GBPUSD,3,250,5,5,1.5478786e-06,7.692041e-06,1.0775702200000001e-05,0.0002
GBPUSD,3,500,5,5,5.03180000000011e-09,7.687193e-06,9.232855400000001e-06,0.0002
GBPUSD,3,1000,5,5,7.6976444e-06,7.714234e-06,1.07736092e-05,0.0002
GBPUSD,3,2000,5,5,-1.22961988e-05,7.687193e-06,2.15429632e-05,0.0002
GBPUSD,3,3000,5,5,-7.6822532e-06,-0.0,1.6928493600000003e-05,0.0002
GBPUSD,3,5000,5,5,-1.8454296600000003e-05,-0.0,2.76919906e-05,0.0002
GBPUSD,3,10000,5,5,3.0679520000000026e-06,0.0,4.92270688e-05,0.0002
GBPUSD,3,15000,5,5,-1.54319682e-05,-7.714293e-06,0.000107721913,0.0002
GBPUSD,3,30000,5,5,-6.007600919999999e-05,-3.8572062e-05,7.545618799999998e-05,0.0002
GBPUSD,3,60000,5,5,1.68627154e-05,1.5428408e-05,8.46775626e-05,0.0002
GBPUSD,3,120000,5,5,-5.4642087600000004e-05,-7.687252e-06,0.0001116538976,0.000202
GBPUSD,4,250,3,3,-7.705092333333333e-06,-1.5456667e-05,1.8005477000000003e-05,0.0002
GBPUSD,4,500,3,3,-7.705092333333333e-06,-1.5456667e-05,1.8005477000000003e-05,0.0002
GBPUSD,4,1000,3,3,-5.137424666666667e-06,-1.5406184e-05,1.5437809333333334e-05,0.0002
GBPUSD,4,2000,3,3,-7.705092333333333e-06,-1.5456667e-05,1.8005477000000003e-05,0.0002
GBPUSD,4,3000,3,3,-1.5437889000000003e-05,-1.5450816e-05,1.5437889000000003e-05,0.0002
GBPUSD,4,5000,3,3,-1.8013055e-05,-1.5456667e-05,1.8013055e-05,0.0002
GBPUSD,4,10000,3,3,-1.0295055666666666e-05,-7.725378e-06,1.0295055666666666e-05,0.0002
GBPUSD,4,15000,3,3,-1.2884223333333334e-05,-7.728363e-06,1.8019677333333333e-05,0.0002
GBPUSD,4,30000,3,3,-3.347053333333333e-05,-7.703122e-06,3.347053333333333e-05,0.0002
GBPUSD,4,60000,3,3,1.0305883e-05,7.703181e-06,5.6659585e-05,0.0002
GBPUSD,4,120000,3,3,-2.4938446666666664e-06,-6.1623312e-05,0.00010039401533333332,0.0002
GBPUSD,5,250,5,5,9.2339914e-06,7.729678e-06,1.5384313e-05,0.0002
GBPUSD,5,500,5,5,4.6207184e-06,7.729678e-06,1.0771040000000002e-05,0.0002
GBPUSD,5,1000,5,5,1.6922449e-05,7.729678e-06,2.30727706e-05,0.0002
GBPUSD,5,2000,5,5,2.6147837e-05,7.729678e-06,2.6147837e-05,0.0002
GBPUSD,5,3000,5,5,2.15353914e-05,7.729678e-06,2.7685712999999994e-05,0.0002
GBPUSD,5,5000,5,5,4.15341362e-05,1.5459415e-05,4.15341362e-05,0.0002
GBPUSD,5,10000,5,5,6.4589085e-05,6.9188458e-05,6.4589085e-05,0.0002
GBPUSD,5,15000,5,5,6.92113282e-05,7.6875769e-05,6.92113282e-05,0.0002
GBPUSD,5,30000,5,5,0.000109196181,0.000107645937,0.000109196181,0.0002
GBPUSD,5,60000,5,5,5.5394375000000004e-05,4.6378963e-05,0.00012919795019999998,0.0002
GBPUSD,5,120000,5,5,9.228880000000001e-05,0.000169109791,0.0002091381728,0.0002
GBPUSD,6,250,2,2,-7.7076145e-06,-7.7076145e-06,7.7076145e-06,0.0002
GBPUSD,6,500,2,2,-3.858248e-06,-3.858248e-06,3.858248e-06,0.0002
GBPUSD,6,1000,2,2,-3.858248e-06,-3.858248e-06,3.858248e-06,0.0002
GBPUSD,6,2000,2,2,-7.7076145e-06,-7.7076145e-06,7.7076145e-06,0.0002
GBPUSD,6,3000,2,2,-1.5406259e-05,-1.5406259e-05,1.5406259e-05,0.0002
GBPUSD,6,5000,2,2,-1.9255536500000002e-05,-1.9255536500000002e-05,1.9255536500000002e-05,0.0002
GBPUSD,6,10000,2,2,-1.53972885e-05,-1.53972885e-05,1.53972885e-05,0.0002
GBPUSD,6,15000,2,2,-7.671971e-06,-7.671971e-06,3.0821102e-05,0.0002
GBPUSD,6,30000,2,2,3.902325999999999e-06,3.902325999999999e-06,4.2395398999999995e-05,0.0002
GBPUSD,6,60000,2,2,-3.8464888500000004e-05,-3.8464888500000004e-05,6.16140195e-05,0.0002
GBPUSD,6,120000,2,2,-3.4615877500000004e-05,-3.4615877500000004e-05,5.77650085e-05,0.0002
GBPUSD,7,250,4,4,9.688657499999998e-07,4.233499999999864e-09,8.69060725e-06,0.0002
GBPUSD,7,500,4,4,2.9003447499999995e-06,1.9377314999999996e-06,1.062208625e-05,0.0002
GBPUSD,7,1000,4,4,-9.604965e-07,0.0,1.06199695e-05,0.0002
GBPUSD,7,2000,4,4,-1.255028e-05,-1.1580465999999999e-05,1.44824345e-05,0.0002
GBPUSD,7,3000,4,4,9.704599999999992e-07,-5.785323999999999e-06,2.027708e-05,0.0002
GBPUSD,7,5000,4,4,-7.7207595e-06,-1.93047155e-05,3.4762508e-05,0.00020250000000000002
GBPUSD,7,10000,4,4,-1.3507051e-05,-1.93188335e-05,3.2822436499999996e-05,0.00020250000000000002
GBPUSD,7,15000,4,4,1.1605427500000001e-05,-1.1590351e-05,5.02064325e-05,0.00020250000000000002
GBPUSD,7,30000,4,4,4.444062325e-05,1.5448935000000003e-05,7.532124424999999e-05,0.00020250000000000002
GBPUSD,7,60000,4,4,7.24673705e-05,-5.790148499999998e-06,0.00012265195550000002,0.0002
GBPUSD,7,120000,4,4,6.280662625000001e-05,2.51301605e-05,0.00024438944225,0.0002
GBPUSD,8,250,6,6,-1.2503100000000004e-06,-7.7178245e-06,1.9346759666666667e-05,0.0002
GBPUSD,8,500,6,6,-2.5369785e-06,-7.7178245e-06,2.0633428166666666e-05,0.0002
GBPUSD,8,1000,6,6,-5.1306365e-06,-3.8492775e-06,2.3227086166666667e-05,0.0002
GBPUSD,8,2000,6,6,-5.1684393333333335e-06,-3.8601545e-06,7.747450666666668e-06,0.0002
GBPUSD,8,3000,6,6,-1.1623061999999998e-05,-7.7287015e-06,1.1623061999999998e-05,0.0002
GBPUSD,8,5000,6,6,-5.1608345e-06,-3.8601545e-06,1.0336335833333333e-05,0.0002
GBPUSD,8,10000,6,6,-1.679364366666667e-05,-3.8492775e-06,2.4542601000000004e-05,0.0002
GBPUSD,8,15000,6,6,-2.1935607833333334e-05,-1.54404385e-05,3.74618705e-05,0.0002
GBPUSD,8,30000,6,6,-8.968582333333333e-06,-2.3176414999999998e-05,4.2607904e-05,0.0002
GBPUSD,8,60000,6,6,-3.4089053e-05,-5.6034731e-05,5.9931241e-05,0.0002016666666666667
GBPUSD,8,120000,6,6,-1.15026905e-05,-3.0795051e-05,7.353598183333334e-05,0.0002
GBPUSD,9,250,51,51,3.112462843137255e-06,7.741826e-06,1.7239280764705883e-05,0.00020019607843137257
GBPUSD,9,500,51,51,1.896194254901961e-06,7.722813e-06,1.906394111764706e-05,0.00020019607843137257
GBPUSD,9,1000,51,51,8.504551588235294e-06,7.741826e-06,2.248450907843137e-05,0.0002
GBPUSD,9,2000,51,51,1.670952907843137e-05,7.755094e-06,3.0688985156862746e-05,0.0002
GBPUSD,9,3000,51,51,8.653181784313725e-06,7.701045e-06,3.0833957274509804e-05,0.0002
GBPUSD,9,5000,51,51,5.759947568627451e-06,0.0,3.948583423529412e-05,0.0002
GBPUSD,9,10000,51,51,2.4296880019607843e-05,3.8644505e-05,5.223336880392157e-05,0.0002
GBPUSD,9,15000,51,51,4.709705560784314e-05,3.0978454e-05,8.567364956862745e-05,0.0002
GBPUSD,9,30000,51,51,7.252024470588235e-05,1.930692e-05,0.00013387371933333333,0.0002003921568627451
GBPUSD,9,60000,51,51,6.907020688235294e-05,4.6220688e-05,0.00021760990421568628,0.0002
GBPUSD,9,120000,51,51,-1.9030049843137253e-05,1.5391956e-05,0.0002451909845882353,0.0002
GBPUSD,10,250,144,144,-2.0785222152777776e-06,-1.924635e-06,2.0106955576388888e-05,0.000206875
GBPUSD,10,500,144,144,-3.0457035e-06,-3.851665e-06,2.3541980916666666e-05,0.000206875
GBPUSD,10,1000,144,144,-3.107516736111111e-07,-3.8598385e-06,2.7672869104166664e-05,0.000206875
GBPUSD,10,2000,144,144,2.3654360763888888e-06,-7.704131e-06,4.018557445138889e-05,0.00020479166666666668
GBPUSD,10,3000,144,144,-3.4748229861111136e-07,0.0,4.519803392361111e-05,0.0002026388888888889
GBPUSD,10,5000,144,144,3.5591349236111115e-06,-7.7050215e-06,5.5484349256944443e-05,0.00020187500000000001
GBPUSD,10,10000,144,144,3.7250360902777774e-06,7.746355000000001e-06,8.999323709027778e-05,0.00020444444444444446
GBPUSD,10,15000,144,144,1.4112033402777772e-06,7.7304245e-06,9.123172085416666e-05,0.0002026388888888889
GBPUSD,10,30000,144,144,1.8065253631944444e-05,1.5465811e-05,0.0001269253789791667,0.00020340277777777777
GBPUSD,10,60000,144,144,1.916358930555557e-06,-1.92505085e-05,0.00018322625226388888,0.0002002777777777778
GBPUSD,10,120000,144,144,2.894575805555555e-05,3.8655113e-05,0.00023888979716666668,0.0002
GBPUSD,11,250,171,171,-2.0129114210526317e-06,-7.733623e-06,2.1017708391812866e-05,0.00020035087719298244
GBPUSD,11,500,171,171,-6.605374385964912e-06,-7.735418e-06,2.4213031660818712e-05,0.0002005263157894737
GBPUSD,11,1000,171,171,-7.577165573099415e-06,-7.70912e-06,3.459495029824561e-05,0.00020070175438596493
GBPUSD,11,2000,171,171,-1.1579725614035088e-06,0.0,5.072910173099415e-05,0.00020023391812865496
GBPUSD,11,3000,171,171,-4.2733508362573095e-06,-7.734102e-06,5.665837788888889e-05,0.00020035087719298244
GBPUSD,11,5000,171,171,-7.1217736023391815e-06,-7.73901e-06,7.045653709941521e-05,0.0002001169590643275
GBPUSD,11,10000,171,171,7.57635949122807e-06,-7.768589e-06,9.704034078947369e-05,0.00020046783625730997
GBPUSD,11,15000,171,171,1.3794222935672517e-05,0.0,0.00010179554031578948,0.00020046783625730997
GBPUSD,11,30000,171,171,2.492739135087719e-05,2.3175419e-05,0.00012132264642690059,0.00020005847953216376
GBPUSD,11,60000,171,171,7.504435929824561e-06,2.3127002e-05,0.00016598199832748537,0.00020005847953216376
GBPUSD,11,120000,171,171,-2.403649715789474e-05,-3.8541141e-05,0.00019379311319298246,0.0002
GBPUSD,12,250,8,8,3.871375875e-06,7.716053e-06,9.659605125000001e-06,0.0002
GBPUSD,12,500,8,8,2.90118225e-06,3.855392e-06,6.75669325e-06,0.0002
GBPUSD,12,1000,8,8,-9.6456975e-07,0.0,4.825529e-06,0.0002
GBPUSD,12,2000,8,8,-9.569115000000003e-07,0.0,4.82613175e-06,0.0002
GBPUSD,12,3000,8,8,-1.0606950375e-05,-7.7539815e-06,1.6410803375e-05,0.0002
GBPUSD,12,5000,8,8,-1.2583061375e-05,-0.0,3.1890286875e-05,0.0002
GBPUSD,12,10000,8,8,-2.1315849625000002e-05,-2.71277425e-05,5.7944377375e-05,0.0002
GBPUSD,12,15000,8,8,-4.356547675e-05,-5.4072857999999994e-05,7.82672895e-05,0.0002
GBPUSD,12,30000,8,8,-2.431600775e-05,3.4699122e-05,8.7983223e-05,0.0002
GBPUSD,12,60000,8,8,-5.813945874999998e-06,-2.31437525e-05,5.6036258875e-05,0.0002
GBPUSD,12,120000,8,8,2.9875116375000004e-05,3.4822738e-05,0.000110967858625,0.0002
GBPUSD,13,250,6,6,-3.41199835e-05,-4.0586272e-05,3.92678695e-05,0.0002016666666666667
GBPUSD,13,500,6,6,-7.209813483333333e-05,-7.3390672e-05,7.209813483333333e-05,0.0002
GBPUSD,13,1000,6,6,-6.179008533333334e-05,-4.63841915e-05,6.693765333333333e-05,0.0002
GBPUSD,13,2000,6,6,4.5055806000000006e-05,4.2470998e-05,8.370640566666667e-05,0.0002
GBPUSD,13,3000,6,6,6.428637166666665e-06,3.8608995e-06,4.507601083333333e-05,0.0002
GBPUSD,13,5000,6,6,-1.0286786166666663e-05,-1.54535915e-05,4.892161016666667e-05,0.0002
GBPUSD,13,10000,6,6,-3.2153542e-05,-4.2465304e-05,6.307581833333334e-05,0.0002
GBPUSD,13,15000,6,6,-8.495236099999999e-05,-0.0001158890435,9.268323400000001e-05,0.0002
GBPUSD,13,30000,6,6,-0.00020211722800000001,-0.0002470589385,0.00020211722800000001,0.0002
GBPUSD,13,60000,6,6,-0.00017251955216666666,-0.0001930200855,0.00017251955216666666,0.0002
GBPUSD,13,120000,6,6,-0.00010801125916666668,-0.0001119049145,0.00023168417283333335,0.0002
GBPUSD,14,250,71,71,-8.412423492957746e-06,-7.721143e-06,4.1062156873239436e-05,0.00020408450704225353
GBPUSD,14,500,71,71,-7.065541450704226e-06,-7.712568e-06,6.237066328169014e-05,0.0002030985915492958
GBPUSD,14,1000,71,71,-1.2458857985915494e-05,7.70324e-06,8.56431796197183e-05,0.00020408450704225353
GBPUSD,14,2000,71,71,1.8832691690140845e-05,0.0,8.618018188732395e-05,0.00020408450704225353
GBPUSD,14,3000,71,71,-2.657804042253522e-06,-7.703181e-06,9.201854621126761e-05,0.00020422535211267606
GBPUSD,14,5000,71,71,-1.5698842408450706e-05,-0.0,0.00010918156159154929,0.0002059154929577465
GBPUSD,14,10000,71,71,-2.3518358112676056e-05,-1.5450936e-05,0.0001367482744225352,0.00020535211267605635
GBPUSD,14,15000,71,71,-2.9415035845070424e-05,-1.5410101e-05,0.00014544856838028168,0.0002087323943661972
GBPUSD,14,30000,71,71,2.7040725507042252e-05,-1.541117e-05,0.00028545032711267606,0.00020169014084507044
GBPUSD,14,60000,71,71,9.421040723943662e-05,7.7060007e-05,0.0003437143170140845,0.00020042253521126763
GBPUSD,14,120000,71,71,9.346691264788732e-05,5.4234347e-05,0.000439482616,0.00020126760563380283
GBPUSD,15,250,207,207,-3.079011764251208e-05,-3.85592e-06,9.662608874396135e-05,0.00029840579710144926
GBPUSD,15,500,207,207,-4.1931291937198064e-05,-3.865773e-06,0.00011531898407246377,0.0003003381642512077
GBPUSD,15,1000,207,207,-5.51772247584541e-05,0.0,0.00015895485836231885,0.0002917391304347826
GBPUSD,15,2000,207,207,-7.379778334782608e-05,-1.5441035e-05,0.00021395613345410628,0.00026439613526570046
GBPUSD,15,3000,207,207,-9.71695452995169e-05,-7.739788e-06,0.0002527737168937198,0.00026671497584541064
GBPUSD,15,5000,207,207,-7.783157604830919e-05,-7.723469e-06,0.00024245628942995168,0.0002442028985507246
GBPUSD,15,10000,207,207,-5.938343235265701e-05,-1.5497509e-05,0.00031056112953140096,0.00022903381642512077
GBPUSD,15,15000,207,207,-8.672992043961353e-05,-7.733264e-06,0.00033467220421739126,0.00022347826086956522
GBPUSD,15,30000,207,207,-0.00010180923150724638,-6.9419537e-05,0.00039027210020289854,0.00021874396135265702
GBPUSD,15,60000,207,207,-2.3958672169082123e-05,-6.9461864e-05,0.0005655285125942029,0.00021202898550724638
GBPUSD,15,120000,207,207,-2.8992153888888895e-05,0.000104791901,0.0008404619958502416,0.00020425120772946863
GBPUSD,16,250,101,101,-4.9697884950495046e-06,-0.0,2.343454691089109e-05,0.00020009900990099013
GBPUSD,16,500,101,101,-1.0557595623762376e-05,0.0,2.978550677227723e-05,0.00020009900990099013
GBPUSD,16,1000,101,101,-2.24206390990099e-05,-0.0,4.488515692079208e-05,0.00020009900990099013
GBPUSD,16,2000,101,101,-2.853700675247525e-05,0.0,5.645676572277228e-05,0.00020009900990099013
GBPUSD,16,3000,101,101,-1.7165353485148513e-05,-0.0,6.278674017821782e-05,0.00020000000000000004
GBPUSD,16,5000,101,101,-2.011172983168317e-05,-7.725736e-06,7.492144167326733e-05,0.0002020792079207921
GBPUSD,16,10000,101,101,-2.0649746871287128e-05,-7.732606e-06,8.26019800990099e-05,0.0002006930693069307
GBPUSD,16,15000,101,101,-2.0541676722772277e-05,-1.5468383e-05,0.00011259412634653465,0.00020000000000000004
GBPUSD,16,30000,101,101,-3.744838186138614e-05,-1.5415922e-05,0.00014723112605940594,0.00020000000000000004
GBPUSD,16,60000,101,101,-6.741220989108911e-05,-5.417768e-05,0.00015181781684158415,0.00020000000000000004
GBPUSD,16,120000,101,101,-3.9845019316831685e-05,-7.715246e-06,0.00016891478464356436,0.00020000000000000004
GBPUSD,17,250,161,161,-7.114447950310558e-06,7.71013e-06,3.7115100248447204e-05,0.00021987577639751552
GBPUSD,17,500,161,161,-1.5053243857142857e-05,-0.0,5.048671241614907e-05,0.00022099378881987577
GBPUSD,17,1000,161,161,-3.479493614285714e-05,0.0,7.936754599378882e-05,0.00021826086956521743
GBPUSD,17,2000,161,161,-5.034652756521739e-05,-7.722932e-06,0.00011084664965217391,0.00021285714285714286
GBPUSD,17,3000,161,161,-3.960574134782608e-05,-7.774931e-06,0.00010712518750931676,0.0002092546583850932
GBPUSD,17,5000,161,161,-2.3428220913043477e-05,0.0,0.0001464057725279503,0.00020645962732919254
GBPUSD,17,10000,161,161,-1.1204245857142858e-05,1.5444373e-05,0.0002132017917826087,0.00020136645962732922
GBPUSD,17,15000,161,161,-1.5134434770186337e-05,-0.0,0.0002544242899130435,0.00020062111801242237
GBPUSD,17,30000,161,161,-3.3989602173913068e-06,2.3210024e-05,0.0002783944947639752,0.00020012422360248447
GBPUSD,17,60000,161,161,-1.697565211180124e-05,1.5494987e-05,0.0003217969976645963,0.00020037267080745343
GBPUSD,17,120000,161,161,-6.0389437e-05,-7.738351e-06,0.0002886195223167702,0.00020006211180124226
GBPUSD,18,250,127,127,3.041452496062992e-06,-7.715841e-06,5.4157733881889764e-05,0.00020133858267716538
GBPUSD,18,500,127,127,7.465025433070866e-06,-7.708466e-06,7.438402878740158e-05,0.00020125984251968506
GBPUSD,18,1000,127,127,7.839183244094488e-06,0.0,0.0001082585311023622,0.00020078740157480316
GBPUSD,18,2000,127,127,9.69517112598425e-06,-7.715901e-06,0.00017896677558267718,0.0002009448818897638
GBPUSD,18,3000,127,127,-2.5814926811023622e-05,-7.776745e-06,0.00020521064618110236,0.0002011023622047244
GBPUSD,18,5000,127,127,-7.948655040944882e-05,-2.7213582e-05,0.0002515973283937008,0.00020078740157480316
GBPUSD,18,10000,127,127,-0.00013609153217322833,-5.4098126e-05,0.00026190581557480316,0.00020007874015748033
GBPUSD,18,15000,127,127,-9.080651905511811e-05,-3.0907602e-05,0.00025545427537007875,0.00020007874015748033
GBPUSD,18,30000,127,127,-0.00011839242144881889,-9.3276331e-05,0.00024927374362204724,0.00020007874015748033
GBPUSD,18,60000,127,127,-0.00012913605199212596,-7.0766122e-05,0.00034084861366141735,0.00020007874015748033
GBPUSD,18,120000,127,127,-0.0001175358186929134,-7.7764731e-05,0.00034882093828346455,0.00020007874015748033
GBPUSD,19,250,58,58,-5.360088120689656e-06,-7.71013e-06,2.492000046551724e-05,0.00020086206896551725
GBPUSD,19,500,58,58,-1.101629627586207e-05,-3.8507305e-06,3.2463740689655176e-05,0.00020068965517241381
GBPUSD,19,1000,58,58,-9.790458568965518e-06,-9.7367845e-06,3.7899080913793106e-05,0.00020068965517241381
GBPUSD,19,2000,58,58,-1.0631145706896552e-05,-7.8009565e-06,4.751789025862069e-05,0.0002003448275862069
GBPUSD,19,3000,58,58,-2.3096040172413793e-06,-1.9325729e-05,5.998914570689655e-05,0.00020051724137931033
GBPUSD,19,5000,58,58,-8.765902896551726e-06,-2.31174755e-05,6.588730527586207e-05,0.0002003448275862069
GBPUSD,19,10000,58,58,-6.977009482758616e-07,-1.55650765e-05,9.889491187931033e-05,0.0002
GBPUSD,19,15000,58,58,-2.3055712637931033e-05,-2.3135831e-05,0.00010392031687931034,0.0002
GBPUSD,19,30000,58,58,4.59615606896552e-06,0.0,0.00013445630513793104,0.0002
GBPUSD,19,60000,58,58,1.9445424137931047e-06,-3.860169e-05,0.00018481575013793106,0.00020017241379310347
GBPUSD,19,120000,58,58,-6.699869396551724e-06,6.5537889e-05,0.0002187189158448276,0.0002
GBPUSD,20,250,60,60,-7.88518975e-06,-7.7418535e-06,4.536802838333333e-05,0.0002015
GBPUSD,20,500,60,60,-7.3043388e-06,-7.7321015e-06,5.448733083333334e-05,0.000202
GBPUSD,20,1000,60,60,-1.7667702716666668e-05,-1.1591393e-05,7.286811148333334e-05,0.00020516666666666668
GBPUSD,20,2000,60,60,-2.911328366666666e-06,-1.54736065e-05,0.0001065447122,0.00020533333333333336
GBPUSD,20,3000,60,60,1.3106811499999998e-06,-7.7346125e-06,0.00010987017375,0.00020583333333333334
GBPUSD,20,5000,60,60,1.331690405e-05,-1.54169035e-05,0.00014041049815,0.00020333333333333333
GBPUSD,20,10000,60,60,-3.137320025e-05,-3.47874425e-05,0.00016200326085,0.0002015
GBPUSD,20,15000,60,60,-3.569134099999999e-06,-7.7636135e-06,0.00021184955950000002,0.00020100000000000003
GBPUSD,20,30000,60,60,-7.765368303333333e-05,-8.5154722e-05,0.0002672401248,0.00020033333333333334
GBPUSD,20,60000,60,60,-6.107002226666666e-05,-6.7624737e-05,0.00028798814533333335,0.00020016666666666666
GBPUSD,20,120000,60,60,-7.150077805e-05,-7.7166288e-05,0.0002735281840833333,0.00020283333333333335
GBPUSD,21,250,100,100,-9.07168976e-06,-7.696541e-06,3.875734492e-05,0.0002874
GBPUSD,21,500,100,100,-1.462761643e-05,-1.15583115e-05,5.8034844149999996e-05,0.0002816
GBPUSD,21,1000,100,100,-1.013614801e-05,-1.5426296e-05,7.912512845000001e-05,0.00026430000000000003
GBPUSD,21,2000,100,100,-3.914383000000059e-08,-9.6600085e-06,0.00010155491629000001,0.0002687
GBPUSD,21,3000,100,100,-3.794005820000001e-06,-1.7370593499999998e-05,0.00013330185768,0.0002606
GBPUSD,21,5000,100,100,2.2341751659999998e-05,-7.718759e-06,0.00019179488832,0.000259
GBPUSD,21,10000,100,100,3.9348515809999995e-05,-1.1601485e-05,0.00024106645023,0.00025760000000000003
GBPUSD,21,15000,100,100,6.988658252e-05,5.8030204999999996e-06,0.000328340769,0.0002411
GBPUSD,21,30000,100,100,-5.921652309999999e-06,-4.63939675e-05,0.00035754571171,0.0002147
GBPUSD,21,60000,100,100,1.8815828469999992e-05,-9.6309015e-06,0.00036068804713,0.0002134
GBPUSD,21,120000,100,100,-3.0758504610000004e-05,-4.6226031e-05,0.00035855566131,0.00020449999999999998
GBPUSD,22,250,24,24,-3.2127574999999995e-06,7.6897645e-06,2.443419491666667e-05,0.0002
GBPUSD,22,500,24,24,6.545944583333334e-07,7.690267e-06,2.315081495833333e-05,0.0002
GBPUSD,22,1000,24,24,-3.528513208333334e-06,7.690267e-06,2.4112735041666668e-05,0.0002
GBPUSD,22,2000,24,24,-1.1546471291666665e-05,0.0,3.4094059041666666e-05,0.0002
GBPUSD,22,3000,24,24,-7.026466541666666e-06,-0.0,4.181356954166667e-05,0.0002
GBPUSD,22,5000,24,24,-1.8825947916666658e-06,7.7551255e-06,4.8251336125e-05,0.0002
GBPUSD,22,10000,24,24,2.0642123583333332e-05,2.30760385e-05,5.216563883333333e-05,0.0002
GBPUSD,22,15000,24,24,1.6892807458333334e-05,1.5429837e-05,7.4677510875e-05,0.0002
GBPUSD,22,30000,24,24,3.5803839583333342e-06,-3.854768e-06,8.020143129166666e-05,0.0002
GBPUSD,22,60000,24,24,-1.772198629166667e-05,-3.8713285500000005e-05,0.00011307446770833333,0.0002
GBPUSD,22,120000,24,24,1.3164026291666665e-05,-3.46923155e-05,0.000155591687375,0.0002
GBPUSD,23,250,18,18,8.662032777777784e-07,7.709824499999999e-06,2.168121527777778e-05,0.0002
GBPUSD,23,500,18,18,-4.336694944444444e-06,-3.8836005e-06,2.6899203833333334e-05,0.0002
GBPUSD,23,1000,18,18,-6.954979277777777e-06,3.864839e-06,4.252277872222223e-05,0.0002
GBPUSD,23,2000,18,18,-2.2569807611111115e-05,-1.5633794e-05,6.335470849999999e-05,0.0002
GBPUSD,23,3000,18,18,-4.2983845722222226e-05,-2.7352008e-05,6.55207945e-05,0.0002
GBPUSD,23,5000,18,18,-3.692063438888889e-05,-1.94670585e-05,6.37597125e-05,0.0002
GBPUSD,23,10000,18,18,-3.390508388888889e-05,-2.7284871999999997e-05,7.111906911111112e-05,0.0002
GBPUSD,23,15000,18,18,-4.868852733333334e-05,-3.51733635e-05,7.721312866666667e-05,0.0002
GBPUSD,23,30000,18,18,-7.298578516666668e-05,-8.594017300000001e-05,0.0001354380855,0.0002
GBPUSD,23,60000,18,18,-0.00010295892761111112,-8.207972500000001e-05,0.00014193464027777776,0.0002
GBPUSD,23,120000,18,18,-6.160659077777778e-05,-3.1297845e-05,0.00011973929822222221,0.0002
USDCAD,0,250,32,32,-4.887487531249998e-06,-3.4761630000000003e-06,4.659501403125e-05,0.0008621875
USDCAD,0,500,32,32,-5.7561836562499984e-06,-5.2139185e-06,5.245996815625e-05,0.0008628125
USDCAD,0,1000,32,32,-1.6835300718750002e-05,-5.2139185e-06,4.572613259375e-05,0.0008834375
USDCAD,0,2000,32,32,-1.7595421781250002e-05,-8.688728e-06,5.0395898218750003e-05,0.000899375
USDCAD,0,3000,32,32,-1.3251219468749998e-05,-2.0853045999999998e-05,6.668736846875e-05,0.00088875
USDCAD,0,5000,32,32,-1.9554986562499988e-06,-6.951154e-06,6.581877796875e-05,0.00091
USDCAD,0,10000,32,32,-6.625283468750001e-06,-1.5639870500000002e-05,6.940354396875001e-05,0.0009265625
USDCAD,0,15000,32,32,-2.0643765625e-06,1.2164269e-05,6.20188826875e-05,0.0008959375
USDCAD,0,30000,32,32,-7.494654968750001e-06,-3.4755589999999997e-06,5.311284553125e-05,0.0008696875
USDCAD,0,60000,32,32,-4.889682906249999e-06,-5.2133385e-06,6.049825828125e-05,0.0008515625
USDCAD,0,120000,32,32,-9.78087059375e-06,-6.95113e-06,8.971554909374999e-05,0.000838125
USDCAD,1,250,12,12,-4.075992916666666e-06,-3.498406e-06,1.3367239083333334e-05,0.0003625
USDCAD,1,500,12,12,-8.134076833333334e-06,-3.498406e-06,1.7425323e-05,0.0003691666666666667
USDCAD,1,1000,12,12,-1.3062371166666668e-05,-5.2294249999999995e-06,2.1193531166666666e-05,0.00039
USDCAD,1,2000,12,12,-2.5906234166666654e-06,-3.498406e-06,2.818634825e-05,0.0003916666666666667
USDCAD,1,3000,12,12,-2.022115166666666e-06,-3.498406e-06,3.341043583333333e-05,0.00038333333333333334
USDCAD,1,5000,12,12,9.275719166666669e-06,-3.498406e-06,2.615690016666667e-05,0.0003758333333333333
USDCAD,1,10000,12,12,1.1646383583333335e-05,3.498693e-06,2.4986985416666666e-05,0.00041916666666666665
USDCAD,1,15000,12,12,2.5009390166666666e-05,2.2681448e-05,2.733487716666667e-05,0.00040416666666666666
USDCAD,1,30000,12,12,4.712729116666667e-05,3.49634455e-05,5.583006066666666e-05,0.00040083333333333334
USDCAD,1,60000,12,12,1.4327272e-05,3.1466991e-05,8.513890883333332e-05,0.0003416666666666667
USDCAD,1,120000,12,12,1.5634208333333363e-06,-5.220324e-06,6.602044283333332e-05,0.000335
USDCAD,2,250,15,15,2.7725703999999997e-06,3.46591e-06,7.416767599999999e-06,0.00028266666666666663
USDCAD,2,500,15,15,3.2388637333333334e-06,3.46591e-06,6.950696133333333e-06,0.00028
USDCAD,2,1000,15,15,1.1462706e-06,3.46591e-06,9.5082202e-06,0.000278
USDCAD,2,2000,15,15,-1.4607000000000203e-08,-0.0,9.742305933333333e-06,0.00028
USDCAD,2,3000,15,15,-7.050394666666667e-07,-0.0,8.126558133333333e-06,0.0002753333333333333
USDCAD,2,5000,15,15,-6.986903e-06,-6.963231e-06,1.3942341933333334e-05,0.0002733333333333333
USDCAD,2,10000,15,15,-1.5343970133333335e-05,-2.0906215e-05,2.1830511333333334e-05,0.00027866666666666665
USDCAD,2,15000,15,15,-1.46575354e-05,-1.0490116e-05,2.4852797666666665e-05,0.000274
USDCAD,2,30000,15,15,-2.5522983666666666e-05,6.929431e-06,4.178024326666666e-05,0.000276
USDCAD,2,60000,15,15,-1.9508895000000002e-05,-1.0453053e-05,4.870658273333333e-05,0.00027866666666666665
USDCAD,2,120000,15,15,1.7070612333333335e-05,6.930607e-06,8.268928979999999e-05,0.0002773333333333333
USDCAD,3,250,26,26,-9.331450384615385e-07,-3.463695e-06,9.792524115384616e-06,0.00029
USDCAD,3,500,26,26,-1.336568269230769e-06,-0.0,1.1000693346153845e-05,0.00029038461538461537
USDCAD,3,1000,26,26,-9.248779692307691e-06,-3.4717524999999996e-06,2.3204472153846155e-05,0.0002869230769230769
USDCAD,3,2000,26,26,-1.2988666153846154e-05,-3.4944465e-06,3.472728861538461e-05,0.0002830769230769231
USDCAD,3,3000,26,26,-1.3369817e-05,-8.715239000000001e-06,5.040913661538462e-05,0.0002873076923076923
USDCAD,3,5000,26,26,-6.391718769230768e-06,-8.7166195e-06,4.826864853846154e-05,0.0002819230769230769
USDCAD,3,10000,26,26,-4.652745884615384e-06,-5.196074e-06,6.074686080769231e-05,0.00028307692307692306
USDCAD,3,15000,26,26,-7.595162461538463e-06,-5.196074e-06,7.791979507692308e-05,0.0002769230769230769
USDCAD,3,30000,26,26,-1.4341112807692307e-05,-2.79601135e-05,7.492808934615385e-05,0.0002723076923076923
USDCAD,3,60000,26,26,1.4365970153846154e-05,0.0,0.00012882786746153845,0.0002830769230769231
USDCAD,3,120000,26,26,-5.1492339346153846e-05,-2.4433602e-05,0.0001229002341923077,0.0002769230769230769
USDCAD,4,250,23,23,-3.4711306521739127e-06,-3.490615e-06,8.919903260869565e-06,0.00027608695652173913
USDCAD,4,500,23,23,-3.1684858695652176e-06,-3.49574e-06,9.221113608695653e-06,0.00027695652173913044
USDCAD,4,1000,23,23,-5.445654086956521e-06,-3.496082e-06,1.3616434086956523e-05,0.0002756521739130435
USDCAD,4,2000,23,23,-9.829235956521739e-06,-6.981241e-06,1.9510749782608695e-05,0.00027608695652173913
USDCAD,4,3000,23,23,-1.5427475260869565e-05,-6.981241e-06,1.8449322739130433e-05,0.00027739130434782606
USDCAD,4,5000,23,23,-1.3915105652173914e-05,-6.961728e-06,1.9963433652173912e-05,0.0002756521739130435
USDCAD,4,10000,23,23,-9.04932656521739e-06,-6.978903e-06,2.2389381173913043e-05,0.00027130434782608693
USDCAD,4,15000,23,23,-1.2838461e-05,-1.047188e-05,3.0720459e-05,0.0002682608695652174
USDCAD,4,30000,23,23,6.4680836956521745e-06,-3.479441e-06,4.368682534782609e-05,0.0002717391304347826
USDCAD,4,60000,23,23,2.497589295652174e-05,1.7481081e-05,5.736380513043478e-05,0.0002726086956521739
USDCAD,4,120000,23,23,4.145791839130435e-05,5.9445028e-05,0.00012230969491304347,0.00027130434782608693
USDCAD,5,250,14,14,-1.7492053571428572e-06,3.473163e-06,7.214625214285714e-06,0.0002757142857142857
USDCAD,5,500,14,14,-3.7301222142857144e-06,-1.733033e-06,8.203449214285714e-06,0.00027714285714285715
USDCAD,5,1000,14,14,-1.5415949571428572e-05,-1.0488962e-05,1.790541442857143e-05,0.0002792857142857143
USDCAD,5,2000,14,14,-2.4355508785714287e-05,-1.56517975e-05,2.684497364285714e-05,0.0002821428571428571
USDCAD,5,3000,14,14,-3.003230835714286e-05,-2.08716575e-05,3.302038892857143e-05,0.0002871428571428572
USDCAD,5,5000,14,14,-2.878719085714286e-05,-2.6185351999999997e-05,3.326966457142857e-05,0.0002821428571428571
USDCAD,5,10000,14,14,-2.1909282500000003e-05,-1.39709015e-05,3.137236407142857e-05,0.00026928571428571426
USDCAD,5,15000,14,14,-2.6903174285714285e-05,-2.09139575e-05,3.6361685857142855e-05,0.00027214285714285714
USDCAD,5,30000,14,14,-1.8262211142857144e-05,-2.96567985e-05,5.7924943714285716e-05,0.0002671428571428571
USDCAD,5,60000,14,14,-2.1425785142857144e-05,-3.497543e-06,7.211003414285715e-05,0.00027499999999999996
USDCAD,5,120000,14,14,1.7466196928571427e-05,-6.995526e-06,0.00010413603578571428,0.0002757142857142857
USDCAD,6,250,62,62,6.587777548387097e-06,0.0,3.731273706451613e-05,0.00029096774193548386
USDCAD,6,500,62,62,4.987454516129033e-07,-1.7308435e-06,5.881316648387097e-05,0.0002914516129032258
USDCAD,6,1000,62,62,-2.6829517258064517e-06,-3.4769065e-06,9.339033014516129e-05,0.0002932258064516129
USDCAD,6,2000,62,62,2.7221229951612902e-05,8.71051e-06,0.00011815698888709677,0.0002904838709677419
USDCAD,6,3000,62,62,8.221460725806452e-06,3.494799e-06,0.0001383867912419355,0.00029016129032258064
USDCAD,6,5000,62,62,-1.3055929354838711e-05,-6.967247e-06,0.00013632198741935484,0.0002796774193548387
USDCAD,6,10000,62,62,-5.228861730645161e-05,-1.39695825e-05,0.00016591360056451612,0.0002729032258064516
USDCAD,6,15000,62,62,1.0232458177419353e-05,1.21195005e-05,0.0002695324499516129,0.0002720967741935484
USDCAD,6,30000,62,62,1.0339489774193548e-05,1.0484818e-05,0.0003979915493870968,0.0002769354838709678
USDCAD,6,60000,62,62,-2.3036462048387094e-05,2.61913695e-05,0.0005029056237903226,0.00027048387096774196
USDCAD,6,120000,62,62,-9.338425062903226e-05,-8.6994725e-06,0.0004879238781129032,0.00027451612903225806
USDCAD,7,250,12,12,-5.821135583333333e-06,-3.4906820000000002e-06,8.716138916666667e-06,0.00027833333333333334
USDCAD,7,500,12,12,-6.11164525e-06,-6.980133e-06,9.006648583333333e-06,0.00027916666666666666
USDCAD,7,1000,12,12,-6.400302333333333e-06,-5.237063e-06,8.717890000000001e-06,0.00027666666666666665
USDCAD,7,2000,12,12,-5.530582083333333e-06,-3.4923285e-06,7.844610083333333e-06,0.00027416666666666664
USDCAD,7,3000,12,12,2.901407083333334e-06,-3.4920235e-06,1.6274460583333334e-05,0.00027333333333333333
USDCAD,7,5000,12,12,5.209674e-06,-3.4839365e-06,1.8595942666666667e-05,0.00027333333333333333
USDCAD,7,10000,12,12,-3.80171675e-06,-5.224804e-06,2.6451508083333335e-05,0.00027416666666666664
USDCAD,7,15000,12,12,1.7100429166666668e-06,-0.0,2.6739880083333334e-05,0.00027
USDCAD,7,30000,12,12,-3.9440748916666667e-05,-1.7469337e-05,6.271199891666667e-05,0.00027666666666666665
USDCAD,7,60000,12,12,-1.680357266666667e-05,-3.3182308e-05,4.5284515166666666e-05,0.00028
USDCAD,7,120000,12,12,-7.729804999999999e-06,1.57248615e-05,5.89269085e-05,0.0002808333333333333
USDCAD,8,250,32,32,5.4736228125e-07,-3.463965e-06,7.48938603125e-06,0.0002759375
USDCAD,8,500,32,32,-1.1846466874999999e-06,-3.463971e-06,9.003423312500001e-06,0.0002753125
USDCAD,8,1000,32,32,-8.579269062499999e-07,0.0,8.67988815625e-06,0.00027624999999999997
USDCAD,8,2000,32,32,-2.1203799999999998e-07,0.0,1.0420501375000001e-05,0.00027624999999999997
USDCAD,8,3000,32,32,-3.240710625000001e-07,0.0,1.0967805375e-05,0.00027343749999999997
USDCAD,8,5000,32,32,-3.5676684375e-06,1.2290000000000436e-09,2.07255320625e-05,0.0002746875
USDCAD,8,10000,32,32,-1.0848777500000002e-06,-0.0,3.2540902e-05,0.000271875
USDCAD,8,15000,32,32,-2.26881275e-06,1.734891e-06,5.062937175e-05,0.0002715625
USDCAD,8,30000,32,32,-1.2685531125e-05,1.3850000000001146e-09,7.29551731875e-05,0.0002728125
USDCAD,8,60000,32,32,-1.816410678125e-05,5.2313085e-06,8.218363228125e-05,0.000275
USDCAD,8,120000,32,32,-3.161895275e-05,-1.7303105e-06,8.849203225e-05,0.00027
USDCAD,9,250,67,67,-1.48333776119403e-07,-3.46285e-06,8.654899597014926e-06,0.0002762686567164179
USDCAD,9,500,67,67,-3.5462301492537323e-07,-0.0,9.793152626865672e-06,0.0002756716417910448
USDCAD,9,1000,67,67,7.83390328358209e-07,-0.0,1.0620883313432835e-05,0.0002771641791044776
USDCAD,9,2000,67,67,8.607314895522388e-06,6.927463e-06,1.5547736925373133e-05,0.00027761194029850744
USDCAD,9,3000,67,67,4.992325641791045e-06,-0.0,1.845522841791045e-05,0.0002770149253731343
USDCAD,9,5000,67,67,1.0536089358208955e-05,6.940902e-06,3.0222230074626864e-05,0.0002771641791044776
USDCAD,9,10000,67,67,4.953933328358209e-06,1.3848641e-05,3.93341313880597e-05,0.00027537313432835815
USDCAD,9,15000,67,67,1.3491345567164178e-05,6.928686e-06,5.6175981716417906e-05,0.0002746268656716418
USDCAD,9,30000,67,67,1.9114114447761195e-05,2.4362189e-05,6.739507585074627e-05,0.00027537313432835815
USDCAD,9,60000,67,67,2.340415976119403e-05,2.4252881e-05,9.198942367164179e-05,0.0002792537313432836
USDCAD,9,120000,67,67,1.8164185358208956e-05,-1.7304062e-05,0.00013701359962686567,0.00027492537313432837
USDCAD,10,250,219,219,4.6659683105022826e-07,3.457653e-06,1.1727436657534247e-05,0.0002717351598173516
USDCAD,10,500,219,219,1.7556061689497718e-06,3.464949e-06,1.3710220369863014e-05,0.00027141552511415523
USDCAD,10,1000,219,219,3.505670680365297e-06,-0.0,1.9611369630136987e-05,0.0002708675799086758
USDCAD,10,2000,219,219,6.231686566210046e-06,-0.0,2.8017286465753425e-05,0.00027315068493150686
USDCAD,10,3000,219,219,4.461286456621004e-06,3.466535e-06,3.198054747031964e-05,0.00027315068493150686
USDCAD,10,5000,219,219,8.378994904109589e-06,3.480531e-06,3.710161912328767e-05,0.0002728310502283105
USDCAD,10,10000,219,219,9.862948420091324e-06,3.481221e-06,5.475169602739726e-05,0.0002725114155251141
USDCAD,10,15000,219,219,5.500723671232876e-06,0.0,5.89464102739726e-05,0.0002709132420091324
USDCAD,10,30000,219,219,1.91858597716895e-05,2.0955428e-05,7.946779542465754e-05,0.0002725114155251141
USDCAD,10,60000,219,219,2.906309924200913e-05,3.4807064e-05,0.0001165245991780822,0.0002710502283105023
USDCAD,10,120000,219,219,2.9485991707762557e-05,6.933058e-06,0.0001466902285936073,0.0002711415525114155
USDCAD,11,250,228,228,-1.0236946008771932e-06,-3.462964e-06,1.1420772004385966e-05,0.0002701754385964912
USDCAD,11,500,228,228,-1.4025994429824562e-06,-3.458694e-06,1.3414322346491227e-05,0.00027039473684210526
USDCAD,11,1000,228,228,2.106001605263158e-06,0.0,1.871585130701754e-05,0.0002698684210526316
USDCAD,11,2000,228,228,6.299309995614035e-06,0.0,2.7815007355263158e-05,0.0002700877192982456
USDCAD,11,3000,228,228,2.4858959649122807e-06,0.0,3.1768597526315785e-05,0.00027043859649122806
USDCAD,11,5000,228,228,6.427422719298245e-06,3.4691505e-06,3.6370541763157894e-05,0.000270219298245614
USDCAD,11,10000,228,228,1.0591932929824562e-05,1.0442901e-05,5.544523910526315e-05,0.000270219298245614
USDCAD,11,15000,228,228,8.336956289473684e-06,1.21421925e-05,6.768404628947368e-05,0.0002691666666666667
USDCAD,11,30000,228,228,1.1246149412280702e-05,6.961195e-06,8.015183842982456e-05,0.00026969298245614035
USDCAD,11,60000,228,228,-1.9960376754385928e-07,1.7446008500000002e-05,0.00010500283276754387,0.00026837719298245617
USDCAD,11,120000,228,228,-3.111854631578947e-05,-1.73987795e-05,0.00016390680042105264,0.00026872807017543857
USDCAD,12,250,17,17,-5.312256588235294e-06,-3.489993e-06,1.3882120588235293e-05,0.00027529411764705885
USDCAD,12,500,17,17,-9.609806294117648e-06,-1.0419507e-05,1.817967029411765e-05,0.0002758823529411765
USDCAD,12,1000,17,17,-1.3904612470588236e-05,-1.3960046e-05,2.247286905882353e-05,0.00027411764705882356
USDCAD,12,2000,17,17,-1.6554377294117648e-05,-2.4430209e-05,2.6356034235294117e-05,0.0002758823529411765
USDCAD,12,3000,17,17,-1.6342769352941178e-05,-2.7739251e-05,3.228376205882353e-05,0.0002776470588235294
USDCAD,12,5000,17,17,-1.1427478764705883e-05,-2.0848028e-05,2.5741969352941177e-05,0.0002788235294117647
USDCAD,12,10000,17,17,-1.5508027235294116e-05,-1.7314728e-05,3.4730585352941175e-05,0.00027647058823529415
USDCAD,12,15000,17,17,-1.4293508294117649e-05,-6.949294e-06,4.4922038529411765e-05,0.0002776470588235294
USDCAD,12,30000,17,17,-4.43612888235294e-06,2.0778069e-05,7.357152958823529e-05,0.00027411764705882356
USDCAD,12,60000,17,17,-2.4438927352941178e-05,2.4429612e-05,9.434641994117647e-05,0.00027411764705882356
USDCAD,12,120000,17,17,-9.599819529411765e-06,2.0803717e-05,0.00015001546941176473,0.0002729411764705882
USDCAD,13,250,26,26,-3.5996488846153848e-06,0.0,9.209757807692307e-06,0.0002715384615384615
USDCAD,13,500,26,26,-7.4684598076923064e-06,0.0,1.6279778807692308e-05,0.00027423076923076923
USDCAD,13,1000,26,26,-8.672265961538462e-06,-1.7373265e-06,1.5614254884615384e-05,0.0002730769230769231
USDCAD,13,2000,26,26,-1.2557472692307693e-05,-5.2022855e-06,3.312196053846154e-05,0.00027115384615384615
USDCAD,13,3000,26,26,-1.4684172230769231e-05,-1.3891177499999999e-05,4.033516430769231e-05,0.00027269230769230767
USDCAD,13,5000,26,26,-1.9899136653846154e-05,-1.2157124e-05,4.794976334615384e-05,0.0002746153846153846
USDCAD,13,10000,26,26,-3.137440061538462e-05,-1.0426429e-05,6.155847630769231e-05,0.00027615384615384617
USDCAD,13,15000,26,26,-3.9369277961538466e-05,-3.4736659999999998e-06,7.087977050000001e-05,0.0002769230769230769
USDCAD,13,30000,26,26,-5.738938626923076e-05,-4.3447504499999996e-05,8.969882273076923e-05,0.00026807692307692307
USDCAD,13,60000,26,26,-8.624270907692308e-05,-0.00010256633,0.00012736775538461537,0.00027192307692307694
USDCAD,13,120000,26,26,-9.500147130769232e-05,-9.3852184e-05,0.00012118164307692308,0.0002715384615384615
USDCAD,14,250,61,61,-1.0711983606557478e-08,3.466667e-06,2.0071273459016392e-05,0.00026147540983606553
USDCAD,14,500,61,61,-3.894038967213114e-06,0.0,3.1249056081967214e-05,0.00026081967213114753
USDCAD,14,1000,61,61,-5.431847229508197e-06,-6.936737e-06,4.088513624590164e-05,0.0002639344262295082
USDCAD,14,2000,61,61,-1.2109345508196721e-05,-3.475583e-06,4.140091045901639e-05,0.00026508196721311474
USDCAD,14,3000,61,61,-1.6790928950819673e-05,-6.93092e-06,4.265597721311475e-05,0.0002640983606557377
USDCAD,14,5000,61,61,-1.8055854049180327e-05,-0.0,5.3068125950819673e-05,0.00026573770491803274
USDCAD,14,10000,61,61,-1.4958393213114755e-05,-1.3901487e-05,5.7014857672131144e-05,0.0002585245901639344
USDCAD,14,15000,61,61,-7.35515924590164e-06,-1.3881033e-05,6.164675511475409e-05,0.00026721311475409835
USDCAD,14,30000,61,61,-1.3043330196721313e-05,-2.0856652e-05,8.018326950819671e-05,0.0002681967213114754
USDCAD,14,60000,61,61,-4.082936798360656e-05,-3.4748283e-05,0.00010446216952459017,0.00027081967213114756
USDCAD,14,120000,61,61,-3.0818014e-05,-3.4734524e-05,0.0001498051566229508,0.0002718032786885246
USDCAD,15,250,373,373,-2.3745819249329765e-06,-0.0,5.334942321179624e-05,0.00039812332439678283
USDCAD,15,500,373,373,-9.600017418230564e-06,-0.0,7.80130815844504e-05,0.00039252010723860595
USDCAD,15,1000,373,373,-1.4669890638069705e-05,-3.476187e-06,0.00011784753436461126,0.0003924128686327078
USDCAD,15,2000,373,373,-2.1991314230563004e-05,-3.501885e-06,0.00015818034370509385,0.00037981233243967826
USDCAD,15,3000,373,373,-1.4490910820375334e-05,-1.7431047e-05,0.00017549740746380696,0.0003708042895442359
USDCAD,15,5000,373,373,-2.6992107461126005e-05,-1.4013895e-05,0.00019733359884450402,0.00035538873994638074
USDCAD,15,10000,373,373,-8.004774942359249e-05,-2.0824223e-05,0.0002831450761474531,0.00033694369973190347
USDCAD,15,15000,373,373,-4.4547550268096516e-05,-3.4687655e-05,0.00026464748848793566,0.00030908847184986593
USDCAD,15,30000,373,373,-7.255077609115282e-05,-5.2273824e-05,0.0003522838149705094,0.0003032975871313673
USDCAD,15,60000,373,373,-6.61504203002681e-05,-6.5998003e-05,0.0005492990590563003,0.00029793565683646113
USDCAD,15,120000,373,373,-6.75286192466488e-05,-4.8612293e-05,0.0005270985481528151,0.0002915817694369973
USDCAD,16,250,110,110,-8.846467209090909e-06,-3.47212e-06,2.0346124427272726e-05,0.00032418181818181813
USDCAD,16,500,110,110,-1.6043407245454544e-05,-6.9375555e-06,2.7164813118181818e-05,0.00032399999999999996
USDCAD,16,1000,110,110,-2.639339039090909e-05,-6.9695275e-06,4.270925748181818e-05,0.00033072727272727274
USDCAD,16,2000,110,110,-2.8752352272727273e-05,-6.9583125e-06,5.568866638181818e-05,0.00033972727272727274
USDCAD,16,3000,110,110,-4.598187914545455e-05,-1.0441796e-05,8.108317661818181e-05,0.00034054545454545454
USDCAD,16,5000,110,110,-2.371972469090909e-05,-2.08373495e-05,9.008032763636364e-05,0.0003328181818181818
USDCAD,16,10000,110,110,5.016620090909088e-07,-6.937439e-06,0.00011379692542727273,0.000302
USDCAD,16,15000,110,110,-1.650886401818182e-05,1.2193032000000001e-05,0.00014980203225454546,0.00028500000000000004
USDCAD,16,30000,110,110,1.922815043636364e-05,1.04640005e-05,0.00015712222036363637,0.0002873636363636364
USDCAD,16,60000,110,110,8.684731953636364e-05,4.3437189e-05,0.0002638858275909091,0.00029072727272727274
USDCAD,16,120000,110,110,3.7633809399999996e-05,1.56175005e-05,0.00040877658774545454,0.00028663636363636364
USDCAD,17,250,481,481,-3.999338602910603e-06,-3.466739e-06,4.898237552182952e-05,0.0003238877338877339
USDCAD,17,500,481,481,-5.874626983367983e-06,-3.496546e-06,7.762627585654886e-05,0.00032367983367983367
USDCAD,17,1000,481,481,-2.259059109147609e-05,-1.0409131e-05,0.00011892638744490645,0.00032374220374220374
USDCAD,17,2000,481,481,-3.736950567983368e-05,-1.3914737e-05,0.00016892364525571726,0.0003181288981288981
USDCAD,17,3000,481,481,-2.3510215856548856e-05,-1.7411926e-05,0.00019107683851351352,0.00031945945945945943
USDCAD,17,5000,481,481,1.9870144785862788e-05,0.0,0.00022600363207900208,0.0003215800415800416
USDCAD,17,10000,481,481,4.2414914367983365e-05,2.4165972e-05,0.00034042288762370067,0.0003208731808731809
USDCAD,17,15000,481,481,3.28803840977131e-05,-1.4005259e-05,0.00043303589152390853,0.0003144490644490644
USDCAD,17,30000,481,481,0.00010787845818295219,-4.533637e-05,0.000727914027022869,0.0003108108108108108
USDCAD,17,60000,481,481,0.00022863871547401248,-1.0509924e-05,0.0010321304868794179,0.0002991891891891892
USDCAD,17,120000,481,481,9.260550885654886e-05,-0.000129478604,0.0009697273767692308,0.00029049896049896046
USDCAD,18,250,247,247,7.306446587044534e-06,-0.0,6.556062518623483e-05,0.0003173279352226721
USDCAD,18,500,247,247,9.695799542510124e-06,-3.444445e-06,9.981903148582996e-05,0.0003156275303643725
USDCAD,18,1000,247,247,1.6285016437246954e-06,-0.0,0.00015174620498785427,0.00031299595141700404
USDCAD,18,2000,247,247,-7.512014781376517e-06,-0.0,0.000213332056854251,0.00031429149797570854
USDCAD,18,3000,247,247,-4.205857823481781e-05,-6.908129e-06,0.0002616773998866397,0.0003105668016194332
USDCAD,18,5000,247,247,-8.020882364777328e-05,-1.042081e-05,0.00032374555361538467,0.0003169635627530364
USDCAD,18,10000,247,247,-0.0001234675816234818,-6.993178e-06,0.00034772879979352227,0.0003042914979757085
USDCAD,18,15000,247,247,-0.00011010400224696356,-3.4726442e-05,0.0003702388766194332,0.0002968016194331984
USDCAD,18,30000,247,247,-0.0001247487606923077,-3.4732111e-05,0.0004298045029109312,0.000295587044534413
USDCAD,18,60000,247,247,-0.00019707119920647773,-4.480974e-05,0.0005267365603076923,0.00029603238866396766
USDCAD,18,120000,247,247,-0.00021222184300809715,-0.000107107998,0.0005242848717854252,0.00028048582995951417
USDCAD,19,250,154,154,-6.635182746753246e-06,-3.4960455e-06,3.252411229220779e-05,0.00028402597402597406
USDCAD,19,500,154,154,-4.6484229415584416e-06,-3.495413e-06,4.392705416233766e-05,0.00028512987012987013
USDCAD,19,1000,154,154,-4.026546149350649e-06,3.4702174999999998e-06,6.189499842207792e-05,0.0002823376623376623
USDCAD,19,2000,154,154,9.675609246753248e-06,6.914552e-06,7.356662822077922e-05,0.00028051948051948056
USDCAD,19,3000,154,154,3.7321156954545454e-05,1.04494795e-05,0.0001098571869155844,0.00028162337662337663
USDCAD,19,5000,154,154,3.891643322727273e-05,1.2094803999999999e-05,0.00015084912161688311,0.00027896103896103897
USDCAD,19,10000,154,154,6.390608280519481e-05,1.5663419e-05,0.0002220165170649351,0.0002738961038961039
USDCAD,19,15000,154,154,8.09642189025974e-05,2.9582493500000002e-05,0.00028371198183766236,0.00027564935064935064
USDCAD,19,30000,154,154,5.785604978571429e-05,-3.493468e-06,0.00033569856464285715,0.000272012987012987
USDCAD,19,60000,154,154,0.0001063475797012987,1.749374e-06,0.0003131109170909091,0.0002763636363636364
USDCAD,19,120000,154,154,8.223222572077922e-05,-1.2150618e-05,0.0003762264000584416,0.00027746753246753246
USDCAD,20,250,55,55,-1.5148019545454546e-05,-3.463665e-06,5.9140061545454544e-05,0.0003207272727272727
USDCAD,20,500,55,55,-2.6069334218181817e-05,-1.0447774e-05,6.005105210909091e-05,0.0003178181818181818
USDCAD,20,1000,55,55,-2.8133781490909088e-05,-1.3935826e-05,7.932711923636364e-05,0.0003163636363636363
USDCAD,20,2000,55,55,-1.3013267454545453e-05,-1.3978683e-05,0.00012546335560000002,0.0003172727272727273
USDCAD,20,3000,55,55,5.098683345454549e-06,-3.1384966e-05,0.00016988762178181817,0.0003201818181818182
USDCAD,20,5000,55,55,2.6116980981818176e-05,-1.7428556e-05,0.00021758594029090908,0.000322
USDCAD,20,10000,55,55,-0.00012344258836363635,-6.6299923e-05,0.00031481506160000003,0.00034109090909090905
USDCAD,20,15000,55,55,-0.0001085841069090909,-8.0253601e-05,0.0003182346615272727,0.0002923636363636364
USDCAD,20,30000,55,55,-9.59388502909091e-05,-4.5430004e-05,0.0003588391688727273,0.0002901818181818182
USDCAD,20,60000,55,55,-9.68298698e-05,-3.4614053e-05,0.0003554011785272727,0.0002812727272727273
USDCAD,20,120000,55,55,-7.795334770909091e-05,0.0,0.0004200486278181818,0.00027472727272727273
USDCAD,21,250,145,145,-9.52864656551724e-06,-3.487462e-06,3.6512671668965515e-05,0.0003319310344827586
USDCAD,21,500,145,145,-1.2979712613793104e-05,-6.922883e-06,5.675569392413793e-05,0.0003292413793103448
USDCAD,21,1000,145,145,-1.1439571634482759e-05,-0.0,8.254799488965518e-05,0.000328
USDCAD,21,2000,145,145,-5.775206220689655e-06,1.0466656e-05,0.0001044089703448276,0.0003173103448275862
USDCAD,21,3000,145,145,1.6552922758620687e-06,3.47136e-06,0.0001228031243862069,0.0003151034482758621
USDCAD,21,5000,145,145,1.8346646841379308e-05,-1.7445035e-05,0.00017498122696551726,0.0003084137931034483
USDCAD,21,10000,145,145,-2.616870412413793e-05,-1.0467058e-05,0.0002506648107724138,0.0003048275862068966
USDCAD,21,15000,145,145,-9.418003944827584e-06,-1.0386211e-05,0.0002879600313931034,0.00030227586206896554
USDCAD,21,30000,145,145,6.79054232275862e-05,-6.977442e-06,0.0003611901467034483,0.00030441379310344827
USDCAD,21,60000,145,145,5.0358929999999995e-06,-6.2272101e-05,0.0004142028031103448,0.0002963448275862069
USDCAD,21,120000,145,145,0.0001225251636827586,-2.4224177e-05,0.00045831066311724137,0.00030379310344827583
USDCAD,22,250,43,43,1.0095260186046511e-05,0.0,4.7385730418604656e-05,0.00030209302325581396
USDCAD,22,500,43,43,5.810930325581395e-06,-3.454416e-06,6.168237255813954e-05,0.0003027906976744186
USDCAD,22,1000,43,43,-2.661836976744185e-06,-6.889994e-06,8.469182865116279e-05,0.00029511627906976746
USDCAD,22,2000,43,43,-3.856278865116279e-05,-6.909155e-06,0.00010396976344186046,0.00029627906976744186
USDCAD,22,3000,43,43,-3.2500540558139534e-05,0.0,0.00011357117832558141,0.00029418604651162793
USDCAD,22,5000,43,43,-2.3526698674418604e-05,-2.072138e-05,0.00014802856439534884,0.00028604651162790696
USDCAD,22,10000,43,43,-4.2535901116279073e-05,-5.207131e-05,0.00012520842706976746,0.00029
USDCAD,22,15000,43,43,6.353294186046506e-07,-1.7224897e-05,0.00011512774355813954,0.00029348837209302323
USDCAD,22,30000,43,43,-3.5851774116279074e-05,-3.1126628e-05,0.00017504207779069767,0.0002916279069767442
USDCAD,22,60000,43,43,9.288583120930233e-05,5.2069141e-05,0.00023913465246511628,0.00029534883720930234
USDCAD,22,120000,43,43,0.00011931594100000001,0.000279084673,0.0006396895169534884,0.0002923255813953488
USDCAD,23,250,140,140,4.453851642857143e-06,1.727769e-06,3.9758590557142855e-05,0.0003206428571428571
USDCAD,23,500,140,140,-4.283544714285714e-06,-3.4622139999999996e-06,5.1318968085714286e-05,0.000325
USDCAD,23,1000,140,140,-2.6785477007142856e-05,-1.3860590500000001e-05,7.857930319285714e-05,0.0003272142857142857
USDCAD,23,2000,140,140,-1.578540910714286e-05,-1.7310502000000002e-05,0.00013544550345,0.0003222857142857143
USDCAD,23,3000,140,140,5.591344714285712e-06,-1.21472405e-05,0.00020742125957142857,0.00031892857142857146
USDCAD,23,5000,140,140,4.421621121428572e-05,-3.458834e-06,0.00024281560898571427,0.0003231428571428572
USDCAD,23,10000,140,140,1.0246962285714284e-05,6.95717e-06,0.00035801503381428573,0.0003107857142857143
USDCAD,23,15000,140,140,5.473142973571429e-05,1.03588535e-05,0.00040282247742142856,0.00030557142857142854
USDCAD,23,30000,140,140,1.0436578392857138e-05,-5.222214e-06,0.00053248382905,0.0003153571428571429
USDCAD,23,60000,140,140,-0.00010611731322857142,-9.8830655e-05,0.0005797391158,0.00030564285714285714
USDCAD,23,120000,140,140,0.00020975964133571428,0.00021370689499999998,0.0008902517865357143,0.00032007142857142857
USDCHF,8,250,8,8,2.103201e-06,5.1460500000000555e-08,2.600132075e-05,0.00025875
USDCHF,8,500,8,8,2.80459075e-06,5.1460500000000555e-08,2.67027105e-05,0.00025749999999999997
USDCHF,8,1000,8,8,-6.26533675e-06,5.670606e-06,3.726084625e-05,0.00025625
USDCHF,8,2000,8,8,-2.1033158374999997e-05,-5.6191455e-06,3.9340111625e-05,0.000255
USDCHF,8,3000,8,8,-1.81348125e-05,-5.61517e-06,4.925579075e-05,0.0002525
USDCHF,8,5000,8,8,-4.2041957249999996e-05,-5.61536865e-05,6.611711725e-05,0.0002475
USDCHF,8,10000,8,8,-1.2508916625e-05,1.12301505e-05,6.4715388625e-05,0.00025
USDCHF,8,15000,8,8,2.2559513625000003e-05,3.08823705e-05,9.5667972625e-05,0.000255
USDCHF,8,30000,8,8,-4.069444249999998e-06,-8.4223845e-06,9.569687575000001e-05,0.00025
USDCHF,8,60000,8,8,-1.2395308749999992e-06,2.9188190000000002e-06,8.7213249875e-05,0.0002525
USDCHF,8,120000,8,8,0.00012801345625,0.00011908190299999999,0.000220689536,0.0002525
USDCHF,9,250,27,27,-4.22974325925926e-06,-5.655549e-06,1.425723488888889e-05,0.0002451851851851852
USDCHF,9,500,27,27,-4.646404703703704e-06,-5.655549e-06,1.3840573444444446e-05,0.00024444444444444443
USDCHF,9,1000,27,27,-3.743229629629656e-08,-5.655549e-06,1.550336688888889e-05,0.0002437037037037037
USDCHF,9,2000,27,27,-1.7104138148148149e-06,-5.670075e-06,1.8843548925925926e-05,0.00024296296296296295
USDCHF,9,3000,27,27,-5.489925740740741e-06,-5.655549e-06,2.765495188888889e-05,0.00024296296296296295
USDCHF,9,5000,27,27,-1.0340499444444445e-05,-5.676223e-06,4.000033907407408e-05,0.00024037037037037036
USDCHF,9,10000,27,27,-1.9567558222222225e-05,-5.676223e-06,4.089608340740741e-05,0.00024555555555555556
USDCHF,9,15000,27,27,-1.6420662e-05,-5.676223e-06,5.863771607407407e-05,0.0002422222222222222
USDCHF,9,30000,27,27,-1.9827496814814818e-05,-1.1249859e-05,9.225765103703705e-05,0.0002451851851851852
USDCHF,9,60000,27,27,-3.2318497777777776e-05,-6.7875223e-05,0.0001607660942222222,0.00023925925925925926
USDCHF,9,120000,27,27,1.874020933333334e-05,1.689251e-05,0.00021695746014814814,0.0002422222222222222
USDCHF,10,250,80,80,1.0973264375000003e-06,-5.6309635e-06,1.73296753625e-05,0.00024412499999999998
USDCHF,10,500,80,80,3.300102875000004e-07,-5.6323275000000005e-06,1.83845861875e-05,0.00024475
USDCHF,10,1000,80,80,3.7972926625000005e-06,-2.8104495e-06,2.47053531375e-05,0.000244625
USDCHF,10,2000,80,80,1.1072127625000003e-06,-5.6256774999999995e-06,2.92164929375e-05,0.000243125
USDCHF,10,3000,80,80,-4.9126525999999996e-06,-1.1268436e-05,3.8212982375e-05,0.00024475
USDCHF,10,5000,80,80,2.005659950000001e-06,-5.6828745e-06,4.82506696e-05,0.000243
USDCHF,10,10000,80,80,-2.0043137500000057e-07,-2.8459785e-06,7.5070293725e-05,0.00024287499999999998
USDCHF,10,15000,80,80,-1.6996938249999995e-06,-5.6271625e-06,9.1419462775e-05,0.00024125
USDCHF,10,30000,80,80,3.416161250000036e-08,-2.8378715e-05,0.00013687808213749998,0.00024325000000000003
USDCHF,10,60000,80,80,1.0018822762500001e-05,-2.81562295e-05,0.0002046674938875,0.00024524999999999997
USDCHF,10,120000,80,80,5.5515172612500004e-05,2.848654e-05,0.0002582584600625,0.00024325000000000003
USDCHF,11,250,201,201,-2.057359472636816e-06,-5.641415e-06,4.521537521393035e-05,0.00029238805970149254
USDCHF,11,500,201,201,-4.5654478308457705e-06,0.0,5.490746533333333e-05,0.00029393034825870646
USDCHF,11,1000,201,201,2.2897835721393037e-06,0.0,6.983602034825871e-05,0.00029393034825870646
USDCHF,11,2000,201,201,5.945091497512438e-06,-5.66969e-06,0.00010587243023383085,0.00029014925373134324
USDCHF,11,3000,201,201,2.2861924268656717e-05,-0.0,0.00010905206872636816,0.0002844776119402985
USDCHF,11,5000,201,201,1.9626369039800995e-05,5.698866e-06,0.0001313302337960199,0.0002795024875621891
USDCHF,11,10000,201,201,4.659823711442786e-05,2.8473399e-05,0.00023885036552238805,0.00027253731343283583
USDCHF,11,15000,201,201,1.736370612437811e-05,1.1339411e-05,0.0002811595659850746,0.0002643283582089552
USDCHF,11,30000,201,201,-1.2773481159203978e-05,5.690985e-06,0.0003462638040945273,0.00026398009950248755
USDCHF,11,60000,201,201,-7.04580270199005e-05,1.7030504e-05,0.0005224599134179105,0.0002596517412935323
USDCHF,11,120000,201,201,3.163926971641791e-05,-3.4060139e-05,0.0008081724004925374,0.00026522388059701494
USDCHF,12,250,35,35,-1.6439673999999993e-06,5.668179e-06,1.8167517057142857e-05,0.0002405714285714286
USDCHF,12,500,35,35,-2.4536142285714284e-06,5.663043e-06,1.8005181885714285e-05,0.0002397142857142857
USDCHF,12,1000,35,35,-9.89377657142857e-07,5.693675e-06,2.2378054514285713e-05,0.00023999999999999998
USDCHF,12,2000,35,35,-7.440577999999999e-06,0.0,3.373343434285714e-05,0.00024285714285714289
USDCHF,12,3000,35,35,-1.2928716228571428e-05,0.0,4.961282954285714e-05,0.00024114285714285714
USDCHF,12,5000,35,35,-1.1805117600000001e-05,0.0,5.8513408799999996e-05,0.000238
USDCHF,12,10000,35,35,-9.036371114285713e-06,-1.1327594e-05,7.68098078e-05,0.00023999999999999998
USDCHF,12,15000,35,35,-7.729642428571429e-06,-0.0,9.107912637142857e-05,0.00024228571428571428
USDCHF,12,30000,35,35,-5.651840714285716e-06,1.699606e-05,0.00010739172505714285,0.0002414285714285714
USDCHF,12,60000,35,35,-3.622060325714286e-05,-2.8463025e-05,0.00012503418862857142,0.00023999999999999998
USDCHF,12,120000,35,35,-0.00010549771651428571,-0.000124810657,0.0002113745158857143,0.0002482857142857143
USDCHF,13,250,24,24,9.239121416666667e-06,2.823144e-06,2.1049421916666665e-05,0.0002458333333333333
USDCHF,13,500,24,24,8.528762333333333e-06,-9.243999999999788e-09,2.2704292833333335e-05,0.0002454166666666667
USDCHF,13,1000,24,24,9.474683e-06,0.0,2.3176434416666667e-05,0.00024708333333333337
USDCHF,13,2000,24,24,1.5582470416666667e-05,2.834636e-06,2.694301333333333e-05,0.00024625
USDCHF,13,3000,24,24,1.1803239666666667e-05,-5.66749e-06,4.1592714083333335e-05,0.00024208333333333333
USDCHF,13,5000,24,24,9.672739875e-06,1.7630000000000033e-08,5.4597414375000004e-05,0.00024333333333333333
USDCHF,13,10000,24,24,1.4186715875e-05,2.5511519e-05,6.381652870833333e-05,0.00024208333333333333
USDCHF,13,15000,24,24,-2.571028333333335e-07,2.8352146e-05,8.393300941666666e-05,0.000245
USDCHF,13,30000,24,24,-1.5404755625e-05,2.826087e-06,7.965889079166667e-05,0.0002391666666666667
USDCHF,13,60000,24,24,-2.9385810124999996e-05,-1.9847888500000002e-05,0.00012905753804166666,0.00024041666666666666
USDCHF,13,120000,24,24,-6.2594531625e-05,-5.94774495e-05,0.000203320883125,0.00024125
USDCHF,14,250,32,32,-2.10045925e-06,-1.3830000000002712e-09,2.2309568875e-05,0.00024375000000000002
USDCHF,14,500,32,32,3.3879030937500006e-06,5.643165499999999e-06,2.602490334375e-05,0.0002446875
USDCHF,14,1000,32,32,1.399190771875e-05,5.6853235000000006e-06,3.240185996875e-05,0.0002409375
USDCHF,14,2000,32,32,1.628463959375e-05,5.684870999999999e-06,3.787244878125e-05,0.000245625
USDCHF,14,3000,32,32,7.13055603125e-06,2.82222e-06,4.534243590625e-05,0.000241875
USDCHF,14,5000,32,32,-7.92034603125e-06,-8.4961415e-06,5.150233503125e-05,0.0002465625
USDCHF,14,10000,32,32,5.765726062499999e-06,-2.843486e-06,6.691572912499999e-05,0.000245625
USDCHF,14,15000,32,32,5.586480718749999e-06,1.1370598e-05,6.423579034375e-05,0.0002421875
USDCHF,14,30000,32,32,-1.8726178875e-05,1.13667845e-05,0.0001125484554375,0.0002446875
USDCHF,14,60000,32,32,6.98629571875e-06,3.98124595e-05,0.00014915657778125,0.000244375
USDCHF,14,120000,32,32,1.1040315937500016e-06,3.68170785e-05,0.00022513546065625,0.000238125
USDCHF,15,250,322,322,-6.1820175e-06,0.0,7.140333289751554e-05,0.00033009316770186335
USDCHF,15,500,322,322,-5.757163885093167e-06,0.0,7.759889474223603e-05,0.00032934782608695656
USDCHF,15,1000,322,322,-9.081057124223602e-06,0.0,0.00011152895831677018,0.0003167391304347826
USDCHF,15,2000,322,322,7.383295254658385e-06,0.0,0.0001867599179068323,0.00030180124223602484
USDCHF,15,3000,322,322,4.311493835403728e-06,0.0,0.00023994363233850933,0.0002981055900621118
USDCHF,15,5000,322,322,1.1987331531055901e-05,0.0,0.00026360764602173915,0.0002874223602484472
USDCHF,15,10000,322,322,-8.170811217391304e-06,5.6543694999999995e-06,0.0003409091805093168,0.00026677018633540375
USDCHF,15,15000,322,322,-2.165427986335404e-05,-1.1318132e-05,0.00035093780954658385,0.0002645341614906832
USDCHF,15,30000,322,322,2.182733027950309e-06,5.7489984999999996e-06,0.0004012503231397516,0.0002623913043478261
USDCHF,15,60000,322,322,1.548172693167702e-05,1.6976282e-05,0.0005147299160807453,0.00026180124223602484
USDCHF,15,120000,322,322,3.8124845127329185e-05,5.3509524e-05,0.0006893137670031056,0.00025829192546583847
USDCHF,16,250,135,135,4.230405222222222e-06,5.649638e-06,1.8986303607407407e-05,0.00024837037037037037
USDCHF,16,500,135,135,4.5617687999999996e-06,5.63512e-06,2.0827373437037036e-05,0.0002482222222222222
USDCHF,16,1000,135,135,5.661701844444445e-06,-0.0,2.7369871237037035e-05,0.00024718518518518514
USDCHF,16,2000,135,135,7.380365711111111e-06,0.0,3.75697039037037e-05,0.0002463703703703704
USDCHF,16,3000,135,135,4.438166318518518e-06,0.0,4.804488251111111e-05,0.0002437037037037037
USDCHF,16,5000,135,135,8.639193629629632e-07,0.0,5.748370942222222e-05,0.00025207407407407405
USDCHF,16,10000,135,135,-2.467937607407408e-06,-1.1363959e-05,8.12660847037037e-05,0.00024118518518518518
USDCHF,16,15000,135,135,-1.2490081925925927e-05,-1.7046956e-05,0.00010030970007407406,0.00024044444444444447
USDCHF,16,30000,135,135,-9.479134518518518e-06,-1.1374623e-05,0.00015219765063703702,0.00024259259259259262
USDCHF,16,60000,135,135,-3.877531372592593e-05,-9.5689202e-05,0.00020488819651111112,0.0002443703703703704
USDCHF,16,120000,135,135,-5.545741555555556e-05,-0.000129986465,0.0002771241617037037,0.00024148148148148146
USDCHF,17,250,254,254,-2.8150515157480312e-06,-5.655485e-06,3.686983810629921e-05,0.0002586220472440945
USDCHF,17,500,254,254,-2.453075236220469e-07,-5.6451570000000005e-06,4.131440667322835e-05,0.00025708661417322835
USDCHF,17,1000,254,254,-2.7123105472440942e-06,-2.8058125e-06,6.501348756299213e-05,0.0002594488188976378
USDCHF,17,2000,254,254,-1.062527220472441e-05,-5.619117e-06,9.366788692125983e-05,0.0002538582677165354
USDCHF,17,3000,254,254,-2.1233239094488187e-05,-1.132692e-05,0.00011642120849606299,0.0002532283464566929
USDCHF,17,5000,254,254,-2.208470351574803e-05,-1.68800615e-05,0.00013261221187795276,0.0002483464566929134
USDCHF,17,10000,254,254,-3.891832005511811e-05,-2.83702335e-05,0.00016283871653543307,0.0002449212598425197
USDCHF,17,15000,254,254,-2.3784726236220474e-05,-1.12763655e-05,0.00018017061246456691,0.0002451181102362205
USDCHF,17,30000,254,254,-9.411472110236218e-06,2.84435955e-05,0.00030037124058267717,0.0002478740157480315
USDCHF,17,60000,254,254,3.6298079724409443e-06,2.2569198000000002e-05,0.00038469800247637793,0.00024275590551181103
USDCHF,17,120000,254,254,-1.203317557480315e-05,4.2594262e-05,0.0004439534548031496,0.00024374015748031497
USDCHF,18,250,128,128,1.13135815859375e-05,5.6364705e-06,3.39420164609375e-05,0.00024
USDCHF,18,500,128,128,1.131228990625e-05,5.6189405000000005e-06,3.684330634375e-05,0.00023921875
USDCHF,18,1000,128,128,1.53190477578125e-05,5.664336500000001e-06,5.48131176015625e-05,0.000240703125
USDCHF,18,2000,128,128,1.95045857109375e-05,2.807861e-06,9.34954996171875e-05,0.000239296875
USDCHF,18,3000,128,128,1.24948796953125e-05,-5.6500395e-06,0.0001267037391484375,0.00024046875000000001
USDCHF,18,5000,128,128,9.380823132812497e-06,0.0,0.0001853958135859375,0.000238828125
USDCHF,18,10000,128,128,-2.34645474296875e-05,-2.842112e-06,0.0002366838862734375,0.000238671875
USDCHF,18,15000,128,128,-1.8556558671875e-05,-2.55150375e-05,0.000269788044046875,0.000244140625
USDCHF,18,30000,128,128,-2.4516549664062496e-05,2.813454e-06,0.0002388669842421875,0.000243203125
USDCHF,18,60000,128,128,-8.964212500000453e-08,8.5248045e-06,0.000410679682,0.000243046875
USDCHF,18,120000,128,128,-1.6358168874999998e-05,-4.5319326e-05,0.00044440727971874997,0.000246015625
USDCHF,19,250,32,32,-2.1543930937499993e-06,0.0,1.976237271875e-05,0.0002503125
USDCHF,19,500,32,32,-6.424589499999999e-06,-2.8499205e-06,2.47299715625e-05,0.0002515625
USDCHF,19,1000,32,32,-9.63896815625e-06,-2.807861e-06,3.359918415625e-05,0.0002546875
USDCHF,19,2000,32,32,-2.64364113125e-05,-1.4227579000000002e-05,4.12213433125e-05,0.0002525
USDCHF,19,3000,32,32,-2.2701570375e-05,2.807987e-06,5.680453275e-05,0.000249375
USDCHF,19,5000,32,32,6.743347499999995e-07,1.4173844e-05,6.33820019375e-05,0.00025
USDCHF,19,10000,32,32,-9.4123024375e-06,-5.6151385e-06,8.3112558625e-05,0.0002471875
USDCHF,19,15000,32,32,3.03830331875e-05,3.08864225e-05,7.12357156875e-05,0.0002515625
USDCHF,19,30000,32,32,6.151589584375e-05,8.46569035e-05,0.00011890195415625,0.0002578125
USDCHF,19,60000,32,32,9.986330678125e-05,0.000102488399,0.00015703799178125,0.000253125
USDCHF,19,120000,32,32,3.4151383312500005e-05,2.8498635e-05,0.00020738684175,0.0002496875
USDCHF,20,250,55,55,-2.375825927272727e-06,5.657245e-06,1.2696329527272728e-05,0.0002452727272727273
USDCHF,20,500,55,55,-1.447358981818182e-06,5.659294e-06,1.3212029236363637e-05,0.0002461818181818182
USDCHF,20,1000,55,55,-1.654066218181818e-06,0.0,1.4869383927272728e-05,0.00024436363636363636
USDCHF,20,2000,55,55,-5.194334909090911e-07,5.657117e-06,1.9506144654545455e-05,0.00024272727272727274
USDCHF,20,3000,55,55,3.0907814545454557e-07,5.666445e-06,2.5065617272727275e-05,0.00024272727272727274
USDCHF,20,5000,55,55,4.656380363636365e-06,5.676384e-06,3.12524432e-05,0.0002441818181818182
USDCHF,20,10000,55,55,-6.419591090909092e-06,-1.1362087e-05,5.695078814545454e-05,0.000244
USDCHF,20,15000,55,55,-1.7654378472727273e-05,-5.666862e-06,6.366960494545455e-05,0.00024163636363636363
USDCHF,20,30000,55,55,-4.260430709090908e-06,1.1349836e-05,8.92425262e-05,0.00024309090909090908
USDCHF,20,60000,55,55,-1.0154892363636365e-05,-1.7034276e-05,0.00011549322538181819,0.0002447272727272727
USDCHF,20,120000,55,55,9.849980763636363e-06,3.390386e-05,0.0001828782568,0.00024436363636363636
USDCHF,21,250,76,76,3.288969684210526e-06,-5.678543500000001e-06,3.992417515789474e-05,0.00039460526315789475
USDCHF,21,500,76,76,4.408757421052632e-06,-5.660465e-06,4.6429596631578946e-05,0.0003931578947368421
USDCHF,21,1000,76,76,1.8241825157894735e-05,5.685161e-06,7.731137207894737e-05,0.00039513157894736846
USDCHF,21,2000,76,76,3.103053535526316e-05,2.8325645e-06,0.00011791204785526316,0.0003742105263157895
USDCHF,21,3000,76,76,1.9365064315789475e-05,2.8436315e-06,0.00014558834897368422,0.0003557894736842105
USDCHF,21,5000,76,76,2.676764796052632e-05,1.4214942e-05,0.00016106508001315791,0.0003332894736842105
USDCHF,21,10000,76,76,5.242878603947368e-05,0.0,0.0002727256169605263,0.00030315789473684215
USDCHF,21,15000,76,76,-1.8147573236842106e-05,-1.7037178e-05,0.00035602710447368423,0.00028736842105263154
USDCHF,21,30000,76,76,-0.00012010915221052633,-2.8343729e-05,0.00039423383084210526,0.00026407894736842107
USDCHF,21,60000,76,76,-2.398337168421053e-05,-1.1373718e-05,0.00033041650507894735,0.00027210526315789475
USDCHF,21,120000,76,76,-9.047637935526315e-05,-4.54983955e-05,0.00038120131993421054,0.00026171052631578947
USDCHF,22,250,16,16,-6.729883187499999e-06,-1.13327655e-05,2.0222045562499998e-05,0.000245
USDCHF,22,500,16,16,-9.915723875e-06,-1.1340858e-05,2.1991929e-05,0.000244375
USDCHF,22,1000,16,16,-9.567250874999999e-06,-1.13327655e-05,2.2354796749999998e-05,0.0002475
USDCHF,22,2000,16,16,-1.45427861875e-05,-2.8314575e-06,2.87329281875e-05,0.00024875
USDCHF,22,3000,16,16,-1.1706923812500001e-05,-1.1333987000000001e-05,2.65946584375e-05,0.00024875
USDCHF,22,5000,16,16,-2.2332576874999998e-05,-2.83552e-05,2.9415409125e-05,0.000245
USDCHF,22,10000,16,16,-2.90666425625e-05,-3.11317745e-05,4.18314884375e-05,0.000240625
USDCHF,22,15000,16,16,-1.453055075e-05,-2.8354535e-06,4.715697225e-05,0.000235
USDCHF,22,30000,16,16,-4.1780495875e-05,-3.1300095e-05,8.927675200000001e-05,0.000241875
USDCHF,22,60000,16,16,-4.9601493e-05,-3.97402355e-05,9.6387931e-05,0.000239375
USDCHF,22,120000,16,16,-4.81218864375e-05,-6.80542005e-05,0.00012482166306249998,0.000241875
USDCHF,23,250,4,4,4.30960275e-06,-5.662819e-06,1.558201625e-05,0.00024
USDCHF,23,500,4,4,4.30960275e-06,-5.662819e-06,1.558201625e-05,0.00024
USDCHF,23,1000,4,4,4.30960275e-06,-5.662819e-06,1.558201625e-05,0.00024
USDCHF,23,2000,4,4,2.9071922500000004e-06,-5.662819e-06,1.6984426749999998e-05,0.0002375
USDCHF,23,3000,4,4,4.30960275e-06,-5.662819e-06,1.558201625e-05,0.00024
USDCHF,23,5000,4,4,4.2829745e-06,-5.662835e-06,1.56086445e-05,0.00023500000000000002
USDCHF,23,10000,4,4,1.1393203500000001e-05,5.662787e-06,1.7002798e-05,0.0002325
USDCHF,23,15000,4,4,8.56181e-06,0.0,1.41714045e-05,0.0002275
USDCHF,23,30000,4,4,-1.247098250000001e-06,5.662787e-06,2.680150425e-05,0.00023500000000000002
USDCHF,23,60000,4,4,-3.9525865000000015e-06,1.1325541e-05,4.6536031e-05,0.000245
USDCHF,23,120000,4,4,1.873057525e-05,2.8313613e-05,6.641413575e-05,0.000235
USDJPY,0,250,20,20,1.265509935e-05,6.7239035e-06,3.061359525e-05,0.14925
USDJPY,0,500,20,20,2.3170321299999996e-05,6.7012919999999995e-06,4.44767215e-05,0.14945
USDJPY,0,1000,20,20,4.31458929e-05,1.3538355e-05,6.20968263e-05,0.14755000000000001
USDJPY,0,2000,20,20,3.07761783e-05,1.0153624500000001e-05,5.9206369300000006e-05,0.15
USDJPY,0,3000,20,20,1.2823824799999996e-05,5.03155e-06,6.42835601e-05,0.1498
USDJPY,0,5000,20,20,4.61787007e-05,5.2140909999999995e-05,7.09254357e-05,0.14830000000000002
USDJPY,0,10000,20,20,4.423097175e-05,7.78472255e-05,0.00011156712754999999,0.15055000000000002
USDJPY,0,15000,20,20,2.7108506949999996e-05,5.67734895e-05,0.00010581977965,0.14855000000000002
USDJPY,0,30000,20,20,-5.453802915e-05,2.0037197e-05,0.00024155347005,0.1061
USDJPY,0,60000,20,20,6.137357810000001e-05,3.36222045e-05,0.00019330450700000003,0.07015
USDJPY,0,120000,20,20,3.606272355e-05,-2.3463808e-05,0.00033814938705,0.0516
USDJPY,1,250,127,127,-2.892010472440946e-07,-3.347208e-06,2.103843542519685e-05,0.02752755905511811
USDJPY,1,500,127,127,1.193727559055117e-07,-3.338413e-06,2.1929455527559056e-05,0.027401574803149607
USDJPY,1,1000,127,127,2.7726060866141728e-06,-3.33711e-06,3.0230107e-05,0.02703937007874016
USDJPY,1,2000,127,127,7.857232598425195e-06,-0.0,4.12140334488189e-05,0.026125984251968503
USDJPY,1,3000,127,127,1.881806012598425e-05,3.387815e-06,5.8130489354330706e-05,0.025763779527559053
USDJPY,1,5000,127,127,2.531253818897638e-05,1.0159418e-05,7.467954244094489e-05,0.02583464566929134
USDJPY,1,10000,127,127,3.095203366929134e-05,6.701627e-06,0.00010018816373228347,0.025661417322834643
USDJPY,1,15000,127,127,7.016450023622048e-06,3.382807e-06,0.00011085845766141732,0.025299212598425196
USDJPY,1,30000,127,127,-5.6406513472440946e-05,-4.340314e-05,0.000185947145992126,0.02448818897637795
USDJPY,1,60000,127,127,-8.822087192125984e-05,-9.1342275e-05,0.0002598626203149606,0.0244251968503937
USDJPY,1,120000,127,127,-0.00016184026468503936,-6.0103779e-05,0.0003373714294409449,0.023708661417322835
USDJPY,2,250,202,202,2.8745752376237625e-06,3.3372935e-06,1.544709600990099e-05,0.019792079207920792
USDJPY,2,500,202,202,2.1843305990099007e-06,3.337182e-06,1.8062211361386137e-05,0.019737623762376238
USDJPY,2,1000,202,202,8.510820693069306e-07,0.0,2.818796800990099e-05,0.019826732673267327
USDJPY,2,2000,202,202,-4.920811787128713e-06,-0.0,4.814522639108911e-05,0.019757425742574258
USDJPY,2,3000,202,202,-8.962153247524752e-06,0.0,5.985058774257425e-05,0.019524752475247525
USDJPY,2,5000,202,202,-1.77187151980198e-05,-6.6930935e-06,7.363214291089109e-05,0.01955940594059406
USDJPY,2,10000,202,202,-3.237431737623762e-05,-2.00570525e-05,0.00011882041728712871,0.019574257425742574
USDJPY,2,15000,202,202,-2.6315048455445546e-05,-1.012104e-05,0.000143514096990099,0.019376237623762376
USDJPY,2,30000,202,202,-3.0013664910891088e-05,-2.5065436500000002e-05,0.00016437140028712874,0.01949009900990099
USDJPY,2,60000,202,202,-4.732809760891089e-05,-1.0106404e-05,0.00020849904058910893,0.019806930693069307
USDJPY,2,120000,202,202,-3.922803557920792e-05,-1.5110735500000001e-05,0.0002443408980346535,0.019673267326732673
USDJPY,3,250,248,248,5.743471572580644e-07,-3.330791e-06,1.9981035842741936e-05,0.018657258064516128
USDJPY,3,500,248,248,-7.934229879032258e-07,0.0,2.982078977822581e-05,0.018681451612903226
USDJPY,3,1000,248,248,-6.916743592741936e-06,-3.3357685e-06,4.1336905899193556e-05,0.018681451612903226
USDJPY,3,2000,248,248,-2.1573893431451615e-05,-6.714069e-06,5.237733052016129e-05,0.018520161290322582
USDJPY,3,3000,248,248,-2.4884935076612902e-05,-1.00404735e-05,6.477591019758064e-05,0.018556451612903226
USDJPY,3,5000,248,248,-2.409639891532258e-05,-1.5159407e-05,8.67840242298387e-05,0.018641129032258067
USDJPY,3,10000,248,248,-2.6662394991935484e-05,-1.6787519e-05,0.00011308571488709678,0.018665322580645162
USDJPY,3,15000,248,248,-2.3564987633064517e-05,-2.0270237e-05,0.00013218906598790322,0.018709677419354837
USDJPY,3,30000,248,248,-8.196376370967757e-07,-2.3391668e-05,0.00015397743798387098,0.018790322580645162
USDJPY,3,60000,248,248,1.7511312907258063e-05,5.0311270000000005e-06,0.00022722720765725805,0.01846774193548387
USDJPY,3,120000,248,248,3.537256099193548e-05,3.84772845e-05,0.0002673748151612903,0.018653225806451613
USDJPY,4,250,262,262,2.2610693206106865e-06,3.3457575e-06,1.249919354961832e-05,0.01846564885496183
USDJPY,4,500,262,262,1.990705576335878e-06,1.669056e-06,1.4665191698473282e-05,0.01846564885496183
USDJPY,4,1000,262,262,4.5858025458015265e-06,3.336815e-06,2.162033525572519e-05,0.018618320610687022
USDJPY,4,2000,262,262,1.6820202251908396e-06,0.0,3.0983728400763355e-05,0.01833206106870229
USDJPY,4,3000,262,262,-2.654001358778626e-06,0.0,4.15312496259542e-05,0.018442748091603053
USDJPY,4,5000,262,262,-7.1565689541984726e-06,-6.674431e-06,5.6794514114503816e-05,0.018293893129770995
USDJPY,4,10000,262,262,-1.0040273896946565e-05,-1.35347315e-05,7.801891983587786e-05,0.01834351145038168
USDJPY,4,15000,262,262,-2.0689609114503815e-05,-1.7035602000000002e-05,8.412441860305343e-05,0.018381679389312976
USDJPY,4,30000,262,262,-2.9433702041984734e-05,-1.6845824499999998e-05,0.00010168468398091604,0.018316793893129773
USDJPY,4,60000,262,262,-4.1526351309160306e-05,-4.05889065e-05,0.00015800769952290075,0.018606870229007633
USDJPY,4,120000,262,262,-5.4869468240458017e-05,-5.0777904e-05,0.00020082484920229006,0.01836259541984733
USDJPY,5,250,305,305,1.6385753737704919e-06,-0.0,1.828583502622951e-05,0.018809836065573772
USDJPY,5,500,305,305,2.851111245901639e-06,-0.0,2.440349475409836e-05,0.01879016393442623
USDJPY,5,1000,305,305,3.914307085245901e-06,-0.0,3.2399080973770494e-05,0.018708196721311476
USDJPY,5,2000,305,305,1.015827915737705e-05,3.344073e-06,4.758830460655738e-05,0.01864262295081967
USDJPY,5,3000,305,305,5.603437737704917e-06,3.386599e-06,6.015767605245902e-05,0.018731147540983605
USDJPY,5,5000,305,305,7.891475731147541e-06,3.34564e-06,8.26476567737705e-05,0.018868852459016393
USDJPY,5,10000,305,305,1.5084165291803277e-05,3.400476e-06,0.00011135476169836065,0.018806557377049178
USDJPY,5,15000,305,305,3.1932569013114755e-05,1.0054512e-05,0.0001467135901081967,0.018301639344262294
USDJPY,5,30000,305,305,2.1475518547540983e-05,3.387815e-06,0.00018361178044262294,0.01879016393442623
USDJPY,5,60000,305,305,7.3020776852459015e-06,2.0235269e-05,0.0001813984826229508,0.018449180327868853
USDJPY,5,120000,305,305,2.371192176065574e-05,1.0118505e-05,0.0002436546234590164,0.01882295081967213
USDJPY,6,250,137,137,-1.5491922116788316e-06,0.0,1.3675228883211678e-05,0.01845985401459854
USDJPY,6,500,137,137,-3.865050729927008e-07,-0.0,1.8535859394160586e-05,0.018321167883211677
USDJPY,6,1000,137,137,6.026689635036495e-07,-0.0,2.7245019722627737e-05,0.018233576642335766
USDJPY,6,2000,137,137,-5.289143722627738e-07,-3.345964e-06,3.377387669343066e-05,0.018109489051094888
USDJPY,6,3000,137,137,1.067878124087592e-06,0.0,4.211715825547445e-05,0.01813868613138686
USDJPY,6,5000,137,137,1.5990486642335759e-06,-0.0,5.227979688321168e-05,0.017927007299270072
USDJPY,6,10000,137,137,-1.9142274087591244e-05,-1.0082559e-05,7.788117446715328e-05,0.017905109489051094
USDJPY,6,15000,137,137,-3.33513418540146e-05,-2.002824e-05,9.138313110948904e-05,0.017934306569343066
USDJPY,6,30000,137,137,-6.30543086131387e-06,-3.345964e-06,0.00010236466503649634,0.01824087591240876
USDJPY,6,60000,137,137,-2.109000996350365e-05,-3.0052743e-05,0.00011755114632846717,0.018313868613138686
USDJPY,6,120000,137,137,-5.4577092204379564e-05,-7.69613e-05,0.0001628131500729927,0.018270072992700732
USDJPY,7,250,136,136,-4.637876617647058e-07,-1.668399e-06,1.1676547764705883e-05,0.01875735294117647
USDJPY,7,500,136,136,1.062939441176471e-06,0.0,1.5975299985294115e-05,0.018683823529411763
USDJPY,7,1000,136,136,8.255712426470588e-07,0.0,2.1166208345588236e-05,0.018551470588235294
USDJPY,7,2000,136,136,8.494172132352939e-07,-3.3370149999999998e-06,2.820582697794118e-05,0.018691176470588235
USDJPY,7,3000,136,136,9.26531029411762e-08,-3.379475e-06,3.676028879411764e-05,0.01876470588235294
USDJPY,7,5000,136,136,4.094937911764705e-06,0.0,5.277125735294118e-05,0.01875
USDJPY,7,10000,136,136,-1.8597578286764708e-05,-6.713584000000001e-06,7.782112388970588e-05,0.018573529411764704
USDJPY,7,15000,136,136,-2.394982461029412e-05,-1.1691029e-05,8.879741693382354e-05,0.018875000000000003
USDJPY,7,30000,136,136,-4.445670332352941e-05,-2.85859915e-05,0.00010194735111764706,0.018522058823529412
USDJPY,7,60000,136,136,-1.735943877205882e-05,-1.5254999e-05,0.00012486244763970587,0.018691176470588235
USDJPY,7,120000,136,136,-1.8029015933823532e-05,-2.02173225e-05,0.0001938914095220588,0.018205882352941176
USDJPY,8,250,120,120,-3.0511766583333337e-06,-3.360582e-06,1.0123441058333334e-05,0.018175
USDJPY,8,500,120,120,-2.185183266666667e-06,0.0,1.1607545766666666e-05,0.018216666666666666
USDJPY,8,1000,120,120,-2.7835826083333332e-06,0.0,1.5738876691666665e-05,0.01835833333333333
USDJPY,8,2000,120,120,-2.2998267e-06,-3.3477509999999997e-06,2.1767822683333336e-05,0.018133333333333335
USDJPY,8,3000,120,120,-4.868927833333334e-07,0.0,2.8384529950000002e-05,0.0182
USDJPY,8,5000,120,120,1.3063635000000003e-06,0.0,3.663455668333334e-05,0.018333333333333333
USDJPY,8,10000,120,120,-3.430450758333334e-06,-6.721153e-06,5.852995790833334e-05,0.018408333333333336
USDJPY,8,15000,120,120,3.810984316666667e-06,-1.5130861499999999e-05,7.103974523333333e-05,0.01815
USDJPY,8,30000,120,120,1.006281633333333e-06,-1.3499995999999999e-05,9.67319672e-05,0.018333333333333333
USDJPY,8,60000,120,120,-3.625877716666667e-06,-1.50983155e-05,0.00012627455868333335,0.018324999999999998
USDJPY,8,120000,120,120,1.3638623866666664e-05,2.18263325e-05,0.00017410486418333333,0.018283333333333332
USDJPY,9,250,506,506,7.837355019762846e-07,3.337745e-06,2.3427381446640314e-05,0.018891304347826085
USDJPY,9,500,506,506,2.3821139723320127e-07,0.0,3.288386048023716e-05,0.01884387351778656
USDJPY,9,1000,506,506,8.474215928853756e-07,3.3382124999999997e-06,4.792268115810277e-05,0.018760869565217393
USDJPY,9,2000,506,506,8.369596403162051e-07,-0.0,6.441289774703557e-05,0.01850790513833992
USDJPY,9,3000,506,506,8.508988387351778e-06,1.6684215e-06,8.160594994861661e-05,0.018543478260869564
USDJPY,9,5000,506,506,9.927570932806325e-06,-3.3372324999999997e-06,0.00011308722463636364,0.018717391304347825
USDJPY,9,10000,506,506,-2.3713353181818187e-06,-6.7741385e-06,0.00013261893274505931,0.01866205533596838
USDJPY,9,15000,506,506,4.101452043478262e-06,-1.3473917500000001e-05,0.00016137001836363636,0.018533596837944664
USDJPY,9,30000,506,506,1.4839401075098814e-05,0.0,0.00018404992620553361,0.018699604743083003
USDJPY,9,60000,506,506,1.8197871379446638e-05,-1.671947e-06,0.00025651900386561267,0.018561264822134386
USDJPY,9,120000,506,506,4.9324454148221346e-05,5.006952e-06,0.0003434087708833992,0.018608695652173914
USDJPY,10,250,599,599,-1.1968902487479133e-06,-3.348855e-06,2.047545431218698e-05,0.018190317195325545
USDJPY,10,500,599,599,-2.0964516427378964e-06,-3.339394e-06,2.664971950250417e-05,0.018145242070116863
USDJPY,10,1000,599,599,-2.6059279666110186e-06,0.0,3.6949775993322207e-05,0.018161936560934892
USDJPY,10,2000,599,599,-1.5525579248747917e-06,-3.348429e-06,5.470667104006678e-05,0.018125208681135225
USDJPY,10,3000,599,599,1.0180058297161936e-06,-0.0,6.131386721202004e-05,0.018198664440734556
USDJPY,10,5000,599,599,4.127157429048414e-06,0.0,8.549331562270452e-05,0.017978297161936562
USDJPY,10,10000,599,599,-2.055959976460768e-05,-1.6857636e-05,0.00012916581721702838,0.017964941569282137
USDJPY,10,15000,599,599,-3.0521263582637726e-05,-2.3468473e-05,0.00014502559811352254,0.017953255425709514
USDJPY,10,30000,599,599,-3.00884928163606e-05,-3.7128232e-05,0.00017216105701001668,0.017963272120200335
USDJPY,10,60000,599,599,-2.5289108629382305e-05,-1.3542887e-05,0.0002380210117378965,0.017923205342237063
USDJPY,10,120000,599,599,-3.188679157095159e-05,-5.0574271e-05,0.0003022415599382304,0.01789482470784641
USDJPY,11,250,371,371,-1.1152405256064689e-06,-0.0,1.6196387603773583e-05,0.01798921832884097
USDJPY,11,500,371,371,-1.4939705040431264e-06,-0.0,2.0818353140161725e-05,0.01802156334231806
USDJPY,11,1000,371,371,2.5414652560646916e-07,-0.0,3.1035479323450136e-05,0.017983827493261453
USDJPY,11,2000,371,371,-1.503962522911051e-06,0.0,4.219919915902965e-05,0.018113207547169812
USDJPY,11,3000,371,371,-2.818770382749326e-06,0.0,5.114962603234502e-05,0.017921832884097034
USDJPY,11,5000,371,371,-6.987745172506739e-06,-6.726691e-06,6.703212057951483e-05,0.017835579514824798
USDJPY,11,10000,371,371,-1.2626121814016172e-05,-1.677827e-05,9.014448858490567e-05,0.01793530997304582
USDJPY,11,15000,371,371,-2.349864490296496e-05,-2.0380089e-05,0.00010426569246091644,0.017703504043126685
USDJPY,11,30000,371,371,-3.656917802695418e-05,-3.0338221e-05,0.00011868126781132075,0.017797843665768195
USDJPY,11,60000,371,371,-4.636980322911051e-05,-3.4026915e-05,0.00017590408156873313,0.01774932614555256
USDJPY,11,120000,371,371,-4.5517186956873314e-05,-4.0575907e-05,0.000218346806180593,0.018097035040431267
USDJPY,12,250,148,148,6.636996418918919e-07,-3.3563805e-06,1.008376206081081e-05,0.017743243243243244
USDJPY,12,500,148,148,1.6178858513513514e-06,-3.3440975e-06,1.1908536108108109e-05,0.017594594594594594
USDJPY,12,1000,148,148,3.814903587837838e-06,0.0,1.797401102027027e-05,0.017743243243243244
USDJPY,12,2000,148,148,3.362369614864864e-06,3.361655e-06,2.6536353331081083e-05,0.01804054054054054
USDJPY,12,3000,148,148,1.277420635135135e-06,-3.3584605e-06,3.564444717567567e-05,0.017858108108108107
USDJPY,12,5000,148,148,-8.667609472972973e-06,0.0,4.6596044986486486e-05,0.017945945945945948
USDJPY,12,10000,148,148,-1.2018060601351353e-05,-5.0539175e-06,7.34725885472973e-05,0.017851351351351352
USDJPY,12,15000,148,148,-1.6989683831081082e-05,-6.7878815e-06,9.059411658783783e-05,0.01821621621621622
USDJPY,12,30000,148,148,-1.0006681222972973e-05,3.3611199999999996e-06,0.0001233318891554054,0.017621621621621623
USDJPY,12,60000,148,148,1.7701853513513507e-06,-1.3470102e-05,0.00017088498495945945,0.018236486486486486
USDJPY,12,120000,148,148,2.166200222972973e-05,6.7218795e-06,0.00021767702578378377,0.017986486486486486
USDJPY,13,250,157,157,-1.1837429617834395e-06,-3.338558e-06,1.5678345904458598e-05,0.018038216560509555
USDJPY,13,500,157,157,-1.3042514012738863e-07,-0.0,1.8783557764331208e-05,0.017929936305732485
USDJPY,13,1000,157,157,-4.989899401273886e-06,-0.0,2.7161486700636945e-05,0.017694267515923567
USDJPY,13,2000,157,157,-7.3548651974522296e-06,-0.0,3.724319915923567e-05,0.017745222929936307
USDJPY,13,3000,157,157,1.5202720254777068e-06,3.348026e-06,4.474798797452229e-05,0.01780891719745223
USDJPY,13,5000,157,157,4.2655247197452235e-06,0.0,5.200520722929937e-05,0.01780891719745223
USDJPY,13,10000,157,157,7.744261375796179e-06,3.370902e-06,9.593403689171975e-05,0.017987261146496816
USDJPY,13,15000,157,157,2.512619431847134e-05,1.3528001e-05,0.00012290653048407644,0.01773248407643312
USDJPY,13,30000,157,157,5.172462982165605e-05,2.0191686e-05,0.00016070015760509556,0.017738853503184715
USDJPY,13,60000,157,157,2.1806917566878978e-05,3.380771e-06,0.000204649910433121,0.017993630573248407
USDJPY,13,120000,157,157,-6.637363630573247e-06,-5.37102e-05,0.00022459563066242036,0.01845859872611465
USDJPY,14,250,204,204,1.6003585343137254e-06,-3.3422125e-06,2.089879350490196e-05,0.017941176470588235
USDJPY,14,500,204,204,2.046084093137255e-06,0.0,2.75849823872549e-05,0.018004901960784313
USDJPY,14,1000,204,204,1.422463181372549e-06,0.0,3.569345094607843e-05,0.017901960784313727
USDJPY,14,2000,204,204,5.935012500000001e-06,5.041465e-06,4.17058856372549e-05,0.017848039215686274
USDJPY,14,3000,204,204,6.728758254901962e-06,3.3801175e-06,4.5322271990196076e-05,0.018019607843137254
USDJPY,14,5000,204,204,9.587606377450979e-06,6.717795999999999e-06,6.566099680882353e-05,0.01810294117647059
USDJPY,14,10000,204,204,1.1337202769607842e-05,5.0540455e-06,7.677309096568628e-05,0.01802941176470588
USDJPY,14,15000,204,204,6.455096764705881e-07,-1.6747755e-06,0.00010665923628431374,0.01800980392156863
USDJPY,14,30000,204,204,6.075760539215691e-07,0.0,0.0001193408267009804,0.01778921568627451
USDJPY,14,60000,204,204,-6.5330586862745094e-06,-6.776485500000001e-06,0.00016191783867647059,0.017705882352941175
USDJPY,14,120000,204,204,-5.3617873313725486e-05,-4.37140105e-05,0.00022181279638235296,0.01793627450980392
USDJPY,15,250,1258,1258,-3.212477380763116e-06,0.0,4.687274235691574e-05,0.023108108108108108
USDJPY,15,500,1258,1258,-5.682712660572337e-06,0.0,6.427558668759937e-05,0.0231724960254372
USDJPY,15,1000,1258,1258,-6.8110749817170105e-06,3.3107105e-06,9.417096084976152e-05,0.02313275039745628
USDJPY,15,2000,1258,1258,1.8112706430842606e-06,1.654777e-06,0.00013653841017249602,0.022900635930047694
USDJPY,15,3000,1258,1258,1.4361499871224166e-05,9.994935e-06,0.00017145730567567568,0.0227241653418124
USDJPY,15,5000,1258,1258,2.5042705084260734e-05,8.353890499999999e-06,0.00022448824159777424,0.0225516693163752
USDJPY,15,10000,1258,1258,9.659158771065182e-06,1.01089755e-05,0.0003191108030333863,0.021096184419713834
USDJPY,15,15000,1258,1258,2.2284666037360893e-05,2.0170150000000002e-05,0.0003337560844809221,0.020678060413354533
USDJPY,15,30000,1258,1258,-9.467979190779015e-06,-3.3926365e-06,0.00043301443389189194,0.02046502384737679
USDJPY,15,60000,1258,1258,5.105747567329094e-05,1.34299935e-05,0.0005912544356748808,0.02018441971383148
USDJPY,15,120000,1258,1258,8.879915439904611e-05,2.364119e-05,0.0007354219624356121,0.019316375198728142
USDJPY,16,250,587,587,-5.518351090289607e-07,0.0,2.1237820679727426e-05,0.01842078364565588
USDJPY,16,500,587,587,-5.701279216354343e-07,-0.0,2.9119022674616694e-05,0.018436115843270866
USDJPY,16,1000,587,587,-1.979739925042589e-06,-0.0,3.9368200960817716e-05,0.01838841567291312
USDJPY,16,2000,587,587,-9.73136896592845e-06,-3.362322e-06,5.895200122487223e-05,0.018284497444633733
USDJPY,16,3000,587,587,-1.0093757952299829e-05,-6.725764e-06,7.21635356592845e-05,0.018149914821124363
USDJPY,16,5000,587,587,-9.851706621805791e-06,-1.0077784e-05,8.81116219097104e-05,0.018059625212947187
USDJPY,16,10000,587,587,-1.2036128253833048e-05,-1.6792019e-05,0.00012432426952129472,0.01810732538330494
USDJPY,16,15000,587,587,-1.5309121190800683e-05,-2.3792489e-05,0.00013865647524531518,0.017899488926746168
USDJPY,16,30000,587,587,-1.6997702172061327e-05,-2.3550984e-05,0.00018790470220954005,0.017935264054514483
USDJPY,16,60000,587,587,-5.9157089914821134e-06,1.3441267e-05,0.0002530587112436116,0.01800681431005111
USDJPY,16,120000,587,587,-7.035138414650767e-05,-6.7225309e-05,0.000407401193011925,0.017971039182282794
USDJPY,17,250,911,911,-2.5868762184412733e-06,-0.0,3.7711933880351264e-05,0.020564215148188802
USDJPY,17,500,911,911,-1.7951123435784851e-06,3.330075e-06,5.325741297365533e-05,0.020562019758507133
USDJPY,17,1000,911,911,-9.156003459934138e-06,-3.367984e-06,7.70863242963776e-05,0.020569703622392976
USDJPY,17,2000,911,911,-1.6971168309549946e-05,-6.714564e-06,0.00010766167476838639,0.02028759604829857
USDJPY,17,3000,911,911,-1.1908346545554336e-05,-3.387941e-06,0.0001279368262711306,0.02001536772777168
USDJPY,17,5000,911,911,-1.4821200259055982e-05,-1.0165546e-05,0.00015636572243907793,0.019892425905598244
USDJPY,17,10000,911,911,-2.032836707464325e-05,0.0,0.00022005412594401755,0.01959495060373216
USDJPY,17,15000,911,911,-1.09278214687157e-05,3.354708e-06,0.0002626649503029638,0.01940834248079034
USDJPY,17,30000,911,911,2.4823303241492866e-05,6.774173e-06,0.0003393855745806806,0.019294182217343577
USDJPY,17,60000,911,911,1.858167164324918e-05,-2.0322587e-05,0.0004270948865345774,0.01898133918770582
USDJPY,17,120000,911,911,-1.467893755104281e-05,-1.6816191e-05,0.0005215637446070253,0.018735455543358946
USDJPY,18,250,450,450,-6.534298111111112e-07,-1.6626845e-06,3.362902069555555e-05,0.01843777777777778
USDJPY,18,500,450,450,-2.1399043022222227e-06,-3.3295324999999998e-06,4.791865987111111e-05,0.018373333333333335
USDJPY,18,1000,450,450,1.2360458977777783e-06,0.0,6.344651331999999e-05,0.018333333333333333
USDJPY,18,2000,450,450,7.974600217777778e-06,0.0,8.887978379111112e-05,0.01833777777777778
USDJPY,18,3000,450,450,5.8554153355555555e-06,0.0,0.00010946271071777778,0.01829333333333333
USDJPY,18,5000,450,450,-1.3232566055555556e-05,-1.52103105e-05,0.00013556742790444445,0.018331111111111114
USDJPY,18,10000,450,450,-2.7573106486666668e-05,-3.68569385e-05,0.0001798856877888889,0.018042222222222223
USDJPY,18,15000,450,450,-5.257848739111111e-05,-3.36302395e-05,0.00019163304731555555,0.018035555555555555
USDJPY,18,30000,450,450,4.820111428888888e-06,6.710265e-06,0.00022499595098444445,0.018295555555555558
USDJPY,18,60000,450,450,-5.493966660000001e-06,-2.03556865e-05,0.0002544638390688889,0.018266666666666667
USDJPY,18,120000,450,450,-2.129267209111111e-05,-2.35020695e-05,0.0002938872362511111,0.01822222222222222
USDJPY,19,250,136,136,-1.8287633308823529e-06,1.664234e-06,1.7788962757352942e-05,0.01875735294117647
USDJPY,19,500,136,136,-1.7532204044117642e-06,-1.664234e-06,2.500790505147059e-05,0.01876470588235294
USDJPY,19,1000,136,136,-3.0949710661764703e-06,-3.373627e-06,3.159960890441176e-05,0.018933823529411767
USDJPY,19,2000,136,136,-4.519455250000001e-06,-3.3663049999999998e-06,4.256084936764706e-05,0.01911764705882353
USDJPY,19,3000,136,136,-8.654415683823531e-06,-6.755187e-06,5.2635686507352945e-05,0.018977941176470586
USDJPY,19,5000,136,136,-1.1757775933823529e-05,-6.7552605e-06,6.968987315441176e-05,0.018639705882352944
USDJPY,19,10000,136,136,-1.6851525772058823e-05,1.692543e-06,9.740415984558823e-05,0.018301470588235294
USDJPY,19,15000,136,136,-8.61548363235294e-06,-1.68089e-06,0.00011493302454411765,0.01839705882352941
USDJPY,19,30000,136,136,-3.0258222205882354e-05,-2.85513575e-05,0.0001549318799117647,0.01849264705882353
USDJPY,19,60000,136,136,-6.3856451397058815e-06,-6.791640000000001e-06,0.00019959216272794118,0.018080882352941176
USDJPY,19,120000,136,136,-4.290163530882353e-05,-6.4476504e-05,0.0002568865563382353,0.018595588235294117
USDJPY,20,250,209,209,-6.649783956937799e-06,-3.382818e-06,2.6550958645933013e-05,0.018071770334928232
USDJPY,20,500,209,209,-1.2857022449760766e-05,-3.397172e-06,3.7077345846889956e-05,0.018105263157894735
USDJPY,20,1000,209,209,-1.6546426894736842e-05,-3.398211e-06,4.8718801803827756e-05,0.018215311004784688
USDJPY,20,2000,209,209,-2.2352463923444976e-06,-6.762445e-06,6.0325545846889955e-05,0.01835406698564593
USDJPY,20,3000,209,209,-1.105920233014354e-05,-1.3433322e-05,6.991819992822967e-05,0.018172248803827753
USDJPY,20,5000,209,209,-1.1982443009569378e-05,-1.0074264e-05,7.904426909569378e-05,0.018023923444976078
USDJPY,20,10000,209,209,-2.7661996464114833e-05,-2.0297082e-05,9.511256690430623e-05,0.01825358851674641
USDJPY,20,15000,209,209,-2.5048241205741627e-05,-2.029564e-05,0.00011106575676555023,0.01803349282296651
USDJPY,20,30000,209,209,-2.947618404784689e-05,-2.7039359e-05,0.0001271054158660287,0.0181244019138756
USDJPY,20,60000,209,209,-2.0412648789473684e-05,-4.0436989e-05,0.00018089440423444975,0.017732057416267943
USDJPY,20,120000,209,209,-4.3707845023923444e-06,-1.0109843e-05,0.00026728659080861247,0.017583732057416267
USDJPY,21,250,552,552,-3.87866652173913e-07,0.0,2.1501337847826087e-05,0.02021195652173913
USDJPY,21,500,552,552,-1.5386269565217393e-07,-0.0,2.9538646028985506e-05,0.020213768115942027
USDJPY,21,1000,552,552,-4.5564304528985526e-07,0.0,4.328420916847826e-05,0.02020108695652174
USDJPY,21,2000,552,552,1.457832862318841e-06,3.373808e-06,6.304445555072464e-05,0.020083333333333335
USDJPY,21,3000,552,552,5.827153913043476e-07,3.36109e-06,7.750201465217391e-05,0.019952898550724636
USDJPY,21,5000,552,552,3.850612097826088e-06,3.3807240000000003e-06,9.870148021376813e-05,0.01976268115942029
USDJPY,21,10000,552,552,6.933151465579711e-06,8.400281500000001e-06,0.00015827987302355072,0.0195
USDJPY,21,15000,552,552,2.6828320552536234e-05,1.33666165e-05,0.0001985795816177536,0.01939130434782609
USDJPY,21,30000,552,552,2.357956242210145e-05,1.67133815e-05,0.000242894861125,0.01907427536231884
USDJPY,21,60000,552,552,3.023046030978261e-05,-2.5287476e-05,0.00036005650018659417,0.018820652173913044
USDJPY,21,120000,552,552,4.562583704166667e-05,1.34222435e-05,0.0004109873440054348,0.01863949275362319
USDJPY,22,250,336,336,5.3405225e-07,-3.338765e-06,2.3071212071428574e-05,0.018645833333333334
USDJPY,22,500,336,336,7.840132321428572e-07,0.0,2.9255848845238098e-05,0.018642857142857145
USDJPY,22,1000,336,336,-2.4403320833333334e-07,0.0,3.769103580357143e-05,0.018589285714285714
USDJPY,22,2000,336,336,-4.256451758928571e-06,-3.343141e-06,5.827443309821429e-05,0.018538690476190476
USDJPY,22,3000,336,336,-4.927111008928572e-06,-3.3374755e-06,8.161788694345239e-05,0.018232142857142856
USDJPY,22,5000,336,336,1.6825960357142856e-06,-5.0314895000000005e-06,9.222353251785714e-05,0.018223214285714287
USDJPY,22,10000,336,336,1.4330187586309523e-05,-3.3759649999999996e-06,0.00014594856420535712,0.01823511904761905
USDJPY,22,15000,336,336,1.0361766419642858e-05,3.350769e-06,0.0001724151500625,0.018294642857142857
USDJPY,22,30000,336,336,1.5997901842261903e-05,1.6944914e-05,0.0002517260483482143,0.018285714285714287
USDJPY,22,60000,336,336,9.196234589583334e-05,1.6688945e-06,0.0003817126311815476,0.018318452380952383
USDJPY,22,120000,336,336,5.7754370494047615e-05,2.19965805e-05,0.00045052741529166666,0.018702380952380953
USDJPY,23,250,129,129,-6.674497519379847e-07,-3.344644e-06,1.675940060465116e-05,0.018775193798449615
USDJPY,23,500,129,129,2.0000682635658916e-06,-3.339952e-06,2.139882093023256e-05,0.018844961240310078
USDJPY,23,1000,129,129,5.225329860465116e-06,-0.0,3.016648796899225e-05,0.018813953488372094
USDJPY,23,2000,129,129,3.4311034108527135e-06,0.0,4.537741251162791e-05,0.01945736434108527
USDJPY,23,3000,129,129,8.149255085271319e-06,0.0,5.931421947286822e-05,0.019054263565891474
USDJPY,23,5000,129,129,8.70103107751938e-06,0.0,7.250302593023256e-05,0.018829457364341082
USDJPY,23,10000,129,129,4.062314604651162e-06,-6.694718e-06,0.0001075928070387597,0.019054263565891474
USDJPY,23,15000,129,129,5.6348991627907e-06,-1.0038296e-05,0.0001115123259379845,0.018813953488372094
USDJPY,23,30000,129,129,-5.808406147286821e-06,-1.004401e-05,0.0001751897895116279,0.01995348837209302
USDJPY,23,60000,129,129,-1.2086783837209302e-05,-2.0105352e-05,0.00020658135382170542,0.02172093023255814
USDJPY,23,120000,129,129,-5.2361017364341094e-05,-4.0072264e-05,0.000226699159751938,0.021883720930232557
