distance_index,direction,feature,spearman_net_r,rows
0,-1,quote_mid,-0.021685468552833,72
0,-1,quote_spread,-0.0073976553545495,72
0,-1,shock_direction,-0.10899324082172,72
0,-1,m1_atr7,0.028704671993678,72
0,-1,m1_atr14,0.029138860309549,72
0,-1,m1_atr28,0.031406288181318,72
0,-1,m1_atr14_price,0.11218139598202,72
0,-1,m1_atr7_atr28,-0.033770202345504,72
0,-1,m1_atr14_pct64,0.10351031613356,72
0,-1,m1_atr14_z64,0.085921043396203,72
0,-1,m1_atr14_change3,-0.13770202032598,72
0,-1,m1_spread_atr,-0.076401062544518,72
0,-1,m1_tick_volume,-0.069626615415323,72
0,-1,m1_tick_volume_rel20,-0.14892659234367,72
0,-1,m1_tick_volume_pct64,-0.12381373678514,72
0,-1,m1_body_atr,0.034043580174015,72
0,-1,m1_upper_wick_atr,0.088820953181028,72
0,-1,m1_lower_wick_atr,-0.033978475135411,72
0,-1,m1_bar_range_atr,-0.18206963378847,72
0,-1,m1_bar_close_location,0.065251831540763,72
0,-1,m1_ema5_value,-0.031406288181318,72
0,-1,m1_ema5_price_gap_atr,0.045621935263902,72
0,-1,m1_ema5_close_gap_atr,0.059789339200277,72
0,-1,m1_ema5_slope1_atr,0.059789339200277,72
0,-1,m1_ema5_slope3_atr,0.044013830390306,72
0,-1,m1_ema5_accel_atr,-0.024571842468538,72
0,-1,m1_ema5_gap_pct64,0.076492362903649,72
0,-1,m1_ema5_gap_z64,0.067878106714462,72
0,-1,m1_ema5_sma_gap_atr,-0.01112808572528,72
0,-1,m1_sma5_value,-0.030827370426824,72
0,-1,m1_sma5_price_gap_atr,0.043772614659267,72
0,-1,m1_sma5_slope1_atr,-0.045252071142975,72
0,-1,m1_sma5_slope3_atr,0.07770362749213,72
0,-1,m1_sma5_gap_pct64,0.075678341581708,72
0,-1,m1_ema10_value,-0.036536142728088,72
0,-1,m1_ema10_price_gap_atr,0.058776233129912,72
0,-1,m1_ema10_close_gap_atr,0.061188390440305,72
0,-1,m1_ema10_slope1_atr,0.061188390440305,72
0,-1,m1_ema10_slope3_atr,0.081563079188759,72
0,-1,m1_ema10_accel_atr,-0.02814183528792,72
0,-1,m1_ema10_gap_pct64,0.074455166862172,72
0,-1,m1_ema10_gap_z64,0.080373081582299,72
0,-1,m1_ema10_sma_gap_atr,0.051668409588621,72
0,-1,m1_sma10_value,-0.037436681457301,72
0,-1,m1_sma10_price_gap_atr,0.077816194833282,72
0,-1,m1_sma10_slope1_atr,0.039575460939183,72
0,-1,m1_sma10_slope3_atr,0.057714883913339,72
0,-1,m1_sma10_gap_pct64,0.075975839187166,72
0,-1,m1_ema20_value,-0.041424781543818,72
0,-1,m1_ema20_price_gap_atr,0.074197958867692,72
0,-1,m1_ema20_close_gap_atr,0.10663343416811,72
0,-1,m1_ema20_slope1_atr,0.10663343416811,72
0,-1,m1_ema20_slope3_atr,0.11034815642612,72
0,-1,m1_ema20_accel_atr,-0.026533730414324,72
0,-1,m1_ema20_gap_pct64,0.11111558245013,72
0,-1,m1_ema20_gap_z64,0.11838868079409,72
0,-1,m1_ema20_sma_gap_atr,-0.0007718903393258,72
0,-1,m1_sma20_value,-0.034590335831037,72
0,-1,m1_sma20_price_gap_atr,0.068810807541148,72
0,-1,m1_sma20_slope1_atr,0.13072284517457,72
0,-1,m1_sma20_slope3_atr,0.13083541251572,72
0,-1,m1_sma20_gap_pct64,0.079020831021368,72
0,-1,m1_ema50_value,-0.04078153959438,72
0,-1,m1_ema50_price_gap_atr,0.080340919484827,72
0,-1,m1_ema50_close_gap_atr,0.10192168688848,72
0,-1,m1_ema50_slope1_atr,0.10192168688848,72
0,-1,m1_ema50_slope3_atr,0.10459114097865,72
0,-1,m1_ema50_accel_atr,0.00070756614438198,72
0,-1,m1_ema50_gap_pct64,0.13265495379503,72
0,-1,m1_ema50_gap_z64,0.12174961997991,72
0,-1,m1_ema50_sma_gap_atr,0.17057168394227,72
0,-1,m1_sma50_value,-0.052022192660812,72
0,-1,m1_sma50_price_gap_atr,0.13908499051727,72
0,-1,m1_sma50_slope1_atr,0.058615422642553,72
0,-1,m1_sma50_slope3_atr,0.039093029477105,72
0,-1,m1_sma50_gap_pct64,0.19432469204524,72
0,-1,m1_rsi7_value,0.084152128035248,72
0,-1,m1_rsi7_centered,0.084152128035248,72
0,-1,m1_rsi7_slope1,0.022786846058847,72
0,-1,m1_rsi7_slope3,-0.041858969859689,72
0,-1,m1_rsi7_pct64,0.10340001297656,72
0,-1,m1_rsi14_value,0.13689796788918,72
0,-1,m1_rsi14_centered,0.13689796788918,72
0,-1,m1_rsi14_slope1,0.023349682764605,72
0,-1,m1_rsi14_slope3,-0.017480099975982,72
0,-1,m1_rsi14_pct64,0.11715030295199,72
0,-1,m1_rsi21_value,0.12178178207738,72
0,-1,m1_rsi21_centered,0.12178178207738,72
0,-1,m1_rsi21_slope1,0.033512905565728,72
0,-1,m1_rsi21_slope3,-0.011144166774016,72
0,-1,m1_rsi21_pct64,0.10577495486064,72
0,-1,m1_macd_atr,0.13733215620505,72
0,-1,m1_macd_signal_atr,0.13471094526109,72
0,-1,m1_macd_hist_atr,0.05958028556671,72
0,-1,m1_macd_hist_slope1_atr,-0.039125191574576,72
0,-1,m1_macd_hist_pct64,0.0067086023285724,72
0,-1,m1_stoch14_k,0.049184282957982,72
0,-1,m1_stoch14_d,0.094588728664882,72
0,-1,m1_stoch14_k_minus_d,-0.023526574300701,72
0,-1,m1_williams14_r,0.049184282957982,72
0,-1,m1_cci20,0.14939294275701,72
0,-1,m1_adx14,0.061638659804912,72
0,-1,m1_plus_di14,0.088670902730051,72
0,-1,m1_minus_di14,-0.12540001804297,72
0,-1,m1_di_balance,0.086596447443113,72
0,-1,m1_adx14_slope3,-0.12991879273777,72
0,-1,m1_roc1_atr,0.031760071253509,72
0,-1,m1_roc1_pct,0.045171665899295,72
0,-1,m1_roc3_atr,-0.0072203908824434,72
0,-1,m1_roc3_pct,-0.032917906762498,72
0,-1,m1_roc5_atr,-0.045252071142975,72
0,-1,m1_roc5_pct,-0.06184771343848,72
0,-1,m1_roc10_atr,0.039575460939183,72
0,-1,m1_roc10_pct,0.055141916115587,72
0,-1,m1_roc20_atr,0.13072284517457,72
0,-1,m1_roc20_pct,0.14072525748833,72
0,-1,m1_range5_width_atr,-0.0076867412957861,72
0,-1,m1_range5_position,0.029235346601965,72
0,-1,m1_range5_high_distance_atr,-0.041424781543818,72
0,-1,m1_range5_low_distance_atr,0.013443756743258,72
0,-1,m1_range5_signed_efficiency,-0.053648103741235,72
0,-1,m1_realized_vol5,0.015453887835252,72
0,-1,m1_realized_vol5_atr,-0.028318726824015,72
0,-1,m1_range20_width_atr,-0.013282946255898,72
0,-1,m1_range20_position,0.14230120026446,72
0,-1,m1_range20_high_distance_atr,-0.15104929077682,72
0,-1,m1_range20_low_distance_atr,0.11282463793145,72
0,-1,m1_range20_signed_efficiency,0.13699445418159,72
0,-1,m1_realized_vol20,0.15241617991937,72
0,-1,m1_realized_vol20_atr,0.068440943420221,72
0,-1,m1_range60_width_atr,0.14056444700098,72
0,-1,m1_range60_position,0.049867332130194,72
0,-1,m1_range60_high_distance_atr,-0.019023880654634,72
0,-1,m1_range60_low_distance_atr,0.092755489108983,72
0,-1,m1_range60_signed_efficiency,-0.099187908603365,72
0,-1,m1_realized_vol60,0.13364959604451,72
0,-1,m1_realized_vol60_atr,0.12671866403932,72
0,-1,m1_bb20_width_atr,-0.053453405998312,72
0,-1,m1_bb20_price_z,0.13126960083159,72
0,-1,m1_bb20_position,0.13126960083159,72
0,-1,m1_consecutive_signed_bars,0.096881629216039,72
0,-1,m1_ema5_20_gap_atr,0.11774543884466,72
0,-1,m1_ema10_20_gap_atr,0.13311892143623,72
0,-1,m1_ema20_50_gap_atr,0.056669615745502,72
0,-1,m1_ema_alignment,0.072109655675537,72
0,-1,m1_ema_alignment_x_rsi14,-0.023510250590866,72
0,-1,m1_ema20_gap_x_rsi14,-0.16536142415182,72
0,-1,m1_rsi14_x_adx14,0.14468119547738,72
0,-1,m1_macd_hist_x_atr_expansion,0.057521911328508,72
0,-1,m1_ema20_slope_x_adx,0.11396639239171,72
0,-1,m1_body_x_tick_activity,0.033207365639745,72
0,-1,m1_shock_x_ema20_price_gap_atr,-0.078845381952383,72
0,-1,m1_shock_x_ema20_50_gap_atr,-0.11555841621657,72
0,-1,m1_shock_x_rsi14_centered,-0.13233095004817,72
0,-1,m1_shock_x_macd_hist_atr,-0.029653453869099,72
0,-1,m1_shock_x_di_balance,-0.038578435917554,72
0,-1,m1_shock_x_roc5_atr,-0.060110960174997,72
0,-1,m1_shock_x_range20_signed_efficiency,-0.14538876162176,72
0,-1,m5_atr7,0.051845301124716,72
0,-1,m5_atr14,0.057216371402525,72
0,-1,m5_atr28,0.019618879457864,72
0,-1,m5_atr14_price,0.13789499291081,72
0,-1,m5_atr7_atr28,0.14452038499002,72
0,-1,m5_atr14_pct64,0.095084618790151,72
0,-1,m5_atr14_z64,0.121926511516,72
0,-1,m5_atr14_change3,0.0095682239978927,72
0,-1,m5_spread_atr,-0.11702179165154,72
0,-1,m5_tick_volume,0.057394185741488,72
0,-1,m5_tick_volume_rel20,0.051362869662637,72
0,-1,m5_tick_volume_pct64,0.1213147506514,72
0,-1,m5_body_atr,0.055013267725699,72
0,-1,m5_upper_wick_atr,-0.086996381193399,72
0,-1,m5_lower_wick_atr,-0.017838903061275,72
0,-1,m5_bar_range_atr,0.093318325814742,72
0,-1,m5_bar_close_location,0.074077946524749,72
0,-1,m5_ema5_value,-0.04340275053834,72
0,-1,m5_ema5_price_gap_atr,0.12784433745084,72
0,-1,m5_ema5_close_gap_atr,0.09666318395182,72
0,-1,m5_ema5_slope1_atr,0.09666318395182,72
0,-1,m5_ema5_slope3_atr,0.1399051240028,72
0,-1,m5_ema5_accel_atr,0.028720753042414,72
0,-1,m5_ema5_gap_pct64,0.067407328202835,72
0,-1,m5_ema5_gap_z64,0.052810164048873,72
0,-1,m5_ema5_sma_gap_atr,0.075371875425417,72
0,-1,m5_sma5_value,-0.037018574190166,72
0,-1,m5_sma5_price_gap_atr,0.12121894537162,72
0,-1,m5_sma5_slope1_atr,0.14164187726628,72
0,-1,m5_sma5_slope3_atr,0.13992120505154,72
0,-1,m5_sma5_gap_pct64,0.1037845234673,72
0,-1,m5_ema10_value,-0.04575058365379,72
0,-1,m5_ema10_price_gap_atr,0.10010452838131,72
0,-1,m5_ema10_close_gap_atr,0.074455255647468,72
0,-1,m5_ema10_slope1_atr,0.074455255647468,72
0,-1,m5_ema10_slope3_atr,0.10296695505631,72
0,-1,m5_ema10_accel_atr,0.035313983024155,72
0,-1,m5_ema10_gap_pct64,0.08937190670143,72
0,-1,m5_ema10_gap_z64,0.057666640767132,72
0,-1,m5_ema10_sma_gap_atr,0.12906649715477,72
0,-1,m5_sma10_value,-0.056476643160671,72
0,-1,m5_sma10_price_gap_atr,0.14305700955505,72
0,-1,m5_sma10_slope1_atr,-0.010163222801123,72
0,-1,m5_sma10_slope3_atr,-0.058422450057721,72
0,-1,m5_sma10_gap_pct64,0.13708283097252,72
0,-1,m5_ema20_value,-0.046072204628509,72
0,-1,m5_ema20_price_gap_atr,0.061622578756176,72
0,-1,m5_ema20_close_gap_atr,0.035716009242554,72
0,-1,m5_ema20_slope1_atr,0.035716009242554,72
0,-1,m5_ema20_slope3_atr,0.029958993795083,72
0,-1,m5_ema20_accel_atr,0.043885182000419,72
0,-1,m5_ema20_gap_pct64,0.025501175822281,72
0,-1,m5_ema20_gap_z64,0.023076304936094,72
0,-1,m5_ema20_sma_gap_atr,-0.094749539152242,72
0,-1,m5_sma20_value,-0.022400900889184,72
0,-1,m5_sma20_price_gap_atr,0.0013025649476123,72
0,-1,m5_sma20_slope1_atr,0.0034413444294942,72
0,-1,m5_sma20_slope3_atr,0.070933505974294,72
0,-1,m5_sma20_gap_pct64,0.016015380379122,72
0,-1,m5_ema50_value,-0.013942269254072,72
0,-1,m5_ema50_price_gap_atr,0.017946450389325,72
0,-1,m5_ema50_close_gap_atr,0.010179303849859,72
0,-1,m5_ema50_slope1_atr,0.010179303849859,72
0,-1,m5_ema50_slope3_atr,0.001752834312219,72
0,-1,m5_ema50_accel_atr,0.044190721926402,72
0,-1,m5_ema50_gap_pct64,-0.0069281846593663,72
0,-1,m5_ema50_gap_z64,-0.016434831808145,72
0,-1,m5_ema50_sma_gap_atr,0.062909062655053,72
0,-1,m5_sma50_value,-0.034718984220925,72
0,-1,m5_sma50_price_gap_atr,0.023430088008285,72
0,-1,m5_sma50_slope1_atr,0.020487256089606,72
0,-1,m5_sma50_slope3_atr,0.0058695827886233,72
0,-1,m5_sma50_gap_pct64,-0.004410322056548,72
0,-1,m5_rsi7_value,0.051137734980334,72
0,-1,m5_rsi7_centered,0.051137734980334,72
0,-1,m5_rsi7_slope1,0.062989467898732,72
0,-1,m5_rsi7_slope3,0.11961084049803,72
0,-1,m5_rsi7_pct64,0.061264063911734,72
0,-1,m5_rsi14_value,0.013620648279353,72
0,-1,m5_rsi14_centered,0.013620648279353,72
0,-1,m5_rsi14_slope1,0.058888800471064,72
0,-1,m5_rsi14_slope3,0.11242261171306,72
0,-1,m5_rsi14_pct64,0.032607740746418,72
0,-1,m5_rsi21_value,0.019602798409128,72
0,-1,m5_rsi21_centered,0.019602798409128,72
0,-1,m5_rsi21_slope1,0.053775026973031,72
0,-1,m5_rsi21_slope3,0.11872638281755,72
0,-1,m5_rsi21_pct64,0.018778934801459,72
0,-1,m5_macd_atr,0.0072525529799153,72
0,-1,m5_macd_signal_atr,0.012752271647612,72
0,-1,m5_macd_hist_atr,0.012961325281179,72
0,-1,m5_macd_hist_slope1_atr,0.098785882384966,72
0,-1,m5_macd_hist_pct64,0.053494435604366,72
0,-1,m5_stoch14_k,0.0085551179275276,72
0,-1,m5_stoch14_d,0.029187103455757,72
0,-1,m5_stoch14_k_minus_d,0.028447375213903,72
0,-1,m5_williams14_r,0.0085551179275276,72
0,-1,m5_cci20,-0.0047921525233143,72
0,-1,m5_adx14,0.17039479240617,72
0,-1,m5_plus_di14,0.076368900447046,72
0,-1,m5_minus_di14,0.044930450168256,72
0,-1,m5_di_balance,0.040910187984267,72
0,-1,m5_adx14_slope3,0.012269840185533,72
0,-1,m5_roc1_atr,0.054981105628227,72
0,-1,m5_roc1_pct,0.065240814721766,72
0,-1,m5_roc3_atr,0.13504864728454,72
0,-1,m5_roc3_pct,0.15563238966656,72
0,-1,m5_roc5_atr,0.14164187726628,72
0,-1,m5_roc5_pct,0.14411835877162,72
0,-1,m5_roc10_atr,-0.010163222801123,72
0,-1,m5_roc10_pct,-0.013540243035673,72
0,-1,m5_roc20_atr,0.0034413444294942,72
0,-1,m5_roc20_pct,0.023703465836796,72
0,-1,m5_range5_width_atr,0.15978130024044,72
0,-1,m5_range5_position,0.15732089978384,72
0,-1,m5_range5_high_distance_atr,-0.099380881188197,72
0,-1,m5_range5_low_distance_atr,0.21858969546782,72
0,-1,m5_range5_signed_efficiency,0.12116363575181,72
0,-1,m5_realized_vol5,0.14736673061628,72
0,-1,m5_realized_vol5_atr,0.092240895549433,72
0,-1,m5_range20_width_atr,0.11539760572921,72
0,-1,m5_range20_position,-0.0021709415793538,72
0,-1,m5_range20_high_distance_atr,0.028431294165167,72
0,-1,m5_range20_low_distance_atr,0.050446249884688,72
0,-1,m5_range20_signed_efficiency,0.0011095923627808,72
0,-1,m5_realized_vol20,0.11608909082485,72
0,-1,m5_realized_vol20_atr,0.046249096164604,72
0,-1,m5_range60_width_atr,-0.063632709848171,72
0,-1,m5_range60_position,0.001415132288764,72
0,-1,m5_range60_high_distance_atr,-0.0066897162741569,72
0,-1,m5_range60_low_distance_atr,-0.022143604109409,72
0,-1,m5_range60_signed_efficiency,0.028704671993678,72
0,-1,m5_realized_vol60,0.00053067460828649,72
0,-1,m5_realized_vol60_atr,-0.15905765304732,72
0,-1,m5_bb20_width_atr,0.098641152946343,72
0,-1,m5_bb20_price_z,0.01347591884073,72
0,-1,m5_bb20_position,0.01347591884073,72
0,-1,m5_consecutive_signed_bars,0.088557583913162,72
0,-1,m5_ema5_20_gap_atr,0.017335370537359,72
0,-1,m5_ema10_20_gap_atr,0.0036825601605335,72
0,-1,m5_ema20_50_gap_atr,-0.0063520142507019,72
0,-1,m5_ema_alignment,-0.033863621803905,72
0,-1,m5_ema_alignment_x_rsi14,-0.0328721124722,72
0,-1,m5_ema20_gap_x_rsi14,-0.024491437224858,72
0,-1,m5_rsi14_x_adx14,0.029187103455757,72
0,-1,m5_macd_hist_x_atr_expansion,0.032483718446627,72
0,-1,m5_ema20_slope_x_adx,0.059419475079351,72
0,-1,m5_body_x_tick_activity,0.048822063962357,72
0,-1,m5_shock_x_ema20_price_gap_atr,-0.083621453426961,72
0,-1,m5_shock_x_ema20_50_gap_atr,0.084795369984686,72
0,-1,m5_shock_x_rsi14_centered,-0.068360538176541,72
0,-1,m5_shock_x_macd_hist_atr,-0.1364155364271,72
0,-1,m5_shock_x_di_balance,-0.0033931012832863,72
0,-1,m5_shock_x_roc5_atr,-0.11108788466797,72
0,-1,m5_shock_x_range20_signed_efficiency,-0.11645895494578,72
0,-1,m15_atr7,0.055318807651682,72
0,-1,m15_atr14,-0.016032805589746,72
0,-1,m15_atr28,-0.048307470402806,72
0,-1,m15_atr14_price,0.086146178078506,72
0,-1,m15_atr7_atr28,0.2245718455976,72
0,-1,m15_atr14_pct64,0.17557042896248,72
0,-1,m15_atr14_z64,0.19837581720673,72
0,-1,m15_atr14_change3,0.14564605840154,72
0,-1,m15_spread_atr,-0.012221597039325,72
0,-1,m15_tick_volume,0.038064148360812,72
0,-1,m15_tick_volume_rel20,0.11530111943679,72
0,-1,m15_tick_volume_pct64,0.073155014301758,72
0,-1,m15_body_atr,0.13821661388553,72
0,-1,m15_upper_wick_atr,-0.083171184062355,72
0,-1,m15_lower_wick_atr,0.11679665696923,72
0,-1,m15_bar_range_atr,0.10451073573497,72
0,-1,m15_bar_close_location,0.18327571244367,72
0,-1,m15_ema5_value,-0.04288815697879,72
0,-1,m15_ema5_price_gap_atr,0.057409343987356,72
0,-1,m15_ema5_close_gap_atr,0.088252795462916,72
0,-1,m15_ema5_slope1_atr,0.088252795462916,72
0,-1,m15_ema5_slope3_atr,-0.0025408057002808,72
0,-1,m15_ema5_accel_atr,0.082254564284405,72
0,-1,m15_ema5_gap_pct64,0.065597376281006,72
0,-1,m15_ema5_gap_z64,0.066559460718114,72
0,-1,m15_ema5_sma_gap_atr,-0.061992442877103,72
0,-1,m15_sma5_value,-0.028334807872751,72
0,-1,m15_sma5_price_gap_atr,0.066012705061092,72
0,-1,m15_sma5_slope1_atr,0.027064405022611,72
0,-1,m15_sma5_slope3_atr,0.064115141310249,72
0,-1,m15_sma5_gap_pct64,0.052068084979435,72
0,-1,m15_ema10_value,-0.01979577099396,72
0,-1,m15_ema10_price_gap_atr,0.040475999668397,72
0,-1,m15_ema10_close_gap_atr,0.058969205714744,72
0,-1,m15_ema10_slope1_atr,0.058969205714744,72
0,-1,m15_ema10_slope3_atr,0.016193616077106,72
0,-1,m15_ema10_accel_atr,0.084473749009967,72
0,-1,m15_ema10_gap_pct64,0.021204199757668,72
0,-1,m15_ema10_gap_z64,0.012768352696348,72
0,-1,m15_ema10_sma_gap_atr,0.034188309612638,72
0,-1,m15_sma10_value,-0.02865642884747,72
0,-1,m15_sma10_price_gap_atr,0.04702098650393,72
0,-1,m15_sma10_slope1_atr,0.1051539776844,72
0,-1,m15_sma10_slope3_atr,0.054370025776261,72
0,-1,m15_sma10_gap_pct64,0.052753937721098,72
0,-1,m15_ema20_value,-0.029749940161515,72
0,-1,m15_ema20_price_gap_atr,0.034542092684829,72
0,-1,m15_ema20_close_gap_atr,0.033754121296768,72
0,-1,m15_ema20_slope1_atr,0.033754121296768,72
0,-1,m15_ema20_slope3_atr,0.010243628044803,72
0,-1,m15_ema20_accel_atr,0.10433384419887,72
0,-1,m15_ema20_gap_pct64,-0.00064382707979149,72
0,-1,m15_ema20_gap_z64,-0.020889282308004,72
0,-1,m15_ema20_sma_gap_atr,0.023944681567836,72
0,-1,m15_sma20_value,-0.039253839964464,72
0,-1,m15_sma20_price_gap_atr,0.025472381197751,72
0,-1,m15_sma20_slope1_atr,0.029766021210251,72
0,-1,m15_sma20_slope3_atr,0.020792796015589,72
0,-1,m15_sma20_gap_pct64,0.0061882894361612,72
0,-1,m15_ema50_value,-0.056267589527104,72
0,-1,m15_ema50_price_gap_atr,0.0392699210132,72
0,-1,m15_ema50_close_gap_atr,0.03505668624438,72
0,-1,m15_ema50_slope1_atr,0.03505668624438,72
0,-1,m15_ema50_slope3_atr,0.017801720950701,72
0,-1,m15_ema50_accel_atr,0.11893543645112,72
0,-1,m15_ema50_gap_pct64,-0.0075421611268611,72
0,-1,m15_ema50_gap_z64,-0.033914931784127,72
0,-1,m15_ema50_sma_gap_atr,-0.063455818312075,72
0,-1,m15_sma50_value,-0.067572566788479,72
0,-1,m15_sma50_price_gap_atr,0.030811289378088,72
0,-1,m15_sma50_slope1_atr,0.0087320094636231,72
0,-1,m15_sma50_slope3_atr,-0.001752834312219,72
0,-1,m15_sma50_gap_pct64,-0.018184912065412,72
0,-1,m15_rsi7_value,0.040090054498734,72
0,-1,m15_rsi7_centered,0.040090054498734,72
0,-1,m15_rsi7_slope1,0.10205033527836,72
0,-1,m15_rsi7_slope3,-0.039688028280335,72
0,-1,m15_rsi7_pct64,0.0065588299080657,72
0,-1,m15_rsi14_value,0.036294926997048,72
0,-1,m15_rsi14_centered,0.036294926997048,72
0,-1,m15_rsi14_slope1,0.10820937694424,72
0,-1,m15_rsi14_slope3,-0.033609391858144,72
0,-1,m15_rsi14_pct64,-0.017954872292042,72
0,-1,m15_rsi21_value,0.040974512179211,72
0,-1,m15_rsi21_centered,0.040974512179211,72
0,-1,m15_rsi21_slope1,0.11290504317513,72
0,-1,m15_rsi21_slope3,-0.024813058199577,72
0,-1,m15_rsi21_pct64,0.0041315702454273,72
0,-1,m15_macd_atr,0.013347270450842,72
0,-1,m15_macd_signal_atr,0.013427675694522,72
0,-1,m15_macd_hist_atr,0.035635603998874,72
0,-1,m15_macd_hist_slope1_atr,0.05596204960112,72
0,-1,m15_macd_hist_pct64,0.038035087766114,72
0,-1,m15_stoch14_k,0.043579642074436,72
0,-1,m15_stoch14_d,-0.0049529630106739,72
0,-1,m15_stoch14_k_minus_d,0.17513870178328,72
0,-1,m15_williams14_r,0.043579642074436,72
0,-1,m15_cci20,0.0092626840719096,72
0,-1,m15_adx14,0.054932862482019,72
0,-1,m15_plus_di14,0.0095038998029489,72
0,-1,m15_minus_di14,0.039720190377807,72
0,-1,m15_di_balance,-0.0066093110304771,72
0,-1,m15_adx14_slope3,0.12647744830828,72
0,-1,m15_roc1_atr,0.13434108114016,72
0,-1,m15_roc1_pct,0.15807670907443,72
0,-1,m15_roc3_atr,0.00032162097471908,72
0,-1,m15_roc3_pct,0.0056766102037918,72
0,-1,m15_roc5_atr,0.027064405022611,72
0,-1,m15_roc5_pct,0.031534936571206,72
0,-1,m15_roc10_atr,0.1051539776844,72
0,-1,m15_roc10_pct,0.1094476176969,72
0,-1,m15_roc20_atr,0.029766021210251,72
0,-1,m15_roc20_pct,0.046635041334267,72
0,-1,m15_range5_width_atr,0.083910912304209,72
0,-1,m15_range5_position,0.073281339089743,72
0,-1,m15_range5_high_distance_atr,-0.024861301345785,72
0,-1,m15_range5_low_distance_atr,0.09885020657991,72
0,-1,m15_range5_signed_efficiency,-0.020748055875668,72
0,-1,m15_realized_vol5,0.16759668992611,72
0,-1,m15_realized_vol5_atr,0.16113210833426,72
0,-1,m15_range20_width_atr,-0.0025247246515448,72
0,-1,m15_range20_position,0.02022995930983,72
0,-1,m15_range20_high_distance_atr,-0.010742140555617,72
0,-1,m15_range20_low_distance_atr,0.0047760714745784,72
0,-1,m15_range20_signed_efficiency,0.039671947231599,72
0,-1,m15_realized_vol20,0.084232533278928,72
0,-1,m15_realized_vol20_atr,0.040411675473453,72
0,-1,m15_range60_width_atr,0.0079440380755613,72
0,-1,m15_range60_position,0.027144810266291,72
0,-1,m15_range60_high_distance_atr,-0.020648066576965,72
0,-1,m15_range60_low_distance_atr,0.04197153720084,72
0,-1,m15_range60_signed_efficiency,0.079633353340445,72
0,-1,m15_realized_vol60,0.03235507005674,72
0,-1,m15_realized_vol60_atr,-0.024989949735673,72
0,-1,m15_bb20_width_atr,0.028350888921487,72
0,-1,m15_bb20_price_z,0.027000080827667,72
0,-1,m15_bb20_position,0.027000080827667,72
0,-1,m15_consecutive_signed_bars,0.13987479932662,72
0,-1,m15_ema5_20_gap_atr,0.024169816250139,72
0,-1,m15_ema10_20_gap_atr,0.020680228674437,72
0,-1,m15_ema20_50_gap_atr,0.017817801999437,72
0,-1,m15_ema_alignment,0.014296302613253,72
0,-1,m15_ema_alignment_x_rsi14,0.10056406737015,72
0,-1,m15_ema20_gap_x_rsi14,0.015228753152949,72
0,-1,m15_rsi14_x_adx14,0.036857763702807,72
0,-1,m15_macd_hist_x_atr_expansion,0.043016805368677,72
0,-1,m15_ema20_slope_x_adx,-0.00011256734115168,72
0,-1,m15_body_x_tick_activity,0.14000161029522,72
0,-1,m15_shock_x_ema20_price_gap_atr,0.02174157789101,72
0,-1,m15_shock_x_ema20_50_gap_atr,0.058036504888058,72
0,-1,m15_shock_x_rsi14_centered,0.057152047207581,72
0,-1,m15_shock_x_macd_hist_atr,0.067910268811934,72
0,-1,m15_shock_x_di_balance,0.078169977905473,72
0,-1,m15_shock_x_roc5_atr,0.0012382407526685,72
0,-1,m15_shock_x_range20_signed_efficiency,0.12876095722878,72
0,-1,m1_m5_alignment_product,-0.10119125937911,72
0,-1,m1_m5_rsi14_difference,0.11676449487176,72
0,-1,m1_m5_ema20_slope_product,-0.067749458324575,72
0,-1,m1_m5_macd_hist_product,-0.048822063962357,72
0,-1,m1_m5_atr_ratio,0.080549973118394,72
0,-1,m1_m5_rsi_x_trend,-0.12090251536385,72
0,-1,m1_m15_alignment_product,0.0046633559143949,72
0,-1,m1_m15_rsi14_difference,0.047278283283705,72
0,-1,m1_m15_ema20_slope_product,-0.078169977905473,72
0,-1,m1_m15_macd_hist_product,-0.16878668753257,72
0,-1,m1_m15_atr_ratio,0.10488059985589,72
0,-1,m1_m15_rsi_x_trend,-0.037606027129865,72
0,-1,m5_m15_alignment_product,0.096288507229001,72
0,-1,m5_m15_rsi14_difference,-0.059339069835671,72
0,-1,m5_m15_ema20_slope_product,0.052778001951401,72
0,-1,m5_m15_macd_hist_product,-0.056492724209407,72
0,-1,m5_m15_atr_ratio,0.067476080496064,72
0,-1,m5_m15_rsi_x_trend,0.099363011691425,72
0,1,quote_mid,0.15995851390973,72
0,1,quote_spread,0.31140893231907,72
0,1,shock_direction,0.20995062082494,72
0,1,m1_atr7,0.32838869161525,72
0,1,m1_atr14,0.33025398826726,72
0,1,m1_atr28,0.34741150143705,72
0,1,m1_atr14_price,0.32075062342814,72
0,1,m1_atr7_atr28,0.2108267621079,72
0,1,m1_atr14_pct64,0.17923770995289,72
0,1,m1_atr14_z64,0.20310829320303,72
0,1,m1_atr14_change3,0.10979522017182,72
0,1,m1_spread_atr,-0.37310757083286,72
0,1,m1_tick_volume,0.39796230224198,72
0,1,m1_tick_volume_rel20,0.20219172502057,72
0,1,m1_tick_volume_pct64,0.31853603454999,72
0,1,m1_body_atr,-0.20820569870896,72
0,1,m1_upper_wick_atr,-0.057509859012776,72
0,1,m1_lower_wick_atr,0.091199400073793,72
0,1,m1_bar_range_atr,0.019601694989668,72
0,1,m1_bar_close_location,-0.16377175225727,72
0,1,m1_ema5_value,0.16027079078098,72
0,1,m1_ema5_price_gap_atr,0.015678139963024,72
0,1,m1_ema5_close_gap_atr,-0.025519187816737,72
0,1,m1_ema5_slope1_atr,-0.025519187816737,72
0,1,m1_ema5_slope3_atr,0.00040200358879548,72
0,1,m1_ema5_accel_atr,-0.16364762092686,72
0,1,m1_ema5_gap_pct64,-0.07027762599934,72
0,1,m1_ema5_gap_z64,-0.09961648930352,72
0,1,m1_ema5_sma_gap_atr,-0.013555561014184,72
0,1,m1_sma5_value,0.15798741039662,72
0,1,m1_sma5_price_gap_atr,0.035344155526899,72
0,1,m1_sma5_slope1_atr,0.0016723349293892,72
0,1,m1_sma5_slope3_atr,-0.030520112461353,72
0,1,m1_sma5_gap_pct64,-0.095741190700835,72
0,1,m1_ema10_value,0.15549498814609,72
0,1,m1_ema10_price_gap_atr,0.063452246455479,72
0,1,m1_ema10_close_gap_atr,0.038560184237262,72
0,1,m1_ema10_slope1_atr,0.038560184237262,72
0,1,m1_ema10_slope3_atr,0.029490983274036,72
0,1,m1_ema10_accel_atr,-0.15475530154271,72
0,1,m1_ema10_gap_pct64,-0.007803073645455,72
0,1,m1_ema10_gap_z64,-0.051376058648062,72
0,1,m1_ema10_sma_gap_atr,-0.0084420753647051,72
0,1,m1_sma10_value,0.15608995345751,72
0,1,m1_sma10_price_gap_atr,0.039139069405128,72
0,1,m1_sma10_slope1_atr,0.027304083750989,72
0,1,m1_sma10_slope3_atr,0.061281427075983,72
0,1,m1_sma10_gap_pct64,-0.0031607901862085,72
0,1,m1_ema20_value,0.14832324412198,72
0,1,m1_ema20_price_gap_atr,0.097445669924025,72
0,1,m1_ema20_close_gap_atr,0.046519855295413,72
0,1,m1_ema20_slope1_atr,0.046519855295413,72
0,1,m1_ema20_slope3_atr,0.045458565820993,72
0,1,m1_ema20_accel_atr,-0.17302234461757,72
0,1,m1_ema20_gap_pct64,-0.016118654486001,72
0,1,m1_ema20_gap_z64,-0.060670381621014,72
0,1,m1_ema20_sma_gap_atr,0.05780811606879,72
0,1,m1_sma20_value,0.14517153598582,72
0,1,m1_sma20_price_gap_atr,0.081349446228653,72
0,1,m1_sma20_slope1_atr,0.003473311007193,72
0,1,m1_sma20_slope3_atr,0.043126945005979,72
0,1,m1_sma20_gap_pct64,-0.0023005889795306,72
0,1,m1_ema50_value,0.13217877999595,72
0,1,m1_ema50_price_gap_atr,0.10838016753926,72
0,1,m1_ema50_close_gap_atr,0.088617671114076,72
0,1,m1_ema50_slope1_atr,0.088617671114076,72
0,1,m1_ema50_slope3_atr,0.095162289539666,72
0,1,m1_ema50_accel_atr,-0.18308851448101,72
0,1,m1_ema50_gap_pct64,-0.02279564475063,72
0,1,m1_ema50_gap_z64,-0.035665758397935,72
0,1,m1_ema50_sma_gap_atr,-0.11910562328833,72
0,1,m1_sma50_value,0.13077980750695,72
0,1,m1_sma50_price_gap_atr,0.049703723718673,72
0,1,m1_sma50_slope1_atr,0.081992651970726,72
0,1,m1_sma50_slope3_atr,0.089212636425493,72
0,1,m1_sma50_gap_pct64,-0.053251298155075,72
0,1,m1_rsi7_value,-0.023911173461555,72
0,1,m1_rsi7_centered,-0.023911173461555,72
0,1,m1_rsi7_slope1,-0.21930099775971,72
0,1,m1_rsi7_slope3,-0.066121550285081,72
0,1,m1_rsi7_pct64,-0.042630394269386,72
0,1,m1_rsi14_value,0.0089244796712597,72
0,1,m1_rsi14_centered,0.0089244796712597,72
0,1,m1_rsi14_slope1,-0.20500575014214,72
0,1,m1_rsi14_slope3,-0.069434059856755,72
0,1,m1_rsi14_pct64,-0.044739149489273,72
0,1,m1_rsi21_value,0.051295657930303,72
0,1,m1_rsi21_centered,0.051295657930303,72
0,1,m1_rsi21_slope1,-0.20997451449966,72
0,1,m1_rsi21_slope3,-0.05497801080367,72
0,1,m1_rsi21_pct64,-0.042513492418592,72
0,1,m1_macd_atr,0.053112714151659,72
0,1,m1_macd_signal_atr,0.067761724927366,72
0,1,m1_macd_hist_atr,0.045796248835581,72
0,1,m1_macd_hist_slope1_atr,-0.070414948613416,72
0,1,m1_macd_hist_pct64,0.059891416285912,72
0,1,m1_stoch14_k,-0.022624943862377,72
0,1,m1_stoch14_d,-0.053016233290348,72
0,1,m1_stoch14_k_minus_d,-0.032578370835986,72
0,1,m1_williams14_r,-0.022624943862377,72
0,1,m1_cci20,-0.00073968660338368,72
0,1,m1_adx14,0.0085707165131196,72
0,1,m1_plus_di14,0.16860030514082,72
0,1,m1_minus_di14,0.023412689011449,72
0,1,m1_di_balance,0.099037604135655,72
0,1,m1_adx14_slope3,0.035874800264109,72
0,1,m1_roc1_atr,-0.20423390325166,72
0,1,m1_roc1_pct,-0.20928306832693,72
0,1,m1_roc3_atr,0.004003955744403,72
0,1,m1_roc3_pct,0.0041486770363694,72
0,1,m1_roc5_atr,0.0016723349293892,72
0,1,m1_roc5_pct,0.0051134856494785,72
0,1,m1_roc10_atr,0.027304083750989,72
0,1,m1_roc10_pct,0.11817297496232,72
0,1,m1_roc20_atr,0.003473311007193,72
0,1,m1_roc20_pct,0.089904082598221,72
0,1,m1_range5_width_atr,0.17636701447635,72
0,1,m1_range5_position,0.023975494035762,72
0,1,m1_range5_high_distance_atr,0.023718211738933,72
0,1,m1_range5_low_distance_atr,0.058001077791412,72
0,1,m1_range5_signed_efficiency,-0.043273057826455,72
0,1,m1_realized_vol5,0.27297651693568,72
0,1,m1_realized_vol5_atr,0.17651173576832,72
0,1,m1_range20_width_atr,0.0028944258393275,72
0,1,m1_range20_position,-0.023525250016312,72
0,1,m1_range20_high_distance_atr,0.042531979694562,72
0,1,m1_range20_low_distance_atr,0.025744309826463,72
0,1,m1_range20_signed_efficiency,-0.026210633989465,72
0,1,m1_realized_vol20,0.31486529088817,72
0,1,m1_realized_vol20_atr,0.15991702762284,72
0,1,m1_range60_width_atr,-0.2898928279522,72
0,1,m1_range60_position,0.11014898332996,72
0,1,m1_range60_high_distance_atr,-0.17118920825267,72
0,1,m1_range60_low_distance_atr,0.014488209340189,72
0,1,m1_range60_signed_efficiency,0.19966714248294,72
0,1,m1_realized_vol60,0.24568851332825,72
0,1,m1_realized_vol60_atr,-0.12981499889384,72
0,1,m1_bb20_width_atr,-0.0069466220143859,72
0,1,m1_bb20_price_z,0.026403595712087,72
0,1,m1_bb20_position,0.026403595712087,72
0,1,m1_consecutive_signed_bars,-0.25171533681369,72
0,1,m1_ema5_20_gap_atr,0.050427330178505,72
0,1,m1_ema10_20_gap_atr,0.043110864862427,72
0,1,m1_ema20_50_gap_atr,0.11732072735407,72
0,1,m1_ema_alignment,0.10848915467417,72
0,1,m1_ema_alignment_x_rsi14,-0.15069908982128,72
0,1,m1_ema20_gap_x_rsi14,0.015211815800021,72
0,1,m1_rsi14_x_adx14,0.032449729687571,72
0,1,m1_macd_hist_x_atr_expansion,0.090145284751499,72
0,1,m1_ema20_slope_x_adx,0.044944001227335,72
0,1,m1_body_x_tick_activity,-0.21709801809311,72
0,1,m1_shock_x_ema20_price_gap_atr,0.032867813419918,72
0,1,m1_shock_x_ema20_50_gap_atr,-0.032385409113364,72
0,1,m1_shock_x_rsi14_centered,0.029941227293487,72
0,1,m1_shock_x_macd_hist_atr,0.11516598811813,72
0,1,m1_shock_x_di_balance,0.061377907937294,72
0,1,m1_shock_x_roc5_atr,0.13621489602746,72
0,1,m1_shock_x_range20_signed_efficiency,0.0062873361287613,72
0,1,m5_atr7,0.38325414141406,72
0,1,m5_atr14,0.39139069405128,72
0,1,m5_atr28,0.33813325860765,72
0,1,m5_atr14_price,0.33429010429877,72
0,1,m5_atr7_atr28,0.21852915086922,72
0,1,m5_atr14_pct64,0.21454530105869,72
0,1,m5_atr14_z64,0.11828553596718,72
0,1,m5_atr14_change3,0.27579054205725,72
0,1,m5_spread_atr,-0.37799593447261,72
0,1,m5_tick_volume,0.38822914784934,72
0,1,m5_tick_volume_rel20,0.29236917005918,72
0,1,m5_tick_volume_pct64,0.19792472171972,72
0,1,m5_body_atr,0.11892874170925,72
0,1,m5_upper_wick_atr,-0.038019572712607,72
0,1,m5_lower_wick_atr,0.042125750492656,72
0,1,m5_bar_range_atr,0.23200431116565,72
0,1,m5_bar_close_location,0.081213417894053,72
0,1,m5_ema5_value,0.14898253000761,72
0,1,m5_ema5_price_gap_atr,0.10725455749063,72
0,1,m5_ema5_close_gap_atr,0.14827500369133,72
0,1,m5_ema5_slope1_atr,0.14827500369133,72
0,1,m5_ema5_slope3_atr,0.11545543070206,72
0,1,m5_ema5_accel_atr,0.09122265436947,72
0,1,m5_ema5_gap_pct64,0.17326706255007,72
0,1,m5_ema5_gap_z64,0.15885573814842,72
0,1,m5_ema5_sma_gap_atr,0.08892319384156,72
0,1,m5_sma5_value,0.14028317234607,72
0,1,m5_sma5_price_gap_atr,0.086575492882995,72
0,1,m5_sma5_slope1_atr,0.11881618070439,72
0,1,m5_sma5_slope3_atr,0.085449882834367,72
0,1,m5_sma5_gap_pct64,0.14608659521907,72
0,1,m5_ema10_value,0.13383503478179,72
0,1,m5_ema10_price_gap_atr,0.13264510415896,72
0,1,m5_ema10_close_gap_atr,0.17543436615035,72
0,1,m5_ema10_slope1_atr,0.17543436615035,72
0,1,m5_ema10_slope3_atr,0.1533563290537,72
0,1,m5_ema10_accel_atr,0.092203543126131,72
0,1,m5_ema10_gap_pct64,0.14341332432287,72
0,1,m5_ema10_gap_z64,0.1652717154256,72
0,1,m5_ema10_sma_gap_atr,-0.075142510817651,72
0,1,m5_sma10_value,0.13824099411499,72
0,1,m5_sma10_price_gap_atr,0.078342459384463,72
0,1,m5_sma10_slope1_atr,0.20973331234638,72
0,1,m5_sma10_slope3_atr,0.18456788768778,72
0,1,m5_sma10_gap_pct64,0.12007143015801,72
0,1,m5_ema20_value,0.11617903716189,72
0,1,m5_ema20_price_gap_atr,0.16877718671989,72
0,1,m5_ema20_close_gap_atr,0.18760703481907,72
0,1,m5_ema20_slope1_atr,0.18760703481907,72
0,1,m5_ema20_slope3_atr,0.1949074199916,72
0,1,m5_ema20_accel_atr,0.090145284751499,72
0,1,m5_ema20_gap_pct64,0.15953023703798,72
0,1,m5_ema20_gap_z64,0.16821438169558,72
0,1,m5_ema20_sma_gap_atr,0.21097148339987,72
0,1,m5_sma20_value,0.088135266807521,72
0,1,m5_sma20_price_gap_atr,0.19717472023241,72
0,1,m5_sma20_slope1_atr,0.2090579463172,72
0,1,m5_sma20_slope3_atr,0.17369771064675,72
0,1,m5_sma20_gap_pct64,0.15537503201651,72
0,1,m5_ema50_value,0.056859387599233,72
0,1,m5_ema50_price_gap_atr,0.17094800609939,72
0,1,m5_ema50_close_gap_atr,0.1763509343328,72
0,1,m5_ema50_slope1_atr,0.1763509343328,72
0,1,m5_ema50_slope3_atr,0.15478746182981,72
0,1,m5_ema50_accel_atr,0.10720631705998,72
0,1,m5_ema50_gap_pct64,0.1715051609718,72
0,1,m5_ema50_gap_z64,0.19558278602078,72
0,1,m5_ema50_sma_gap_atr,0.045844489266237,72
0,1,m5_sma50_value,0.059174928270695,72
0,1,m5_sma50_price_gap_atr,0.14567002043593,72
0,1,m5_sma50_slope1_atr,0.10749575964391,72
0,1,m5_sma50_slope3_atr,0.091801539537336,72
0,1,m5_sma50_gap_pct64,0.21258487156793,72
0,1,m5_rsi7_value,0.14267911373529,72
0,1,m5_rsi7_centered,0.14267911373529,72
0,1,m5_rsi7_slope1,0.057422192623546,72
0,1,m5_rsi7_slope3,-0.011609863644413,72
0,1,m5_rsi7_pct64,0.11137123571436,72
0,1,m5_rsi14_value,0.1909356245343,72
0,1,m5_rsi14_centered,0.1909356245343,72
0,1,m5_rsi14_slope1,0.074016900769024,72
0,1,m5_rsi14_slope3,0.023573490446967,72
0,1,m5_rsi14_pct64,0.14991313317272,72
0,1,m5_rsi21_value,0.18334579677784,72
0,1,m5_rsi21_centered,0.18334579677784,72
0,1,m5_rsi21_slope1,0.083713227330771,72
0,1,m5_rsi21_slope3,0.04428471534171,72
0,1,m5_rsi21_pct64,0.16275502190794,72
0,1,m5_macd_atr,0.1462810658909,72
0,1,m5_macd_signal_atr,0.083906189053393,72
0,1,m5_macd_hist_atr,0.18357091878757,72
0,1,m5_macd_hist_slope1_atr,0.0676170036354,72
0,1,m5_macd_hist_pct64,0.14091169529912,72
0,1,m5_stoch14_k,0.15142671182748,72
0,1,m5_stoch14_d,0.1153750299843,72
0,1,m5_stoch14_k_minus_d,-0.012236989242934,72
0,1,m5_williams14_r,0.15142671182748,72
0,1,m5_cci20,0.19329940563642,72
0,1,m5_adx14,-0.1670726915034,72
0,1,m5_plus_di14,0.098683840977515,72
0,1,m5_minus_di14,-0.23480225614366,72
0,1,m5_di_balance,0.17639917476346,72
0,1,m5_adx14_slope3,0.24512570830393,72
0,1,m5_roc1_atr,0.12417086850715,72
0,1,m5_roc1_pct,0.11767449051221,72
0,1,m5_roc3_atr,0.080223836180026,72
0,1,m5_roc3_pct,0.10276819743968,72
0,1,m5_roc5_atr,0.11881618070439,72
0,1,m5_roc5_pct,0.14423888765982,72
0,1,m5_roc10_atr,0.20973331234638,72
0,1,m5_roc10_pct,0.26020888295554,72
0,1,m5_roc20_atr,0.2090579463172,72
0,1,m5_roc20_pct,0.23845244872993,72
0,1,m5_range5_width_atr,0.0059818134012768,72
0,1,m5_range5_position,-0.0018170562213556,72
0,1,m5_range5_high_distance_atr,0.013137477281836,72
0,1,m5_range5_low_distance_atr,0.078229898379601,72
0,1,m5_range5_signed_efficiency,0.031340451732603,72
0,1,m5_realized_vol5,0.21356038651171,72
0,1,m5_realized_vol5_atr,0.1192825048674,72
0,1,m5_range20_width_atr,-0.1352018469837,72
0,1,m5_range20_position,0.17641525490701,72
0,1,m5_range20_high_distance_atr,-0.1882984809918,72
0,1,m5_range20_low_distance_atr,0.12727433621265,72
0,1,m5_range20_signed_efficiency,0.19688527764847,72
0,1,m5_realized_vol20,0.2770769535414,72
0,1,m5_realized_vol20_atr,0.14988301804651,72
0,1,m5_range60_width_atr,-0.054576007214874,72
0,1,m5_range60_position,0.15145887211459,72
0,1,m5_range60_high_distance_atr,-0.18734975252225,72
0,1,m5_range60_low_distance_atr,0.1197488290304,72
0,1,m5_range60_signed_efficiency,0.11696696419593,72
0,1,m5_realized_vol60,0.32231039735266,72
0,1,m5_realized_vol60_atr,0.13471944267714,72
0,1,m5_bb20_width_atr,-0.11080826921559,72
0,1,m5_bb20_price_z,0.20039074894277,72
0,1,m5_bb20_position,0.20039074894277,72
0,1,m5_consecutive_signed_bars,-0.090230816987249,72
0,1,m5_ema5_20_gap_atr,0.16474107068839,72
0,1,m5_ema10_20_gap_atr,0.1684073434182,72
0,1,m5_ema20_50_gap_atr,0.08379362804853,72
0,1,m5_ema_alignment,0.13807977667436,72
0,1,m5_ema_alignment_x_rsi14,0.05078832377701,72
0,1,m5_ema20_gap_x_rsi14,0.070640070623142,72
0,1,m5_rsi14_x_adx14,0.1555593087203,72
0,1,m5_macd_hist_x_atr_expansion,0.19207731472648,72
0,1,m5_ema20_slope_x_adx,0.13962388646045,72
0,1,m5_body_x_tick_activity,0.13211445942175,72
0,1,m5_shock_x_ema20_price_gap_atr,-0.00054672488076185,72
0,1,m5_shock_x_ema20_50_gap_atr,-0.030391471312938,72
0,1,m5_shock_x_rsi14_centered,-0.0074451064644923,72
0,1,m5_shock_x_macd_hist_atr,-0.010596814600649,72
0,1,m5_shock_x_di_balance,-0.010757616036167,72
0,1,m5_shock_x_roc5_atr,0.067327561051467,72
0,1,m5_shock_x_range20_signed_efficiency,0.0041647571799212,72
0,1,m15_atr7,0.2938967836966,72
0,1,m15_atr14,0.25260297505553,72
0,1,m15_atr28,0.22079645111003,72
0,1,m15_atr14_price,0.2050218302857,72
0,1,m15_atr7_atr28,0.14082989722683,72
0,1,m15_atr14_pct64,0.090504319414465,72
0,1,m15_atr14_z64,0.019344412692839,72
0,1,m15_atr14_change3,0.049269559842774,72
0,1,m15_spread_atr,-0.12031163405471,72
0,1,m15_tick_volume,0.34710876916365,72
0,1,m15_tick_volume_rel20,0.10271995700902,72
0,1,m15_tick_volume_pct64,0.33644575961726,72
0,1,m15_body_atr,0.015742460537231,72
0,1,m15_upper_wick_atr,0.12005435175788,72
0,1,m15_lower_wick_atr,0.10714199648577,72
0,1,m15_bar_range_atr,0.12222517113738,72
0,1,m15_bar_close_location,-0.060799022769428,72
0,1,m15_ema5_value,0.12196788884055,72
0,1,m15_ema5_price_gap_atr,0.23843636858638,72
0,1,m15_ema5_close_gap_atr,0.14925589244799,72
0,1,m15_ema5_slope1_atr,0.14925589244799,72
0,1,m15_ema5_slope3_atr,0.18833064127891,72
0,1,m15_ema5_accel_atr,6.4320574207277e-05,72
0,1,m15_ema5_gap_pct64,0.12083555032582,72
0,1,m15_ema5_gap_z64,0.10982738045893,72
0,1,m15_ema5_sma_gap_atr,0.14329015919026,72
0,1,m15_sma5_value,0.10805856466823,72
0,1,m15_sma5_price_gap_atr,0.20076059224446,72
0,1,m15_sma5_slope1_atr,0.18109457668059,72
0,1,m15_sma5_slope3_atr,0.13891636014417,72
0,1,m15_sma5_gap_pct64,0.12534084608963,72
0,1,m15_ema10_value,0.078615821824844,72
0,1,m15_ema10_price_gap_atr,0.21524880158465,72
0,1,m15_ema10_close_gap_atr,0.16121951925054,72
0,1,m15_ema10_slope1_atr,0.16121951925054,72
0,1,m15_ema10_slope3_atr,0.13047428477946,72
0,1,m15_ema10_accel_atr,0.024490058629421,72
0,1,m15_ema10_gap_pct64,0.1095542277712,72
0,1,m15_ema10_gap_z64,0.15322768790529,72
0,1,m15_ema10_sma_gap_atr,0.22774307312442,72
0,1,m15_sma10_value,0.055572976115087,72
0,1,m15_sma10_price_gap_atr,0.24670156237201,72
0,1,m15_sma10_slope1_atr,0.14694035177652,72
0,1,m15_sma10_slope3_atr,0.062969842148924,72
0,1,m15_sma10_gap_pct64,0.13100065097648,72
0,1,m15_ema20_value,0.050314769173642,72
0,1,m15_ema20_price_gap_atr,0.18064433266114,72
0,1,m15_ema20_close_gap_atr,0.14578258144079,72
0,1,m15_ema20_slope1_atr,0.14578258144079,72
0,1,m15_ema20_slope3_atr,0.1060324665807,72
0,1,m15_ema20_accel_atr,0.03306077514254,72
0,1,m15_ema20_gap_pct64,0.063582392785108,72
0,1,m15_ema20_gap_z64,0.12835170583062,72
0,1,m15_ema20_sma_gap_atr,0.073438015601158,72
0,1,m15_sma20_value,0.048208270368354,72
0,1,m15_sma20_price_gap_atr,0.17467859940341,72
0,1,m15_sma20_slope1_atr,0.056891547886336,72
0,1,m15_sma20_slope3_atr,0.031404520356703,72
0,1,m15_sma20_gap_pct64,0.078713185802854,72
0,1,m15_ema50_value,0.036212483278697,72
0,1,m15_ema50_price_gap_atr,0.16813398097782,72
0,1,m15_ema50_close_gap_atr,0.13742090679385,72
0,1,m15_ema50_slope1_atr,0.13742090679385,72
0,1,m15_ema50_slope3_atr,0.10251091514285,72
0,1,m15_ema50_accel_atr,0.023573490446967,72
0,1,m15_ema50_gap_pct64,0.027647668278215,72
0,1,m15_ema50_gap_z64,0.089871922311118,72
0,1,m15_ema50_sma_gap_atr,-0.031002516767907,72
0,1,m15_sma50_value,0.055170972526292,72
0,1,m15_sma50_price_gap_atr,0.16676716877592,72
0,1,m15_sma50_slope1_atr,0.098683840977515,72
0,1,m15_sma50_slope3_atr,0.10767264122298,72
0,1,m15_sma50_gap_pct64,0.011451501056735,72
0,1,m15_rsi7_value,0.1648053912626,72
0,1,m15_rsi7_centered,0.1648053912626,72
0,1,m15_rsi7_slope1,-0.0055798098124813,72
0,1,m15_rsi7_slope3,0.13467120224649,72
0,1,m15_rsi7_pct64,0.11208127716933,72
0,1,m15_rsi14_value,0.1449785742632,72
0,1,m15_rsi14_centered,0.1449785742632,72
0,1,m15_rsi14_slope1,0.017189673456895,72
0,1,m15_rsi14_slope3,0.14697251206363,72
0,1,m15_rsi14_pct64,0.075493131319755,72
0,1,m15_rsi21_value,0.13224310057016,72
0,1,m15_rsi21_centered,0.13224310057016,72
0,1,m15_rsi21_slope1,0.017688157907001,72
0,1,m15_rsi21_slope3,0.157328124511,72
0,1,m15_rsi21_pct64,0.030409222406898,72
0,1,m15_macd_atr,0.042226456967077,72
0,1,m15_macd_signal_atr,0.0030713074183975,72
0,1,m15_macd_hist_atr,0.11878402041729,72
0,1,m15_macd_hist_slope1_atr,0.14695643192008,72
0,1,m15_macd_hist_pct64,0.11808155858679,72
0,1,m15_stoch14_k,0.10876609098451,72
0,1,m15_stoch14_d,0.065349703394593,72
0,1,m15_stoch14_k_minus_d,0.0089566399583633,72
0,1,m15_williams14_r,0.10876609098451,72
0,1,m15_cci20,0.18294379318905,72
0,1,m15_adx14,-0.25562604204327,72
0,1,m15_plus_di14,0.12663113047058,72
0,1,m15_minus_di14,-0.10000241274876,72
0,1,m15_di_balance,0.15941854317274,72
0,1,m15_adx14_slope3,-0.11500518668261,72
0,1,m15_roc1_atr,0.017784638768312,72
0,1,m15_roc1_pct,0.034218545478271,72
0,1,m15_roc3_atr,0.14502681469386,72
0,1,m15_roc3_pct,0.16126775968119,72
0,1,m15_roc5_atr,0.18109457668059,72
0,1,m15_roc5_pct,0.18448748697002,72
0,1,m15_roc10_atr,0.14694035177652,72
0,1,m15_roc10_pct,0.13372247377693,72
0,1,m15_roc20_atr,0.056891547886336,72
0,1,m15_roc20_pct,0.042917903139806,72
0,1,m15_range5_width_atr,0.058821165112555,72
0,1,m15_range5_position,0.13488024411266,72
0,1,m15_range5_high_distance_atr,-0.13560385057249,72
0,1,m15_range5_low_distance_atr,0.17213793672222,72
0,1,m15_range5_signed_efficiency,0.17607513932167,72
0,1,m15_realized_vol5,0.047388183047211,72
0,1,m15_realized_vol5_atr,-0.027690007196233,72
0,1,m15_range20_width_atr,0.051376058648062,72
0,1,m15_range20_position,0.16281145346217,72
0,1,m15_range20_high_distance_atr,-0.18778391639814,72
0,1,m15_range20_low_distance_atr,0.16097831709726,72
0,1,m15_range20_signed_efficiency,0.049285639986326,72
0,1,m15_realized_vol20,0.1033953230382,72
0,1,m15_realized_vol20_atr,0.044686718930506,72
0,1,m15_range60_width_atr,-0.16921135059579,72
0,1,m15_range60_position,0.18805727883853,72
0,1,m15_range60_high_distance_atr,-0.22676218436775,72
0,1,m15_range60_low_distance_atr,0.11341325247098,72
0,1,m15_range60_signed_efficiency,0.088070946233314,72
0,1,m15_realized_vol60,0.18012976806748,72
0,1,m15_realized_vol60_atr,-0.037965218925845,72
0,1,m15_bb20_width_atr,-0.037241612466013,72
0,1,m15_bb20_price_z,0.21262773818571,72
0,1,m15_bb20_position,0.21262773818571,72
0,1,m15_consecutive_signed_bars,0.018329302174083,72
0,1,m15_ema5_20_gap_atr,0.090450807478983,72
0,1,m15_ema10_20_gap_atr,0.038769226103436,72
0,1,m15_ema20_50_gap_atr,0.047388183047211,72
0,1,m15_ema_alignment,0.045730175696354,72
0,1,m15_ema_alignment_x_rsi14,-0.099130204699633,72
0,1,m15_ema20_gap_x_rsi14,0.032980374424781,72
0,1,m15_rsi14_x_adx14,0.09218746298258,72
0,1,m15_macd_hist_x_atr_expansion,0.1339315156431,72
0,1,m15_ema20_slope_x_adx,0.078728382829707,72
0,1,m15_body_x_tick_activity,0.052775031137071,72
0,1,m15_shock_x_ema20_price_gap_atr,-0.01423092704336,72
0,1,m15_shock_x_ema20_50_gap_atr,0.050941894772163,72
0,1,m15_shock_x_rsi14_centered,-0.020405702167259,72
0,1,m15_shock_x_macd_hist_atr,-0.057341791905787,72
0,1,m15_shock_x_di_balance,0.0022029796665992,72
0,1,m15_shock_x_roc5_atr,-0.059850294299871,72
0,1,m15_shock_x_range20_signed_efficiency,-0.10027577518914,72
0,1,m1_m5_alignment_product,0.0081783927878904,72
0,1,m1_m5_rsi14_difference,-0.21714625852377,72
0,1,m1_m5_ema20_slope_product,-0.049012277545945,72
0,1,m1_m5_macd_hist_product,-0.021885075374026,72
0,1,m1_m5_atr_ratio,0.17594893074401,72
0,1,m1_m5_rsi_x_trend,0.0044324057369515,72
0,1,m1_m15_alignment_product,-0.076827520418246,72
0,1,m1_m15_rsi14_difference,-0.084243872067981,72
0,1,m1_m15_ema20_slope_product,0.074242022778749,72
0,1,m1_m15_macd_hist_product,0.038704905529229,72
0,1,m1_m15_atr_ratio,0.22232406474745,72
0,1,m1_m15_rsi_x_trend,-0.028564040646915,72
0,1,m5_m15_alignment_product,-0.14843642618833,72
0,1,m5_m15_rsi14_difference,0.10637014959528,72
0,1,m5_m15_ema20_slope_product,0.051424299078718,72
0,1,m5_m15_macd_hist_product,0.17062640322835,72
0,1,m5_m15_atr_ratio,0.29034307197165,72
0,1,m5_m15_rsi_x_trend,-0.094261334134818,72
1,-1,quote_mid,0.072126115866724,763
1,-1,quote_spread,0.05959297143897,763
1,-1,shock_direction,-0.0027916185009699,763
1,-1,m1_atr7,0.15709136403256,763
1,-1,m1_atr14,0.16666466077596,763
1,-1,m1_atr28,0.1798827162856,763
1,-1,m1_atr14_price,0.17718358537653,763
1,-1,m1_atr7_atr28,-0.0063814413914864,763
1,-1,m1_atr14_pct64,-0.01482458780499,763
1,-1,m1_atr14_z64,-0.012664167695977,763
1,-1,m1_atr14_change3,-0.030400329529288,763
1,-1,m1_spread_atr,-0.19616256042949,763
1,-1,m1_tick_volume,0.14767454680135,763
1,-1,m1_tick_volume_rel20,0.03644931064688,763
1,-1,m1_tick_volume_pct64,0.011145666074546,763
1,-1,m1_body_atr,-0.035564162088853,763
1,-1,m1_upper_wick_atr,0.0034909306663924,763
1,-1,m1_lower_wick_atr,-0.021672980516661,763
1,-1,m1_bar_range_atr,-0.040786391295203,763
1,-1,m1_bar_close_location,-0.048775002149076,763
1,-1,m1_ema5_value,0.074036733988858,763
1,-1,m1_ema5_price_gap_atr,-0.050611230505768,763
1,-1,m1_ema5_close_gap_atr,-0.082719987519722,763
1,-1,m1_ema5_slope1_atr,-0.082719987519722,763
1,-1,m1_ema5_slope3_atr,-0.069258116011139,763
1,-1,m1_ema5_accel_atr,-0.012726749387008,763
1,-1,m1_ema5_gap_pct64,-0.087332032457122,763
1,-1,m1_ema5_gap_z64,-0.087563253883643,763
1,-1,m1_ema5_sma_gap_atr,-0.078071827986202,763
1,-1,m1_sma5_value,0.074368818791632,763
1,-1,m1_sma5_price_gap_atr,-0.060558693629819,763
1,-1,m1_sma5_slope1_atr,-0.053792672788179,763
1,-1,m1_sma5_slope3_atr,-0.04833504268495,763
1,-1,m1_sma5_gap_pct64,-0.087564922334318,763
1,-1,m1_ema10_value,0.074376820160901,763
1,-1,m1_ema10_price_gap_atr,-0.061085268648476,763
1,-1,m1_ema10_close_gap_atr,-0.071828922710236,763
1,-1,m1_ema10_slope1_atr,-0.071828922710236,763
1,-1,m1_ema10_slope3_atr,-0.051620250522665,763
1,-1,m1_ema10_accel_atr,-0.024797100178303,763
1,-1,m1_ema10_gap_pct64,-0.082162368419034,763
1,-1,m1_ema10_gap_z64,-0.085870522476028,763
1,-1,m1_ema10_sma_gap_atr,-0.066262691255158,763
1,-1,m1_sma10_value,0.074117923190912,763
1,-1,m1_sma10_price_gap_atr,-0.068754693845878,763
1,-1,m1_sma10_slope1_atr,-0.058826634626104,763
1,-1,m1_sma10_slope3_atr,-0.047836239726892,763
1,-1,m1_sma10_gap_pct64,-0.081282605364998,763
1,-1,m1_ema20_value,0.074083416985664,763
1,-1,m1_ema20_price_gap_atr,-0.051445013683093,763
1,-1,m1_ema20_close_gap_atr,-0.04514263351276,763
1,-1,m1_ema20_slope1_atr,-0.04514263351276,763
1,-1,m1_ema20_slope3_atr,-0.027774424466773,763
1,-1,m1_ema20_accel_atr,-0.036100045178357,763
1,-1,m1_ema20_gap_pct64,-0.057751444623289,763
1,-1,m1_ema20_gap_z64,-0.065574805950663,763
1,-1,m1_ema20_sma_gap_atr,-0.024977307892535,763
1,-1,m1_sma20_value,0.074318628508633,763
1,-1,m1_sma20_price_gap_atr,-0.050335522563696,763
1,-1,m1_sma20_slope1_atr,0.0043053989310972,763
1,-1,m1_sma20_slope3_atr,0.007246184472943,763
1,-1,m1_sma20_gap_pct64,-0.054093738332462,763
1,-1,m1_ema50_value,0.073059740993207,763
1,-1,m1_ema50_price_gap_atr,-0.027939543955475,763
1,-1,m1_ema50_close_gap_atr,-0.017055786872051,763
1,-1,m1_ema50_slope1_atr,-0.017055786872051,763
1,-1,m1_ema50_slope3_atr,-0.0075778147549393,763
1,-1,m1_ema50_accel_atr,-0.043414214466961,763
1,-1,m1_ema50_gap_pct64,-0.033274022127011,763
1,-1,m1_ema50_gap_z64,-0.035193981701291,763
1,-1,m1_ema50_sma_gap_atr,0.013920191555349,763
1,-1,m1_sma50_value,0.072971852910027,763
1,-1,m1_sma50_price_gap_atr,-0.023655095756443,763
1,-1,m1_sma50_slope1_atr,-0.0099131938060827,763
1,-1,m1_sma50_slope3_atr,0.00088920572822021,763
1,-1,m1_sma50_gap_pct64,-0.024719797156008,763
1,-1,m1_rsi7_value,-0.055911614721224,763
1,-1,m1_rsi7_centered,-0.055911614721224,763
1,-1,m1_rsi7_slope1,-0.034491120900379,763
1,-1,m1_rsi7_slope3,-0.084122625165937,763
1,-1,m1_rsi7_pct64,-0.067229668676146,763
1,-1,m1_rsi14_value,-0.033392066652708,763
1,-1,m1_rsi14_centered,-0.033392066652708,763
1,-1,m1_rsi14_slope1,-0.037881058578914,763
1,-1,m1_rsi14_slope3,-0.087487799248181,763
1,-1,m1_rsi14_pct64,-0.042911698887977,763
1,-1,m1_rsi21_value,-0.02336773057298,763
1,-1,m1_rsi21_centered,-0.02336773057298,763
1,-1,m1_rsi21_slope1,-0.037398815660447,763
1,-1,m1_rsi21_slope3,-0.086528690595056,763
1,-1,m1_rsi21_pct64,-0.040153227314053,763
1,-1,m1_macd_atr,0.0022058526459435,763
1,-1,m1_macd_signal_atr,0.019124508214878,763
1,-1,m1_macd_hist_atr,-0.056985809928974,763
1,-1,m1_macd_hist_slope1_atr,-0.077406635805154,763
1,-1,m1_macd_hist_pct64,-0.048922669456701,763
1,-1,m1_stoch14_k,-0.048630299935854,763
1,-1,m1_stoch14_d,-0.029791019164729,763
1,-1,m1_stoch14_k_minus_d,-0.043298128334279,763
1,-1,m1_williams14_r,-0.048630299935854,763
1,-1,m1_cci20,-0.047344879573012,763
1,-1,m1_adx14,-0.017528073995986,763
1,-1,m1_plus_di14,-0.042773957706082,763
1,-1,m1_minus_di14,0.010842625797175,763
1,-1,m1_di_balance,-0.029769622791193,763
1,-1,m1_adx14_slope3,0.018387859710594,763
1,-1,m1_roc1_atr,-0.041526388735515,763
1,-1,m1_roc1_pct,-0.041511124891425,763
1,-1,m1_roc3_atr,-0.085855882327694,763
1,-1,m1_roc3_pct,-0.096214266867525,763
1,-1,m1_roc5_atr,-0.053792672788179,763
1,-1,m1_roc5_pct,-0.053591257804332,763
1,-1,m1_roc10_atr,-0.058826634626104,763
1,-1,m1_roc10_pct,-0.061035377958642,763
1,-1,m1_roc20_atr,0.0043053989310972,763
1,-1,m1_roc20_pct,0.011089873079853,763
1,-1,m1_range5_width_atr,-0.066879147252041,763
1,-1,m1_range5_position,-0.056350527183939,763
1,-1,m1_range5_high_distance_atr,0.04107534392394,763
1,-1,m1_range5_low_distance_atr,-0.074129167943471,763
1,-1,m1_range5_signed_efficiency,-0.047761429303305,763
1,-1,m1_realized_vol5,0.089282163430092,763
1,-1,m1_realized_vol5_atr,-0.024907148319211,763
1,-1,m1_range20_width_atr,0.019605575416337,763
1,-1,m1_range20_position,-0.026535765795269,763
1,-1,m1_range20_high_distance_atr,0.031741114906297,763
1,-1,m1_range20_low_distance_atr,-0.021385850950774,763
1,-1,m1_range20_signed_efficiency,0.0063304092641423,763
1,-1,m1_realized_vol20,0.15191768308968,763
1,-1,m1_realized_vol20_atr,0.0085815262018871,763
1,-1,m1_range60_width_atr,-0.030256498351629,763
1,-1,m1_range60_position,-0.029179365786076,763
1,-1,m1_range60_high_distance_atr,0.015671452310522,763
1,-1,m1_range60_low_distance_atr,-0.040832182776444,763
1,-1,m1_range60_signed_efficiency,-0.016513029606652,763
1,-1,m1_realized_vol60,0.17551581759011,763
1,-1,m1_realized_vol60_atr,0.040732751775435,763
1,-1,m1_bb20_width_atr,0.0022242232696866,763
1,-1,m1_bb20_price_z,-0.05015142459973,763
1,-1,m1_bb20_position,-0.05015142459973,763
1,-1,m1_consecutive_signed_bars,-0.027661173515285,763
1,-1,m1_ema5_20_gap_atr,-0.01828324170994,763
1,-1,m1_ema10_20_gap_atr,-0.0023492380658201,763
1,-1,m1_ema20_50_gap_atr,0.018728729335708,763
1,-1,m1_ema_alignment,-0.019054107354068,763
1,-1,m1_ema_alignment_x_rsi14,-0.0057853609568649,763
1,-1,m1_ema20_gap_x_rsi14,-0.0084653590223356,763
1,-1,m1_rsi14_x_adx14,-0.025579310531032,763
1,-1,m1_macd_hist_x_atr_expansion,-0.058714809810671,763
1,-1,m1_ema20_slope_x_adx,-0.019551192966933,763
1,-1,m1_body_x_tick_activity,-0.037711731718787,763
1,-1,m1_shock_x_ema20_price_gap_atr,-0.070490258059644,763
1,-1,m1_shock_x_ema20_50_gap_atr,-0.018445646128515,763
1,-1,m1_shock_x_rsi14_centered,-0.045680501061894,763
1,-1,m1_shock_x_macd_hist_atr,-0.026154432624493,763
1,-1,m1_shock_x_di_balance,-0.026814910579301,763
1,-1,m1_shock_x_roc5_atr,-0.055838606508149,763
1,-1,m1_shock_x_range20_signed_efficiency,-0.033231959684312,763
1,-1,m5_atr7,0.18385458021696,763
1,-1,m5_atr14,0.19855170057071,763
1,-1,m5_atr28,0.19115909142029,763
1,-1,m5_atr14_price,0.21309171156802,763
1,-1,m5_atr7_atr28,0.014784907621182,763
1,-1,m5_atr14_pct64,0.021725998578185,763
1,-1,m5_atr14_z64,0.022890107863473,763
1,-1,m5_atr14_change3,-0.01669273742033,763
1,-1,m5_spread_atr,-0.24441525949508,763
1,-1,m5_tick_volume,0.17131376767231,763
1,-1,m5_tick_volume_rel20,0.026437650909802,763
1,-1,m5_tick_volume_pct64,0.039109859868423,763
1,-1,m5_body_atr,-0.054904028015598,763
1,-1,m5_upper_wick_atr,-0.023079014775876,763
1,-1,m5_lower_wick_atr,-0.008844802681878,763
1,-1,m5_bar_range_atr,-0.0017922704711171,763
1,-1,m5_bar_close_location,-0.049367494958893,763
1,-1,m5_ema5_value,0.073961319876831,763
1,-1,m5_ema5_price_gap_atr,-0.047100442214738,763
1,-1,m5_ema5_close_gap_atr,-0.0074494905449696,763
1,-1,m5_ema5_slope1_atr,-0.0074494905449696,763
1,-1,m5_ema5_slope3_atr,0.026979111536816,763
1,-1,m5_ema5_accel_atr,-0.072463033416848,763
1,-1,m5_ema5_gap_pct64,-0.012689505472194,763
1,-1,m5_ema5_gap_z64,0.00054620186887713,763
1,-1,m5_ema5_sma_gap_atr,-0.0068830134509173,763
1,-1,m5_sma5_value,0.073922926917992,763
1,-1,m5_sma5_price_gap_atr,-0.03928372830427,763
1,-1,m5_sma5_slope1_atr,0.022290496107626,763
1,-1,m5_sma5_slope3_atr,0.023028002513471,763
1,-1,m5_sma5_gap_pct64,-0.0075796441772925,763
1,-1,m5_ema10_value,0.073074194351593,763
1,-1,m5_ema10_price_gap_atr,-0.03093063270394,763
1,-1,m5_ema10_close_gap_atr,-0.0018303624997608,763
1,-1,m5_ema10_slope1_atr,-0.0018303624997608,763
1,-1,m5_ema10_slope3_atr,0.023230018433966,763
1,-1,m5_ema10_accel_atr,-0.073448455286923,763
1,-1,m5_ema10_gap_pct64,0.0064285435495715,763
1,-1,m5_ema10_gap_z64,0.014104073394329,763
1,-1,m5_ema10_sma_gap_atr,0.021530573643997,763
1,-1,m5_sma10_value,0.072800108821942,763
1,-1,m5_sma10_price_gap_atr,-0.025645593362434,763
1,-1,m5_sma10_slope1_atr,-0.0036312105293264,763
1,-1,m5_sma10_slope3_atr,0.0071653807440968,763
1,-1,m5_sma10_gap_pct64,0.0056153940048867,763
1,-1,m5_ema20_value,0.071263093991139,763
1,-1,m5_ema20_price_gap_atr,-0.013236115453718,763
1,-1,m5_ema20_close_gap_atr,0.0051494209132852,763
1,-1,m5_ema20_slope1_atr,0.0051494209132852,763
1,-1,m5_ema20_slope3_atr,0.025060678105581,763
1,-1,m5_ema20_accel_atr,-0.070067220416715,763
1,-1,m5_ema20_gap_pct64,0.009552041566585,763
1,-1,m5_ema20_gap_z64,0.019951267330183,763
1,-1,m5_ema20_sma_gap_atr,-0.010901020066617,763
1,-1,m5_sma20_value,0.071480165488688,763
1,-1,m5_sma20_price_gap_atr,-0.013960620435395,763
1,-1,m5_sma20_slope1_atr,0.014105079821555,763
1,-1,m5_sma20_slope3_atr,0.030838198749327,763
1,-1,m5_sma20_gap_pct64,0.0064684975640234,763
1,-1,m5_ema50_value,0.067313693550432,763
1,-1,m5_ema50_price_gap_atr,-0.0014358938783141,763
1,-1,m5_ema50_close_gap_atr,0.0087109985758407,763
1,-1,m5_ema50_slope1_atr,0.0087109985758407,763
1,-1,m5_ema50_slope3_atr,0.022535973567392,763
1,-1,m5_ema50_accel_atr,-0.063667854159267,763
1,-1,m5_ema50_gap_pct64,0.026729865246599,763
1,-1,m5_ema50_gap_z64,0.025571813695607,763
1,-1,m5_ema50_sma_gap_atr,0.038961013177913,763
1,-1,m5_sma50_value,0.067481203921783,763
1,-1,m5_sma50_price_gap_atr,0.0067429509526883,763
1,-1,m5_sma50_slope1_atr,0.0032974188993801,763
1,-1,m5_sma50_slope3_atr,0.0064101049676502,763
1,-1,m5_sma50_gap_pct64,0.024869956656013,763
1,-1,m5_rsi7_value,0.0085074493632057,763
1,-1,m5_rsi7_centered,0.0085074493632057,763
1,-1,m5_rsi7_slope1,-0.069015461683992,763
1,-1,m5_rsi7_slope3,0.005937453132803,763
1,-1,m5_rsi7_pct64,0.016169874463524,763
1,-1,m5_rsi14_value,0.0087503063075261,763
1,-1,m5_rsi14_centered,0.0087503063075261,763
1,-1,m5_rsi14_slope1,-0.061779097390065,763
1,-1,m5_rsi14_slope3,0.0055260862390751,763
1,-1,m5_rsi14_pct64,0.015438784451126,763
1,-1,m5_rsi21_value,0.006847933664255,763
1,-1,m5_rsi21_centered,0.006847933664255,763
1,-1,m5_rsi21_slope1,-0.059729773264661,763
1,-1,m5_rsi21_slope3,0.0051093567441515,763
1,-1,m5_rsi21_pct64,0.01690776710909,763
1,-1,m5_macd_atr,0.021413974214475,763
1,-1,m5_macd_signal_atr,0.022516508810911,763
1,-1,m5_macd_hist_atr,0.0081690786832331,763
1,-1,m5_macd_hist_slope1_atr,-0.031179108897876,763
1,-1,m5_macd_hist_pct64,0.0078257602853153,763
1,-1,m5_stoch14_k,0.0047861621874587,763
1,-1,m5_stoch14_d,0.030076385192078,763
1,-1,m5_stoch14_k_minus_d,-0.056783057677222,763
1,-1,m5_williams14_r,0.0047861621874587,763
1,-1,m5_cci20,0.0072023516243796,763
1,-1,m5_adx14,0.062360851819009,763
1,-1,m5_plus_di14,0.015932315167673,763
1,-1,m5_minus_di14,-0.018265451922095,763
1,-1,m5_di_balance,0.016546893578746,763
1,-1,m5_adx14_slope3,-0.038566558064278,763
1,-1,m5_roc1_atr,-0.055929917805909,763
1,-1,m5_roc1_pct,-0.060674252957849,763
1,-1,m5_roc3_atr,0.0096424297881698,763
1,-1,m5_roc3_pct,0.0083715743431052,763
1,-1,m5_roc5_atr,0.022290496107626,763
1,-1,m5_roc5_pct,0.024508289659002,763
1,-1,m5_roc10_atr,-0.0036312105293264,763
1,-1,m5_roc10_pct,-0.015456570461537,763
1,-1,m5_roc20_atr,0.014105079821555,763
1,-1,m5_roc20_pct,0.0018477943430789,763
1,-1,m5_range5_width_atr,0.025391497918883,763
1,-1,m5_range5_position,-0.030827812075045,763
1,-1,m5_range5_high_distance_atr,0.031423505732716,763
1,-1,m5_range5_low_distance_atr,-0.010056457655655,763
1,-1,m5_range5_signed_efficiency,0.021247000745097,763
1,-1,m5_realized_vol5,0.13670453731811,763
1,-1,m5_realized_vol5_atr,0.010985011638995,763
1,-1,m5_range20_width_atr,0.0048007572808919,763
1,-1,m5_range20_position,-0.013070712300973,763
1,-1,m5_range20_high_distance_atr,0.016967459292157,763
1,-1,m5_range20_low_distance_atr,-0.005602310819797,763
1,-1,m5_range20_signed_efficiency,0.010747780770785,763
1,-1,m5_realized_vol20,0.1615090803006,763
1,-1,m5_realized_vol20_atr,0.016848212331567,763
1,-1,m5_range60_width_atr,0.062246427147151,763
1,-1,m5_range60_position,0.011788807474622,763
1,-1,m5_range60_high_distance_atr,0.016016023076008,763
1,-1,m5_range60_low_distance_atr,0.029823235295337,763
1,-1,m5_range60_signed_efficiency,0.01679886829588,763
1,-1,m5_realized_vol60,0.17466633715033,763
1,-1,m5_realized_vol60_atr,0.00072881397356972,763
1,-1,m5_bb20_width_atr,-0.02605779774048,763
1,-1,m5_bb20_price_z,-0.018028984172649,763
1,-1,m5_bb20_position,-0.018028984172649,763
1,-1,m5_consecutive_signed_bars,-0.048819674357737,763
1,-1,m5_ema5_20_gap_atr,0.019422179858573,763
1,-1,m5_ema10_20_gap_atr,0.022456466588457,763
1,-1,m5_ema20_50_gap_atr,0.017104995829622,763
1,-1,m5_ema_alignment,0.0084238942022839,763
1,-1,m5_ema_alignment_x_rsi14,0.021228372380275,763
1,-1,m5_ema20_gap_x_rsi14,-0.025462494976525,763
1,-1,m5_rsi14_x_adx14,0.0012528765392742,763
1,-1,m5_macd_hist_x_atr_expansion,0.0034949571358639,763
1,-1,m5_ema20_slope_x_adx,0.018304597560041,763
1,-1,m5_body_x_tick_activity,-0.054919102733724,763
1,-1,m5_shock_x_ema20_price_gap_atr,-0.027335393574938,763
1,-1,m5_shock_x_ema20_50_gap_atr,-0.0069478239308577,763
1,-1,m5_shock_x_rsi14_centered,-0.012459591889663,763
1,-1,m5_shock_x_macd_hist_atr,-0.028667790600958,763
1,-1,m5_shock_x_di_balance,-0.010845773117273,763
1,-1,m5_shock_x_roc5_atr,-0.020944982996565,763
1,-1,m5_shock_x_range20_signed_efficiency,-0.01942808965735,763
1,-1,m15_atr7,0.19065805967332,763
1,-1,m15_atr14,0.17984316541331,763
1,-1,m15_atr28,0.15224704405933,763
1,-1,m15_atr14_price,0.19442649596234,763
1,-1,m15_atr7_atr28,0.10224513742594,763
1,-1,m15_atr14_pct64,0.1240216766685,763
1,-1,m15_atr14_z64,0.11462949080512,763
1,-1,m15_atr14_change3,0.037084616056302,763
1,-1,m15_spread_atr,-0.21038097744881,763
1,-1,m15_tick_volume,0.16581539877933,763
1,-1,m15_tick_volume_rel20,-0.022130712204496,763
1,-1,m15_tick_volume_pct64,0.051761541997511,763
1,-1,m15_body_atr,0.059852401220459,763
1,-1,m15_upper_wick_atr,0.036908798125918,763
1,-1,m15_lower_wick_atr,0.03858106443414,763
1,-1,m15_bar_range_atr,0.045510707870387,763
1,-1,m15_bar_close_location,0.039468847614832,763
1,-1,m15_ema5_value,0.072217042660242,763
1,-1,m15_ema5_price_gap_atr,-0.023240608558241,763
1,-1,m15_ema5_close_gap_atr,0.032999745773302,763
1,-1,m15_ema5_slope1_atr,0.032999745773302,763
1,-1,m15_ema5_slope3_atr,0.011534158210796,763
1,-1,m15_ema5_accel_atr,0.055904712229509,763
1,-1,m15_ema5_gap_pct64,0.041201654921704,763
1,-1,m15_ema5_gap_z64,0.047187662154082,763
1,-1,m15_ema5_sma_gap_atr,-0.021909211110277,763
1,-1,m15_sma5_value,0.071967798951328,763
1,-1,m15_sma5_price_gap_atr,-0.028563902022129,763
1,-1,m15_sma5_slope1_atr,0.021834580451321,763
1,-1,m15_sma5_slope3_atr,0.017529411269332,763
1,-1,m15_sma5_gap_pct64,0.025020490559073,763
1,-1,m15_ema10_value,0.070284412519041,763
1,-1,m15_ema10_price_gap_atr,-0.011046526212911,763
1,-1,m15_ema10_close_gap_atr,0.029314031322366,763
1,-1,m15_ema10_slope1_atr,0.029314031322366,763
1,-1,m15_ema10_slope3_atr,0.011875095374968,763
1,-1,m15_ema10_accel_atr,0.055028690125387,763
1,-1,m15_ema10_gap_pct64,0.050220318363962,763
1,-1,m15_ema10_gap_z64,0.054025627053394,763
1,-1,m15_ema10_sma_gap_atr,0.020190369102886,763
1,-1,m15_sma10_value,0.069830442930846,763
1,-1,m15_sma10_price_gap_atr,-0.0016003109608141,763
1,-1,m15_sma10_slope1_atr,0.026787070979643,763
1,-1,m15_sma10_slope3_atr,0.013197942378205,763
1,-1,m15_sma10_gap_pct64,0.046056630135136,763
1,-1,m15_ema20_value,0.066262340052057,763
1,-1,m15_ema20_price_gap_atr,-0.0061963843728986,763
1,-1,m15_ema20_close_gap_atr,0.023497459595354,763
1,-1,m15_ema20_slope1_atr,0.023497459595354,763
1,-1,m15_ema20_slope3_atr,0.006994493419852,763
1,-1,m15_ema20_accel_atr,0.056080030115951,763
1,-1,m15_ema20_gap_pct64,0.066568320919983,763
1,-1,m15_ema20_gap_z64,0.062928531108292,763
1,-1,m15_ema20_sma_gap_atr,0.032840650768563,763
1,-1,m15_sma20_value,0.066222229947338,763
1,-1,m15_sma20_price_gap_atr,0.00094271016987176,763
1,-1,m15_sma20_slope1_atr,0.023618840790174,763
1,-1,m15_sma20_slope3_atr,0.0087990019682567,763
1,-1,m15_sma20_gap_pct64,0.059327724486339,763
1,-1,m15_ema50_value,0.062158288676619,763
1,-1,m15_ema50_price_gap_atr,-0.015762603023035,763
1,-1,m15_ema50_close_gap_atr,-0.0015191290132439,763
1,-1,m15_ema50_slope1_atr,-0.0015191290132439,763
1,-1,m15_ema50_slope3_atr,-0.013474811992073,763
1,-1,m15_ema50_accel_atr,0.060088851419779,763
1,-1,m15_ema50_gap_pct64,0.067649186685237,763
1,-1,m15_ema50_gap_z64,0.06416472550027,763
1,-1,m15_ema50_sma_gap_atr,0.050255245639501,763
1,-1,m15_sma50_value,0.060456764091981,763
1,-1,m15_sma50_price_gap_atr,-0.0084274696108657,763
1,-1,m15_sma50_slope1_atr,-0.019189264663572,763
1,-1,m15_sma50_slope3_atr,-0.033491457130283,763
1,-1,m15_sma50_gap_pct64,0.067932412424286,763
1,-1,m15_rsi7_value,0.031021432632378,763
1,-1,m15_rsi7_centered,0.031021432632378,763
1,-1,m15_rsi7_slope1,0.056794297710763,763
1,-1,m15_rsi7_slope3,0.018634309732794,763
1,-1,m15_rsi7_pct64,0.058804848513384,763
1,-1,m15_rsi14_value,0.016432928172482,763
1,-1,m15_rsi14_centered,0.016432928172482,763
1,-1,m15_rsi14_slope1,0.058823292634559,763
1,-1,m15_rsi14_slope3,0.016836798230785,763
1,-1,m15_rsi14_pct64,0.065930217091244,763
1,-1,m15_rsi21_value,0.003029491456775,763
1,-1,m15_rsi21_centered,0.003029491456775,763
1,-1,m15_rsi21_slope1,0.060606148209172,763
1,-1,m15_rsi21_slope3,0.018803900307127,763
1,-1,m15_rsi21_pct64,0.067297066727938,763
1,-1,m15_macd_atr,0.0017494777240452,763
1,-1,m15_macd_signal_atr,-0.0030348270423475,763
1,-1,m15_macd_hist_atr,0.035664661395648,763
1,-1,m15_macd_hist_slope1_atr,0.019193073866436,763
1,-1,m15_macd_hist_pct64,0.028878859055577,763
1,-1,m15_stoch14_k,0.035966825601256,763
1,-1,m15_stoch14_d,0.022071439927302,763
1,-1,m15_stoch14_k_minus_d,0.037534993509861,763
1,-1,m15_williams14_r,0.035966825601256,763
1,-1,m15_cci20,0.025087274986574,763
1,-1,m15_adx14,0.037330174562938,763
1,-1,m15_plus_di14,-0.0079745932121654,763
1,-1,m15_minus_di14,-0.013873981331948,763
1,-1,m15_di_balance,-0.00071064596700034,763
1,-1,m15_adx14_slope3,0.063550457768863,763
1,-1,m15_roc1_atr,0.05952754942571,763
1,-1,m15_roc1_pct,0.063701855041923,763
1,-1,m15_roc3_atr,0.018753354076211,763
1,-1,m15_roc3_pct,0.013212260658475,763
1,-1,m15_roc5_atr,0.021834580451321,763
1,-1,m15_roc5_pct,0.019160668626466,763
1,-1,m15_roc10_atr,0.026787070979643,763
1,-1,m15_roc10_pct,0.01887430302106,763
1,-1,m15_roc20_atr,0.023618840790174,763
1,-1,m15_roc20_pct,0.017219298931176,763
1,-1,m15_range5_width_atr,0.0053222128389622,763
1,-1,m15_range5_position,-0.011552704514114,763
1,-1,m15_range5_high_distance_atr,0.020859235549561,763
1,-1,m15_range5_low_distance_atr,-0.008777659625967,763
1,-1,m15_range5_signed_efficiency,0.033817430281108,763
1,-1,m15_realized_vol5,0.13804181066411,763
1,-1,m15_realized_vol5_atr,0.024448706702142,763
1,-1,m15_range20_width_atr,0.085949597204992,763
1,-1,m15_range20_position,0.011785457537351,763
1,-1,m15_range20_high_distance_atr,0.02451709675215,763
1,-1,m15_range20_low_distance_atr,0.034741334935387,763
1,-1,m15_range20_signed_efficiency,0.025043617739561,763
1,-1,m15_realized_vol20,0.16805534400893,763
1,-1,m15_realized_vol20_atr,0.0023680139239104,763
1,-1,m15_range60_width_atr,-0.03566579605182,763
1,-1,m15_range60_position,-0.0055608689289967,763
1,-1,m15_range60_high_distance_atr,-0.0048914622356231,763
1,-1,m15_range60_low_distance_atr,-0.021991635776512,763
1,-1,m15_range60_signed_efficiency,-0.017625857163024,763
1,-1,m15_realized_vol60,0.1270048479818,763
1,-1,m15_realized_vol60_atr,-0.087433295228473,763
1,-1,m15_bb20_width_atr,0.060521655210478,763
1,-1,m15_bb20_price_z,0.0051602406703574,763
1,-1,m15_bb20_position,0.0051602406703574,763
1,-1,m15_consecutive_signed_bars,0.063841032420281,763
1,-1,m15_ema5_20_gap_atr,0.012362133029143,763
1,-1,m15_ema10_20_gap_atr,0.0094907234912394,763
1,-1,m15_ema20_50_gap_atr,-0.029558063446293,763
1,-1,m15_ema_alignment,0.013807275535244,763
1,-1,m15_ema_alignment_x_rsi14,0.033474022321511,763
1,-1,m15_ema20_gap_x_rsi14,0.03966494576256,763
1,-1,m15_rsi14_x_adx14,0.0075412220933805,763
1,-1,m15_macd_hist_x_atr_expansion,0.029480488084414,763
1,-1,m15_ema20_slope_x_adx,0.0028198637289309,763
1,-1,m15_body_x_tick_activity,0.062285590499555,763
1,-1,m15_shock_x_ema20_price_gap_atr,-0.015817296152105,763
1,-1,m15_shock_x_ema20_50_gap_atr,0.0049999839938227,763
1,-1,m15_shock_x_rsi14_centered,-0.0074221507343403,763
1,-1,m15_shock_x_macd_hist_atr,-0.014104411089619,763
1,-1,m15_shock_x_di_balance,-0.0052673981395878,763
1,-1,m15_shock_x_roc5_atr,0.001770306769495,763
1,-1,m15_shock_x_range20_signed_efficiency,-0.0041703071912168,763
1,-1,m1_m5_alignment_product,0.015829527647287,763
1,-1,m1_m5_rsi14_difference,-0.05890459456331,763
1,-1,m1_m5_ema20_slope_product,-0.0013000188016736,763
1,-1,m1_m5_macd_hist_product,0.044308850335435,763
1,-1,m1_m5_atr_ratio,0.0028871866618245,763
1,-1,m1_m5_rsi_x_trend,0.0010118945379137,763
1,-1,m1_m15_alignment_product,0.013151986980786,763
1,-1,m1_m15_rsi14_difference,-0.041927922943658,763
1,-1,m1_m15_ema20_slope_product,0.012691656092534,763
1,-1,m1_m15_macd_hist_product,0.017471152078006,763
1,-1,m1_m15_atr_ratio,0.021710268061389,763
1,-1,m1_m15_rsi_x_trend,-0.0083763893268226,763
1,-1,m5_m15_alignment_product,0.045126024239977,763
1,-1,m5_m15_rsi14_difference,-0.0091638209432947,763
1,-1,m5_m15_ema20_slope_product,0.015978646961378,763
1,-1,m5_m15_macd_hist_product,-0.022598014945959,763
1,-1,m5_m15_atr_ratio,0.045431754711727,763
1,-1,m5_m15_rsi_x_trend,0.031754476995985,763
1,1,quote_mid,-0.012776506854801,763
1,1,quote_spread,-0.0022191484415858,763
1,1,shock_direction,0.048689662094186,763
1,1,m1_atr7,0.077527531561441,763
1,1,m1_atr14,0.086591737230724,763
1,1,m1_atr28,0.10034177822022,763
1,1,m1_atr14_price,0.16700529532208,763
1,1,m1_atr7_atr28,-0.026118475258218,763
1,1,m1_atr14_pct64,-0.009882434911545,763
1,1,m1_atr14_z64,-0.01145806131402,763
1,1,m1_atr14_change3,-0.042375986156234,763
1,1,m1_spread_atr,-0.16284074023653,763
1,1,m1_tick_volume,0.09515684468274,763
1,1,m1_tick_volume_rel20,-0.048024929928732,763
1,1,m1_tick_volume_pct64,-0.050983302480219,763
1,1,m1_body_atr,0.029443549646923,763
1,1,m1_upper_wick_atr,0.056161034913537,763
1,1,m1_lower_wick_atr,-0.040272420343805,763
1,1,m1_bar_range_atr,0.0075734017414699,763
1,1,m1_bar_close_location,-0.014539716897236,763
1,1,m1_ema5_value,-0.014227204688007,763
1,1,m1_ema5_price_gap_atr,0.037505120734332,763
1,1,m1_ema5_close_gap_atr,0.039598251809501,763
1,1,m1_ema5_slope1_atr,0.039598251809501,763
1,1,m1_ema5_slope3_atr,0.015750562459087,763
1,1,m1_ema5_accel_atr,0.025882480156259,763
1,1,m1_ema5_gap_pct64,0.039940411611715,763
1,1,m1_ema5_gap_z64,0.038389396583147,763
1,1,m1_ema5_sma_gap_atr,0.04569481670778,763
1,1,m1_sma5_value,-0.014295750500624,763
1,1,m1_sma5_price_gap_atr,0.045057774466151,763
1,1,m1_sma5_slope1_atr,0.025269266389619,763
1,1,m1_sma5_slope3_atr,-0.0043562715575421,763
1,1,m1_sma5_gap_pct64,0.037823840765906,763
1,1,m1_ema10_value,-0.014128300438877,763
1,1,m1_ema10_price_gap_atr,0.03931033265214,763
1,1,m1_ema10_close_gap_atr,0.03638471470537,763
1,1,m1_ema10_slope1_atr,0.03638471470537,763
1,1,m1_ema10_slope3_atr,0.013121508673699,763
1,1,m1_ema10_accel_atr,0.032136829885743,763
1,1,m1_ema10_gap_pct64,0.033390409030573,763
1,1,m1_ema10_gap_z64,0.034245170764862,763
1,1,m1_ema10_sma_gap_atr,-0.0061619292333699,763
1,1,m1_sma10_value,-0.013675018656332,763
1,1,m1_sma10_price_gap_atr,0.034324961682238,763
1,1,m1_sma10_slope1_atr,0.012328910474232,763
1,1,m1_sma10_slope3_atr,0.013185724844194,763
1,1,m1_sma10_gap_pct64,0.028723829212415,763
1,1,m1_ema20_value,-0.014838365948847,763
1,1,m1_ema20_price_gap_atr,0.037369299616468,763
1,1,m1_ema20_close_gap_atr,0.032966844826507,763
1,1,m1_ema20_slope1_atr,0.032966844826507,763
1,1,m1_ema20_slope3_atr,0.014682917970291,763
1,1,m1_ema20_accel_atr,0.033346995370519,763
1,1,m1_ema20_gap_pct64,0.019484010666249,763
1,1,m1_ema20_gap_z64,0.029945969741678,763
1,1,m1_ema20_sma_gap_atr,-0.0030854964898867,763
1,1,m1_sma20_value,-0.014744918858506,763
1,1,m1_sma20_price_gap_atr,0.029952818205801,763
1,1,m1_sma20_slope1_atr,0.023211579775347,763
1,1,m1_sma20_slope3_atr,0.025360916257407,763
1,1,m1_sma20_gap_pct64,0.017983761222231,763
1,1,m1_ema50_value,-0.016017166278409,763
1,1,m1_ema50_price_gap_atr,0.040044334016994,763
1,1,m1_ema50_close_gap_atr,0.035140752657999,763
1,1,m1_ema50_slope1_atr,0.035140752657999,763
1,1,m1_ema50_slope3_atr,0.028726456846305,763
1,1,m1_ema50_accel_atr,0.033222129093688,763
1,1,m1_ema50_gap_pct64,0.023427929769953,763
1,1,m1_ema50_gap_z64,0.025824369519855,763
1,1,m1_ema50_sma_gap_atr,0.0050193433659658,763
1,1,m1_sma50_value,-0.015957076854323,763
1,1,m1_sma50_price_gap_atr,0.035512447307453,763
1,1,m1_sma50_slope1_atr,0.035670421248121,763
1,1,m1_sma50_slope3_atr,0.034410236310391,763
1,1,m1_sma50_gap_pct64,0.012227361373783,763
1,1,m1_rsi7_value,0.031633771698624,763
1,1,m1_rsi7_centered,0.031633771698624,763
1,1,m1_rsi7_slope1,0.023253580608431,763
1,1,m1_rsi7_slope3,0.026252067585983,763
1,1,m1_rsi7_pct64,0.031531028572878,763
1,1,m1_rsi14_value,0.033138691297065,763
1,1,m1_rsi14_centered,0.033138691297065,763
1,1,m1_rsi14_slope1,0.028854698463329,763
1,1,m1_rsi14_slope3,0.022428814557621,763
1,1,m1_rsi14_pct64,0.016615558348415,763
1,1,m1_rsi21_value,0.036209369709747,763
1,1,m1_rsi21_centered,0.036209369709747,763
1,1,m1_rsi21_slope1,0.030069701101201,763
1,1,m1_rsi21_slope3,0.0224814410196,763
1,1,m1_rsi21_pct64,0.021279915424082,763
1,1,m1_macd_atr,0.025562966210764,763
1,1,m1_macd_signal_atr,0.026584630084422,763
1,1,m1_macd_hist_atr,0.004180116092792,763
1,1,m1_macd_hist_slope1_atr,0.038539914207847,763
1,1,m1_macd_hist_pct64,0.0017903742961382,763
1,1,m1_stoch14_k,0.019524156879902,763
1,1,m1_stoch14_d,-0.00095084237977831,763
1,1,m1_stoch14_k_minus_d,0.048458624493347,763
1,1,m1_williams14_r,0.019524156879902,763
1,1,m1_cci20,0.015718954163135,763
1,1,m1_adx14,0.010749859883042,763
1,1,m1_plus_di14,0.022143326807641,763
1,1,m1_minus_di14,-0.023736006704716,763
1,1,m1_di_balance,0.03089455631572,763
1,1,m1_adx14_slope3,-0.0080472290087426,763
1,1,m1_roc1_atr,0.031691249014033,763
1,1,m1_roc1_pct,0.026773668074734,763
1,1,m1_roc3_atr,0.022033657422185,763
1,1,m1_roc3_pct,0.023987941680878,763
1,1,m1_roc5_atr,0.025269266389619,763
1,1,m1_roc5_pct,0.025308992885733,763
1,1,m1_roc10_atr,0.012328910474232,763
1,1,m1_roc10_pct,0.020871187591248,763
1,1,m1_roc20_atr,0.023211579775347,763
1,1,m1_roc20_pct,0.021442095990418,763
1,1,m1_range5_width_atr,-0.00053658459333893,763
1,1,m1_range5_position,0.034305860664816,763
1,1,m1_range5_high_distance_atr,-0.02735787860152,763
1,1,m1_range5_low_distance_atr,0.044944497897836,763
1,1,m1_range5_signed_efficiency,0.030196269893171,763
1,1,m1_realized_vol5,0.11982049866343,763
1,1,m1_realized_vol5_atr,0.0038504982988474,763
1,1,m1_range20_width_atr,0.062823392807841,763
1,1,m1_range20_position,0.0180047411117,763
1,1,m1_range20_high_distance_atr,0.0027488816458124,763
1,1,m1_range20_low_distance_atr,0.046019423100956,763
1,1,m1_range20_signed_efficiency,0.020236672400843,763
1,1,m1_realized_vol20,0.15452867693272,763
1,1,m1_realized_vol20_atr,0.008879135044136,763
1,1,m1_range60_width_atr,0.034209631693644,763
1,1,m1_range60_position,0.055753077398764,763
1,1,m1_range60_high_distance_atr,-0.029809905483076,763
1,1,m1_range60_low_distance_atr,0.065759155126517,763
1,1,m1_range60_signed_efficiency,0.021988480075527,763
1,1,m1_realized_vol60,0.1686366019659,763
1,1,m1_realized_vol60_atr,0.011925026609351,763
1,1,m1_bb20_width_atr,0.056879695894731,763
1,1,m1_bb20_price_z,0.025691236457929,763
1,1,m1_bb20_position,0.025691236457929,763
1,1,m1_consecutive_signed_bars,0.007711167411987,763
1,1,m1_ema5_20_gap_atr,0.01926888998624,763
1,1,m1_ema10_20_gap_atr,0.020845009297487,763
1,1,m1_ema20_50_gap_atr,0.028945756284248,763
1,1,m1_ema_alignment,0.029699473821255,763
1,1,m1_ema_alignment_x_rsi14,-0.015271429163349,763
1,1,m1_ema20_gap_x_rsi14,-0.013395960535734,763
1,1,m1_rsi14_x_adx14,0.026457386431486,763
1,1,m1_macd_hist_x_atr_expansion,0.0084150604220246,763
1,1,m1_ema20_slope_x_adx,0.012331706509453,763
1,1,m1_body_x_tick_activity,0.03193551628214,763
1,1,m1_shock_x_ema20_price_gap_atr,-0.014203511973861,763
1,1,m1_shock_x_ema20_50_gap_atr,-0.02236855617803,763
1,1,m1_shock_x_rsi14_centered,-0.0066003795232498,763
1,1,m1_shock_x_macd_hist_atr,0.00055806202520402,763
1,1,m1_shock_x_di_balance,-0.0062385861049638,763
1,1,m1_shock_x_roc5_atr,0.024139810091559,763
1,1,m1_shock_x_range20_signed_efficiency,-0.0031621939917211,763
1,1,m5_atr7,0.10687144431214,763
1,1,m5_atr14,0.12710130754224,763
1,1,m5_atr28,0.13053639989006,763
1,1,m5_atr14_price,0.23563417304124,763
1,1,m5_atr7_atr28,0.0084939055602614,763
1,1,m5_atr14_pct64,0.010341287989597,763
1,1,m5_atr14_z64,0.015992973774968,763
1,1,m5_atr14_change3,0.021665447194733,763
1,1,m5_spread_atr,-0.22647129275575,763
1,1,m5_tick_volume,0.12438440977645,763
1,1,m5_tick_volume_rel20,-0.021423778808885,763
1,1,m5_tick_volume_pct64,-0.028809830725143,763
1,1,m5_body_atr,0.0263945757872,763
1,1,m5_upper_wick_atr,0.017692559990644,763
1,1,m5_lower_wick_atr,0.0091919772877569,763
1,1,m5_bar_range_atr,-0.035909563671856,763
1,1,m5_bar_close_location,0.027007849316918,763
1,1,m5_ema5_value,-0.014664641891478,763
1,1,m5_ema5_price_gap_atr,0.037415969130364,763
1,1,m5_ema5_close_gap_atr,0.026320268563019,763
1,1,m5_ema5_slope1_atr,0.026320268563019,763
1,1,m5_ema5_slope3_atr,0.018223411828067,763
1,1,m5_ema5_accel_atr,0.022749274050431,763
1,1,m5_ema5_gap_pct64,0.031634622585257,763
1,1,m5_ema5_gap_z64,0.03468031163914,763
1,1,m5_ema5_sma_gap_atr,0.023393651037659,763
1,1,m5_sma5_value,-0.014912828404199,763
1,1,m5_sma5_price_gap_atr,0.036354875933678,763
1,1,m5_sma5_slope1_atr,0.0019632128741135,763
1,1,m5_sma5_slope3_atr,0.011727603163133,763
1,1,m5_sma5_gap_pct64,0.029012752055465,763
1,1,m5_ema10_value,-0.015594790292881,763
1,1,m5_ema10_price_gap_atr,0.037878355275127,763
1,1,m5_ema10_close_gap_atr,0.03950991067466,763
1,1,m5_ema10_slope1_atr,0.03950991067466,763
1,1,m5_ema10_slope3_atr,0.025596181937152,763
1,1,m5_ema10_accel_atr,0.022810829180625,763
1,1,m5_ema10_gap_pct64,0.044580109848612,763
1,1,m5_ema10_gap_z64,0.041501368397849,763
1,1,m5_ema10_sma_gap_atr,0.0075010673718865,763
1,1,m5_sma10_value,-0.015775356380094,763
1,1,m5_sma10_price_gap_atr,0.035454701382155,763
1,1,m5_sma10_slope1_atr,0.0431120959055,763
1,1,m5_sma10_slope3_atr,0.028109757379763,763
1,1,m5_sma10_gap_pct64,0.037682537947486,763
1,1,m5_ema20_value,-0.01667116083261,763
1,1,m5_ema20_price_gap_atr,0.031887529582283,763
1,1,m5_ema20_close_gap_atr,0.031816870182228,763
1,1,m5_ema20_slope1_atr,0.031816870182228,763
1,1,m5_ema20_slope3_atr,0.017674332502354,763
1,1,m5_ema20_accel_atr,0.022709453000658,763
1,1,m5_ema20_gap_pct64,0.050070326447302,763
1,1,m5_ema20_gap_z64,0.039919629833988,763
1,1,m5_ema20_sma_gap_atr,0.062243974921141,763
1,1,m5_sma20_value,-0.018140791499519,763
1,1,m5_sma20_price_gap_atr,0.042485723676028,763
1,1,m5_sma20_slope1_atr,0.028427731625912,763
1,1,m5_sma20_slope3_atr,0.010313341211248,763
1,1,m5_sma20_gap_pct64,0.056368190359861,763
1,1,m5_ema50_value,-0.016685573675251,763
1,1,m5_ema50_price_gap_atr,0.0042759405592392,763
1,1,m5_ema50_close_gap_atr,0.0017352414165116,763
1,1,m5_ema50_slope1_atr,0.0017352414165116,763
1,1,m5_ema50_slope3_atr,-0.0095711135847554,763
1,1,m5_ema50_accel_atr,0.026155797361516,763
1,1,m5_ema50_gap_pct64,0.037481447285611,763
1,1,m5_ema50_gap_z64,0.028769438725672,763
1,1,m5_ema50_sma_gap_atr,-0.017482386397446,763
1,1,m5_sma50_value,-0.015367183546386,763
1,1,m5_sma50_price_gap_atr,-0.0065929096994627,763
1,1,m5_sma50_slope1_atr,-0.051667474384361,763
1,1,m5_sma50_slope3_atr,-0.05493588024839,763
1,1,m5_sma50_gap_pct64,0.036203599800217,763
1,1,m5_rsi7_value,0.035732057425228,763
1,1,m5_rsi7_centered,0.035732057425228,763
1,1,m5_rsi7_slope1,0.026584359928047,763
1,1,m5_rsi7_slope3,0.01743672996996,763
1,1,m5_rsi7_pct64,0.049593974631428,763
1,1,m5_rsi14_value,0.023748312327627,763
1,1,m5_rsi14_centered,0.023748312327627,763
1,1,m5_rsi14_slope1,0.025562101710362,763
1,1,m5_rsi14_slope3,0.018564497760159,763
1,1,m5_rsi14_pct64,0.04489477723481,763
1,1,m5_rsi21_value,0.010238183707539,763
1,1,m5_rsi21_centered,0.010238183707539,763
1,1,m5_rsi21_slope1,0.026575809478757,763
1,1,m5_rsi21_slope3,0.017908814728609,763
1,1,m5_rsi21_pct64,0.041949803582513,763
1,1,m5_macd_atr,-0.01037492335708,763
1,1,m5_macd_signal_atr,-0.032073383660919,763
1,1,m5_macd_hist_atr,0.046779845759349,763
1,1,m5_macd_hist_slope1_atr,0.012158549780472,763
1,1,m5_macd_hist_pct64,0.045175616117013,763
1,1,m5_stoch14_k,0.054586879840498,763
1,1,m5_stoch14_d,0.032551479398927,763
1,1,m5_stoch14_k_minus_d,0.043070774323161,763
1,1,m5_williams14_r,0.054586879840498,763
1,1,m5_cci20,0.032687908368636,763
1,1,m5_adx14,0.016463991415934,763
1,1,m5_plus_di14,0.003049173965179,763
1,1,m5_minus_di14,0.012545157061863,763
1,1,m5_di_balance,-0.0024711068603572,763
1,1,m5_adx14_slope3,-0.041304586493817,763
1,1,m5_roc1_atr,0.024444397245157,763
1,1,m5_roc1_pct,0.02996604236039,763
1,1,m5_roc3_atr,0.007417805227006,763
1,1,m5_roc3_pct,0.0057625976256052,763
1,1,m5_roc5_atr,0.0019632128741135,763
1,1,m5_roc5_pct,0.0055397726080402,763
1,1,m5_roc10_atr,0.0431120959055,763
1,1,m5_roc10_pct,0.051233834262061,763
1,1,m5_roc20_atr,0.028427731625912,763
1,1,m5_roc20_pct,0.030486417777088,763
1,1,m5_range5_width_atr,0.030178209670016,763
1,1,m5_range5_position,0.043254407534134,763
1,1,m5_range5_high_distance_atr,-0.027367624308002,763
1,1,m5_range5_low_distance_atr,0.047971437993298,763
1,1,m5_range5_signed_efficiency,0.0013688328716503,763
1,1,m5_realized_vol5,0.10335603447384,763
1,1,m5_realized_vol5_atr,-0.033575007351577,763
1,1,m5_range20_width_atr,0.0054570102023563,763
1,1,m5_range20_position,0.063557434696151,763
1,1,m5_range20_high_distance_atr,-0.050137106055333,763
1,1,m5_range20_low_distance_atr,0.064888562698129,763
1,1,m5_range20_signed_efficiency,0.025510677616549,763
1,1,m5_realized_vol20,0.18175881866115,763
1,1,m5_realized_vol20_atr,-0.002987213600421,763
1,1,m5_range60_width_atr,0.057586789684568,763
1,1,m5_range60_position,0.0015225067784969,763
1,1,m5_range60_high_distance_atr,0.027622705957902,763
1,1,m5_range60_low_distance_atr,0.008605020877571,763
1,1,m5_range60_signed_efficiency,-0.040450892346727,763
1,1,m5_realized_vol60,0.18865763993259,763
1,1,m5_realized_vol60_atr,0.014186181442363,763
1,1,m5_bb20_width_atr,0.0028167989586537,763
1,1,m5_bb20_price_z,0.049491027082938,763
1,1,m5_bb20_position,0.049491027082938,763
1,1,m5_consecutive_signed_bars,0.042136179291348,763
1,1,m5_ema5_20_gap_atr,0.016098591410033,763
1,1,m5_ema10_20_gap_atr,0.00392506145853,763
1,1,m5_ema20_50_gap_atr,-0.040830678179632,763
1,1,m5_ema_alignment,0.012943447206488,763
1,1,m5_ema_alignment_x_rsi14,-0.023009271398528,763
1,1,m5_ema20_gap_x_rsi14,-0.014615649032752,763
1,1,m5_rsi14_x_adx14,0.017504957962633,763
1,1,m5_macd_hist_x_atr_expansion,0.045918290061727,763
1,1,m5_ema20_slope_x_adx,0.018897384446249,763
1,1,m5_body_x_tick_activity,0.024583055669081,763
1,1,m5_shock_x_ema20_price_gap_atr,-0.032260831662172,763
1,1,m5_shock_x_ema20_50_gap_atr,0.013838084952323,763
1,1,m5_shock_x_rsi14_centered,-0.01077229637004,763
1,1,m5_shock_x_macd_hist_atr,-0.01419852758873,763
1,1,m5_shock_x_di_balance,-0.012810288528937,763
1,1,m5_shock_x_roc5_atr,-6.5080670896862e-05,763
1,1,m5_shock_x_range20_signed_efficiency,-0.014883482164103,763
1,1,m15_atr7,0.12923389495608,763
1,1,m15_atr14,0.1204065083657,763
1,1,m15_atr28,0.099316237602569,763
1,1,m15_atr14_price,0.21994053253051,763
1,1,m15_atr7_atr28,0.11162684489908,763
1,1,m15_atr14_pct64,0.1311547034772,763
1,1,m15_atr14_z64,0.13800376525408,763
1,1,m15_atr14_change3,0.012195642250851,763
1,1,m15_spread_atr,-0.18380860314585,763
1,1,m15_tick_volume,0.16230580688523,763
1,1,m15_tick_volume_rel20,-0.036186082230165,763
1,1,m15_tick_volume_pct64,0.06986046584664,763
1,1,m15_body_atr,-0.0052358943164087,763
1,1,m15_upper_wick_atr,0.003527912489686,763
1,1,m15_lower_wick_atr,0.042758629353804,763
1,1,m15_bar_range_atr,0.039233500178902,763
1,1,m15_bar_close_location,0.014362894353222,763
1,1,m15_ema5_value,-0.016629610782033,763
1,1,m15_ema5_price_gap_atr,0.036571568362596,763
1,1,m15_ema5_close_gap_atr,0.020702285684225,763
1,1,m15_ema5_slope1_atr,0.020702285684225,763
1,1,m15_ema5_slope3_atr,0.015793638893186,763
1,1,m15_ema5_accel_atr,-0.0068449655979549,763
1,1,m15_ema5_gap_pct64,0.031403665790916,763
1,1,m15_ema5_gap_z64,0.032373567917735,763
1,1,m15_ema5_sma_gap_atr,0.028518112249394,763
1,1,m15_sma5_value,-0.017285064764363,763
1,1,m15_sma5_price_gap_atr,0.041766040599084,763
1,1,m15_sma5_slope1_atr,0.02894883606693,763
1,1,m15_sma5_slope3_atr,0.0058324059941567,763
1,1,m15_sma5_gap_pct64,0.027041020279857,763
1,1,m15_ema10_value,-0.017180999944758,763
1,1,m15_ema10_price_gap_atr,0.019973984618898,763
1,1,m15_ema10_close_gap_atr,0.0057707022779556,763
1,1,m15_ema10_slope1_atr,0.0057707022779556,763
1,1,m15_ema10_slope3_atr,-0.0084623242799466,763
1,1,m15_ema10_accel_atr,-0.0026638904500293,763
1,1,m15_ema10_gap_pct64,0.023656911967555,763
1,1,m15_ema10_gap_z64,0.025212573391531,763
1,1,m15_ema10_sma_gap_atr,0.040681889555736,763
1,1,m15_sma10_value,-0.018324551868726,763
1,1,m15_sma10_price_gap_atr,0.024522999242655,763
1,1,m15_sma10_slope1_atr,-0.019376641856672,763
1,1,m15_sma10_slope3_atr,-0.033222318203151,763
1,1,m15_sma10_gap_pct64,0.027679774139954,763
1,1,m15_ema20_value,-0.016499084729132,763
1,1,m15_ema20_price_gap_atr,-0.002561163488184,763
1,1,m15_ema20_close_gap_atr,-0.014879335163216,763
1,1,m15_ema20_slope1_atr,-0.014879335163216,763
1,1,m15_ema20_slope3_atr,-0.027987700729239,763
1,1,m15_ema20_accel_atr,-0.0017717935741386,763
1,1,m15_ema20_gap_pct64,0.0060522042766463,763
1,1,m15_ema20_gap_z64,0.016884516830289,763
1,1,m15_ema20_sma_gap_atr,-0.044897517704109,763
1,1,m15_sma20_value,-0.013809158238192,763
1,1,m15_sma20_price_gap_atr,-0.017190090706799,763
1,1,m15_sma20_slope1_atr,-0.048246565246272,763
1,1,m15_sma20_slope3_atr,-0.054115969156076,763
1,1,m15_sma20_gap_pct64,-0.0038997952215612,763
1,1,m15_ema50_value,-0.013509750401162,763
1,1,m15_ema50_price_gap_atr,-0.022339649445834,763
1,1,m15_ema50_close_gap_atr,-0.029298080721567,763
1,1,m15_ema50_slope1_atr,-0.029298080721567,763
1,1,m15_ema50_slope3_atr,-0.037569823186303,763
1,1,m15_ema50_accel_atr,-0.0038435012487178,763
1,1,m15_ema50_gap_pct64,0.0074869509605592,763
1,1,m15_ema50_gap_z64,0.0056871834344199,763
1,1,m15_ema50_sma_gap_atr,0.01064564706113,763
1,1,m15_sma50_value,-0.014907370741782,763
1,1,m15_sma50_price_gap_atr,-0.016879735062439,763
1,1,m15_sma50_slope1_atr,-0.025047116119258,763
1,1,m15_sma50_slope3_atr,-0.026886624388956,763
1,1,m15_sma50_gap_pct64,0.014988072733864,763
1,1,m15_rsi7_value,-0.003124047846892,763
1,1,m15_rsi7_centered,-0.003124047846892,763
1,1,m15_rsi7_slope1,0.0087118139282215,763
1,1,m15_rsi7_slope3,0.029393310843988,763
1,1,m15_rsi7_pct64,0.012079369334145,763
1,1,m15_rsi14_value,-0.019033597290857,763
1,1,m15_rsi14_centered,-0.019033597290857,763
1,1,m15_rsi14_slope1,0.0044039137533627,763
1,1,m15_rsi14_slope3,0.03433810455809,763
1,1,m15_rsi14_pct64,0.013607324910085,763
1,1,m15_rsi21_value,-0.026036779970218,763
1,1,m15_rsi21_centered,-0.026036779970218,763
1,1,m15_rsi21_slope1,0.0015899918840911,763
1,1,m15_rsi21_slope3,0.035318569584459,763
1,1,m15_rsi21_pct64,0.0046443246228301,763
1,1,m15_macd_atr,-0.047850245843176,763
1,1,m15_macd_signal_atr,-0.048293639994731,763
1,1,m15_macd_hist_atr,-0.011834510715685,763
1,1,m15_macd_hist_slope1_atr,0.035294606713938,763
1,1,m15_macd_hist_pct64,-0.0093878029591526,763
1,1,m15_stoch14_k,0.0059156548810827,763
1,1,m15_stoch14_d,-0.015156596651558,763
1,1,m15_stoch14_k_minus_d,0.047465543164234,763
1,1,m15_williams14_r,0.0059156548810827,763
1,1,m15_cci20,-0.0026314851927687,763
1,1,m15_adx14,0.035689480780424,763
1,1,m15_plus_di14,-0.04534971895351,763
1,1,m15_minus_di14,0.035773053655234,763
1,1,m15_di_balance,-0.04215104045004,763
1,1,m15_adx14_slope3,0.024083076600528,763
1,1,m15_roc1_atr,-0.0074654204397979,763
1,1,m15_roc1_pct,-0.004685430212226,763
1,1,m15_roc3_atr,0.032786907172497,763
1,1,m15_roc3_pct,0.037935722981499,763
1,1,m15_roc5_atr,0.02894883606693,763
1,1,m15_roc5_pct,0.032256927902543,763
1,1,m15_roc10_atr,-0.019376641856672,763
1,1,m15_roc10_pct,-0.021460601122888,763
1,1,m15_roc20_atr,-0.048246565246272,763
1,1,m15_roc20_pct,-0.055848603563562,763
1,1,m15_range5_width_atr,0.012064305728823,763
1,1,m15_range5_position,0.051145877061391,763
1,1,m15_range5_high_distance_atr,-0.031696873688143,763
1,1,m15_range5_low_distance_atr,0.056012169741206,763
1,1,m15_range5_signed_efficiency,0.018036532148978,763
1,1,m15_realized_vol5,0.15566055109983,763
1,1,m15_realized_vol5_atr,0.01606832038814,763
1,1,m15_range20_width_atr,0.080784779967154,763
1,1,m15_range20_position,-0.0024840068272951,763
1,1,m15_range20_high_distance_atr,0.04451366601775,763
1,1,m15_range20_low_distance_atr,0.01107067057914,763
1,1,m15_range20_signed_efficiency,-0.046077560752998,763
1,1,m15_realized_vol20,0.15352777457654,763
1,1,m15_realized_vol20_atr,-0.036087718293786,763
1,1,m15_range60_width_atr,-0.042614871931413,763
1,1,m15_range60_position,-0.021653824009162,763
1,1,m15_range60_high_distance_atr,0.0042089958093503,763
1,1,m15_range60_low_distance_atr,-0.038069950176746,763
1,1,m15_range60_signed_efficiency,-0.061077953400657,763
1,1,m15_realized_vol60,0.13533512005184,763
1,1,m15_realized_vol60_atr,-0.10612821710706,763
1,1,m15_bb20_width_atr,0.069857697501678,763
1,1,m15_bb20_price_z,0.009108349221066,763
1,1,m15_bb20_position,0.009108349221066,763
1,1,m15_consecutive_signed_bars,0.0071912425467911,763
1,1,m15_ema5_20_gap_atr,-0.038628728116346,763
1,1,m15_ema10_20_gap_atr,-0.047205585191754,763
1,1,m15_ema20_50_gap_atr,-0.04444462755595,763
1,1,m15_ema_alignment,-0.033490473368173,763
1,1,m15_ema_alignment_x_rsi14,0.061435213593736,763
1,1,m15_ema20_gap_x_rsi14,0.026335951140626,763
1,1,m15_rsi14_x_adx14,-0.031315108745712,763
1,1,m15_macd_hist_x_atr_expansion,-0.0066473056857022,763
1,1,m15_ema20_slope_x_adx,-0.041340706401243,763
1,1,m15_body_x_tick_activity,-0.011134543052261,763
1,1,m15_shock_x_ema20_price_gap_atr,-0.003936894307784,763
1,1,m15_shock_x_ema20_50_gap_atr,0.078979324908608,763
1,1,m15_shock_x_rsi14_centered,0.021360953943725,763
1,1,m15_shock_x_macd_hist_atr,-0.05466437309085,763
1,1,m15_shock_x_di_balance,0.027559610936366,763
1,1,m15_shock_x_roc5_atr,-0.015357066190117,763
1,1,m15_shock_x_range20_signed_efficiency,0.02076105820375,763
1,1,m1_m5_alignment_product,-0.029387526192951,763
1,1,m1_m5_rsi14_difference,0.015572272758969,763
1,1,m1_m5_ema20_slope_product,-0.010128013937544,763
1,1,m1_m5_macd_hist_product,0.016013829847169,763
1,1,m1_m5_atr_ratio,-0.030899810857226,763
1,1,m1_m5_rsi_x_trend,-0.0044193114839665,763
1,1,m1_m15_alignment_product,-0.022087533785578,763
1,1,m1_m15_rsi14_difference,0.031220864694063,763
1,1,m1_m15_ema20_slope_product,-0.028190574659542,763
1,1,m1_m15_macd_hist_product,0.030661830105906,763
1,1,m1_m15_atr_ratio,-0.0043015378758331,763
1,1,m1_m15_rsi_x_trend,-0.015295840163108,763
1,1,m5_m15_alignment_product,0.028501917409989,763
1,1,m5_m15_rsi14_difference,0.039394594425709,763
1,1,m5_m15_ema20_slope_product,-0.0067527477191229,763
1,1,m5_m15_macd_hist_product,-0.050000623054348,763
1,1,m5_m15_atr_ratio,0.043592946073858,763
1,1,m5_m15_rsi_x_trend,0.022690626064723,763
2,-1,quote_mid,0.097562737612261,1681
2,-1,quote_spread,0.10825658969674,1681
2,-1,shock_direction,0.012458172695897,1681
2,-1,m1_atr7,0.19141079957789,1681
2,-1,m1_atr14,0.20137128060177,1681
2,-1,m1_atr28,0.20987656583315,1681
2,-1,m1_atr14_price,0.15746710544249,1681
2,-1,m1_atr7_atr28,-0.020421094023917,1681
2,-1,m1_atr14_pct64,-0.012217454149456,1681
2,-1,m1_atr14_z64,-0.0097116567006133,1681
2,-1,m1_atr14_change3,-0.060572150974214,1681
2,-1,m1_spread_atr,-0.2084339963697,1681
2,-1,m1_tick_volume,0.15689069358734,1681
2,-1,m1_tick_volume_rel20,0.0067695428262803,1681
2,-1,m1_tick_volume_pct64,0.0031258146743451,1681
2,-1,m1_body_atr,-0.025832652188125,1681
2,-1,m1_upper_wick_atr,-0.019160803644921,1681
2,-1,m1_lower_wick_atr,-0.018968239255826,1681
2,-1,m1_bar_range_atr,-0.044679648518127,1681
2,-1,m1_bar_close_location,-0.035380560207171,1681
2,-1,m1_ema5_value,0.097977746815502,1681
2,-1,m1_ema5_price_gap_atr,-0.038323035824363,1681
2,-1,m1_ema5_close_gap_atr,-0.03362262967755,1681
2,-1,m1_ema5_slope1_atr,-0.03362262967755,1681
2,-1,m1_ema5_slope3_atr,-0.026141759600138,1681
2,-1,m1_ema5_accel_atr,-0.013320052117899,1681
2,-1,m1_ema5_gap_pct64,-0.036938308526023,1681
2,-1,m1_ema5_gap_z64,-0.036352993759256,1681
2,-1,m1_ema5_sma_gap_atr,-0.048986997647581,1681
2,-1,m1_sma5_value,0.098032651691446,1681
2,-1,m1_sma5_price_gap_atr,-0.045456252385626,1681
2,-1,m1_sma5_slope1_atr,-0.021344794173642,1681
2,-1,m1_sma5_slope3_atr,-0.017974017106854,1681
2,-1,m1_sma5_gap_pct64,-0.047822379672256,1681
2,-1,m1_ema10_value,0.09790667887313,1681
2,-1,m1_ema10_price_gap_atr,-0.03285979401601,1681
2,-1,m1_ema10_close_gap_atr,-0.02353024671431,1681
2,-1,m1_ema10_slope1_atr,-0.02353024671431,1681
2,-1,m1_ema10_slope3_atr,-0.018336669745747,1681
2,-1,m1_ema10_accel_atr,-0.021431593184753,1681
2,-1,m1_ema10_gap_pct64,-0.029216792152199,1681
2,-1,m1_ema10_gap_z64,-0.028995898590275,1681
2,-1,m1_ema10_sma_gap_atr,-0.020734396497767,1681
2,-1,m1_sma10_value,0.097869503762958,1681
2,-1,m1_sma10_price_gap_atr,-0.032954289465111,1681
2,-1,m1_sma10_slope1_atr,-0.00886703800768,1681
2,-1,m1_sma10_slope3_atr,-0.010186168445444,1681
2,-1,m1_sma10_gap_pct64,-0.030326844468032,1681
2,-1,m1_ema20_value,0.097648855953602,1681
2,-1,m1_ema20_price_gap_atr,-0.022715651440332,1681
2,-1,m1_ema20_close_gap_atr,-0.012429380558739,1681
2,-1,m1_ema20_slope1_atr,-0.012429380558739,1681
2,-1,m1_ema20_slope3_atr,-0.0074506179184477,1681
2,-1,m1_ema20_accel_atr,-0.026674786220294,1681
2,-1,m1_ema20_gap_pct64,-0.017006462449429,1681
2,-1,m1_ema20_gap_z64,-0.01595958519756,1681
2,-1,m1_ema20_sma_gap_atr,0.0062539309294898,1681
2,-1,m1_sma20_value,0.097480258649081,1681
2,-1,m1_sma20_price_gap_atr,-0.020670855595699,1681
2,-1,m1_sma20_slope1_atr,0.0028855147287195,1681
2,-1,m1_sma20_slope3_atr,0.0034885172900827,1681
2,-1,m1_sma20_gap_pct64,-0.01549139877437,1681
2,-1,m1_ema50_value,0.097410404520917,1681
2,-1,m1_ema50_price_gap_atr,-0.013679182507381,1681
2,-1,m1_ema50_close_gap_atr,-0.0041063611114965,1681
2,-1,m1_ema50_slope1_atr,-0.0041063611114965,1681
2,-1,m1_ema50_slope3_atr,-0.00073508198985957,1681
2,-1,m1_ema50_accel_atr,-0.028323642566285,1681
2,-1,m1_ema50_gap_pct64,0.0085680437560794,1681
2,-1,m1_ema50_gap_z64,0.0055332613460513,1681
2,-1,m1_ema50_sma_gap_atr,0.019654988097676,1681
2,-1,m1_sma50_value,0.097172094743817,1681
2,-1,m1_sma50_price_gap_atr,-0.0079306394719385,1681
2,-1,m1_sma50_slope1_atr,0.0064189846020045,1681
2,-1,m1_sma50_slope3_atr,0.0078060169978015,1681
2,-1,m1_sma50_gap_pct64,0.0089245114279419,1681
2,-1,m1_rsi7_value,-0.019151575751713,1681
2,-1,m1_rsi7_centered,-0.019151575751713,1681
2,-1,m1_rsi7_slope1,-0.029096710480827,1681
2,-1,m1_rsi7_slope3,-0.037454682653376,1681
2,-1,m1_rsi7_pct64,-0.020469966069169,1681
2,-1,m1_rsi14_value,-0.0090173740733653,1681
2,-1,m1_rsi14_centered,-0.0090173740733653,1681
2,-1,m1_rsi14_slope1,-0.029661776506434,1681
2,-1,m1_rsi14_slope3,-0.036972108297661,1681
2,-1,m1_rsi14_pct64,-0.0019718917050379,1681
2,-1,m1_rsi21_value,-0.0060089313885762,1681
2,-1,m1_rsi21_centered,-0.0060089313885762,1681
2,-1,m1_rsi21_slope1,-0.028791391671586,1681
2,-1,m1_rsi21_slope3,-0.036065020994956,1681
2,-1,m1_rsi21_pct64,0.0081949710207172,1681
2,-1,m1_macd_atr,0.0059859144850001,1681
2,-1,m1_macd_signal_atr,0.0088195552690544,1681
2,-1,m1_macd_hist_atr,-0.011642839583324,1681
2,-1,m1_macd_hist_slope1_atr,-0.046172286252013,1681
2,-1,m1_macd_hist_pct64,-0.012973854003696,1681
2,-1,m1_stoch14_k,-0.019841099798114,1681
2,-1,m1_stoch14_d,-0.011754646896669,1681
2,-1,m1_stoch14_k_minus_d,-0.029252768490535,1681
2,-1,m1_williams14_r,-0.019841099798114,1681
2,-1,m1_cci20,-0.0097823924376489,1681
2,-1,m1_adx14,0.036644062475191,1681
2,-1,m1_plus_di14,-0.022335348328989,1681
2,-1,m1_minus_di14,-0.01082709359048,1681
2,-1,m1_di_balance,-0.0061310680068116,1681
2,-1,m1_adx14_slope3,-0.010461197833006,1681
2,-1,m1_roc1_atr,-0.027317548910422,1681
2,-1,m1_roc1_pct,-0.032734363324634,1681
2,-1,m1_roc3_atr,-0.034235296260037,1681
2,-1,m1_roc3_pct,-0.035474186314114,1681
2,-1,m1_roc5_atr,-0.021344794173642,1681
2,-1,m1_roc5_pct,-0.014808138802399,1681
2,-1,m1_roc10_atr,-0.00886703800768,1681
2,-1,m1_roc10_pct,0.0033557476193118,1681
2,-1,m1_roc20_atr,0.0028825406881049,1681
2,-1,m1_roc20_pct,0.017969221198227,1681
2,-1,m1_range5_width_atr,-0.052798323789317,1681
2,-1,m1_range5_position,-0.034182650746761,1681
2,-1,m1_range5_high_distance_atr,0.025011579519616,1681
2,-1,m1_range5_low_distance_atr,-0.052110182671453,1681
2,-1,m1_range5_signed_efficiency,-0.025145239516884,1681
2,-1,m1_realized_vol5,0.07942705472911,1681
2,-1,m1_realized_vol5_atr,-0.043755738741389,1681
2,-1,m1_range20_width_atr,0.017356592004389,1681
2,-1,m1_range20_position,-0.019845564669391,1681
2,-1,m1_range20_high_distance_atr,0.027223908395664,1681
2,-1,m1_range20_low_distance_atr,-0.011742688767688,1681
2,-1,m1_range20_signed_efficiency,0.004025886741964,1681
2,-1,m1_realized_vol20,0.14507857729817,1681
2,-1,m1_realized_vol20_atr,0.015490354633382,1681
2,-1,m1_range60_width_atr,0.0092923870401308,1681
2,-1,m1_range60_position,-0.014162121430509,1681
2,-1,m1_range60_high_distance_atr,0.014554278309874,1681
2,-1,m1_range60_low_distance_atr,-0.0087044019156414,1681
2,-1,m1_range60_signed_efficiency,-0.0036517344229545,1681
2,-1,m1_realized_vol60,0.15336594476767,1681
2,-1,m1_realized_vol60_atr,0.012591324976129,1681
2,-1,m1_bb20_width_atr,0.013171712961644,1681
2,-1,m1_bb20_price_z,-0.01961625270282,1681
2,-1,m1_bb20_position,-0.01961625270282,1681
2,-1,m1_consecutive_signed_bars,-0.02370302278295,1681
2,-1,m1_ema5_20_gap_atr,4.1273039422117e-05,1681
2,-1,m1_ema10_20_gap_atr,0.0055683033249234,1681
2,-1,m1_ema20_50_gap_atr,0.0051952228375871,1681
2,-1,m1_ema_alignment,-0.00054562182538245,1681
2,-1,m1_ema_alignment_x_rsi14,-0.0092523624921095,1681
2,-1,m1_ema20_gap_x_rsi14,-0.009629321565842,1681
2,-1,m1_rsi14_x_adx14,-0.0049810552360538,1681
2,-1,m1_macd_hist_x_atr_expansion,-0.011947527454914,1681
2,-1,m1_ema20_slope_x_adx,-0.0047550760295738,1681
2,-1,m1_body_x_tick_activity,-0.022223129227,1681
2,-1,m1_shock_x_ema20_price_gap_atr,-0.030779557040845,1681
2,-1,m1_shock_x_ema20_50_gap_atr,-0.0057770394323629,1681
2,-1,m1_shock_x_rsi14_centered,-0.022248109691875,1681
2,-1,m1_shock_x_macd_hist_atr,0.0055655092633105,1681
2,-1,m1_shock_x_di_balance,-0.0068922363259794,1681
2,-1,m1_shock_x_roc5_atr,-0.044031764856196,1681
2,-1,m1_shock_x_range20_signed_efficiency,-0.011814905884972,1681
2,-1,m5_atr7,0.21300882258365,1681
2,-1,m5_atr14,0.21514102506277,1681
2,-1,m5_atr28,0.20354599525885,1681
2,-1,m5_atr14_price,0.16917232763019,1681
2,-1,m5_atr7_atr28,0.046100691581028,1681
2,-1,m5_atr14_pct64,0.062171355264552,1681
2,-1,m5_atr14_z64,0.065064974258729,1681
2,-1,m5_atr14_change3,0.0044892536560703,1681
2,-1,m5_spread_atr,-0.23023422758487,1681
2,-1,m5_tick_volume,0.17689502124914,1681
2,-1,m5_tick_volume_rel20,0.0057369625884028,1681
2,-1,m5_tick_volume_pct64,0.056392424356251,1681
2,-1,m5_body_atr,0.0015842797266623,1681
2,-1,m5_upper_wick_atr,0.008132939090024,1681
2,-1,m5_lower_wick_atr,-0.026020432618715,1681
2,-1,m5_bar_range_atr,-0.0157273408258,1681
2,-1,m5_bar_close_location,-0.0051496429251131,1681
2,-1,m5_ema5_value,0.097548335418722,1681
2,-1,m5_ema5_price_gap_atr,-0.015969826721773,1681
2,-1,m5_ema5_close_gap_atr,0.01511114287341,1681
2,-1,m5_ema5_slope1_atr,0.01511114287341,1681
2,-1,m5_ema5_slope3_atr,0.014702819568234,1681
2,-1,m5_ema5_accel_atr,-0.0044382658210492,1681
2,-1,m5_ema5_gap_pct64,0.029033609047636,1681
2,-1,m5_ema5_gap_z64,0.032421481284607,1681
2,-1,m5_ema5_sma_gap_atr,0.0087030522470186,1681
2,-1,m5_sma5_value,0.097395419063898,1681
2,-1,m5_sma5_price_gap_atr,-0.013221864599203,1681
2,-1,m5_sma5_slope1_atr,0.027511070839641,1681
2,-1,m5_sma5_slope3_atr,0.0070435312700159,1681
2,-1,m5_sma5_gap_pct64,0.025017660794205,1681
2,-1,m5_ema10_value,0.09734709603627,1681
2,-1,m5_ema10_price_gap_atr,-0.010973002468912,1681
2,-1,m5_ema10_close_gap_atr,0.0088539151533195,1681
2,-1,m5_ema10_slope1_atr,0.0088539151533195,1681
2,-1,m5_ema10_slope3_atr,0.0085313551398844,1681
2,-1,m5_ema10_accel_atr,-0.0026659023519178,1681
2,-1,m5_ema10_gap_pct64,0.031912200827645,1681
2,-1,m5_ema10_gap_z64,0.032960299393232,1681
2,-1,m5_ema10_sma_gap_atr,0.021017800491338,1681
2,-1,m5_sma10_value,0.097132018080194,1681
2,-1,m5_sma10_price_gap_atr,-0.0053311668190642,1681
2,-1,m5_sma10_slope1_atr,0.0070664080769731,1681
2,-1,m5_sma10_slope3_atr,0.0070168486950111,1681
2,-1,m5_sma10_gap_pct64,0.029955441536944,1681
2,-1,m5_ema20_value,0.097265045107585,1681
2,-1,m5_ema20_price_gap_atr,-0.012429830235924,1681
2,-1,m5_ema20_close_gap_atr,0.00024264757765721,1681
2,-1,m5_ema20_slope1_atr,0.00024264757765721,1681
2,-1,m5_ema20_slope3_atr,-3.7758989057241e-05,1681
2,-1,m5_ema20_accel_atr,-0.00022396576425084,1681
2,-1,m5_ema20_gap_pct64,0.030127273788793,1681
2,-1,m5_ema20_gap_z64,0.032906128450044,1681
2,-1,m5_ema20_sma_gap_atr,0.017827460858762,1681
2,-1,m5_sma20_value,0.09700424780401,1681
2,-1,m5_sma20_price_gap_atr,-0.0063115148719895,1681
2,-1,m5_sma20_slope1_atr,-0.0072267399879407,1681
2,-1,m5_sma20_slope3_atr,-0.0089982261619774,1681
2,-1,m5_sma20_gap_pct64,0.030826008739643,1681
2,-1,m5_ema50_value,0.096522959016621,1681
2,-1,m5_ema50_price_gap_atr,-0.021384910124586,1681
2,-1,m5_ema50_close_gap_atr,-0.014825253023938,1681
2,-1,m5_ema50_slope1_atr,-0.014825253023938,1681
2,-1,m5_ema50_slope3_atr,-0.016068115291522,1681
2,-1,m5_ema50_accel_atr,0.003008935308672,1681
2,-1,m5_ema50_gap_pct64,0.0331489252682,1681
2,-1,m5_ema50_gap_z64,0.035941669237809,1681
2,-1,m5_ema50_sma_gap_atr,0.011563476612646,1681
2,-1,m5_sma50_value,0.096228004948476,1681
2,-1,m5_sma50_price_gap_atr,-0.015845099407168,1681
2,-1,m5_sma50_slope1_atr,-0.0094178015018949,1681
2,-1,m5_sma50_slope3_atr,-0.01191682814504,1681
2,-1,m5_sma50_gap_pct64,0.032283914780341,1681
2,-1,m5_rsi7_value,0.0070842232213993,1681
2,-1,m5_rsi7_centered,0.0070842232213993,1681
2,-1,m5_rsi7_slope1,-0.00025238511532198,1681
2,-1,m5_rsi7_slope3,0.026175825173212,1681
2,-1,m5_rsi7_pct64,0.032603164212064,1681
2,-1,m5_rsi14_value,-0.0065577876561698,1681
2,-1,m5_rsi14_centered,-0.0065577876561698,1681
2,-1,m5_rsi14_slope1,0.0014470826880843,1681
2,-1,m5_rsi14_slope3,0.02760422727904,1681
2,-1,m5_rsi14_pct64,0.028414433717937,1681
2,-1,m5_rsi21_value,-0.014438347489425,1681
2,-1,m5_rsi21_centered,-0.014438347489425,1681
2,-1,m5_rsi21_slope1,0.0027588024352534,1681
2,-1,m5_rsi21_slope3,0.029313318894532,1681
2,-1,m5_rsi21_pct64,0.028740079319931,1681
2,-1,m5_macd_atr,-0.014339052198561,1681
2,-1,m5_macd_signal_atr,-0.020840425578169,1681
2,-1,m5_macd_hist_atr,0.022430609156565,1681
2,-1,m5_macd_hist_slope1_atr,0.015836666696803,1681
2,-1,m5_macd_hist_pct64,0.01831651752727,1681
2,-1,m5_stoch14_k,0.0070664585957418,1681
2,-1,m5_stoch14_d,0.0071412412780027,1681
2,-1,m5_stoch14_k_minus_d,0.0094976792073717,1681
2,-1,m5_williams14_r,0.0070664585957418,1681
2,-1,m5_cci20,0.0073046761984235,1681
2,-1,m5_adx14,-0.018183088566123,1681
2,-1,m5_plus_di14,0.01840638360401,1681
2,-1,m5_minus_di14,-0.007970631689265,1681
2,-1,m5_di_balance,0.013697628113952,1681
2,-1,m5_adx14_slope3,-0.0049074951220894,1681
2,-1,m5_roc1_atr,0.0025795542842284,1681
2,-1,m5_roc1_pct,0.0084171676361581,1681
2,-1,m5_roc3_atr,0.025273726561776,1681
2,-1,m5_roc3_pct,0.02984457020214,1681
2,-1,m5_roc5_atr,0.027511070839641,1681
2,-1,m5_roc5_pct,0.031689651875513,1681
2,-1,m5_roc10_atr,0.0070664080769731,1681
2,-1,m5_roc10_pct,0.0031889590930571,1681
2,-1,m5_roc20_atr,-0.0072267399879407,1681
2,-1,m5_roc20_pct,-0.01092662452562,1681
2,-1,m5_range5_width_atr,0.053199680887533,1681
2,-1,m5_range5_position,-0.016578118985575,1681
2,-1,m5_range5_high_distance_atr,0.030637646014044,1681
2,-1,m5_range5_low_distance_atr,0.0077560302046718,1681
2,-1,m5_range5_signed_efficiency,0.02933896910161,1681
2,-1,m5_realized_vol5,0.13287177936739,1681
2,-1,m5_realized_vol5_atr,0.032826569692952,1681
2,-1,m5_range20_width_atr,0.01379378071707,1681
2,-1,m5_range20_position,-0.017136176376521,1681
2,-1,m5_range20_high_distance_atr,0.015466423217777,1681
2,-1,m5_range20_low_distance_atr,-0.011384468461834,1681
2,-1,m5_range20_signed_efficiency,-0.01043916057219,1681
2,-1,m5_realized_vol20,0.15302890909404,1681
2,-1,m5_realized_vol20_atr,0.021603353448796,1681
2,-1,m5_range60_width_atr,-0.026571392046097,1681
2,-1,m5_range60_position,-0.018956520753561,1681
2,-1,m5_range60_high_distance_atr,0.019064305536146,1681
2,-1,m5_range60_low_distance_atr,-0.019416525296747,1681
2,-1,m5_range60_signed_efficiency,-0.022660795301939,1681
2,-1,m5_realized_vol60,0.12690847379234,1681
2,-1,m5_realized_vol60_atr,-0.076644677144196,1681
2,-1,m5_bb20_width_atr,0.010904657852416,1681
2,-1,m5_bb20_price_z,-0.011203652760313,1681
2,-1,m5_bb20_position,-0.011203652760313,1681
2,-1,m5_consecutive_signed_bars,0.00475439390224,1681
2,-1,m5_ema5_20_gap_atr,-0.0034928662747722,1681
2,-1,m5_ema10_20_gap_atr,-0.0092698172874638,1681
2,-1,m5_ema20_50_gap_atr,-0.027118708548271,1681
2,-1,m5_ema_alignment,-0.024962393466384,1681
2,-1,m5_ema_alignment_x_rsi14,-0.033077480356463,1681
2,-1,m5_ema20_gap_x_rsi14,-0.017459451871144,1681
2,-1,m5_rsi14_x_adx14,-0.0060213328790443,1681
2,-1,m5_macd_hist_x_atr_expansion,0.022634076714734,1681
2,-1,m5_ema20_slope_x_adx,0.0016487969784973,1681
2,-1,m5_body_x_tick_activity,-0.00048380214311865,1681
2,-1,m5_shock_x_ema20_price_gap_atr,-0.022764232997155,1681
2,-1,m5_shock_x_ema20_50_gap_atr,-0.036389407506172,1681
2,-1,m5_shock_x_rsi14_centered,-0.01088067212187,1681
2,-1,m5_shock_x_macd_hist_atr,0.01809745032506,1681
2,-1,m5_shock_x_di_balance,-0.0051096477534319,1681
2,-1,m5_shock_x_roc5_atr,0.0038398566433859,1681
2,-1,m5_shock_x_range20_signed_efficiency,-0.0072203441106209,1681
2,-1,m15_atr7,0.21341170807904,1681
2,-1,m15_atr14,0.19653328839387,1681
2,-1,m15_atr28,0.18062406325167,1681
2,-1,m15_atr14_price,0.15734129056593,1681
2,-1,m15_atr7_atr28,0.087554554283495,1681
2,-1,m15_atr14_pct64,0.087895188178614,1681
2,-1,m15_atr14_z64,0.080370170521591,1681
2,-1,m15_atr14_change3,0.059016870429493,1681
2,-1,m15_spread_atr,-0.20348712165229,1681
2,-1,m15_tick_volume,0.17135482158594,1681
2,-1,m15_tick_volume_rel20,0.031248073931963,1681
2,-1,m15_tick_volume_pct64,0.040685289263868,1681
2,-1,m15_body_atr,0.039951071457228,1681
2,-1,m15_upper_wick_atr,-3.7022958656997e-05,1681
2,-1,m15_lower_wick_atr,-0.029870561247251,1681
2,-1,m15_bar_range_atr,0.063823713650333,1681
2,-1,m15_bar_close_location,0.019337061086546,1681
2,-1,m15_ema5_value,0.097050470775564,1681
2,-1,m15_ema5_price_gap_atr,-0.0069828980675103,1681
2,-1,m15_ema5_close_gap_atr,0.008307878210102,1681
2,-1,m15_ema5_slope1_atr,0.008307878210102,1681
2,-1,m15_ema5_slope3_atr,-0.011569861776052,1681
2,-1,m15_ema5_accel_atr,0.044587814584382,1681
2,-1,m15_ema5_gap_pct64,0.017474146871685,1681
2,-1,m15_ema5_gap_z64,0.020827469570048,1681
2,-1,m15_ema5_sma_gap_atr,0.021690541560383,1681
2,-1,m15_sma5_value,0.096702069888307,1681
2,-1,m15_sma5_price_gap_atr,-0.0014187769930391,1681
2,-1,m15_sma5_slope1_atr,-0.0083048580467582,1681
2,-1,m15_sma5_slope3_atr,-0.017457094855335,1681
2,-1,m15_sma5_gap_pct64,0.019106651308076,1681
2,-1,m15_ema10_value,0.096917908214944,1681
2,-1,m15_ema10_price_gap_atr,-0.01549102914916,1681
2,-1,m15_ema10_close_gap_atr,-0.0062907223547155,1681
2,-1,m15_ema10_slope1_atr,-0.0062907223547155,1681
2,-1,m15_ema10_slope3_atr,-0.022454209629972,1681
2,-1,m15_ema10_accel_atr,0.047163835814153,1681
2,-1,m15_ema10_gap_pct64,0.012602716449541,1681
2,-1,m15_ema10_gap_z64,0.012224695335383,1681
2,-1,m15_ema10_sma_gap_atr,0.0038378368854659,1681
2,-1,m15_sma10_value,0.096912126628455,1681
2,-1,m15_sma10_price_gap_atr,-0.012426719126633,1681
2,-1,m15_sma10_slope1_atr,-0.012867548029253,1681
2,-1,m15_sma10_slope3_atr,-0.023761609415634,1681
2,-1,m15_sma10_gap_pct64,0.014861780378623,1681
2,-1,m15_ema20_value,0.096187437942512,1681
2,-1,m15_ema20_price_gap_atr,-0.026065748998141,1681
2,-1,m15_ema20_close_gap_atr,-0.020964733530904,1681
2,-1,m15_ema20_slope1_atr,-0.020964733530904,1681
2,-1,m15_ema20_slope3_atr,-0.033240522804913,1681
2,-1,m15_ema20_accel_atr,0.04781276420258,1681
2,-1,m15_ema20_gap_pct64,0.007446441312798,1681
2,-1,m15_ema20_gap_z64,0.0057334017983027,1681
2,-1,m15_ema20_sma_gap_atr,0.018326807162984,1681
2,-1,m15_sma20_value,0.095874390535959,1681
2,-1,m15_sma20_price_gap_atr,-0.017837056919374,1681
2,-1,m15_sma20_slope1_atr,-0.022611998379935,1681
2,-1,m15_sma20_slope3_atr,-0.03452613472043,1681
2,-1,m15_sma20_gap_pct64,0.014723568614305,1681
2,-1,m15_ema50_value,0.095872643702493,1681
2,-1,m15_ema50_price_gap_atr,-0.035463442603645,1681
2,-1,m15_ema50_close_gap_atr,-0.033254192486095,1681
2,-1,m15_ema50_slope1_atr,-0.033254192486095,1681
2,-1,m15_ema50_slope3_atr,-0.041371993665677,1681
2,-1,m15_ema50_accel_atr,0.046715894180546,1681
2,-1,m15_ema50_gap_pct64,-0.0025365543760213,1681
2,-1,m15_ema50_gap_z64,-0.0041251225026071,1681
2,-1,m15_ema50_sma_gap_atr,-0.051983959669622,1681
2,-1,m15_sma50_value,0.097166878492036,1681
2,-1,m15_sma50_price_gap_atr,-0.044930798278748,1681
2,-1,m15_sma50_slope1_atr,-0.045282639097902,1681
2,-1,m15_sma50_slope3_atr,-0.051419652696039,1681
2,-1,m15_sma50_gap_pct64,-0.0084530365596918,1681
2,-1,m15_rsi7_value,-0.0081431725829768,1681
2,-1,m15_rsi7_centered,-0.0081431725829768,1681
2,-1,m15_rsi7_slope1,0.045507177351147,1681
2,-1,m15_rsi7_slope3,0.031028798199705,1681
2,-1,m15_rsi7_pct64,0.02000480984565,1681
2,-1,m15_rsi14_value,-0.025939139607676,1681
2,-1,m15_rsi14_centered,-0.025939139607676,1681
2,-1,m15_rsi14_slope1,0.04782578366966,1681
2,-1,m15_rsi14_slope3,0.029622319119805,1681
2,-1,m15_rsi14_pct64,0.0040801026051168,1681
2,-1,m15_rsi21_value,-0.032610953271947,1681
2,-1,m15_rsi21_centered,-0.032610953271947,1681
2,-1,m15_rsi21_slope1,0.048045224874402,1681
2,-1,m15_rsi21_slope3,0.027451475981188,1681
2,-1,m15_rsi21_pct64,0.0003153719701273,1681
2,-1,m15_macd_atr,-0.042693593650549,1681
2,-1,m15_macd_signal_atr,-0.048157722181892,1681
2,-1,m15_macd_hist_atr,0.0014515402706682,1681
2,-1,m15_macd_hist_slope1_atr,0.028816747704851,1681
2,-1,m15_macd_hist_pct64,0.021312216672155,1681
2,-1,m15_stoch14_k,-0.018284989275764,1681
2,-1,m15_stoch14_d,-0.029165051737152,1681
2,-1,m15_stoch14_k_minus_d,0.031544365112547,1681
2,-1,m15_williams14_r,-0.018284989275764,1681
2,-1,m15_cci20,-0.011966699365927,1681
2,-1,m15_adx14,0.059154429964678,1681
2,-1,m15_plus_di14,-0.014055888201241,1681
2,-1,m15_minus_di14,0.02524679968692,1681
2,-1,m15_di_balance,-0.020532637965531,1681
2,-1,m15_adx14_slope3,-0.045187331534213,1681
2,-1,m15_roc1_atr,0.04055513889366,1681
2,-1,m15_roc1_pct,0.047196464234075,1681
2,-1,m15_roc3_atr,0.012274642375568,1681
2,-1,m15_roc3_pct,0.0084581449365582,1681
2,-1,m15_roc5_atr,-0.0083048580467582,1681
2,-1,m15_roc5_pct,-0.0088767653226583,1681
2,-1,m15_roc10_atr,-0.012867548029253,1681
2,-1,m15_roc10_pct,-0.014271289888758,1681
2,-1,m15_roc20_atr,-0.022611998379935,1681
2,-1,m15_roc20_pct,-0.022307469662984,1681
2,-1,m15_range5_width_atr,0.031567076948335,1681
2,-1,m15_range5_position,-0.014441986681679,1681
2,-1,m15_range5_high_distance_atr,0.016927178723592,1681
2,-1,m15_range5_low_distance_atr,-0.00021123080530811,1681
2,-1,m15_range5_signed_efficiency,-0.0089293041035318,1681
2,-1,m15_realized_vol5,0.13503539861886,1681
2,-1,m15_realized_vol5_atr,0.044581323317371,1681
2,-1,m15_range20_width_atr,-0.0011418478456829,1681
2,-1,m15_range20_position,-0.017819155792875,1681
2,-1,m15_range20_high_distance_atr,0.021159690064141,1681
2,-1,m15_range20_low_distance_atr,-0.012899113851905,1681
2,-1,m15_range20_signed_efficiency,-0.026473205259287,1681
2,-1,m15_realized_vol20,0.13267853312323,1681
2,-1,m15_realized_vol20_atr,0.00090793107899689,1681
2,-1,m15_range60_width_atr,0.0018175661313735,1681
2,-1,m15_range60_position,-0.03924792096685,1681
2,-1,m15_range60_high_distance_atr,0.045153288697627,1681
2,-1,m15_range60_low_distance_atr,-0.03142259920544,1681
2,-1,m15_range60_signed_efficiency,-0.028649494335862,1681
2,-1,m15_realized_vol60,0.11394765943067,1681
2,-1,m15_realized_vol60_atr,-0.080603800555914,1681
2,-1,m15_bb20_width_atr,-0.0090181382719529,1681
2,-1,m15_bb20_price_z,-0.018820291242998,1681
2,-1,m15_bb20_position,-0.018820291242998,1681
2,-1,m15_consecutive_signed_bars,0.036978317220972,1681
2,-1,m15_ema5_20_gap_atr,-0.03254357116673,1681
2,-1,m15_ema10_20_gap_atr,-0.03753509908128,1681
2,-1,m15_ema20_50_gap_atr,-0.042528126340827,1681
2,-1,m15_ema_alignment,-0.022548208881438,1681
2,-1,m15_ema_alignment_x_rsi14,-0.019937893205552,1681
2,-1,m15_ema20_gap_x_rsi14,-0.037029790764937,1681
2,-1,m15_rsi14_x_adx14,-0.028716882738676,1681
2,-1,m15_macd_hist_x_atr_expansion,0.00082294335408677,1681
2,-1,m15_ema20_slope_x_adx,-0.036382561297337,1681
2,-1,m15_body_x_tick_activity,0.042964334437099,1681
2,-1,m15_shock_x_ema20_price_gap_atr,-0.037635435197988,1681
2,-1,m15_shock_x_ema20_50_gap_atr,-0.035311123299044,1681
2,-1,m15_shock_x_rsi14_centered,-0.033545339516596,1681
2,-1,m15_shock_x_macd_hist_atr,-0.023565113116978,1681
2,-1,m15_shock_x_di_balance,-0.024996234759268,1681
2,-1,m15_shock_x_roc5_atr,0.00037825303810712,1681
2,-1,m15_shock_x_range20_signed_efficiency,-0.042960321198207,1681
2,-1,m1_m5_alignment_product,-0.015565693259615,1681
2,-1,m1_m5_rsi14_difference,-0.010575865515293,1681
2,-1,m1_m5_ema20_slope_product,0.004059690682711,1681
2,-1,m1_m5_macd_hist_product,0.019180802242491,1681
2,-1,m1_m5_atr_ratio,0.019956015394875,1681
2,-1,m1_m5_rsi_x_trend,-0.014338717118433,1681
2,-1,m1_m15_alignment_product,-0.032282227344382,1681
2,-1,m1_m15_rsi14_difference,0.020946390238525,1681
2,-1,m1_m15_ema20_slope_product,-0.031833212580103,1681
2,-1,m1_m15_macd_hist_product,-0.010836167975032,1681
2,-1,m1_m15_atr_ratio,0.040561060229229,1681
2,-1,m1_m15_rsi_x_trend,-0.045290118607568,1681
2,-1,m5_m15_alignment_product,-0.01561013667252,1681
2,-1,m5_m15_rsi14_difference,0.044198242565211,1681
2,-1,m5_m15_ema20_slope_product,-0.024087540744822,1681
2,-1,m5_m15_macd_hist_product,0.022515853298522,1681
2,-1,m5_m15_atr_ratio,0.050992714523779,1681
2,-1,m5_m15_rsi_x_trend,-0.041543261877913,1681
2,1,quote_mid,0.067072454853101,1681
2,1,quote_spread,0.042928119242037,1681
2,1,shock_direction,0.027445498576259,1681
2,1,m1_atr7,0.14628279187278,1681
2,1,m1_atr14,0.15882320048237,1681
2,1,m1_atr28,0.1759490110284,1681
2,1,m1_atr14_price,0.18185189153957,1681
2,1,m1_atr7_atr28,-0.048455130721372,1681
2,1,m1_atr14_pct64,-0.034570575134441,1681
2,1,m1_atr14_z64,-0.034955565575131,1681
2,1,m1_atr14_change3,-0.028010117185554,1681
2,1,m1_spread_atr,-0.21346080486515,1681
2,1,m1_tick_volume,0.16040910996251,1681
2,1,m1_tick_volume_rel20,-0.03577533502051,1681
2,1,m1_tick_volume_pct64,-0.058290541152045,1681
2,1,m1_body_atr,-0.0017685273344201,1681
2,1,m1_upper_wick_atr,0.0071607448722836,1681
2,1,m1_lower_wick_atr,-0.013039113550796,1681
2,1,m1_bar_range_atr,-0.034088434983874,1681
2,1,m1_bar_close_location,-0.0026953941343263,1681
2,1,m1_ema5_value,0.066644646503161,1681
2,1,m1_ema5_price_gap_atr,0.0028208519591272,1681
2,1,m1_ema5_close_gap_atr,-0.0021328887026068,1681
2,1,m1_ema5_slope1_atr,-0.0021328887026068,1681
2,1,m1_ema5_slope3_atr,-0.0081851795349701,1681
2,1,m1_ema5_accel_atr,0.0078628771504235,1681
2,1,m1_ema5_gap_pct64,0.0068525614376848,1681
2,1,m1_ema5_gap_z64,0.0038589331700724,1681
2,1,m1_ema5_sma_gap_atr,0.019792622781859,1681
2,1,m1_sma5_value,0.066626376301186,1681
2,1,m1_sma5_price_gap_atr,0.0074616867225924,1681
2,1,m1_sma5_slope1_atr,-0.016284291389342,1681
2,1,m1_sma5_slope3_atr,-0.017840234036228,1681
2,1,m1_sma5_gap_pct64,0.011435241472396,1681
2,1,m1_ema10_value,0.066575909039756,1681
2,1,m1_ema10_price_gap_atr,-0.0014932101731269,1681
2,1,m1_ema10_close_gap_atr,-0.0046367005116051,1681
2,1,m1_ema10_slope1_atr,-0.0046367005116051,1681
2,1,m1_ema10_slope3_atr,-0.0061096549979528,1681
2,1,m1_ema10_accel_atr,0.0055873889686718,1681
2,1,m1_ema10_gap_pct64,0.0035535462294759,1681
2,1,m1_ema10_gap_z64,0.0046778042970555,1681
2,1,m1_ema10_sma_gap_atr,-0.030744915317467,1681
2,1,m1_sma10_value,0.06675643256433,1681
2,1,m1_sma10_price_gap_atr,-0.007692435594928,1681
2,1,m1_sma10_slope1_atr,-0.00082429379038477,1681
2,1,m1_sma10_slope3_atr,0.0065895061041631,1681
2,1,m1_sma10_gap_pct64,-0.0032758074287322,1681
2,1,m1_ema20_value,0.066422888669122,1681
2,1,m1_ema20_price_gap_atr,-0.0018475697461725,1681
2,1,m1_ema20_close_gap_atr,-0.0027015599090451,1681
2,1,m1_ema20_slope1_atr,-0.0027015599090451,1681
2,1,m1_ema20_slope3_atr,-0.0020778525010192,1681
2,1,m1_ema20_accel_atr,0.0034647670546745,1681
2,1,m1_ema20_gap_pct64,0.0078699328423443,1681
2,1,m1_ema20_gap_z64,0.0066780419982595,1681
2,1,m1_ema20_sma_gap_atr,0.0065136735925772,1681
2,1,m1_sma20_value,0.066610666860143,1681
2,1,m1_sma20_price_gap_atr,-0.0013389809790795,1681
2,1,m1_sma20_slope1_atr,0.00059452828404037,1681
2,1,m1_sma20_slope3_atr,0.0075813526616299,1681
2,1,m1_sma20_gap_pct64,0.0078866693591297,1681
2,1,m1_ema50_value,0.066316680206197,1681
2,1,m1_ema50_price_gap_atr,-0.0033798715253385,1681
2,1,m1_ema50_close_gap_atr,-0.0046157513618649,1681
2,1,m1_ema50_slope1_atr,-0.0046157513618649,1681
2,1,m1_ema50_slope3_atr,-0.0040102571458863,1681
2,1,m1_ema50_accel_atr,0.0022205328210193,1681
2,1,m1_ema50_gap_pct64,0.0031408814608603,1681
2,1,m1_ema50_gap_z64,0.0031897477284472,1681
2,1,m1_ema50_sma_gap_atr,-0.0037771020144035,1681
2,1,m1_sma50_value,0.066353725653809,1681
2,1,m1_sma50_price_gap_atr,-0.0029265880083043,1681
2,1,m1_sma50_slope1_atr,-0.012972445589732,1681
2,1,m1_sma50_slope3_atr,-0.012243890668438,1681
2,1,m1_sma50_gap_pct64,0.0028101642753411,1681
2,1,m1_rsi7_value,-0.0051442194005052,1681
2,1,m1_rsi7_centered,-0.0051442194005052,1681
2,1,m1_rsi7_slope1,-0.002382844715024,1681
2,1,m1_rsi7_slope3,0.01012612046889,1681
2,1,m1_rsi7_pct64,0.0073612810473764,1681
2,1,m1_rsi14_value,-0.0036461170925008,1681
2,1,m1_rsi14_centered,-0.0036461170925008,1681
2,1,m1_rsi14_slope1,-0.0012030078865424,1681
2,1,m1_rsi14_slope3,0.0092520034593514,1681
2,1,m1_rsi14_pct64,0.0049377985188288,1681
2,1,m1_rsi21_value,-0.0039558613554485,1681
2,1,m1_rsi21_centered,-0.0039558613554485,1681
2,1,m1_rsi21_slope1,-0.0011658361739054,1681
2,1,m1_rsi21_slope3,0.0082157121154657,1681
2,1,m1_rsi21_pct64,0.0036190328671877,1681
2,1,m1_macd_atr,-0.00064467424170311,1681
2,1,m1_macd_signal_atr,-0.003066384583423,1681
2,1,m1_macd_hist_atr,-0.0012430291996575,1681
2,1,m1_macd_hist_slope1_atr,0.0010739454984684,1681
2,1,m1_macd_hist_pct64,0.0014445647562571,1681
2,1,m1_stoch14_k,-3.3822569125348e-05,1681
2,1,m1_stoch14_d,-0.0033682500229627,1681
2,1,m1_stoch14_k_minus_d,0.0049416486413118,1681
2,1,m1_williams14_r,-3.3822569125348e-05,1681
2,1,m1_cci20,-0.0024788446161274,1681
2,1,m1_adx14,-0.024746372285561,1681
2,1,m1_plus_di14,-0.015623431251525,1681
2,1,m1_minus_di14,-0.0095264568995924,1681
2,1,m1_di_balance,-0.0027304857775437,1681
2,1,m1_adx14_slope3,-0.0028721644288225,1681
2,1,m1_roc1_atr,-0.001168682030524,1681
2,1,m1_roc1_pct,-0.0033866268532825,1681
2,1,m1_roc3_atr,0.0008954409371194,1681
2,1,m1_roc3_pct,0.001871647595908,1681
2,1,m1_roc5_atr,-0.016284291389342,1681
2,1,m1_roc5_pct,-0.021380551965379,1681
2,1,m1_roc10_atr,-0.00082429379038477,1681
2,1,m1_roc10_pct,-0.0032879997264354,1681
2,1,m1_roc20_atr,0.00059439755297305,1681
2,1,m1_roc20_pct,0.00057643256775114,1681
2,1,m1_range5_width_atr,-0.041877643378727,1681
2,1,m1_range5_position,0.0045870372747098,1681
2,1,m1_range5_high_distance_atr,-0.010304365146131,1681
2,1,m1_range5_low_distance_atr,-0.0076089888850828,1681
2,1,m1_range5_signed_efficiency,-0.01476575313581,1681
2,1,m1_realized_vol5,0.10387506869086,1681
2,1,m1_realized_vol5_atr,-0.037216487245287,1681
2,1,m1_range20_width_atr,-0.010606671353753,1681
2,1,m1_range20_position,0.0003817905288664,1681
2,1,m1_range20_high_distance_atr,0.0058171727875393,1681
2,1,m1_range20_low_distance_atr,0.003538524863735,1681
2,1,m1_range20_signed_efficiency,-0.0024629670664658,1681
2,1,m1_realized_vol20,0.14967163925932,1681
2,1,m1_realized_vol20_atr,-0.024976999877181,1681
2,1,m1_range60_width_atr,-0.01339907743696,1681
2,1,m1_range60_position,-0.0030266639669755,1681
2,1,m1_range60_high_distance_atr,0.0072424046397437,1681
2,1,m1_range60_low_distance_atr,-0.0025283072212877,1681
2,1,m1_range60_signed_efficiency,-0.00027245326838742,1681
2,1,m1_realized_vol60,0.18759110796316,1681
2,1,m1_realized_vol60_atr,0.029727871675947,1681
2,1,m1_bb20_width_atr,-0.0011305416759335,1681
2,1,m1_bb20_price_z,-0.00060714387467988,1681
2,1,m1_bb20_position,-0.00060714387467988,1681
2,1,m1_consecutive_signed_bars,-0.019200161685047,1681
2,1,m1_ema5_20_gap_atr,-0.0017978349362919,1681
2,1,m1_ema10_20_gap_atr,0.00031382167358153,1681
2,1,m1_ema20_50_gap_atr,-0.0085016525359743,1681
2,1,m1_ema_alignment,0.0012228252772568,1681
2,1,m1_ema_alignment_x_rsi14,-0.018907312974488,1681
2,1,m1_ema20_gap_x_rsi14,-0.026384199169798,1681
2,1,m1_rsi14_x_adx14,-0.0032065525212204,1681
2,1,m1_macd_hist_x_atr_expansion,0.00013562063969273,1681
2,1,m1_ema20_slope_x_adx,-0.0030396982592409,1681
2,1,m1_body_x_tick_activity,-0.0036879266339784,1681
2,1,m1_shock_x_ema20_price_gap_atr,-0.049989049317642,1681
2,1,m1_shock_x_ema20_50_gap_atr,-0.03388492318348,1681
2,1,m1_shock_x_rsi14_centered,-0.022948975658281,1681
2,1,m1_shock_x_macd_hist_atr,-0.010841231095095,1681
2,1,m1_shock_x_di_balance,-0.043442313078429,1681
2,1,m1_shock_x_roc5_atr,0.015491283018326,1681
2,1,m1_shock_x_range20_signed_efficiency,-0.029074502239586,1681
2,1,m5_atr7,0.17508907274698,1681
2,1,m5_atr14,0.18979458387683,1681
2,1,m5_atr28,0.18565895898534,1681
2,1,m5_atr14_price,0.21143124845942,1681
2,1,m5_atr7_atr28,0.01114898717826,1681
2,1,m5_atr14_pct64,0.025318493997644,1681
2,1,m5_atr14_z64,0.026581666853128,1681
2,1,m5_atr14_change3,-0.014279507612034,1681
2,1,m5_spread_atr,-0.25871241459737,1681
2,1,m5_tick_volume,0.19171274946196,1681
2,1,m5_tick_volume_rel20,-0.018776759554998,1681
2,1,m5_tick_volume_pct64,-0.011627342628993,1681
2,1,m5_body_atr,-0.013277201475372,1681
2,1,m5_upper_wick_atr,-0.0059238806116197,1681
2,1,m5_lower_wick_atr,0.0067924422557709,1681
2,1,m5_bar_range_atr,-0.025448203538162,1681
2,1,m5_bar_close_location,-0.0024021155048076,1681
2,1,m5_ema5_value,0.066390361593152,1681
2,1,m5_ema5_price_gap_atr,-0.0026923832088423,1681
2,1,m5_ema5_close_gap_atr,-0.0074819651458622,1681
2,1,m5_ema5_slope1_atr,-0.0074819651458622,1681
2,1,m5_ema5_slope3_atr,-0.0045278735628553,1681
2,1,m5_ema5_accel_atr,-0.015359506069535,1681
2,1,m5_ema5_gap_pct64,-0.0021813944800043,1681
2,1,m5_ema5_gap_z64,-0.0046938133126604,1681
2,1,m5_ema5_sma_gap_atr,0.015528022621599,1681
2,1,m5_sma5_value,0.066441662776391,1681
2,1,m5_sma5_price_gap_atr,-0.0027300361002867,1681
2,1,m5_sma5_slope1_atr,-0.022133194167732,1681
2,1,m5_sma5_slope3_atr,-0.0050994784403468,1681
2,1,m5_sma5_gap_pct64,0.0004630679343679,1681
2,1,m5_ema10_value,0.066361270253528,1681
2,1,m5_ema10_price_gap_atr,-0.0042232879569796,1681
2,1,m5_ema10_close_gap_atr,-0.0073785330610582,1681
2,1,m5_ema10_slope1_atr,-0.0073785330610582,1681
2,1,m5_ema10_slope3_atr,-0.0068570653352222,1681
2,1,m5_ema10_accel_atr,-0.014993266680191,1681
2,1,m5_ema10_gap_pct64,-0.0026845558800585,1681
2,1,m5_ema10_gap_z64,-0.0026918198491327,1681
2,1,m5_ema10_sma_gap_atr,0.0020654914290049,1681
2,1,m5_sma10_value,0.066374758296481,1681
2,1,m5_sma10_price_gap_atr,-0.0022668382102461,1681
2,1,m5_sma10_slope1_atr,-0.0083865069229486,1681
2,1,m5_sma10_slope3_atr,-0.0048828495474218,1681
2,1,m5_sma10_gap_pct64,-0.0018286708720813,1681
2,1,m5_ema20_value,0.066795552380177,1681
2,1,m5_ema20_price_gap_atr,-0.010544144741677,1681
2,1,m5_ema20_close_gap_atr,-0.013039592048439,1681
2,1,m5_ema20_slope1_atr,-0.013039592048439,1681
2,1,m5_ema20_slope3_atr,-0.013235161234811,1681
2,1,m5_ema20_accel_atr,-0.012171180634884,1681
2,1,m5_ema20_gap_pct64,0.0011733481575126,1681
2,1,m5_ema20_gap_z64,-0.0029931869784611,1681
2,1,m5_ema20_sma_gap_atr,0.0089529794516852,1681
2,1,m5_sma20_value,0.066890627752804,1681
2,1,m5_sma20_price_gap_atr,-0.006991396310647,1681
2,1,m5_sma20_slope1_atr,-0.0084543726888959,1681
2,1,m5_sma20_slope3_atr,-0.011065230999727,1681
2,1,m5_sma20_gap_pct64,-0.00066187501835444,1681
2,1,m5_ema50_value,0.068265239127581,1681
2,1,m5_ema50_price_gap_atr,-0.026554249171834,1681
2,1,m5_ema50_close_gap_atr,-0.027372834829547,1681
2,1,m5_ema50_slope1_atr,-0.027372834829547,1681
2,1,m5_ema50_slope3_atr,-0.026178033515704,1681
2,1,m5_ema50_accel_atr,-0.0099794789469857,1681
2,1,m5_ema50_gap_pct64,0.00056907034541871,1681
2,1,m5_ema50_gap_z64,-0.006918749434011,1681
2,1,m5_ema50_sma_gap_atr,-0.012695441159639,1681
2,1,m5_sma50_value,0.068918057497402,1681
2,1,m5_sma50_price_gap_atr,-0.027458291192316,1681
2,1,m5_sma50_slope1_atr,-0.046309551267638,1681
2,1,m5_sma50_slope3_atr,-0.043452396711976,1681
2,1,m5_sma50_gap_pct64,-0.0035004909108468,1681
2,1,m5_rsi7_value,-0.010008059978711,1681
2,1,m5_rsi7_centered,-0.010008059978711,1681
2,1,m5_rsi7_slope1,-0.0095945907949459,1681
2,1,m5_rsi7_slope3,0.018785886349376,1681
2,1,m5_rsi7_pct64,-0.0026474332156465,1681
2,1,m5_rsi14_value,-0.014925906037601,1681
2,1,m5_rsi14_centered,-0.014925906037601,1681
2,1,m5_rsi14_slope1,-0.010419600792607,1681
2,1,m5_rsi14_slope3,0.01350306025009,1681
2,1,m5_rsi14_pct64,-0.00032210073097415,1681
2,1,m5_rsi21_value,-0.019998681069192,1681
2,1,m5_rsi21_centered,-0.019998681069192,1681
2,1,m5_rsi21_slope1,-0.010539448626218,1681
2,1,m5_rsi21_slope3,0.011256524462742,1681
2,1,m5_rsi21_pct64,0.00079751121825832,1681
2,1,m5_macd_atr,-0.024256243022496,1681
2,1,m5_macd_signal_atr,-0.028415983751603,1681
2,1,m5_macd_hist_atr,0.0074838333275002,1681
2,1,m5_macd_hist_slope1_atr,-0.0045792315055316,1681
2,1,m5_macd_hist_pct64,0.0031843434188876,1681
2,1,m5_stoch14_k,-0.01484916823386,1681
2,1,m5_stoch14_d,-0.019308479531493,1681
2,1,m5_stoch14_k_minus_d,0.0053601326967267,1681
2,1,m5_williams14_r,-0.01484916823386,1681
2,1,m5_cci20,-0.0055203100059373,1681
2,1,m5_adx14,0.019605170522604,1681
2,1,m5_plus_di14,-0.038642221830234,1681
2,1,m5_minus_di14,0.025149734048237,1681
2,1,m5_di_balance,-0.032358132476989,1681
2,1,m5_adx14_slope3,-0.025440197767222,1681
2,1,m5_roc1_atr,-0.013989301882506,1681
2,1,m5_roc1_pct,-0.014607361812576,1681
2,1,m5_roc3_atr,0.0044476858485111,1681
2,1,m5_roc3_pct,0.0082185493058969,1681
2,1,m5_roc5_atr,-0.022133194167732,1681
2,1,m5_roc5_pct,-0.01940950281144,1681
2,1,m5_roc10_atr,-0.0083865069229486,1681
2,1,m5_roc10_pct,0.0010677416180038,1681
2,1,m5_roc20_atr,-0.0084543726888959,1681
2,1,m5_roc20_pct,0.0014124179576814,1681
2,1,m5_range5_width_atr,-0.039264712836017,1681
2,1,m5_range5_position,3.4384521539759e-05,1681
2,1,m5_range5_high_distance_atr,-0.0045820704118949,1681
2,1,m5_range5_low_distance_atr,-0.0079482684665866,1681
2,1,m5_range5_signed_efficiency,-0.020119478722997,1681
2,1,m5_realized_vol5,0.11342067476803,1681
2,1,m5_realized_vol5_atr,-0.038508379689355,1681
2,1,m5_range20_width_atr,-0.020062929338856,1681
2,1,m5_range20_position,-0.0027982834801449,1681
2,1,m5_range20_high_distance_atr,0.0072303530366282,1681
2,1,m5_range20_low_distance_atr,-0.0060318835689806,1681
2,1,m5_range20_signed_efficiency,-0.0082394667579539,1681
2,1,m5_realized_vol20,0.17681968724904,1681
2,1,m5_realized_vol20_atr,-0.017529759668039,1681
2,1,m5_range60_width_atr,-0.00029082245027919,1681
2,1,m5_range60_position,-0.018284260690244,1681
2,1,m5_range60_high_distance_atr,0.026540636329703,1681
2,1,m5_range60_low_distance_atr,-0.016121639547556,1681
2,1,m5_range60_signed_efficiency,-0.04229591785976,1681
2,1,m5_realized_vol60,0.17831542496203,1681
2,1,m5_realized_vol60_atr,-0.0017478929717198,1681
2,1,m5_bb20_width_atr,-0.006671020212103,1681
2,1,m5_bb20_price_z,-0.00098699105360172,1681
2,1,m5_bb20_position,-0.00098699105360172,1681
2,1,m5_consecutive_signed_bars,-0.029359915143186,1681
2,1,m5_ema5_20_gap_atr,-0.016956373166094,1681
2,1,m5_ema10_20_gap_atr,-0.020566694180543,1681
2,1,m5_ema20_50_gap_atr,-0.040233777429979,1681
2,1,m5_ema_alignment,-0.01163522727749,1681
2,1,m5_ema_alignment_x_rsi14,-0.0052762812790875,1681
2,1,m5_ema20_gap_x_rsi14,-0.03408114162297,1681
2,1,m5_rsi14_x_adx14,-0.016071442429035,1681
2,1,m5_macd_hist_x_atr_expansion,0.011751441020201,1681
2,1,m5_ema20_slope_x_adx,-0.014093424594764,1681
2,1,m5_body_x_tick_activity,-0.014738018516861,1681
2,1,m5_shock_x_ema20_price_gap_atr,-0.05777100224574,1681
2,1,m5_shock_x_ema20_50_gap_atr,-0.035014627398679,1681
2,1,m5_shock_x_rsi14_centered,-0.04970944353602,1681
2,1,m5_shock_x_macd_hist_atr,-0.019006170100946,1681
2,1,m5_shock_x_di_balance,-0.060306349567094,1681
2,1,m5_shock_x_roc5_atr,-0.045302453577584,1681
2,1,m5_shock_x_range20_signed_efficiency,-0.037724837636615,1681
2,1,m15_atr7,0.18382716331104,1681
2,1,m15_atr14,0.17545916218205,1681
2,1,m15_atr28,0.16004598788977,1681
2,1,m15_atr14_price,0.19213819058419,1681
2,1,m15_atr7_atr28,0.077629805898958,1681
2,1,m15_atr14_pct64,0.078920545204288,1681
2,1,m15_atr14_z64,0.096871614461408,1681
2,1,m15_atr14_change3,0.017650303488238,1681
2,1,m15_spread_atr,-0.23596886186783,1681
2,1,m15_tick_volume,0.22076254919179,1681
2,1,m15_tick_volume_rel20,0.0059826881191808,1681
2,1,m15_tick_volume_pct64,0.031673739955271,1681
2,1,m15_body_atr,-0.03431375732006,1681
2,1,m15_upper_wick_atr,0.052889108638925,1681
2,1,m15_lower_wick_atr,0.039485447021665,1681
2,1,m15_bar_range_atr,-0.0056341149829732,1681
2,1,m15_bar_close_location,-0.040388008780993,1681
2,1,m15_ema5_value,0.066652897322944,1681
2,1,m15_ema5_price_gap_atr,-0.0023164959686866,1681
2,1,m15_ema5_close_gap_atr,-0.016646127437216,1681
2,1,m15_ema5_slope1_atr,-0.016646127437216,1681
2,1,m15_ema5_slope3_atr,-0.0075278511731526,1681
2,1,m15_ema5_accel_atr,-0.032492847446476,1681
2,1,m15_ema5_gap_pct64,-0.0031604902901014,1681
2,1,m15_ema5_gap_z64,-0.0052943156058309,1681
2,1,m15_ema5_sma_gap_atr,-0.0042773603839966,1681
2,1,m15_sma5_value,0.066701435393804,1681
2,1,m15_sma5_price_gap_atr,-0.0017867698442374,1681
2,1,m15_sma5_slope1_atr,-0.004545380660558,1681
2,1,m15_sma5_slope3_atr,-0.0028486094246407,1681
2,1,m15_sma5_gap_pct64,-0.0025803838687084,1681
2,1,m15_ema10_value,0.067281424866961,1681
2,1,m15_ema10_price_gap_atr,-0.011853793121705,1681
2,1,m15_ema10_close_gap_atr,-0.020738126055948,1681
2,1,m15_ema10_slope1_atr,-0.020738126055948,1681
2,1,m15_ema10_slope3_atr,-0.016858556994449,1681
2,1,m15_ema10_accel_atr,-0.029227201523248,1681
2,1,m15_ema10_gap_pct64,-0.011160118546228,1681
2,1,m15_ema10_gap_z64,-0.0048262874746925,1681
2,1,m15_ema10_sma_gap_atr,0.011727481811743,1681
2,1,m15_sma10_value,0.06731201142842,1681
2,1,m15_sma10_price_gap_atr,-0.0054834516285228,1681
2,1,m15_sma10_slope1_atr,-0.024031231344036,1681
2,1,m15_sma10_slope3_atr,-0.022087388981297,1681
2,1,m15_sma10_gap_pct64,-0.0078625043152299,1681
2,1,m15_ema20_value,0.068850854072012,1681
2,1,m15_ema20_price_gap_atr,-0.025838215191486,1681
2,1,m15_ema20_close_gap_atr,-0.031669686701614,1681
2,1,m15_ema20_slope1_atr,-0.031669686701614,1681
2,1,m15_ema20_slope3_atr,-0.03054976675617,1681
2,1,m15_ema20_accel_atr,-0.02793924249204,1681
2,1,m15_ema20_gap_pct64,-0.013598000706181,1681
2,1,m15_ema20_gap_z64,-0.009606899866201,1681
2,1,m15_ema20_sma_gap_atr,-0.021207633322109,1681
2,1,m15_sma20_value,0.069504762881785,1681
2,1,m15_sma20_price_gap_atr,-0.028696251417726,1681
2,1,m15_sma20_slope1_atr,-0.041192555129182,1681
2,1,m15_sma20_slope3_atr,-0.037880304348872,1681
2,1,m15_sma20_gap_pct64,-0.020359937634231,1681
2,1,m15_ema50_value,0.07156527778214,1681
2,1,m15_ema50_price_gap_atr,-0.044584791411887,1681
2,1,m15_ema50_close_gap_atr,-0.047968040569206,1681
2,1,m15_ema50_slope1_atr,-0.047968040569206,1681
2,1,m15_ema50_slope3_atr,-0.048312257141202,1681
2,1,m15_ema50_accel_atr,-0.028821783371318,1681
2,1,m15_ema50_gap_pct64,-0.017873388538212,1681
2,1,m15_ema50_gap_z64,-0.019898253990552,1681
2,1,m15_ema50_sma_gap_atr,-0.02144680604475,1681
2,1,m15_sma50_value,0.071698161877853,1681
2,1,m15_sma50_price_gap_atr,-0.041876980231086,1681
2,1,m15_sma50_slope1_atr,-0.02879990707802,1681
2,1,m15_sma50_slope3_atr,-0.033195538896302,1681
2,1,m15_sma50_gap_pct64,-0.011735590394102,1681
2,1,m15_rsi7_value,-0.02805690070809,1681
2,1,m15_rsi7_centered,-0.02805690070809,1681
2,1,m15_rsi7_slope1,-0.02996777278712,1681
2,1,m15_rsi7_slope3,0.0014540617258614,1681
2,1,m15_rsi7_pct64,-0.012093067665368,1681
2,1,m15_rsi14_value,-0.037067820912588,1681
2,1,m15_rsi14_centered,-0.037067820912588,1681
2,1,m15_rsi14_slope1,-0.028591066909015,1681
2,1,m15_rsi14_slope3,0.0082586398727114,1681
2,1,m15_rsi14_pct64,-0.011329614818098,1681
2,1,m15_rsi21_value,-0.043557979921411,1681
2,1,m15_rsi21_centered,-0.043557979921411,1681
2,1,m15_rsi21_slope1,-0.028222459132914,1681
2,1,m15_rsi21_slope3,0.010589261517705,1681
2,1,m15_rsi21_pct64,-0.015524007237348,1681
2,1,m15_macd_atr,-0.055841958812056,1681
2,1,m15_macd_signal_atr,-0.061679777592454,1681
2,1,m15_macd_hist_atr,-0.0064751983980589,1681
2,1,m15_macd_hist_slope1_atr,0.0012042622201775,1681
2,1,m15_macd_hist_pct64,0.00027486609750595,1681
2,1,m15_stoch14_k,-0.020987482425401,1681
2,1,m15_stoch14_d,-0.012050438501961,1681
2,1,m15_stoch14_k_minus_d,-0.024184512568016,1681
2,1,m15_williams14_r,-0.020987482425401,1681
2,1,m15_cci20,-0.014654523286719,1681
2,1,m15_adx14,-0.0092518733561001,1681
2,1,m15_plus_di14,-0.04623530904725,1681
2,1,m15_minus_di14,0.031175084665608,1681
2,1,m15_di_balance,-0.037138291401825,1681
2,1,m15_adx14_slope3,0.028224757234921,1681
2,1,m15_roc1_atr,-0.034927601807086,1681
2,1,m15_roc1_pct,-0.037501870227058,1681
2,1,m15_roc3_atr,0.0009153660582134,1681
2,1,m15_roc3_pct,0.0032352573486787,1681
2,1,m15_roc5_atr,-0.004545380660558,1681
2,1,m15_roc5_pct,-0.001618716863952,1681
2,1,m15_roc10_atr,-0.024031231344036,1681
2,1,m15_roc10_pct,-0.020726218450606,1681
2,1,m15_roc20_atr,-0.041192555129182,1681
2,1,m15_roc20_pct,-0.051290088276164,1681
2,1,m15_range5_width_atr,-0.00088356023193604,1681
2,1,m15_range5_position,-0.010504136795096,1681
2,1,m15_range5_high_distance_atr,0.021792285137302,1681
2,1,m15_range5_low_distance_atr,0.00050907128594745,1681
2,1,m15_range5_signed_efficiency,-0.01167369087948,1681
2,1,m15_realized_vol5,0.13794443281174,1681
2,1,m15_realized_vol5_atr,0.0026942147594678,1681
2,1,m15_range20_width_atr,0.01482035061721,1681
2,1,m15_range20_position,-0.020352740092432,1681
2,1,m15_range20_high_distance_atr,0.035913928860887,1681
2,1,m15_range20_low_distance_atr,-0.0061979117384711,1681
2,1,m15_range20_signed_efficiency,-0.038302043656724,1681
2,1,m15_realized_vol20,0.16157789178035,1681
2,1,m15_realized_vol20_atr,-0.0025095527728554,1681
2,1,m15_range60_width_atr,-0.043163067291241,1681
2,1,m15_range60_position,-0.045728386619581,1681
2,1,m15_range60_high_distance_atr,0.032669214403462,1681
2,1,m15_range60_low_distance_atr,-0.053141382887795,1681
2,1,m15_range60_signed_efficiency,-0.063165552341504,1681
2,1,m15_realized_vol60,0.14508726425438,1681
2,1,m15_realized_vol60_atr,-0.060734843993767,1681
2,1,m15_bb20_width_atr,0.02898039818176,1681
2,1,m15_bb20_price_z,-0.016591245338509,1681
2,1,m15_bb20_position,-0.016591245338509,1681
2,1,m15_consecutive_signed_bars,-0.035416553309753,1681
2,1,m15_ema5_20_gap_atr,-0.03868402286806,1681
2,1,m15_ema10_20_gap_atr,-0.050009766049923,1681
2,1,m15_ema20_50_gap_atr,-0.06053900070637,1681
2,1,m15_ema_alignment,-0.063546984523267,1681
2,1,m15_ema_alignment_x_rsi14,0.012984140387373,1681
2,1,m15_ema20_gap_x_rsi14,0.020631032133031,1681
2,1,m15_rsi14_x_adx14,-0.039813205407116,1681
2,1,m15_macd_hist_x_atr_expansion,-0.0016736798035145,1681
2,1,m15_ema20_slope_x_adx,-0.029737303530099,1681
2,1,m15_body_x_tick_activity,-0.034086225668496,1681
2,1,m15_shock_x_ema20_price_gap_atr,-0.048243399679653,1681
2,1,m15_shock_x_ema20_50_gap_atr,-0.02051128409,1681
2,1,m15_shock_x_rsi14_centered,-0.031465477648844,1681
2,1,m15_shock_x_macd_hist_atr,-0.034147115339637,1681
2,1,m15_shock_x_di_balance,-0.039808432007244,1681
2,1,m15_shock_x_roc5_atr,-0.041993199065533,1681
2,1,m15_shock_x_range20_signed_efficiency,-0.029917770097116,1681
2,1,m1_m5_alignment_product,-0.0032837044324676,1681
2,1,m1_m5_rsi14_difference,0.01276941054214,1681
2,1,m1_m5_ema20_slope_product,-0.020261662686826,1681
2,1,m1_m5_macd_hist_product,-0.0026794941449925,1681
2,1,m1_m5_atr_ratio,-0.022285100450331,1681
2,1,m1_m5_rsi_x_trend,-0.00087062227863517,1681
2,1,m1_m15_alignment_product,-0.019981425035842,1681
2,1,m1_m15_rsi14_difference,0.016668428145004,1681
2,1,m1_m15_ema20_slope_product,0.00092446317838685,1681
2,1,m1_m15_macd_hist_product,0.0052298652340285,1681
2,1,m1_m15_atr_ratio,0.012302488920207,1681
2,1,m1_m15_rsi_x_trend,-0.0089606740288574,1681
2,1,m5_m15_alignment_product,-0.019146497693594,1681
2,1,m5_m15_rsi14_difference,0.028220499195501,1681
2,1,m5_m15_ema20_slope_product,-0.0058905977537326,1681
2,1,m5_m15_macd_hist_product,-0.029241573511535,1681
2,1,m5_m15_atr_ratio,0.049475387786885,1681
2,1,m5_m15_rsi_x_trend,-0.0070784199744502,1681
3,-1,quote_mid,0.061003279833349,2456
3,-1,quote_spread,0.078998118873918,2456
3,-1,shock_direction,-0.00050366472933229,2456
3,-1,m1_atr7,0.17932450552744,2456
3,-1,m1_atr14,0.18764658147928,2456
3,-1,m1_atr28,0.19468199915901,2456
3,-1,m1_atr14_price,0.17611300976896,2456
3,-1,m1_atr7_atr28,-0.022713573780014,2456
3,-1,m1_atr14_pct64,-0.017735049645098,2456
3,-1,m1_atr14_z64,-0.017823748261333,2456
3,-1,m1_atr14_change3,-0.044828359749349,2456
3,-1,m1_spread_atr,-0.20450476162919,2456
3,-1,m1_tick_volume,0.16401820058733,2456
3,-1,m1_tick_volume_rel20,0.010646643633276,2456
3,-1,m1_tick_volume_pct64,0.0077641317003451,2456
3,-1,m1_body_atr,-0.016336910559812,2456
3,-1,m1_upper_wick_atr,-0.0041389228337138,2456
3,-1,m1_lower_wick_atr,-0.0024679999400504,2456
3,-1,m1_bar_range_atr,-0.026535002856429,2456
3,-1,m1_bar_close_location,-0.021965692869164,2456
3,-1,m1_ema5_value,0.061343464507637,2456
3,-1,m1_ema5_price_gap_atr,-0.041890151877319,2456
3,-1,m1_ema5_close_gap_atr,-0.012424429808663,2456
3,-1,m1_ema5_slope1_atr,-0.012424429808663,2456
3,-1,m1_ema5_slope3_atr,0.0040156996541123,2456
3,-1,m1_ema5_accel_atr,-0.022916448823775,2456
3,-1,m1_ema5_gap_pct64,-0.014679902994798,2456
3,-1,m1_ema5_gap_z64,-0.010522665008692,2456
3,-1,m1_ema5_sma_gap_atr,-0.024170263915743,2456
3,-1,m1_sma5_value,0.061378224069903,2456
3,-1,m1_sma5_price_gap_atr,-0.045735451521755,2456
3,-1,m1_sma5_slope1_atr,-0.00031791305702766,2456
3,-1,m1_sma5_slope3_atr,0.011615900401258,2456
3,-1,m1_sma5_gap_pct64,-0.021777528285581,2456
3,-1,m1_ema10_value,0.061277251227602,2456
3,-1,m1_ema10_price_gap_atr,-0.028848594534169,2456
3,-1,m1_ema10_close_gap_atr,-0.0044666660184163,2456
3,-1,m1_ema10_slope1_atr,-0.0044666660184163,2456
3,-1,m1_ema10_slope3_atr,0.0077583694140006,2456
3,-1,m1_ema10_accel_atr,-0.021045550748569,2456
3,-1,m1_ema10_gap_pct64,-0.0020017033100625,2456
3,-1,m1_ema10_gap_z64,-0.0022781851807896,2456
3,-1,m1_ema10_sma_gap_atr,0.015730262025081,2456
3,-1,m1_sma10_value,0.061140445606155,2456
3,-1,m1_sma10_price_gap_atr,-0.0227496180134,2456
3,-1,m1_sma10_slope1_atr,0.01366705924697,2456
3,-1,m1_sma10_slope3_atr,0.0094098971452183,2456
3,-1,m1_sma10_gap_pct64,-0.0013026650924405,2456
3,-1,m1_ema20_value,0.061216476844943,2456
3,-1,m1_ema20_price_gap_atr,-0.019358023585694,2456
3,-1,m1_ema20_close_gap_atr,-0.0023096796731414,2456
3,-1,m1_ema20_slope1_atr,-0.0023096796731414,2456
3,-1,m1_ema20_slope3_atr,0.0050934000170383,2456
3,-1,m1_ema20_accel_atr,-0.018617196270626,2456
3,-1,m1_ema20_gap_pct64,0.00069333331741325,2456
3,-1,m1_ema20_gap_z64,0.001057406864382,2456
3,-1,m1_ema20_sma_gap_atr,0.0094013007774764,2456
3,-1,m1_sma20_value,0.061074328417238,2456
3,-1,m1_sma20_price_gap_atr,-0.015599101125469,2456
3,-1,m1_sma20_slope1_atr,0.0037025858131358,2456
3,-1,m1_sma20_slope3_atr,0.00021961821283866,2456
3,-1,m1_sma20_gap_pct64,-0.00026285524770123,2456
3,-1,m1_ema50_value,0.06123304545413,2456
3,-1,m1_ema50_price_gap_atr,-0.015666673623584,2456
3,-1,m1_ema50_close_gap_atr,-0.0064452408153012,2456
3,-1,m1_ema50_slope1_atr,-0.0064452408153012,2456
3,-1,m1_ema50_slope3_atr,-0.0031868439328345,2456
3,-1,m1_ema50_accel_atr,-0.016903475808918,2456
3,-1,m1_ema50_gap_pct64,0.0055523992197399,2456
3,-1,m1_ema50_gap_z64,0.0037951649005957,2456
3,-1,m1_ema50_sma_gap_atr,-0.0034058858145266,2456
3,-1,m1_sma50_value,0.061101780908733,2456
3,-1,m1_sma50_price_gap_atr,-0.013590292636555,2456
3,-1,m1_sma50_slope1_atr,-0.0056218624800009,2456
3,-1,m1_sma50_slope3_atr,-0.0059918113757048,2456
3,-1,m1_sma50_gap_pct64,0.0016637868889819,2456
3,-1,m1_rsi7_value,-0.0037965885154798,2456
3,-1,m1_rsi7_centered,-0.0037965885154798,2456
3,-1,m1_rsi7_slope1,-0.017084990117982,2456
3,-1,m1_rsi7_slope3,-0.011241577969806,2456
3,-1,m1_rsi7_pct64,-0.00034573979012343,2456
3,-1,m1_rsi14_value,-0.0054031138140009,2456
3,-1,m1_rsi14_centered,-0.0054031138140009,2456
3,-1,m1_rsi14_slope1,-0.015743146911479,2456
3,-1,m1_rsi14_slope3,-0.010076752375974,2456
3,-1,m1_rsi14_pct64,0.0028349216613595,2456
3,-1,m1_rsi21_value,-0.006819651529817,2456
3,-1,m1_rsi21_centered,-0.006819651529817,2456
3,-1,m1_rsi21_slope1,-0.015363159861129,2456
3,-1,m1_rsi21_slope3,-0.0098508354266695,2456
3,-1,m1_rsi21_pct64,0.004508660213929,2456
3,-1,m1_macd_atr,-0.0053566711628605,2456
3,-1,m1_macd_signal_atr,-0.010644195953511,2456
3,-1,m1_macd_hist_atr,0.015911823346716,2456
3,-1,m1_macd_hist_slope1_atr,-0.020511060919266,2456
3,-1,m1_macd_hist_pct64,0.0092319569949262,2456
3,-1,m1_stoch14_k,-0.0028257648237957,2456
3,-1,m1_stoch14_d,0.0074925608736078,2456
3,-1,m1_stoch14_k_minus_d,-0.018977638236023,2456
3,-1,m1_williams14_r,-0.0028257648237957,2456
3,-1,m1_cci20,0.002775270592168,2456
3,-1,m1_adx14,0.016639440406684,2456
3,-1,m1_plus_di14,-0.0054007250570773,2456
3,-1,m1_minus_di14,-0.020729834683446,2456
3,-1,m1_di_balance,0.01011035616742,2456
3,-1,m1_adx14_slope3,-0.0013778696624894,2456
3,-1,m1_roc1_atr,-0.016937917980058,2456
3,-1,m1_roc1_pct,-0.018580197749468,2456
3,-1,m1_roc3_atr,-0.0090904756476659,2456
3,-1,m1_roc3_pct,-0.012988046286979,2456
3,-1,m1_roc5_atr,-0.00032460689813547,2456
3,-1,m1_roc5_pct,-0.0024720371589732,2456
3,-1,m1_roc10_atr,0.013675970966188,2456
3,-1,m1_roc10_pct,0.019183142569707,2456
3,-1,m1_roc20_atr,0.0037036700442692,2456
3,-1,m1_roc20_pct,0.0073150616961956,2456
3,-1,m1_range5_width_atr,-0.028375731636411,2456
3,-1,m1_range5_position,-0.041472026203699,2456
3,-1,m1_range5_high_distance_atr,0.033536474827466,2456
3,-1,m1_range5_low_distance_atr,-0.04563059283518,2456
3,-1,m1_range5_signed_efficiency,0.00056857144933893,2456
3,-1,m1_realized_vol5,0.10806250187134,2456
3,-1,m1_realized_vol5_atr,-0.025530953806923,2456
3,-1,m1_range20_width_atr,0.017684168795865,2456
3,-1,m1_range20_position,-0.022427581991881,2456
3,-1,m1_range20_high_distance_atr,0.021842759781694,2456
3,-1,m1_range20_low_distance_atr,-0.016677189526415,2456
3,-1,m1_range20_signed_efficiency,0.0014872829166993,2456
3,-1,m1_realized_vol20,0.15053216828438,2456
3,-1,m1_realized_vol20_atr,-0.018669669135709,2456
3,-1,m1_range60_width_atr,0.024860868608771,2456
3,-1,m1_range60_position,-0.020782346403375,2456
3,-1,m1_range60_high_distance_atr,0.028649597335367,2456
3,-1,m1_range60_low_distance_atr,-0.0094656745151433,2456
3,-1,m1_range60_signed_efficiency,-0.0086434319872545,2456
3,-1,m1_realized_vol60,0.17056476705855,2456
3,-1,m1_realized_vol60_atr,-0.0070916441899818,2456
3,-1,m1_bb20_width_atr,0.025902047478508,2456
3,-1,m1_bb20_price_z,-0.019359510382348,2456
3,-1,m1_bb20_position,-0.019359510382348,2456
3,-1,m1_consecutive_signed_bars,-0.012232090587894,2456
3,-1,m1_ema5_20_gap_atr,0.0028674791204884,2456
3,-1,m1_ema10_20_gap_atr,-0.0016868094827682,2456
3,-1,m1_ema20_50_gap_atr,-0.0095495223750627,2456
3,-1,m1_ema_alignment,-0.00046678756615012,2456
3,-1,m1_ema_alignment_x_rsi14,-0.0011640012931344,2456
3,-1,m1_ema20_gap_x_rsi14,0.005898729844213,2456
3,-1,m1_rsi14_x_adx14,-0.0032960305368137,2456
3,-1,m1_macd_hist_x_atr_expansion,0.015411803223118,2456
3,-1,m1_ema20_slope_x_adx,0.0055451812641722,2456
3,-1,m1_body_x_tick_activity,-0.013204945538313,2456
3,-1,m1_shock_x_ema20_price_gap_atr,-0.025127962251685,2456
3,-1,m1_shock_x_ema20_50_gap_atr,0.0054352142033276,2456
3,-1,m1_shock_x_rsi14_centered,-0.0094280938981143,2456
3,-1,m1_shock_x_macd_hist_atr,-0.0091010330601558,2456
3,-1,m1_shock_x_di_balance,0.0050862689822547,2456
3,-1,m1_shock_x_roc5_atr,-0.039894570354595,2456
3,-1,m1_shock_x_range20_signed_efficiency,0.0057997865560304,2456
3,-1,m5_atr7,0.19801093767778,2456
3,-1,m5_atr14,0.19678040790317,2456
3,-1,m5_atr28,0.18445026311601,2456
3,-1,m5_atr14_price,0.18143225464328,2456
3,-1,m5_atr7_atr28,0.05494857956311,2456
3,-1,m5_atr14_pct64,0.078845294244722,2456
3,-1,m5_atr14_z64,0.084221499625212,2456
3,-1,m5_atr14_change3,0.015063901311275,2456
3,-1,m5_spread_atr,-0.21936436306679,2456
3,-1,m5_tick_volume,0.17437093878465,2456
3,-1,m5_tick_volume_rel20,0.0010342922605584,2456
3,-1,m5_tick_volume_pct64,0.041458585560768,2456
3,-1,m5_body_atr,0.0083933255205449,2456
3,-1,m5_upper_wick_atr,-2.9203182569328e-05,2456
3,-1,m5_lower_wick_atr,-0.026413549414276,2456
3,-1,m5_bar_range_atr,0.0090613257477131,2456
3,-1,m5_bar_close_location,-0.002118545888125,2456
3,-1,m5_ema5_value,0.061180131126678,2456
3,-1,m5_ema5_price_gap_atr,-0.014944652605395,2456
3,-1,m5_ema5_close_gap_atr,0.0079940536169451,2456
3,-1,m5_ema5_slope1_atr,0.0079940536169451,2456
3,-1,m5_ema5_slope3_atr,-0.0054569584525159,2456
3,-1,m5_ema5_accel_atr,0.010453778653768,2456
3,-1,m5_ema5_gap_pct64,0.011133577704619,2456
3,-1,m5_ema5_gap_z64,0.018026126356171,2456
3,-1,m5_ema5_sma_gap_atr,0.019219731651298,2456
3,-1,m5_sma5_value,0.060965590316299,2456
3,-1,m5_sma5_price_gap_atr,-0.0080522845283462,2456
3,-1,m5_sma5_slope1_atr,0.003421365755985,2456
3,-1,m5_sma5_slope3_atr,-0.01545648697258,2456
3,-1,m5_sma5_gap_pct64,0.012503455714564,2456
3,-1,m5_ema10_value,0.061186406372486,2456
3,-1,m5_ema10_price_gap_atr,-0.013892652642493,2456
3,-1,m5_ema10_close_gap_atr,-0.0012397405426546,2456
3,-1,m5_ema10_slope1_atr,-0.0012397405426546,2456
3,-1,m5_ema10_slope3_atr,-0.011082220180228,2456
3,-1,m5_ema10_accel_atr,0.012142811243818,2456
3,-1,m5_ema10_gap_pct64,0.0095862214967581,2456
3,-1,m5_ema10_gap_z64,0.012123383254523,2456
3,-1,m5_ema10_sma_gap_atr,-0.0024305885205319,2456
3,-1,m5_sma10_value,0.061094690928555,2456
3,-1,m5_sma10_price_gap_atr,-0.012458158353695,2456
3,-1,m5_sma10_slope1_atr,-0.010697537643754,2456
3,-1,m5_sma10_slope3_atr,-0.011811530592637,2456
3,-1,m5_sma10_gap_pct64,0.0026022858835782,2456
3,-1,m5_ema20_value,0.060959134255215,2456
3,-1,m5_ema20_price_gap_atr,-0.012907271780996,2456
3,-1,m5_ema20_close_gap_atr,-0.00632502939745,2456
3,-1,m5_ema20_slope1_atr,-0.00632502939745,2456
3,-1,m5_ema20_slope3_atr,-0.012155077012457,2456
3,-1,m5_ema20_accel_atr,0.011250009091013,2456
3,-1,m5_ema20_gap_pct64,0.00342629808541,2456
3,-1,m5_ema20_gap_z64,0.010145733908565,2456
3,-1,m5_ema20_sma_gap_atr,-0.021944734665166,2456
3,-1,m5_sma20_value,0.060860041301734,2456
3,-1,m5_sma20_price_gap_atr,-0.014046143437702,2456
3,-1,m5_sma20_slope1_atr,-0.013699679776636,2456
3,-1,m5_sma20_slope3_atr,-0.012841555449883,2456
3,-1,m5_sma20_gap_pct64,0.0015546298696318,2456
3,-1,m5_ema50_value,0.060073719509376,2456
3,-1,m5_ema50_price_gap_atr,-0.011594404009604,2456
3,-1,m5_ema50_close_gap_atr,-0.0081321329203842,2456
3,-1,m5_ema50_slope1_atr,-0.0081321329203842,2456
3,-1,m5_ema50_slope3_atr,-0.011998684310949,2456
3,-1,m5_ema50_accel_atr,0.010552228001931,2456
3,-1,m5_ema50_gap_pct64,0.01317516925686,2456
3,-1,m5_ema50_gap_z64,0.015599932613764,2456
3,-1,m5_ema50_sma_gap_atr,0.021652264226294,2456
3,-1,m5_sma50_value,0.059412269570181,2456
3,-1,m5_sma50_price_gap_atr,-0.0049441573858467,2456
3,-1,m5_sma50_slope1_atr,0.013854870765216,2456
3,-1,m5_sma50_slope3_atr,0.0092965571479718,2456
3,-1,m5_sma50_gap_pct64,0.015588018981962,2456
3,-1,m5_rsi7_value,-0.0042536341000997,2456
3,-1,m5_rsi7_centered,-0.0042536341000997,2456
3,-1,m5_rsi7_slope1,0.011276599031243,2456
3,-1,m5_rsi7_slope3,0.011673721026755,2456
3,-1,m5_rsi7_pct64,0.005689575073276,2456
3,-1,m5_rsi14_value,-0.0086980836260973,2456
3,-1,m5_rsi14_centered,-0.0086980836260973,2456
3,-1,m5_rsi14_slope1,0.010251233688346,2456
3,-1,m5_rsi14_slope3,0.010143049088347,2456
3,-1,m5_rsi14_pct64,0.0051373308444432,2456
3,-1,m5_rsi21_value,-0.01079622830286,2456
3,-1,m5_rsi21_centered,-0.01079622830286,2456
3,-1,m5_rsi21_slope1,0.010087580325887,2456
3,-1,m5_rsi21_slope3,0.010525913604705,2456
3,-1,m5_rsi21_pct64,0.0071872574078179,2456
3,-1,m5_macd_atr,-0.0071064226490161,2456
3,-1,m5_macd_signal_atr,-0.0027640853938027,2456
3,-1,m5_macd_hist_atr,-0.01606964614329,2456
3,-1,m5_macd_hist_slope1_atr,0.019064977220687,2456
3,-1,m5_macd_hist_pct64,-0.01676814023375,2456
3,-1,m5_stoch14_k,0.00073226968164397,2456
3,-1,m5_stoch14_d,-0.009292570621285,2456
3,-1,m5_stoch14_k_minus_d,0.028210241575743,2456
3,-1,m5_williams14_r,0.00073260928353489,2456
3,-1,m5_cci20,-0.0010589325421255,2456
3,-1,m5_adx14,-0.0018611571473041,2456
3,-1,m5_plus_di14,0.019208436289846,2456
3,-1,m5_minus_di14,0.00050191395665525,2456
3,-1,m5_di_balance,0.0090305671609784,2456
3,-1,m5_adx14_slope3,0.0047444207750123,2456
3,-1,m5_roc1_atr,0.010212476122175,2456
3,-1,m5_roc1_pct,0.012289199429747,2456
3,-1,m5_roc3_atr,0.0097818484616244,2456
3,-1,m5_roc3_pct,0.0095022515060473,2456
3,-1,m5_roc5_atr,0.003421365755985,2456
3,-1,m5_roc5_pct,0.0032580546505178,2456
3,-1,m5_roc10_atr,-0.010697537643754,2456
3,-1,m5_roc10_pct,-0.013228697384836,2456
3,-1,m5_roc20_atr,-0.013699679776636,2456
3,-1,m5_roc20_pct,-0.013919577448194,2456
3,-1,m5_range5_width_atr,0.037663689178455,2456
3,-1,m5_range5_position,-0.017858070058367,2456
3,-1,m5_range5_high_distance_atr,0.026929622207975,2456
3,-1,m5_range5_low_distance_atr,-0.0019781268559376,2456
3,-1,m5_range5_signed_efficiency,0.0021129059716682,2456
3,-1,m5_realized_vol5,0.15048735823397,2456
3,-1,m5_realized_vol5_atr,0.039435156157994,2456
3,-1,m5_range20_width_atr,0.038280202310729,2456
3,-1,m5_range20_position,-0.0197892899133,2456
3,-1,m5_range20_high_distance_atr,0.030450748404383,2456
3,-1,m5_range20_low_distance_atr,-0.0081567723948371,2456
3,-1,m5_range20_signed_efficiency,-0.014965719373642,2456
3,-1,m5_realized_vol20,0.17104357670338,2456
3,-1,m5_realized_vol20_atr,0.021808805971978,2456
3,-1,m5_range60_width_atr,0.0041515133240772,2456
3,-1,m5_range60_position,-0.011492204922067,2456
3,-1,m5_range60_high_distance_atr,0.013065057319172,2456
3,-1,m5_range60_low_distance_atr,-0.0045065167048758,2456
3,-1,m5_range60_signed_efficiency,-0.0070230099702645,2456
3,-1,m5_realized_vol60,0.146533164008,2456
3,-1,m5_realized_vol60_atr,-0.060881660849715,2456
3,-1,m5_bb20_width_atr,0.025641697679531,2456
3,-1,m5_bb20_price_z,-0.010997605209649,2456
3,-1,m5_bb20_position,-0.010997605209649,2456
3,-1,m5_consecutive_signed_bars,-0.0029222827412537,2456
3,-1,m5_ema5_20_gap_atr,-0.010698444388339,2456
3,-1,m5_ema10_20_gap_atr,-0.0090613937896193,2456
3,-1,m5_ema20_50_gap_atr,-0.0054851642527315,2456
3,-1,m5_ema_alignment,-0.0062094850701667,2456
3,-1,m5_ema_alignment_x_rsi14,0.0012103556861064,2456
3,-1,m5_ema20_gap_x_rsi14,0.010403954967904,2456
3,-1,m5_rsi14_x_adx14,-0.0090416421962574,2456
3,-1,m5_macd_hist_x_atr_expansion,-0.01516862995536,2456
3,-1,m5_ema20_slope_x_adx,-0.011056167015321,2456
3,-1,m5_body_x_tick_activity,0.0078958482847805,2456
3,-1,m5_shock_x_ema20_price_gap_atr,-0.0068292782445197,2456
3,-1,m5_shock_x_ema20_50_gap_atr,-0.026499877032342,2456
3,-1,m5_shock_x_rsi14_centered,0.0065735305894762,2456
3,-1,m5_shock_x_macd_hist_atr,0.023750286994642,2456
3,-1,m5_shock_x_di_balance,0.0022777704491705,2456
3,-1,m5_shock_x_roc5_atr,0.0097686221812902,2456
3,-1,m5_shock_x_range20_signed_efficiency,0.0096417988130742,2456
3,-1,m15_atr7,0.19031507325992,2456
3,-1,m15_atr14,0.17493865263809,2456
3,-1,m15_atr28,0.16092600039868,2456
3,-1,m15_atr14_price,0.15765320900793,2456
3,-1,m15_atr7_atr28,0.099590259052412,2456
3,-1,m15_atr14_pct64,0.086630893992928,2456
3,-1,m15_atr14_z64,0.080455183277839,2456
3,-1,m15_atr14_change3,0.060675755511057,2456
3,-1,m15_spread_atr,-0.18267930847582,2456
3,-1,m15_tick_volume,0.17003804426656,2456
3,-1,m15_tick_volume_rel20,0.02501335821593,2456
3,-1,m15_tick_volume_pct64,0.049125689140434,2456
3,-1,m15_body_atr,0.0058310680948386,2456
3,-1,m15_upper_wick_atr,0.011791799955633,2456
3,-1,m15_lower_wick_atr,-0.020982858412682,2456
3,-1,m15_bar_range_atr,0.054926710975438,2456
3,-1,m15_bar_close_location,-0.011866551081994,2456
3,-1,m15_ema5_value,0.061103031546651,2456
3,-1,m15_ema5_price_gap_atr,-0.015083316745219,2456
3,-1,m15_ema5_close_gap_atr,-0.010936689073018,2456
3,-1,m15_ema5_slope1_atr,-0.010936689073018,2456
3,-1,m15_ema5_slope3_atr,-0.010803897597724,2456
3,-1,m15_ema5_accel_atr,0.011883567530829,2456
3,-1,m15_ema5_gap_pct64,-0.011657313100815,2456
3,-1,m15_ema5_gap_z64,-0.0095371877544951,2456
3,-1,m15_ema5_sma_gap_atr,-0.0028247058721502,2456
3,-1,m15_sma5_value,0.06092356066853,2456
3,-1,m15_sma5_price_gap_atr,-0.012169157231929,2456
3,-1,m15_sma5_slope1_atr,-0.016280331256326,2456
3,-1,m15_sma5_slope3_atr,-0.012827246604103,2456
3,-1,m15_sma5_gap_pct64,-0.0071178046560313,2456
3,-1,m15_ema10_value,0.060615441221288,2456
3,-1,m15_ema10_price_gap_atr,-0.014469297672819,2456
3,-1,m15_ema10_close_gap_atr,-0.010543122536832,2456
3,-1,m15_ema10_slope1_atr,-0.010543122536832,2456
3,-1,m15_ema10_slope3_atr,-0.0089748837709488,2456
3,-1,m15_ema10_accel_atr,0.0089985068677751,2456
3,-1,m15_ema10_gap_pct64,-0.0093262040075144,2456
3,-1,m15_ema10_gap_z64,-0.010883201654511,2456
3,-1,m15_ema10_sma_gap_atr,-0.017335082225832,2456
3,-1,m15_sma10_value,0.060521094631655,2456
3,-1,m15_sma10_price_gap_atr,-0.015623451622674,2456
3,-1,m15_sma10_slope1_atr,-0.0050933941804741,2456
3,-1,m15_sma10_slope3_atr,-0.002309655777472,2456
3,-1,m15_sma10_gap_pct64,-0.012331781600893,2456
3,-1,m15_ema20_value,0.0598702657044,2456
3,-1,m15_ema20_price_gap_atr,-0.014549510980081,2456
3,-1,m15_ema20_close_gap_atr,-0.012195122914386,2456
3,-1,m15_ema20_slope1_atr,-0.012195122914386,2456
3,-1,m15_ema20_slope3_atr,-0.011721607138336,2456
3,-1,m15_ema20_accel_atr,0.0068650739573748,2456
3,-1,m15_ema20_gap_pct64,-0.013919637196325,2456
3,-1,m15_ema20_gap_z64,-0.012641073618171,2456
3,-1,m15_ema20_sma_gap_atr,0.039677000988535,2456
3,-1,m15_sma20_value,0.059008335863508,2456
3,-1,m15_sma20_price_gap_atr,-0.0057715445359808,2456
3,-1,m15_sma20_slope1_atr,-0.008226116630096,2456
3,-1,m15_sma20_slope3_atr,-0.011847425938284,2456
3,-1,m15_sma20_gap_pct64,-0.0030130888299004,2456
3,-1,m15_ema50_value,0.058838943190799,2456
3,-1,m15_ema50_price_gap_atr,-0.010512743445729,2456
3,-1,m15_ema50_close_gap_atr,-0.0094898512433122,2456
3,-1,m15_ema50_slope1_atr,-0.0094898512433122,2456
3,-1,m15_ema50_slope3_atr,-0.0088459018323821,2456
3,-1,m15_ema50_accel_atr,0.0066374462401414,2456
3,-1,m15_ema50_gap_pct64,-0.015743590995302,2456
3,-1,m15_ema50_gap_z64,-0.011827356006003,2456
3,-1,m15_ema50_sma_gap_atr,-0.044039136413415,2456
3,-1,m15_sma50_value,0.05918845261665,2456
3,-1,m15_sma50_price_gap_atr,-0.019541232898498,2456
3,-1,m15_sma50_slope1_atr,-0.016304330373219,2456
3,-1,m15_sma50_slope3_atr,-0.01645396060027,2456
3,-1,m15_sma50_gap_pct64,-0.016537021361975,2456
3,-1,m15_rsi7_value,-0.0070263073587692,2456
3,-1,m15_rsi7_centered,-0.0070263073587692,2456
3,-1,m15_rsi7_slope1,0.0082370793307907,2456
3,-1,m15_rsi7_slope3,-0.0082445336944118,2456
3,-1,m15_rsi7_pct64,-0.0052501895153782,2456
3,-1,m15_rsi14_value,-0.011490135053398,2456
3,-1,m15_rsi14_centered,-0.011490135053398,2456
3,-1,m15_rsi14_slope1,0.0085743618563901,2456
3,-1,m15_rsi14_slope3,-0.0067339474837267,2456
3,-1,m15_rsi14_pct64,-0.014143764012237,2456
3,-1,m15_rsi21_value,-0.010850580015581,2456
3,-1,m15_rsi21_centered,-0.010850580015581,2456
3,-1,m15_rsi21_slope1,0.0089047616189316,2456
3,-1,m15_rsi21_slope3,-0.0067805412040995,2456
3,-1,m15_rsi21_pct64,-0.011267206945233,2456
3,-1,m15_macd_atr,-0.0071214623403691,2456
3,-1,m15_macd_signal_atr,-0.0091576402810675,2456
3,-1,m15_macd_hist_atr,0.0097572660602238,2456
3,-1,m15_macd_hist_slope1_atr,-0.01444117489993,2456
3,-1,m15_macd_hist_pct64,0.0043515260296798,2456
3,-1,m15_stoch14_k,-0.01015648621356,2456
3,-1,m15_stoch14_d,-0.0054024601256871,2456
3,-1,m15_stoch14_k_minus_d,-0.003468505024573,2456
3,-1,m15_williams14_r,-0.01015648621356,2456
3,-1,m15_cci20,-0.0068116626810009,2456
3,-1,m15_adx14,0.054901630242774,2456
3,-1,m15_plus_di14,0.0092287979396253,2456
3,-1,m15_minus_di14,0.0026143786196077,2456
3,-1,m15_di_balance,0.002321063732078,2456
3,-1,m15_adx14_slope3,-0.035073934438712,2456
3,-1,m15_roc1_atr,0.0064691286006923,2456
3,-1,m15_roc1_pct,0.0090810646841409,2456
3,-1,m15_roc3_atr,-0.015735153661149,2456
3,-1,m15_roc3_pct,-0.015067994665249,2456
3,-1,m15_roc5_atr,-0.016280331256326,2456
3,-1,m15_roc5_pct,-0.011501940954945,2456
3,-1,m15_roc10_atr,-0.0050933941804741,2456
3,-1,m15_roc10_pct,0.0026217824481157,2456
3,-1,m15_roc20_atr,-0.008226116630096,2456
3,-1,m15_roc20_pct,-0.0096728155438398,2456
3,-1,m15_range5_width_atr,0.052184503079557,2456
3,-1,m15_range5_position,-0.019038730022479,2456
3,-1,m15_range5_high_distance_atr,0.032646016831617,2456
3,-1,m15_range5_low_distance_atr,-0.0023406383354814,2456
3,-1,m15_range5_signed_efficiency,-0.010558772855478,2456
3,-1,m15_realized_vol5,0.14516354685672,2456
3,-1,m15_realized_vol5_atr,0.039564454410422,2456
3,-1,m15_range20_width_atr,0.036239180029311,2456
3,-1,m15_range20_position,-0.013554950829497,2456
3,-1,m15_range20_high_distance_atr,0.02155006287047,2456
3,-1,m15_range20_low_distance_atr,0.0014200341787733,2456
3,-1,m15_range20_signed_efficiency,-0.010203109867874,2456
3,-1,m15_realized_vol20,0.14400845166049,2456
3,-1,m15_realized_vol20_atr,0.012727173360347,2456
3,-1,m15_range60_width_atr,-0.00054807917502312,2456
3,-1,m15_range60_position,-0.011927417738154,2456
3,-1,m15_range60_high_distance_atr,0.0033141118633814,2456
3,-1,m15_range60_low_distance_atr,-0.013580581274481,2456
3,-1,m15_range60_signed_efficiency,0.013996973046478,2456
3,-1,m15_realized_vol60,0.11282062782532,2456
3,-1,m15_realized_vol60_atr,-0.079027739416476,2456
3,-1,m15_bb20_width_atr,0.026456098950852,2456
3,-1,m15_bb20_price_z,-0.012944983602533,2456
3,-1,m15_bb20_position,-0.012944983602533,2456
3,-1,m15_consecutive_signed_bars,0.016734393028127,2456
3,-1,m15_ema5_20_gap_atr,-0.0085669729478917,2456
3,-1,m15_ema10_20_gap_atr,-0.0067600002436226,2456
3,-1,m15_ema20_50_gap_atr,-0.0047431583546443,2456
3,-1,m15_ema_alignment,0.0049664392140615,2456
3,-1,m15_ema_alignment_x_rsi14,-0.003815234307596,2456
3,-1,m15_ema20_gap_x_rsi14,0.0071239191391989,2456
3,-1,m15_rsi14_x_adx14,-0.0074464397999595,2456
3,-1,m15_macd_hist_x_atr_expansion,0.0085438476100107,2456
3,-1,m15_ema20_slope_x_adx,-0.0097098242460907,2456
3,-1,m15_body_x_tick_activity,0.0075591881209341,2456
3,-1,m15_shock_x_ema20_price_gap_atr,-0.019612321705127,2456
3,-1,m15_shock_x_ema20_50_gap_atr,-0.041748163404361,2456
3,-1,m15_shock_x_rsi14_centered,-0.02104936717049,2456
3,-1,m15_shock_x_macd_hist_atr,-0.0060006468995281,2456
3,-1,m15_shock_x_di_balance,-0.017872604780101,2456
3,-1,m15_shock_x_roc5_atr,0.016305184777674,2456
3,-1,m15_shock_x_range20_signed_efficiency,-0.036713774447229,2456
3,-1,m1_m5_alignment_product,0.017600814862274,2456
3,-1,m1_m5_rsi14_difference,0.0029440047994369,2456
3,-1,m1_m5_ema20_slope_product,0.0041867152902978,2456
3,-1,m1_m5_macd_hist_product,0.028233363262809,2456
3,-1,m1_m5_atr_ratio,0.014786351085409,2456
3,-1,m1_m5_rsi_x_trend,0.0072349376761161,2456
3,-1,m1_m15_alignment_product,0.012345767597501,2456
3,-1,m1_m15_rsi14_difference,0.0098693715809796,2456
3,-1,m1_m15_ema20_slope_product,-0.0033250184139401,2456
3,-1,m1_m15_macd_hist_product,0.0036601333075415,2456
3,-1,m1_m15_atr_ratio,0.046937410571659,2456
3,-1,m1_m15_rsi_x_trend,-0.013027994881167,2456
3,-1,m5_m15_alignment_product,0.0043912520243638,2456
3,-1,m5_m15_rsi14_difference,0.005847858393995,2456
3,-1,m5_m15_ema20_slope_product,0.012593242588133,2456
3,-1,m5_m15_macd_hist_product,0.033090036172684,2456
3,-1,m5_m15_atr_ratio,0.074015215305262,2456
3,-1,m5_m15_rsi_x_trend,-0.010142318196257,2456
3,1,quote_mid,0.020973909669328,2456
3,1,quote_spread,-0.0087014753666482,2456
3,1,shock_direction,0.014952003642586,2456
3,1,m1_atr7,0.089269668865878,2456
3,1,m1_atr14,0.10112346360639,2456
3,1,m1_atr28,0.11623112417653,2456
3,1,m1_atr14_price,0.1409868644752,2456
3,1,m1_atr7_atr28,-0.050665042875785,2456
3,1,m1_atr14_pct64,-0.049859804758947,2456
3,1,m1_atr14_z64,-0.045990394438432,2456
3,1,m1_atr14_change3,-0.012180110257211,2456
3,1,m1_spread_atr,-0.16190073190646,2456
3,1,m1_tick_volume,0.11999495428065,2456
3,1,m1_tick_volume_rel20,-0.034726181654253,2456
3,1,m1_tick_volume_pct64,-0.054745950154659,2456
3,1,m1_body_atr,0.010903532228763,2456
3,1,m1_upper_wick_atr,-0.01587815934238,2456
3,1,m1_lower_wick_atr,0.017384322770931,2456
3,1,m1_bar_range_atr,-0.026344376162338,2456
3,1,m1_bar_close_location,0.028810798932418,2456
3,1,m1_ema5_value,0.020645747572063,2456
3,1,m1_ema5_price_gap_atr,-0.008398096428397,2456
3,1,m1_ema5_close_gap_atr,0.0026986950767097,2456
3,1,m1_ema5_slope1_atr,0.0026986950767097,2456
3,1,m1_ema5_slope3_atr,-0.010738521818002,2456
3,1,m1_ema5_accel_atr,0.015317228361952,2456
3,1,m1_ema5_gap_pct64,0.016633638791731,2456
3,1,m1_ema5_gap_z64,0.010589069841917,2456
3,1,m1_ema5_sma_gap_atr,0.041078063545262,2456
3,1,m1_sma5_value,0.020601626146306,2456
3,1,m1_sma5_price_gap_atr,-0.00049294179126231,2456
3,1,m1_sma5_slope1_atr,-0.0046161151145248,2456
3,1,m1_sma5_slope3_atr,-0.018085896837167,2456
3,1,m1_sma5_gap_pct64,0.025228669675728,2456
3,1,m1_ema10_value,0.020633112841974,2456
3,1,m1_ema10_price_gap_atr,-0.012864372262064,2456
3,1,m1_ema10_close_gap_atr,-0.0057079061823432,2456
3,1,m1_ema10_slope1_atr,-0.0057079061823432,2456
3,1,m1_ema10_slope3_atr,-0.014326427943389,2456
3,1,m1_ema10_accel_atr,0.015590956006526,2456
3,1,m1_ema10_gap_pct64,0.0078240483142452,2456
3,1,m1_ema10_gap_z64,0.0064511495664797,2456
3,1,m1_ema10_sma_gap_atr,-0.030894646463363,2456
3,1,m1_sma10_value,0.020739288195927,2456
3,1,m1_sma10_price_gap_atr,-0.019760206370086,2456
3,1,m1_sma10_slope1_atr,-0.020166668932133,2456
3,1,m1_sma10_slope3_atr,-0.015698393336629,2456
3,1,m1_sma10_gap_pct64,-0.0034786301173557,2456
3,1,m1_ema20_value,0.020595021536522,2456
3,1,m1_ema20_price_gap_atr,-0.011261400621173,2456
3,1,m1_ema20_close_gap_atr,-0.0054033592088127,2456
3,1,m1_ema20_slope1_atr,-0.0054033592088127,2456
3,1,m1_ema20_slope3_atr,-0.010576777751322,2456
3,1,m1_ema20_accel_atr,0.014123264189032,2456
3,1,m1_ema20_gap_pct64,0.01554827084573,2456
3,1,m1_ema20_gap_z64,0.01288120128837,2456
3,1,m1_ema20_sma_gap_atr,-0.012328026025731,2456
3,1,m1_sma20_value,0.020715705371376,2456
3,1,m1_sma20_price_gap_atr,-0.012501746274253,2456
3,1,m1_sma20_slope1_atr,-0.0090786032335434,2456
3,1,m1_sma20_slope3_atr,-0.0028484568863802,2456
3,1,m1_sma20_gap_pct64,0.013147622294833,2456
3,1,m1_ema50_value,0.020479494920456,2456
3,1,m1_ema50_price_gap_atr,-0.01123722307125,2456
3,1,m1_ema50_close_gap_atr,-0.0088671148141785,2456
3,1,m1_ema50_slope1_atr,-0.0088671148141785,2456
3,1,m1_ema50_slope3_atr,-0.011882408783359,2456
3,1,m1_ema50_accel_atr,0.01326410659309,2456
3,1,m1_ema50_gap_pct64,0.014211637106693,2456
3,1,m1_ema50_gap_z64,0.013954296342192,2456
3,1,m1_ema50_sma_gap_atr,0.01320493080842,2456
3,1,m1_sma50_value,0.020554297468107,2456
3,1,m1_sma50_price_gap_atr,-0.0078628639729249,2456
3,1,m1_sma50_slope1_atr,-0.017335526494518,2456
3,1,m1_sma50_slope3_atr,-0.015854793077758,2456
3,1,m1_sma50_gap_pct64,0.018296489952013,2456
3,1,m1_rsi7_value,-0.0030295288986085,2456
3,1,m1_rsi7_centered,-0.0030295288986085,2456
3,1,m1_rsi7_slope1,0.010786338681043,2456
3,1,m1_rsi7_slope3,0.020369466736744,2456
3,1,m1_rsi7_pct64,0.013954513345106,2456
3,1,m1_rsi14_value,-0.0044367966868448,2456
3,1,m1_rsi14_centered,-0.0044367966868448,2456
3,1,m1_rsi14_slope1,0.0098154907391346,2456
3,1,m1_rsi14_slope3,0.016633291673052,2456
3,1,m1_rsi14_pct64,0.01274207136982,2456
3,1,m1_rsi21_value,-0.0073354482340421,2456
3,1,m1_rsi21_centered,-0.0073354482340421,2456
3,1,m1_rsi21_slope1,0.0097882698668596,2456
3,1,m1_rsi21_slope3,0.014937162590911,2456
3,1,m1_rsi21_pct64,0.011892751786086,2456
3,1,m1_macd_atr,-0.0044396516109503,2456
3,1,m1_macd_signal_atr,-0.00049005669372085,2456
3,1,m1_macd_hist_atr,-0.01398172653724,2456
3,1,m1_macd_hist_slope1_atr,0.019638906684043,2456
3,1,m1_macd_hist_pct64,-0.013260609298499,2456
3,1,m1_stoch14_k,0.0031665490851903,2456
3,1,m1_stoch14_d,-0.0090500288192783,2456
3,1,m1_stoch14_k_minus_d,0.019718196434371,2456
3,1,m1_williams14_r,0.0031665490851903,2456
3,1,m1_cci20,-0.0065094695624375,2456
3,1,m1_adx14,-0.0054352141514644,2456
3,1,m1_plus_di14,-0.01631107243985,2456
3,1,m1_minus_di14,0.0054604819915976,2456
3,1,m1_di_balance,-0.013688619105682,2456
3,1,m1_adx14_slope3,0.010526503708305,2456
3,1,m1_roc1_atr,0.010234529762264,2456
3,1,m1_roc1_pct,0.01166645882924,2456
3,1,m1_roc3_atr,0.0054330639926442,2456
3,1,m1_roc3_pct,0.008626129587575,2456
3,1,m1_roc5_atr,-0.0046071382663407,2456
3,1,m1_roc5_pct,-0.0035092232338686,2456
3,1,m1_roc10_atr,-0.020178505249444,2456
3,1,m1_roc10_pct,-0.021350540956297,2456
3,1,m1_roc20_atr,-0.0090797474288669,2456
3,1,m1_roc20_pct,-0.0084246373160456,2456
3,1,m1_range5_width_atr,-0.015603079207441,2456
3,1,m1_range5_position,-0.0023167023629999,2456
3,1,m1_range5_high_distance_atr,-0.00049154330393574,2456
3,1,m1_range5_low_distance_atr,-0.0070984894529595,2456
3,1,m1_range5_signed_efficiency,0.00021920042352987,2456
3,1,m1_realized_vol5,0.090702033579512,2456
3,1,m1_realized_vol5_atr,-0.021277669571654,2456
3,1,m1_range20_width_atr,-0.010184791284977,2456
3,1,m1_range20_position,-0.0034054823222449,2456
3,1,m1_range20_high_distance_atr,0.010389932751212,2456
3,1,m1_range20_low_distance_atr,-0.0035985257301554,2456
3,1,m1_range20_signed_efficiency,-0.0073673914963927,2456
3,1,m1_realized_vol20,0.12331291671717,2456
3,1,m1_realized_vol20_atr,-0.015757978584466,2456
3,1,m1_range60_width_atr,-0.0082671781708525,2456
3,1,m1_range60_position,-0.0055815593881906,2456
3,1,m1_range60_high_distance_atr,0.011255953852824,2456
3,1,m1_range60_low_distance_atr,-0.0065783581370556,2456
3,1,m1_range60_signed_efficiency,-0.016420157100702,2456
3,1,m1_realized_vol60,0.14917423399989,2456
3,1,m1_realized_vol60_atr,0.03866463528786,2456
3,1,m1_bb20_width_atr,-0.0050028415860825,2456
3,1,m1_bb20_price_z,-0.0070870637616886,2456
3,1,m1_bb20_position,-0.0070870637616886,2456
3,1,m1_consecutive_signed_bars,0.014651741801223,2456
3,1,m1_ema5_20_gap_atr,-0.008675953567393,2456
3,1,m1_ema10_20_gap_atr,-0.0051907048264853,2456
3,1,m1_ema20_50_gap_atr,-0.011858364077117,2456
3,1,m1_ema_alignment,-0.0078371503609377,2456
3,1,m1_ema_alignment_x_rsi14,-0.0037499610073677,2456
3,1,m1_ema20_gap_x_rsi14,-0.012761840431064,2456
3,1,m1_rsi14_x_adx14,-0.0088889311486758,2456
3,1,m1_macd_hist_x_atr_expansion,-0.013719444509807,2456
3,1,m1_ema20_slope_x_adx,-0.011985766837252,2456
3,1,m1_body_x_tick_activity,0.011160222741307,2456
3,1,m1_shock_x_ema20_price_gap_atr,-0.038167936815105,2456
3,1,m1_shock_x_ema20_50_gap_atr,-0.028014011840387,2456
3,1,m1_shock_x_rsi14_centered,-0.016835027357839,2456
3,1,m1_shock_x_macd_hist_atr,-0.0058953380857943,2456
3,1,m1_shock_x_di_balance,-0.031388543878504,2456
3,1,m1_shock_x_roc5_atr,0.0078863333345256,2456
3,1,m1_shock_x_range20_signed_efficiency,-0.0098566737637463,2456
3,1,m5_atr7,0.11857060021984,2456
3,1,m5_atr14,0.13470662437936,2456
3,1,m5_atr28,0.13888745235371,2456
3,1,m5_atr14_price,0.16979250355537,2456
3,1,m5_atr7_atr28,-0.013045918137422,2456
3,1,m5_atr14_pct64,-0.0010958570325278,2456
3,1,m5_atr14_z64,-0.0025015667995868,2456
3,1,m5_atr14_change3,-0.040231901139397,2456
3,1,m5_spread_atr,-0.2050725046102,2456
3,1,m5_tick_volume,0.14223388922471,2456
3,1,m5_tick_volume_rel20,-0.024082077669269,2456
3,1,m5_tick_volume_pct64,-0.027133808172247,2456
3,1,m5_body_atr,-0.029778610649129,2456
3,1,m5_upper_wick_atr,-0.027216554790787,2456
3,1,m5_lower_wick_atr,0.0098651406552332,2456
3,1,m5_bar_range_atr,-0.034588400651637,2456
3,1,m5_bar_close_location,-0.0097631829038297,2456
3,1,m5_ema5_value,0.020591153679349,2456
3,1,m5_ema5_price_gap_atr,-0.010671861425945,2456
3,1,m5_ema5_close_gap_atr,-0.017088850725896,2456
3,1,m5_ema5_slope1_atr,-0.017088850725896,2456
3,1,m5_ema5_slope3_atr,-0.0030850154360555,2456
3,1,m5_ema5_accel_atr,-0.031927286566239,2456
3,1,m5_ema5_gap_pct64,-0.0062976860277255,2456
3,1,m5_ema5_gap_z64,-0.012283200193675,2456
3,1,m5_ema5_sma_gap_atr,-0.0088561835612902,2456
3,1,m5_sma5_value,0.020708900494433,2456
3,1,m5_sma5_price_gap_atr,-0.010769745753169,2456
3,1,m5_sma5_slope1_atr,-0.0029371033150161,2456
3,1,m5_sma5_slope3_atr,0.010810804619631,2456
3,1,m5_sma5_gap_pct64,-0.0072343016801791,2456
3,1,m5_ema10_value,0.020513484272249,2456
3,1,m5_ema10_price_gap_atr,-0.011738313080688,2456
3,1,m5_ema10_close_gap_atr,-0.016276043019238,2456
3,1,m5_ema10_slope1_atr,-0.016276043019238,2456
3,1,m5_ema10_slope3_atr,-0.0057623850518693,2456
3,1,m5_ema10_accel_atr,-0.03177181571838,2456
3,1,m5_ema10_gap_pct64,-0.013755237077315,2456
3,1,m5_ema10_gap_z64,-0.011928420893284,2456
3,1,m5_ema10_sma_gap_atr,0.015686644362904,2456
3,1,m5_sma10_value,0.020527610518518,2456
3,1,m5_sma10_price_gap_atr,-0.0070032009286505,2456
3,1,m5_sma10_slope1_atr,-0.012024752695216,2456
3,1,m5_sma10_slope3_atr,-0.010555802625133,2456
3,1,m5_sma10_gap_pct64,-0.0012090396225149,2456
3,1,m5_ema20_value,0.02075806366417,2456
3,1,m5_ema20_price_gap_atr,-0.02194544721475,2456
3,1,m5_ema20_close_gap_atr,-0.024328172381417,2456
3,1,m5_ema20_slope1_atr,-0.024328172381417,2456
3,1,m5_ema20_slope3_atr,-0.018234168190889,2456
3,1,m5_ema20_accel_atr,-0.02878413136422,2456
3,1,m5_ema20_gap_pct64,-0.01782414115451,2456
3,1,m5_ema20_gap_z64,-0.020304931033558,2456
3,1,m5_ema20_sma_gap_atr,0.011173210642564,2456
3,1,m5_sma20_value,0.020872431395571,2456
3,1,m5_sma20_price_gap_atr,-0.017024086191369,2456
3,1,m5_sma20_slope1_atr,-0.025189097953363,2456
3,1,m5_sma20_slope3_atr,-0.027166080345503,2456
3,1,m5_sma20_gap_pct64,-0.016475539232085,2456
3,1,m5_ema50_value,0.021888743213569,2456
3,1,m5_ema50_price_gap_atr,-0.039887649700717,2456
3,1,m5_ema50_close_gap_atr,-0.039582144065623,2456
3,1,m5_ema50_slope1_atr,-0.039582144065623,2456
3,1,m5_ema50_slope3_atr,-0.034854497479773,2456
3,1,m5_ema50_accel_atr,-0.02747057304753,2456
3,1,m5_ema50_gap_pct64,-0.028430918885898,2456
3,1,m5_ema50_gap_z64,-0.033745856211021,2456
3,1,m5_ema50_sma_gap_atr,-0.037772899804234,2456
3,1,m5_sma50_value,0.022597026236083,2456
3,1,m5_sma50_price_gap_atr,-0.043699970519291,2456
3,1,m5_sma50_slope1_atr,-0.062201460342637,2456
3,1,m5_sma50_slope3_atr,-0.056300168541491,2456
3,1,m5_sma50_gap_pct64,-0.034024516469273,2456
3,1,m5_rsi7_value,-0.018229915168045,2456
3,1,m5_rsi7_centered,-0.018229915168045,2456
3,1,m5_rsi7_slope1,-0.028897014401148,2456
3,1,m5_rsi7_slope3,-0.0078656010387648,2456
3,1,m5_rsi7_pct64,-0.012761103664689,2456
3,1,m5_rsi14_value,-0.027583667571206,2456
3,1,m5_rsi14_centered,-0.027583667571206,2456
3,1,m5_rsi14_slope1,-0.028085746840454,2456
3,1,m5_rsi14_slope3,-0.006745780650256,2456
3,1,m5_rsi14_pct64,-0.020602028371642,2456
3,1,m5_rsi21_value,-0.033103544863556,2456
3,1,m5_rsi21_centered,-0.033103544863556,2456
3,1,m5_rsi21_slope1,-0.027259245590561,2456
3,1,m5_rsi21_slope3,-0.0079332703137769,2456
3,1,m5_rsi21_pct64,-0.024409621237778,2456
3,1,m5_macd_atr,-0.039705486183245,2456
3,1,m5_macd_signal_atr,-0.047466402351352,2456
3,1,m5_macd_hist_atr,0.0097106397869643,2456
3,1,m5_macd_hist_slope1_atr,-0.010872883885969,2456
3,1,m5_macd_hist_pct64,0.0093084453972313,2456
3,1,m5_stoch14_k,-0.019102158663226,2456
3,1,m5_stoch14_d,-0.014445721568832,2456
3,1,m5_stoch14_k_minus_d,-0.016558325719213,2456
3,1,m5_williams14_r,-0.019102838875755,2456
3,1,m5_cci20,-0.01894036924864,2456
3,1,m5_adx14,0.056973455147232,2456
3,1,m5_plus_di14,-0.043688726597739,2456
3,1,m5_minus_di14,0.038603429181932,2456
3,1,m5_di_balance,-0.043197673171401,2456
3,1,m5_adx14_slope3,-0.023387862281864,2456
3,1,m5_roc1_atr,-0.031353429267891,2456
3,1,m5_roc1_pct,-0.029098330325417,2456
3,1,m5_roc3_atr,-0.020606924912093,2456
3,1,m5_roc3_pct,-0.017822150306191,2456
3,1,m5_roc5_atr,-0.0029371033150161,2456
3,1,m5_roc5_pct,0.0015961455830437,2456
3,1,m5_roc10_atr,-0.012024752695216,2456
3,1,m5_roc10_pct,-0.0050683430744503,2456
3,1,m5_roc20_atr,-0.025189097953363,2456
3,1,m5_roc20_pct,-0.016080013197676,2456
3,1,m5_range5_width_atr,-0.032410832299551,2456
3,1,m5_range5_position,0.00082158432413411,2456
3,1,m5_range5_high_distance_atr,-0.0025981816375507,2456
3,1,m5_range5_low_distance_atr,-0.0082225998073145,2456
3,1,m5_range5_signed_efficiency,-0.00052307850791871,2456
3,1,m5_realized_vol5,0.10282664757901,2456
3,1,m5_realized_vol5_atr,-0.027990685624053,2456
3,1,m5_range20_width_atr,-0.0064720635359737,2456
3,1,m5_range20_position,-0.014040466817639,2456
3,1,m5_range20_high_distance_atr,0.017647913874917,2456
3,1,m5_range20_low_distance_atr,-0.013798761707859,2456
3,1,m5_range20_signed_efficiency,-0.024732311177266,2456
3,1,m5_realized_vol20,0.15410448984952,2456
3,1,m5_realized_vol20_atr,0.009604847210614,2456
3,1,m5_range60_width_atr,0.035998695088737,2456
3,1,m5_range60_position,-0.041940693919754,2456
3,1,m5_range60_high_distance_atr,0.05456855137458,2456
3,1,m5_range60_low_distance_atr,-0.02653396880066,2456
3,1,m5_range60_signed_efficiency,-0.047327363116709,2456
3,1,m5_realized_vol60,0.16442126862167,2456
3,1,m5_realized_vol60_atr,0.021776982796859,2456
3,1,m5_bb20_width_atr,-0.0003165389508098,2456
3,1,m5_bb20_price_z,-0.014491044754669,2456
3,1,m5_bb20_position,-0.014491044754669,2456
3,1,m5_consecutive_signed_bars,-0.027218319901797,2456
3,1,m5_ema5_20_gap_atr,-0.025404858669746,2456
3,1,m5_ema10_20_gap_atr,-0.033493984592044,2456
3,1,m5_ema20_50_gap_atr,-0.050374243198171,2456
3,1,m5_ema_alignment,-0.022305156908801,2456
3,1,m5_ema_alignment_x_rsi14,0.013040935397893,2456
3,1,m5_ema20_gap_x_rsi14,-0.010726875720306,2456
3,1,m5_rsi14_x_adx14,-0.026635403456259,2456
3,1,m5_macd_hist_x_atr_expansion,0.01213070293821,2456
3,1,m5_ema20_slope_x_adx,-0.020143463589542,2456
3,1,m5_body_x_tick_activity,-0.031848851769786,2456
3,1,m5_shock_x_ema20_price_gap_atr,-0.040347503492562,2456
3,1,m5_shock_x_ema20_50_gap_atr,0.00047922345354835,2456
3,1,m5_shock_x_rsi14_centered,-0.03308563891241,2456
3,1,m5_shock_x_macd_hist_atr,-0.039193004828171,2456
3,1,m5_shock_x_di_balance,-0.031687211709133,2456
3,1,m5_shock_x_roc5_atr,-0.032518160299786,2456
3,1,m5_shock_x_range20_signed_efficiency,-0.032053838023959,2456
3,1,m15_atr7,0.13477074575607,2456
3,1,m15_atr14,0.13414600379543,2456
3,1,m15_atr28,0.12437541505737,2456
3,1,m15_atr14_price,0.16500789862129,2456
3,1,m15_atr7_atr28,0.062969837457807,2456
3,1,m15_atr14_pct64,0.066013441535783,2456
3,1,m15_atr14_z64,0.079935468379471,2456
3,1,m15_atr14_change3,-0.0025506525396776,2456
3,1,m15_spread_atr,-0.20329311575105,2456
3,1,m15_tick_volume,0.16377273581225,2456
3,1,m15_tick_volume_rel20,-0.0096199897701911,2456
3,1,m15_tick_volume_pct64,0.022579814230861,2456
3,1,m15_body_atr,-0.0019869597659345,2456
3,1,m15_upper_wick_atr,0.030109615278137,2456
3,1,m15_lower_wick_atr,-0.00021616746009861,2456
3,1,m15_bar_range_atr,-0.025182820582411,2456
3,1,m15_bar_close_location,-0.010023889326045,2456
3,1,m15_ema5_value,0.020570189083453,2456
3,1,m15_ema5_price_gap_atr,-0.01197483436933,2456
3,1,m15_ema5_close_gap_atr,-0.0082845648976121,2456
3,1,m15_ema5_slope1_atr,-0.0082845648976121,2456
3,1,m15_ema5_slope3_atr,-0.024896344804605,2456
3,1,m15_ema5_accel_atr,0.0041117480452444,2456
3,1,m15_ema5_gap_pct64,-0.0030763988908052,2456
3,1,m15_ema5_gap_z64,-0.0036197302871855,2456
3,1,m15_ema5_sma_gap_atr,0.0065093800549574,2456
3,1,m15_sma5_value,0.020755717159445,2456
3,1,m15_sma5_price_gap_atr,-0.0098963026013967,2456
3,1,m15_sma5_slope1_atr,-0.014902504798274,2456
3,1,m15_sma5_slope3_atr,-0.028435618808229,2456
3,1,m15_sma5_gap_pct64,0.00065737164076156,2456
3,1,m15_ema10_value,0.021204338644766,2456
3,1,m15_ema10_price_gap_atr,-0.025732055895881,2456
3,1,m15_ema10_close_gap_atr,-0.022216497735145,2456
3,1,m15_ema10_slope1_atr,-0.022216497735145,2456
3,1,m15_ema10_slope3_atr,-0.037334450450474,2456
3,1,m15_ema10_accel_atr,0.005954319465078,2456
3,1,m15_ema10_gap_pct64,-0.017138144544374,2456
3,1,m15_ema10_gap_z64,-0.014684736511571,2456
3,1,m15_ema10_sma_gap_atr,-0.0039821626796323,2456
3,1,m15_sma10_value,0.021426094711208,2456
3,1,m15_sma10_price_gap_atr,-0.020733630957177,2456
3,1,m15_sma10_slope1_atr,-0.040454873874354,2456
3,1,m15_sma10_slope3_atr,-0.046916018831067,2456
3,1,m15_sma10_gap_pct64,-0.013791493562098,2456
3,1,m15_ema20_value,0.022265820406801,2456
3,1,m15_ema20_price_gap_atr,-0.038149365025509,2456
3,1,m15_ema20_close_gap_atr,-0.03425521452456,2456
3,1,m15_ema20_slope1_atr,-0.03425521452456,2456
3,1,m15_ema20_slope3_atr,-0.044465712681834,2456
3,1,m15_ema20_accel_atr,0.0054379252965861,2456
3,1,m15_ema20_gap_pct64,-0.023301506399175,2456
3,1,m15_ema20_gap_z64,-0.024022932433686,2456
3,1,m15_ema20_sma_gap_atr,-0.049803391625747,2456
3,1,m15_sma20_value,0.022988812061345,2456
3,1,m15_sma20_price_gap_atr,-0.04401556822402,2456
3,1,m15_sma20_slope1_atr,-0.043492536414682,2456
3,1,m15_sma20_slope3_atr,-0.046141401657611,2456
3,1,m15_sma20_gap_pct64,-0.034425602980825,2456
3,1,m15_ema50_value,0.024007531476949,2456
3,1,m15_ema50_price_gap_atr,-0.04437378323461,2456
3,1,m15_ema50_close_gap_atr,-0.041333918044599,2456
3,1,m15_ema50_slope1_atr,-0.041333918044599,2456
3,1,m15_ema50_slope3_atr,-0.046056823569082,2456
3,1,m15_ema50_accel_atr,0.0023257469728886,2456
3,1,m15_ema50_gap_pct64,-0.029295874781864,2456
3,1,m15_ema50_gap_z64,-0.032183023612321,2456
3,1,m15_ema50_sma_gap_atr,-0.019381542707881,2456
3,1,m15_sma50_value,0.024138258781478,2456
3,1,m15_sma50_price_gap_atr,-0.042516876847576,2456
3,1,m15_sma50_slope1_atr,-0.02708291615115,2456
3,1,m15_sma50_slope3_atr,-0.02543550141381,2456
3,1,m15_sma50_gap_pct64,-0.026107903512647,2456
3,1,m15_rsi7_value,-0.030149458031148,2456
3,1,m15_rsi7_centered,-0.030149458031148,2456
3,1,m15_rsi7_slope1,0.0095998693359397,2456
3,1,m15_rsi7_slope3,0.010836445836327,2456
3,1,m15_rsi7_pct64,-0.01861184210013,2456
3,1,m15_rsi14_value,-0.03835835567632,2456
3,1,m15_rsi14_centered,-0.03835835567632,2456
3,1,m15_rsi14_slope1,0.0059427936517786,2456
3,1,m15_rsi14_slope3,0.0032467311519504,2456
3,1,m15_rsi14_pct64,-0.023456170127005,2456
3,1,m15_rsi21_value,-0.039932781316245,2456
3,1,m15_rsi21_centered,-0.039932781316245,2456
3,1,m15_rsi21_slope1,0.0039938548795497,2456
3,1,m15_rsi21_slope3,0.00044984150941965,2456
3,1,m15_rsi21_pct64,-0.029160529520359,2456
3,1,m15_macd_atr,-0.049897141193404,2456
3,1,m15_macd_signal_atr,-0.043799687927308,2456
3,1,m15_macd_hist_atr,-0.036164264081401,2456
3,1,m15_macd_hist_slope1_atr,0.016178324341603,2456
3,1,m15_macd_hist_pct64,-0.031286836200929,2456
3,1,m15_stoch14_k,-0.032118228701075,2456
3,1,m15_stoch14_d,-0.048670235027713,2456
3,1,m15_stoch14_k_minus_d,0.023283897525875,2456
3,1,m15_williams14_r,-0.032118228701075,2456
3,1,m15_cci20,-0.040644558973514,2456
3,1,m15_adx14,0.031075131209319,2456
3,1,m15_plus_di14,-0.046697979419529,2456
3,1,m15_minus_di14,0.027263402517151,2456
3,1,m15_di_balance,-0.036503271029764,2456
3,1,m15_adx14_slope3,0.058541151525699,2456
3,1,m15_roc1_atr,-0.001893916983321,2456
3,1,m15_roc1_pct,-0.0061529519569655,2456
3,1,m15_roc3_atr,-0.0050179216069912,2456
3,1,m15_roc3_pct,-0.0025062157386646,2456
3,1,m15_roc5_atr,-0.014902504798274,2456
3,1,m15_roc5_pct,-0.014027592264015,2456
3,1,m15_roc10_atr,-0.040454873874354,2456
3,1,m15_roc10_pct,-0.037152313522055,2456
3,1,m15_roc20_atr,-0.043492536414682,2456
3,1,m15_roc20_pct,-0.044306682280066,2456
3,1,m15_range5_width_atr,-0.0051475403504637,2456
3,1,m15_range5_position,-0.015869157141447,2456
3,1,m15_range5_high_distance_atr,0.01787035029124,2456
3,1,m15_range5_low_distance_atr,-0.012477275496205,2456
3,1,m15_range5_signed_efficiency,-0.017583850506913,2456
3,1,m15_realized_vol5,0.12397886694963,2456
3,1,m15_realized_vol5_atr,0.0020156148946034,2456
3,1,m15_range20_width_atr,0.041647325043627,2456
3,1,m15_range20_position,-0.041898400690534,2456
3,1,m15_range20_high_distance_atr,0.05573283210661,2456
3,1,m15_range20_low_distance_atr,-0.022119450971128,2456
3,1,m15_range20_signed_efficiency,-0.043796790187311,2456
3,1,m15_realized_vol20,0.15222908497993,2456
3,1,m15_realized_vol20_atr,0.018054239930353,2456
3,1,m15_range60_width_atr,-0.02343756282899,2456
3,1,m15_range60_position,-0.047362073619834,2456
3,1,m15_range60_high_distance_atr,0.033769423409032,2456
3,1,m15_range60_low_distance_atr,-0.053198608397007,2456
3,1,m15_range60_signed_efficiency,-0.040810536048041,2456
3,1,m15_realized_vol60,0.12847380259241,2456
3,1,m15_realized_vol60_atr,-0.05054526526193,2456
3,1,m15_bb20_width_atr,0.05116138696372,2456
3,1,m15_bb20_price_z,-0.040889568082342,2456
3,1,m15_bb20_position,-0.040889568082342,2456
3,1,m15_consecutive_signed_bars,-0.0067141598774121,2456
3,1,m15_ema5_20_gap_atr,-0.047737715319019,2456
3,1,m15_ema10_20_gap_atr,-0.051512248185547,2456
3,1,m15_ema20_50_gap_atr,-0.038403411149739,2456
3,1,m15_ema_alignment,-0.051315953527601,2456
3,1,m15_ema_alignment_x_rsi14,0.037105758917979,2456
3,1,m15_ema20_gap_x_rsi14,0.039472665887151,2456
3,1,m15_rsi14_x_adx14,-0.036286041640671,2456
3,1,m15_macd_hist_x_atr_expansion,-0.032758877883362,2456
3,1,m15_ema20_slope_x_adx,-0.038736471723337,2456
3,1,m15_body_x_tick_activity,0.000287456747584,2456
3,1,m15_shock_x_ema20_price_gap_atr,-0.016364371106674,2456
3,1,m15_shock_x_ema20_50_gap_atr,0.0097118515805413,2456
3,1,m15_shock_x_rsi14_centered,-0.0017673401802911,2456
3,1,m15_shock_x_macd_hist_atr,-0.015364727268074,2456
3,1,m15_shock_x_di_balance,0.0026099976190389,2456
3,1,m15_shock_x_roc5_atr,-0.041420041942336,2456
3,1,m15_shock_x_range20_signed_efficiency,0.011190414131205,2456
3,1,m1_m5_alignment_product,-0.0071521398447707,2456
3,1,m1_m5_rsi14_difference,0.02264197214939,2456
3,1,m1_m5_ema20_slope_product,-0.0077504360977206,2456
3,1,m1_m5_macd_hist_product,-0.0046888870118818,2456
3,1,m1_m5_atr_ratio,-0.042537311688795,2456
3,1,m1_m5_rsi_x_trend,-0.0065852534870277,2456
3,1,m1_m15_alignment_product,-0.013193295581147,2456
3,1,m1_m15_rsi14_difference,0.01794222354655,2456
3,1,m1_m15_ema20_slope_product,-0.0095027868126766,2456
3,1,m1_m15_macd_hist_product,-0.0084120130190044,2456
3,1,m1_m15_atr_ratio,-0.01848937467227,2456
3,1,m1_m15_rsi_x_trend,-0.0040817757794416,2456
3,1,m5_m15_alignment_product,0.0044477781819388,2456
3,1,m5_m15_rsi14_difference,0.011333897629954,2456
3,1,m5_m15_ema20_slope_product,0.015084194624944,2456
3,1,m5_m15_macd_hist_product,-0.029563055427013,2456
3,1,m5_m15_atr_ratio,0.016893853617824,2456
3,1,m5_m15_rsi_x_trend,0.024454532631278,2456
4,-1,quote_mid,0.056655030281713,3228
4,-1,quote_spread,0.050394423526401,3228
4,-1,shock_direction,0.0054790157590278,3228
4,-1,m1_atr7,0.12626491388399,3228
4,-1,m1_atr14,0.13045597552303,3228
4,-1,m1_atr28,0.13398422833262,3228
4,-1,m1_atr14_price,0.10054840123088,3228
4,-1,m1_atr7_atr28,-0.0139244765485,3228
4,-1,m1_atr14_pct64,-0.0086525715334027,3228
4,-1,m1_atr14_z64,-0.0068738095474506,3228
4,-1,m1_atr14_change3,-0.023347278078645,3228
4,-1,m1_spread_atr,-0.1270426507858,3228
4,-1,m1_tick_volume,0.10378402342823,3228
4,-1,m1_tick_volume_rel20,0.020862923673636,3228
4,-1,m1_tick_volume_pct64,0.018344428903215,3228
4,-1,m1_body_atr,-0.01609138294916,3228
4,-1,m1_upper_wick_atr,0.0024263278792173,3228
4,-1,m1_lower_wick_atr,0.013617191554652,3228
4,-1,m1_bar_range_atr,0.0043261422287854,3228
4,-1,m1_bar_close_location,-0.016105870098638,3228
4,-1,m1_ema5_value,0.056679621377539,3228
4,-1,m1_ema5_price_gap_atr,-0.023043914318346,3228
4,-1,m1_ema5_close_gap_atr,-0.0047863407873343,3228
4,-1,m1_ema5_slope1_atr,-0.0047863407873343,3228
4,-1,m1_ema5_slope3_atr,0.0017209545944446,3228
4,-1,m1_ema5_accel_atr,-0.021757834830401,3228
4,-1,m1_ema5_gap_pct64,-0.0086653446276827,3228
4,-1,m1_ema5_gap_z64,-0.00622734531685,3228
4,-1,m1_ema5_sma_gap_atr,-0.023293580487202,3228
4,-1,m1_sma5_value,0.056677647735212,3228
4,-1,m1_sma5_price_gap_atr,-0.028456363644452,3228
4,-1,m1_sma5_slope1_atr,0.0049495664599306,3228
4,-1,m1_sma5_slope3_atr,0.0079826503939041,3228
4,-1,m1_sma5_gap_pct64,-0.014856030568837,3228
4,-1,m1_ema10_value,0.056624486919848,3228
4,-1,m1_ema10_price_gap_atr,-0.015204334789114,3228
4,-1,m1_ema10_close_gap_atr,-0.00010132787914009,3228
4,-1,m1_ema10_slope1_atr,-0.00010132787914009,3228
4,-1,m1_ema10_slope3_atr,0.0026004783520392,3228
4,-1,m1_ema10_accel_atr,-0.019667979320391,3228
4,-1,m1_ema10_gap_pct64,0.0053375702372372,3228
4,-1,m1_ema10_gap_z64,0.0023414357167101,3228
4,-1,m1_ema10_sma_gap_atr,0.034484263539635,3228
4,-1,m1_sma10_value,0.056503246626898,3228
4,-1,m1_sma10_price_gap_atr,-0.0077697423267822,3228
4,-1,m1_sma10_slope1_atr,0.01258587219615,3228
4,-1,m1_sma10_slope3_atr,0.0032262268272747,3228
4,-1,m1_sma10_gap_pct64,0.0074849843149136,3228
4,-1,m1_ema20_value,0.056596088698896,3228
4,-1,m1_ema20_price_gap_atr,-0.012830700960104,3228
4,-1,m1_ema20_close_gap_atr,-0.0036515207711871,3228
4,-1,m1_ema20_slope1_atr,-0.0036515207711871,3228
4,-1,m1_ema20_slope3_atr,-0.0031481921436502,3228
4,-1,m1_ema20_accel_atr,-0.016884515204394,3228
4,-1,m1_ema20_gap_pct64,0.0035493190188166,3228
4,-1,m1_ema20_gap_z64,0.0041390483295471,3228
4,-1,m1_ema20_sma_gap_atr,0.0049340297669142,3228
4,-1,m1_sma20_value,0.056486955843945,3228
4,-1,m1_sma20_price_gap_atr,-0.010672166989474,3228
4,-1,m1_sma20_slope1_atr,-0.0048098674224744,3228
4,-1,m1_sma20_slope3_atr,-0.011764092222366,3228
4,-1,m1_sma20_gap_pct64,0.0061326988510561,3228
4,-1,m1_ema50_value,0.056650511412785,3228
4,-1,m1_ema50_price_gap_atr,-0.013945937318771,3228
4,-1,m1_ema50_close_gap_atr,-0.0086981575051175,3228
4,-1,m1_ema50_slope1_atr,-0.0086981575051175,3228
4,-1,m1_ema50_slope3_atr,-0.0089777022863574,3228
4,-1,m1_ema50_accel_atr,-0.016129091024833,3228
4,-1,m1_ema50_gap_pct64,0.0019053453836968,3228
4,-1,m1_ema50_gap_z64,0.0026646824593267,3228
4,-1,m1_ema50_sma_gap_atr,-0.0014089828369203,3228
4,-1,m1_sma50_value,0.056556689240063,3228
4,-1,m1_sma50_price_gap_atr,-0.01145829925728,3228
4,-1,m1_sma50_slope1_atr,0.0020878313286014,3228
4,-1,m1_sma50_slope3_atr,0.00021700390691541,3228
4,-1,m1_sma50_gap_pct64,-2.1301736107444e-05,3228
4,-1,m1_rsi7_value,-0.0048231762940278,3228
4,-1,m1_rsi7_centered,-0.0048231762940278,3228
4,-1,m1_rsi7_slope1,-0.016583939361905,3228
4,-1,m1_rsi7_slope3,-0.0092370278353883,3228
4,-1,m1_rsi7_pct64,0.0015367460296236,3228
4,-1,m1_rsi14_value,-0.0084394643199411,3228
4,-1,m1_rsi14_centered,-0.0084394643199411,3228
4,-1,m1_rsi14_slope1,-0.015912059524194,3228
4,-1,m1_rsi14_slope3,-0.010813137571352,3228
4,-1,m1_rsi14_pct64,0.0023240526759903,3228
4,-1,m1_rsi21_value,-0.0093678911201269,3228
4,-1,m1_rsi21_centered,-0.0093678911201269,3228
4,-1,m1_rsi21_slope1,-0.015648012334333,3228
4,-1,m1_rsi21_slope3,-0.010643088241553,3228
4,-1,m1_rsi21_pct64,0.0030654026460582,3228
4,-1,m1_macd_atr,-0.012944178252436,3228
4,-1,m1_macd_signal_atr,-0.015213357881032,3228
4,-1,m1_macd_hist_atr,0.013730222399581,3228
4,-1,m1_macd_hist_slope1_atr,-0.0098822417872142,3228
4,-1,m1_macd_hist_pct64,0.013491511719705,3228
4,-1,m1_stoch14_k,-0.0035939040684275,3228
4,-1,m1_stoch14_d,-0.0025608551828048,3228
4,-1,m1_stoch14_k_minus_d,-0.0075428312604582,3228
4,-1,m1_williams14_r,-0.0035939040684275,3228
4,-1,m1_cci20,-0.0010241351141612,3228
4,-1,m1_adx14,0.016657379740477,3228
4,-1,m1_plus_di14,-0.014572674294457,3228
4,-1,m1_minus_di14,-0.012290474213824,3228
4,-1,m1_di_balance,0.00036841803574761,3228
4,-1,m1_adx14_slope3,-0.01676439068874,3228
4,-1,m1_roc1_atr,-0.015786677486007,3228
4,-1,m1_roc1_pct,-0.017292479683666,3228
4,-1,m1_roc3_atr,-0.0090884416471385,3228
4,-1,m1_roc3_pct,-0.012948586573023,3228
4,-1,m1_roc5_atr,0.0049422958731702,3228
4,-1,m1_roc5_pct,0.0050173028905803,3228
4,-1,m1_roc10_atr,0.012595891036682,3228
4,-1,m1_roc10_pct,0.016159197463785,3228
4,-1,m1_roc20_atr,-0.0048090275232786,3228
4,-1,m1_roc20_pct,-9.4603327979904e-05,3228
4,-1,m1_range5_width_atr,-0.02363220000404,3228
4,-1,m1_range5_position,-0.022250367250026,3228
4,-1,m1_range5_high_distance_atr,0.016985194266508,3228
4,-1,m1_range5_low_distance_atr,-0.023485809543524,3228
4,-1,m1_range5_signed_efficiency,0.0041900969410422,3228
4,-1,m1_realized_vol5,0.063071906988037,3228
4,-1,m1_realized_vol5_atr,-0.015541333706342,3228
4,-1,m1_range20_width_atr,0.0055668429654431,3228
4,-1,m1_range20_position,-0.018284298868026,3228
4,-1,m1_range20_high_distance_atr,0.015948776497045,3228
4,-1,m1_range20_low_distance_atr,-0.015870570543066,3228
4,-1,m1_range20_signed_efficiency,-0.0082478194282632,3228
4,-1,m1_realized_vol20,0.086372414936533,3228
4,-1,m1_realized_vol20_atr,-0.016381585973943,3228
4,-1,m1_range60_width_atr,0.034637633447755,3228
4,-1,m1_range60_position,-0.019062213525707,3228
4,-1,m1_range60_high_distance_atr,0.026826945094817,3228
4,-1,m1_range60_low_distance_atr,-0.01032081548255,3228
4,-1,m1_range60_signed_efficiency,-0.0064381158224707,3228
4,-1,m1_realized_vol60,0.10111762878121,3228
4,-1,m1_realized_vol60_atr,-0.0046904237665295,3228
4,-1,m1_bb20_width_atr,0.015358694716808,3228
4,-1,m1_bb20_price_z,-0.014217259942847,3228
4,-1,m1_bb20_position,-0.014217259942847,3228
4,-1,m1_consecutive_signed_bars,-0.012606486055728,3228
4,-1,m1_ema5_20_gap_atr,-0.005247073064544,3228
4,-1,m1_ema10_20_gap_atr,-0.010980486020722,3228
4,-1,m1_ema20_50_gap_atr,-0.010707428632616,3228
4,-1,m1_ema_alignment,-0.0074943195800643,3228
4,-1,m1_ema_alignment_x_rsi14,0.005938772644015,3228
4,-1,m1_ema20_gap_x_rsi14,0.011868287590635,3228
4,-1,m1_rsi14_x_adx14,-0.0078204127502651,3228
4,-1,m1_macd_hist_x_atr_expansion,0.01359695095912,3228
4,-1,m1_ema20_slope_x_adx,-0.0034622582831254,3228
4,-1,m1_body_x_tick_activity,-0.014709445694651,3228
4,-1,m1_shock_x_ema20_price_gap_atr,-0.016336280002474,3228
4,-1,m1_shock_x_ema20_50_gap_atr,0.014359685407545,3228
4,-1,m1_shock_x_rsi14_centered,-0.00083700892779809,3228
4,-1,m1_shock_x_macd_hist_atr,-0.012817779510025,3228
4,-1,m1_shock_x_di_balance,0.0063427555555089,3228
4,-1,m1_shock_x_roc5_atr,-0.03001635043273,3228
4,-1,m1_shock_x_range20_signed_efficiency,0.01370435897469,3228
4,-1,m5_atr7,0.13366144823707,3228
4,-1,m5_atr14,0.13305032235383,3228
4,-1,m5_atr28,0.12734390410977,3228
4,-1,m5_atr14_price,0.10221628988421,3228
4,-1,m5_atr7_atr28,0.026914465949962,3228
4,-1,m5_atr14_pct64,0.045876157915669,3228
4,-1,m5_atr14_z64,0.050451817084047,3228
4,-1,m5_atr14_change3,-0.00070278225223394,3228
4,-1,m5_spread_atr,-0.13382703462998,3228
4,-1,m5_tick_volume,0.1011655505086,3228
4,-1,m5_tick_volume_rel20,-0.0030684494588962,3228
4,-1,m5_tick_volume_pct64,0.022397651635845,3228
4,-1,m5_body_atr,0.014338116736626,3228
4,-1,m5_upper_wick_atr,0.0017668025630547,3228
4,-1,m5_lower_wick_atr,-0.020681621720221,3228
4,-1,m5_bar_range_atr,-0.0078813551444131,3228
4,-1,m5_bar_close_location,0.0020532345507528,3228
4,-1,m5_ema5_value,0.056560484384113,3228
4,-1,m5_ema5_price_gap_atr,-0.010435020197882,3228
4,-1,m5_ema5_close_gap_atr,2.2891571533237e-05,3228
4,-1,m5_ema5_slope1_atr,2.2891571533237e-05,3228
4,-1,m5_ema5_slope3_atr,-0.012329626901469,3228
4,-1,m5_ema5_accel_atr,0.020860705135511,3228
4,-1,m5_ema5_gap_pct64,0.0014146584403943,3228
4,-1,m5_ema5_gap_z64,0.0071682454717682,3228
4,-1,m5_ema5_sma_gap_atr,-0.0046516576324743,3228
4,-1,m5_sma5_value,0.056480501023587,3228
4,-1,m5_sma5_price_gap_atr,-0.0082351560316896,3228
4,-1,m5_sma5_slope1_atr,-0.0049471494147332,3228
4,-1,m5_sma5_slope3_atr,-0.010372921742987,3228
4,-1,m5_sma5_gap_pct64,-0.0021955901686339,3228
4,-1,m5_ema10_value,0.056613110613833,3228
4,-1,m5_ema10_price_gap_atr,-0.011642129837941,3228
4,-1,m5_ema10_close_gap_atr,-0.0057695017562157,3228
4,-1,m5_ema10_slope1_atr,-0.0057695017562157,3228
4,-1,m5_ema10_slope3_atr,-0.011504270236493,3228
4,-1,m5_ema10_accel_atr,0.019388184982866,3228
4,-1,m5_ema10_gap_pct64,0.0066692992744368,3228
4,-1,m5_ema10_gap_z64,0.0062069842710262,3228
4,-1,m5_ema10_sma_gap_atr,0.0018637286173861,3228
4,-1,m5_sma10_value,0.056550812533934,3228
4,-1,m5_sma10_price_gap_atr,-0.0092655523540347,3228
4,-1,m5_sma10_slope1_atr,-0.0049212256398082,3228
4,-1,m5_sma10_slope3_atr,-0.0041060205644703,3228
4,-1,m5_sma10_gap_pct64,0.00049747998027412,3228
4,-1,m5_ema20_value,0.056447800356114,3228
4,-1,m5_ema20_price_gap_atr,-0.010104596794449,3228
4,-1,m5_ema20_close_gap_atr,-0.0073521272480366,3228
4,-1,m5_ema20_slope1_atr,-0.0073521272480366,3228
4,-1,m5_ema20_slope3_atr,-0.0088914812140186,3228
4,-1,m5_ema20_accel_atr,0.017779517516681,3228
4,-1,m5_ema20_gap_pct64,0.0085704614397901,3228
4,-1,m5_ema20_gap_z64,0.01080011658417,3228
4,-1,m5_ema20_sma_gap_atr,-0.012120932558928,3228
4,-1,m5_sma20_value,0.05641020547399,3228
4,-1,m5_sma20_price_gap_atr,-0.011865859277757,3228
4,-1,m5_sma20_slope1_atr,-0.01199775452322,3228
4,-1,m5_sma20_slope3_atr,-0.0051420341282447,3228
4,-1,m5_sma20_gap_pct64,0.0078877089704453,3228
4,-1,m5_ema50_value,0.055690747371375,3228
4,-1,m5_ema50_price_gap_atr,-0.0079318325857011,3228
4,-1,m5_ema50_close_gap_atr,-0.0053090682686974,3228
4,-1,m5_ema50_slope1_atr,-0.0053090682686974,3228
4,-1,m5_ema50_slope3_atr,-0.0056681886827737,3228
4,-1,m5_ema50_accel_atr,0.016890497598354,3228
4,-1,m5_ema50_gap_pct64,0.014569702540777,3228
4,-1,m5_ema50_gap_z64,0.016069988461657,3228
4,-1,m5_ema50_sma_gap_atr,0.023832197336785,3228
4,-1,m5_sma50_value,0.055033933164869,3228
4,-1,m5_sma50_price_gap_atr,-0.0012089139730317,3228
4,-1,m5_sma50_slope1_atr,0.014591549788787,3228
4,-1,m5_sma50_slope3_atr,0.010443211494977,3228
4,-1,m5_sma50_gap_pct64,0.019509499294244,3228
4,-1,m5_rsi7_value,-0.0073722724517549,3228
4,-1,m5_rsi7_centered,-0.0073722724517549,3228
4,-1,m5_rsi7_slope1,0.016584319071414,3228
4,-1,m5_rsi7_slope3,-0.012394382565607,3228
4,-1,m5_rsi7_pct64,0.0085403676917984,3228
4,-1,m5_rsi14_value,-0.0067003904050774,3228
4,-1,m5_rsi14_centered,-0.0067003904050774,3228
4,-1,m5_rsi14_slope1,0.014334704740429,3228
4,-1,m5_rsi14_slope3,-0.012272963710848,3228
4,-1,m5_rsi14_pct64,0.012393395073445,3228
4,-1,m5_rsi21_value,-0.0067089300820328,3228
4,-1,m5_rsi21_centered,-0.0067089300820328,3228
4,-1,m5_rsi21_slope1,0.014064396868329,3228
4,-1,m5_rsi21_slope3,-0.010238082471579,3228
4,-1,m5_rsi21_pct64,0.013893436426575,3228
4,-1,m5_macd_atr,-0.00010073707826953,3228
4,-1,m5_macd_signal_atr,0.0046718370855184,3228
4,-1,m5_macd_hist_atr,-0.0046728192562893,3228
4,-1,m5_macd_hist_slope1_atr,0.010020371815631,3228
4,-1,m5_macd_hist_pct64,-0.00018916058578085,3228
4,-1,m5_stoch14_k,-0.0090576830412674,3228
4,-1,m5_stoch14_d,-0.014352004551553,3228
4,-1,m5_stoch14_k_minus_d,0.013373576680063,3228
4,-1,m5_williams14_r,-0.0090572086337207,3228
4,-1,m5_cci20,-0.0068163643305572,3228
4,-1,m5_adx14,0.0048911604922718,3228
4,-1,m5_plus_di14,0.018312263996141,3228
4,-1,m5_minus_di14,0.0014018464904144,3228
4,-1,m5_di_balance,0.0073270581685846,3228
4,-1,m5_adx14_slope3,0.013358665734208,3228
4,-1,m5_roc1_atr,0.015237045893552,3228
4,-1,m5_roc1_pct,0.01271481899685,3228
4,-1,m5_roc3_atr,-0.0088202153644734,3228
4,-1,m5_roc3_pct,-0.0062332215766727,3228
4,-1,m5_roc5_atr,-0.0049471494147332,3228
4,-1,m5_roc5_pct,-0.0072858937125561,3228
4,-1,m5_roc10_atr,-0.0049203033319581,3228
4,-1,m5_roc10_pct,-0.0058468373316627,3228
4,-1,m5_roc20_atr,-0.01199775452322,3228
4,-1,m5_roc20_pct,-0.012244872955137,3228
4,-1,m5_range5_width_atr,0.022259529301303,3228
4,-1,m5_range5_position,-0.016181702283197,3228
4,-1,m5_range5_high_distance_atr,0.019100772592023,3228
4,-1,m5_range5_low_distance_atr,-0.010547050103197,3228
4,-1,m5_range5_signed_efficiency,-0.010055512621747,3228
4,-1,m5_realized_vol5,0.086453872676853,3228
4,-1,m5_realized_vol5_atr,0.0073025176347182,3228
4,-1,m5_range20_width_atr,0.040452513598494,3228
4,-1,m5_range20_position,-0.021577532060505,3228
4,-1,m5_range20_high_distance_atr,0.028916653141283,3228
4,-1,m5_range20_low_distance_atr,-0.010990238163409,3228
4,-1,m5_range20_signed_efficiency,-0.011506865495432,3228
4,-1,m5_realized_vol20,0.097251069327614,3228
4,-1,m5_realized_vol20_atr,0.006841833342241,3228
4,-1,m5_range60_width_atr,-0.0025413297663315,3228
4,-1,m5_range60_position,-0.013925085725423,3228
4,-1,m5_range60_high_distance_atr,0.0098111697990634,3228
4,-1,m5_range60_low_distance_atr,-0.012272078936598,3228
4,-1,m5_range60_signed_efficiency,0.0039059897000367,3228
4,-1,m5_realized_vol60,0.086267327301974,3228
4,-1,m5_realized_vol60_atr,-0.033703542843692,3228
4,-1,m5_bb20_width_atr,0.028112751393926,3228
4,-1,m5_bb20_price_z,-0.008653565596415,3228
4,-1,m5_bb20_position,-0.008653565596415,3228
4,-1,m5_consecutive_signed_bars,-0.0053642228206563,3228
4,-1,m5_ema5_20_gap_atr,-0.0057331985411278,3228
4,-1,m5_ema10_20_gap_atr,-0.0025018072929975,3228
4,-1,m5_ema20_50_gap_atr,0.0023142867042416,3228
4,-1,m5_ema_alignment,-0.0090948189587709,3228
4,-1,m5_ema_alignment_x_rsi14,0.027679483163754,3228
4,-1,m5_ema20_gap_x_rsi14,0.022546632123873,3228
4,-1,m5_rsi14_x_adx14,-0.0057705142519105,3228
4,-1,m5_macd_hist_x_atr_expansion,-0.003667421912613,3228
4,-1,m5_ema20_slope_x_adx,-0.0058740644128276,3228
4,-1,m5_body_x_tick_activity,0.015095389499618,3228
4,-1,m5_shock_x_ema20_price_gap_atr,0.0020366267062138,3228
4,-1,m5_shock_x_ema20_50_gap_atr,-0.014562118901971,3228
4,-1,m5_shock_x_rsi14_centered,0.013649668520375,3228
4,-1,m5_shock_x_macd_hist_atr,0.018276504667482,3228
4,-1,m5_shock_x_di_balance,0.01566947720217,3228
4,-1,m5_shock_x_roc5_atr,0.014527532301309,3228
4,-1,m5_shock_x_range20_signed_efficiency,0.0046874498118326,3228
4,-1,m15_atr7,0.13066969684604,3228
4,-1,m15_atr14,0.12419515666325,3228
4,-1,m15_atr28,0.116149395479,3228
4,-1,m15_atr14_price,0.091852862193752,3228
4,-1,m15_atr7_atr28,0.05881420722061,3228
4,-1,m15_atr14_pct64,0.04696256829098,3228
4,-1,m15_atr14_z64,0.044506742045569,3228
4,-1,m15_atr14_change3,0.025484821672089,3228
4,-1,m15_spread_atr,-0.12006394340214,3228
4,-1,m15_tick_volume,0.099941535460806,3228
4,-1,m15_tick_volume_rel20,0.0091509053198684,3228
4,-1,m15_tick_volume_pct64,0.028088192241373,3228
4,-1,m15_body_atr,-0.015892730500836,3228
4,-1,m15_upper_wick_atr,-0.0078558777102861,3228
4,-1,m15_lower_wick_atr,-0.002786887431865,3228
4,-1,m15_bar_range_atr,0.025935860141416,3228
4,-1,m15_bar_close_location,-0.021220086772309,3228
4,-1,m15_ema5_value,0.056619449414841,3228
4,-1,m15_ema5_price_gap_atr,-0.015457689895772,3228
4,-1,m15_ema5_close_gap_atr,-0.0097476221363125,3228
4,-1,m15_ema5_slope1_atr,-0.0097476221363125,3228
4,-1,m15_ema5_slope3_atr,0.00033237579338726,3228
4,-1,m15_ema5_accel_atr,-0.017406962269402,3228
4,-1,m15_ema5_gap_pct64,-0.0086342912641843,3228
4,-1,m15_ema5_gap_z64,-0.0078977582525207,3228
4,-1,m15_ema5_sma_gap_atr,0.0090767925428766,3228
4,-1,m15_sma5_value,0.056483269421578,3228
4,-1,m15_sma5_price_gap_atr,-0.01200860065681,3228
4,-1,m15_sma5_slope1_atr,-0.012446844633639,3228
4,-1,m15_sma5_slope3_atr,-0.0029814760591985,3228
4,-1,m15_sma5_gap_pct64,-0.0034558319524352,3228
4,-1,m15_ema10_value,0.056158288129148,3228
4,-1,m15_ema10_price_gap_atr,-0.011564761146038,3228
4,-1,m15_ema10_close_gap_atr,-0.0057200389512054,3228
4,-1,m15_ema10_slope1_atr,-0.0057200389512054,3228
4,-1,m15_ema10_slope3_atr,0.0031010852284641,3228
4,-1,m15_ema10_accel_atr,-0.017060553706666,3228
4,-1,m15_ema10_gap_pct64,-0.0063892262011871,3228
4,-1,m15_ema10_gap_z64,-0.0063137479819684,3228
4,-1,m15_ema10_sma_gap_atr,-5.167741636536e-05,3228
4,-1,m15_sma10_value,0.05589000377601,3228
4,-1,m15_sma10_price_gap_atr,-0.010047111441627,3228
4,-1,m15_sma10_slope1_atr,0.0036412716717995,3228
4,-1,m15_sma10_slope3_atr,0.0054079333185435,3228
4,-1,m15_sma10_gap_pct64,-0.0034895558884453,3228
4,-1,m15_ema20_value,0.055529874363551,3228
4,-1,m15_ema20_price_gap_atr,-0.0088240260965059,3228
4,-1,m15_ema20_close_gap_atr,-0.0037077554884707,3228
4,-1,m15_ema20_slope1_atr,-0.0037077554884707,3228
4,-1,m15_ema20_slope3_atr,0.00192316707369,3228
4,-1,m15_ema20_accel_atr,-0.016070732492584,3228
4,-1,m15_ema20_gap_pct64,-0.0085944236910823,3228
4,-1,m15_ema20_gap_z64,-0.0059985180789427,3228
4,-1,m15_ema20_sma_gap_atr,0.03270333534317,3228
4,-1,m15_sma20_value,0.054786944378852,3228
4,-1,m15_sma20_price_gap_atr,-0.00084361958282891,3228
4,-1,m15_sma20_slope1_atr,0.0042906993534539,3228
4,-1,m15_sma20_slope3_atr,0.0016019822475175,3228
4,-1,m15_sma20_gap_pct64,-0.00060573907003038,3228
4,-1,m15_ema50_value,0.055016565625173,3228
4,-1,m15_ema50_price_gap_atr,-0.0032558916460679,3228
4,-1,m15_ema50_close_gap_atr,-0.00041379179234128,3228
4,-1,m15_ema50_slope1_atr,-0.00041379179234128,3228
4,-1,m15_ema50_slope3_atr,0.0029756881004515,3228
4,-1,m15_ema50_accel_atr,-0.015345831240849,3228
4,-1,m15_ema50_gap_pct64,-0.007901277153464,3228
4,-1,m15_ema50_gap_z64,-0.0067382375155562,3228
4,-1,m15_ema50_sma_gap_atr,-0.035845763075549,3228
4,-1,m15_sma50_value,0.054955496232912,3228
4,-1,m15_sma50_price_gap_atr,-0.0088008380542459,3228
4,-1,m15_sma50_slope1_atr,-0.019212764573896,3228
4,-1,m15_sma50_slope3_atr,-0.017064200903103,3228
4,-1,m15_sma50_gap_pct64,-0.0098791697194809,3228
4,-1,m15_rsi7_value,-0.0020988598727649,3228
4,-1,m15_rsi7_centered,-0.0020988598727649,3228
4,-1,m15_rsi7_slope1,-0.019712767663665,3228
4,-1,m15_rsi7_slope3,0.0025346928891606,3228
4,-1,m15_rsi7_pct64,-0.0073162792380329,3228
4,-1,m15_rsi14_value,-0.0020262917937628,3228
4,-1,m15_rsi14_centered,-0.0020262917937628,3228
4,-1,m15_rsi14_slope1,-0.016237722041275,3228
4,-1,m15_rsi14_slope3,0.0058728419616302,3228
4,-1,m15_rsi14_pct64,-0.0086684374460568,3228
4,-1,m15_rsi21_value,-0.0011775635315462,3228
4,-1,m15_rsi21_centered,-0.0011775635315462,3228
4,-1,m15_rsi21_slope1,-0.014498408989169,3228
4,-1,m15_rsi21_slope3,0.0061900410225092,3228
4,-1,m15_rsi21_pct64,-0.0070094342665866,3228
4,-1,m15_macd_atr,0.0023906992691321,3228
4,-1,m15_macd_signal_atr,-0.0022728434145507,3228
4,-1,m15_macd_hist_atr,0.016831077158623,3228
4,-1,m15_macd_hist_slope1_atr,-0.007704727803472,3228
4,-1,m15_macd_hist_pct64,0.018427385708116,3228
4,-1,m15_stoch14_k,-0.0039734227365639,3228
4,-1,m15_stoch14_d,0.0030808065953553,3228
4,-1,m15_stoch14_k_minus_d,-0.011635104269712,3228
4,-1,m15_williams14_r,-0.0039735379709217,3228
4,-1,m15_cci20,0.0030930127337188,3228
4,-1,m15_adx14,0.03251338019817,3228
4,-1,m15_plus_di14,0.024294944615998,3228
4,-1,m15_minus_di14,-0.00066738771457196,3228
4,-1,m15_di_balance,0.012984192346301,3228
4,-1,m15_adx14_slope3,-0.04244254534559,3228
4,-1,m15_roc1_atr,-0.015533488609529,3228
4,-1,m15_roc1_pct,-0.012050938638307,3228
4,-1,m15_roc3_atr,-0.0028073360955147,3228
4,-1,m15_roc3_pct,-0.0022050825669727,3228
4,-1,m15_roc5_atr,-0.012446844633639,3228
4,-1,m15_roc5_pct,-0.0087121349148586,3228
4,-1,m15_roc10_atr,0.0036412716717995,3228
4,-1,m15_roc10_pct,0.0067770561150474,3228
4,-1,m15_roc20_atr,0.0042906993534539,3228
4,-1,m15_roc20_pct,0.0027170103479756,3228
4,-1,m15_range5_width_atr,0.036671122237871,3228
4,-1,m15_range5_position,-0.018199867544299,3228
4,-1,m15_range5_high_distance_atr,0.026989321681834,3228
4,-1,m15_range5_low_distance_atr,-0.0061064951457837,3228
4,-1,m15_range5_signed_efficiency,-0.010784252117701,3228
4,-1,m15_realized_vol5,0.082415837560765,3228
4,-1,m15_realized_vol5_atr,0.0070435893421906,3228
4,-1,m15_range20_width_atr,0.015966088672205,3228
4,-1,m15_range20_position,-0.012221575275543,3228
4,-1,m15_range20_high_distance_atr,0.010663759675697,3228
4,-1,m15_range20_low_distance_atr,-0.005478954379053,3228
4,-1,m15_range20_signed_efficiency,0.0045869483566313,3228
4,-1,m15_realized_vol20,0.088554848693225,3228
4,-1,m15_realized_vol20_atr,0.014849451480435,3228
4,-1,m15_range60_width_atr,-0.0045366649858558,3228
4,-1,m15_range60_position,-0.0086680178485961,3228
4,-1,m15_range60_high_distance_atr,0.0063107761399879,3228
4,-1,m15_range60_low_distance_atr,-0.0091787262069673,3228
4,-1,m15_range60_signed_efficiency,0.0086493930737526,3228
4,-1,m15_realized_vol60,0.068262078543735,3228
4,-1,m15_realized_vol60_atr,-0.05017373967236,3228
4,-1,m15_bb20_width_atr,0.017811183872521,3228
4,-1,m15_bb20_price_z,-0.0076745222170551,3228
4,-1,m15_bb20_position,-0.0076745222170551,3228
4,-1,m15_consecutive_signed_bars,-0.0066122668289286,3228
4,-1,m15_ema5_20_gap_atr,0.0036215824008645,3228
4,-1,m15_ema10_20_gap_atr,0.0036825494117154,3228
4,-1,m15_ema20_50_gap_atr,0.0001498700551368,3228
4,-1,m15_ema_alignment,0.0063763923068982,3228
4,-1,m15_ema_alignment_x_rsi14,-0.0057403906849806,3228
4,-1,m15_ema20_gap_x_rsi14,0.0066257595186576,3228
4,-1,m15_rsi14_x_adx14,0.001881829386087,3228
4,-1,m15_macd_hist_x_atr_expansion,0.017989966066879,3228
4,-1,m15_ema20_slope_x_adx,0.0044609201044371,3228
4,-1,m15_body_x_tick_activity,-0.014034510113876,3228
4,-1,m15_shock_x_ema20_price_gap_atr,-0.010205430912475,3228
4,-1,m15_shock_x_ema20_50_gap_atr,-0.028735942137334,3228
4,-1,m15_shock_x_rsi14_centered,-0.015081810144923,3228
4,-1,m15_shock_x_macd_hist_atr,0.0099721667814359,3228
4,-1,m15_shock_x_di_balance,-0.010416060877071,3228
4,-1,m15_shock_x_roc5_atr,0.015405069333172,3228
4,-1,m15_shock_x_range20_signed_efficiency,-0.021465268840355,3228
4,-1,m1_m5_alignment_product,0.026305077144109,3228
4,-1,m1_m5_rsi14_difference,-0.0076065744087197,3228
4,-1,m1_m5_ema20_slope_product,0.021191002958083,3228
4,-1,m1_m5_macd_hist_product,0.0081968014246901,3228
4,-1,m1_m5_atr_ratio,0.0099179798884259,3228
4,-1,m1_m5_rsi_x_trend,0.023539993043227,3228
4,-1,m1_m15_alignment_product,0.016428566388561,3228
4,-1,m1_m15_rsi14_difference,-0.004501070303696,3228
4,-1,m1_m15_ema20_slope_product,0.01210612935813,3228
4,-1,m1_m15_macd_hist_product,0.0059000997870609,3228
4,-1,m1_m15_atr_ratio,0.024320379735119,3228
4,-1,m1_m15_rsi_x_trend,0.0072351505844557,3228
4,-1,m5_m15_alignment_product,0.011776131492376,3228
4,-1,m5_m15_rsi14_difference,0.00035004380758577,3228
4,-1,m5_m15_ema20_slope_product,0.026453191213378,3228
4,-1,m5_m15_macd_hist_product,0.025276597722633,3228
4,-1,m5_m15_atr_ratio,0.039176616506471,3228
4,-1,m5_m15_rsi_x_trend,0.0051870497022623,3228
4,1,quote_mid,0.036776775191223,3228
4,1,quote_spread,-0.025605349781171,3228
4,1,shock_direction,0.011933541786295,3228
4,1,m1_atr7,0.092999370310712,3228
4,1,m1_atr14,0.10133597665399,3228
4,1,m1_atr28,0.11132891733184,3228
4,1,m1_atr14_price,0.078828931409073,3228
4,1,m1_atr7_atr28,-0.0534079076566,3228
4,1,m1_atr14_pct64,-0.06095639561422,3228
4,1,m1_atr14_z64,-0.05782751668545,3228
4,1,m1_atr14_change3,-0.028578219032923,3228
4,1,m1_spread_atr,-0.13003830757422,3228
4,1,m1_tick_volume,0.074595445018071,3228
4,1,m1_tick_volume_rel20,-0.040792598906166,3228
4,1,m1_tick_volume_pct64,-0.063490163927983,3228
4,1,m1_body_atr,0.018148984349032,3228
4,1,m1_upper_wick_atr,-0.020677046410439,3228
4,1,m1_lower_wick_atr,-0.0077971377955202,3228
4,1,m1_bar_range_atr,-0.035822855361267,3228
4,1,m1_bar_close_location,0.023895396065011,3228
4,1,m1_ema5_value,0.036553002116781,3228
4,1,m1_ema5_price_gap_atr,0.0054282053027915,3228
4,1,m1_ema5_close_gap_atr,0.015956820603097,3228
4,1,m1_ema5_slope1_atr,0.015956820603097,3228
4,1,m1_ema5_slope3_atr,0.006100599488957,3228
4,1,m1_ema5_accel_atr,0.015790385289454,3228
4,1,m1_ema5_gap_pct64,0.022438806611788,3228
4,1,m1_ema5_gap_z64,0.017770076787474,3228
4,1,m1_ema5_sma_gap_atr,0.025724710029533,3228
4,1,m1_sma5_value,0.036522971144003,3228
4,1,m1_sma5_price_gap_atr,0.01102512867347,3228
4,1,m1_sma5_slope1_atr,0.0011399559656767,3228
4,1,m1_sma5_slope3_atr,-0.0040496724323943,3228
4,1,m1_sma5_gap_pct64,0.026239878038458,3228
4,1,m1_ema10_value,0.036550597528679,3228
4,1,m1_ema10_price_gap_atr,0.0046120472514146,3228
4,1,m1_ema10_close_gap_atr,0.01200365831929,3228
4,1,m1_ema10_slope1_atr,0.01200365831929,3228
4,1,m1_ema10_slope3_atr,0.0069763722384068,3228
4,1,m1_ema10_accel_atr,0.015407011533507,3228
4,1,m1_ema10_gap_pct64,0.012264374351924,3228
4,1,m1_ema10_gap_z64,0.012686899195674,3228
4,1,m1_ema10_sma_gap_atr,-0.02170101018836,3228
4,1,m1_sma10_value,0.03662352162718,3228
4,1,m1_sma10_price_gap_atr,0.00056643997348632,3228
4,1,m1_sma10_slope1_atr,0.0056071581802954,3228
4,1,m1_sma10_slope3_atr,0.010055715777139,3228
4,1,m1_sma10_gap_pct64,0.0076750665793346,3228
4,1,m1_ema20_value,0.036532168001988,3228
4,1,m1_ema20_price_gap_atr,0.0058108105894848,3228
4,1,m1_ema20_close_gap_atr,0.013640004247698,3228
4,1,m1_ema20_slope1_atr,0.013640004247698,3228
4,1,m1_ema20_slope3_atr,0.010983218378653,3228
4,1,m1_ema20_accel_atr,0.015068509924571,3228
4,1,m1_ema20_gap_pct64,0.014010302797985,3228
4,1,m1_ema20_gap_z64,0.013691713238048,3228
4,1,m1_ema20_sma_gap_atr,0.01407931892635,3228
4,1,m1_sma20_value,0.036591301091758,3228
4,1,m1_sma20_price_gap_atr,0.0069315491464192,3228
4,1,m1_sma20_slope1_atr,0.0089213852680325,3228
4,1,m1_sma20_slope3_atr,0.013497117129558,3228
4,1,m1_sma20_gap_pct64,0.014951370940241,3228
4,1,m1_ema50_value,0.036513816784955,3228
4,1,m1_ema50_price_gap_atr,0.0068890200457517,3228
4,1,m1_ema50_close_gap_atr,0.011701992217324,3228
4,1,m1_ema50_slope1_atr,0.011701992217324,3228
4,1,m1_ema50_slope3_atr,0.010052695940872,3228
4,1,m1_ema50_accel_atr,0.016537584106575,3228
4,1,m1_ema50_gap_pct64,0.01450047090768,3228
4,1,m1_ema50_gap_z64,0.014129098359615,3228
4,1,m1_ema50_sma_gap_atr,0.0078696303391152,3228
4,1,m1_sma50_value,0.036637730146278,3228
4,1,m1_sma50_price_gap_atr,0.0063247836259292,3228
4,1,m1_sma50_slope1_atr,-0.0019359473557289,3228
4,1,m1_sma50_slope3_atr,-0.00071059056895465,3228
4,1,m1_sma50_gap_pct64,0.01361183249351,3228
4,1,m1_rsi7_value,0.015323097830485,3228
4,1,m1_rsi7_centered,0.015323097830485,3228
4,1,m1_rsi7_slope1,0.016905638287901,3228
4,1,m1_rsi7_slope3,0.016514781725824,3228
4,1,m1_rsi7_pct64,0.015668504050898,3228
4,1,m1_rsi14_value,0.015875252622149,3228
4,1,m1_rsi14_centered,0.015875252622149,3228
4,1,m1_rsi14_slope1,0.01692113566998,3228
4,1,m1_rsi14_slope3,0.017756342094186,3228
4,1,m1_rsi14_pct64,0.015241189033597,3228
4,1,m1_rsi21_value,0.014367966716765,3228
4,1,m1_rsi21_centered,0.014367966716765,3228
4,1,m1_rsi21_slope1,0.017158648030056,3228
4,1,m1_rsi21_slope3,0.017943606349546,3228
4,1,m1_rsi21_pct64,0.014460961441932,3228
4,1,m1_macd_atr,0.013120960883938,3228
4,1,m1_macd_signal_atr,0.0099220486756417,3228
4,1,m1_macd_hist_atr,0.0036817954189856,3228
4,1,m1_macd_hist_slope1_atr,0.013265821619493,3228
4,1,m1_macd_hist_pct64,-0.00081618377530514,3228
4,1,m1_stoch14_k,0.014584937565337,3228
4,1,m1_stoch14_d,0.01298024788795,3228
4,1,m1_stoch14_k_minus_d,0.011453628443546,3228
4,1,m1_williams14_r,0.014584937565337,3228
4,1,m1_cci20,0.0092728518077691,3228
4,1,m1_adx14,-0.018572227756391,3228
4,1,m1_plus_di14,0.0096227042141915,3228
4,1,m1_minus_di14,-0.0053826349689967,3228
4,1,m1_di_balance,0.0068378979318748,3228
4,1,m1_adx14_slope3,0.023056128121762,3228
4,1,m1_roc1_atr,0.016918635453499,3228
4,1,m1_roc1_pct,0.020322604567044,3228
4,1,m1_roc3_atr,0.016372168007082,3228
4,1,m1_roc3_pct,0.018600614515176,3228
4,1,m1_roc5_atr,0.0011463055923521,3228
4,1,m1_roc5_pct,0.0013377349173287,3228
4,1,m1_roc10_atr,0.0055978384284741,3228
4,1,m1_roc10_pct,0.0054741455557273,3228
4,1,m1_roc20_atr,0.0089208455066586,3228
4,1,m1_roc20_pct,0.0062759209448617,3228
4,1,m1_range5_width_atr,-0.013268261170449,3228
4,1,m1_range5_position,0.0071950884760419,3228
4,1,m1_range5_high_distance_atr,-0.015138190222422,3228
4,1,m1_range5_low_distance_atr,-0.0018918504703351,3228
4,1,m1_range5_signed_efficiency,0.0030871472480382,3228
4,1,m1_realized_vol5,0.049752130844144,3228
4,1,m1_realized_vol5_atr,-0.026330673901734,3228
4,1,m1_range20_width_atr,-0.01286366977861,3228
4,1,m1_range20_position,0.013463430926959,3228
4,1,m1_range20_high_distance_atr,-0.014560363590623,3228
4,1,m1_range20_low_distance_atr,0.010661335740024,3228
4,1,m1_range20_signed_efficiency,0.011179265508036,3228
4,1,m1_realized_vol20,0.068130963894186,3228
4,1,m1_realized_vol20_atr,-0.026765280725104,3228
4,1,m1_range60_width_atr,-0.012813409249342,3228
4,1,m1_range60_position,0.0089476352601577,3228
4,1,m1_range60_high_distance_atr,-0.0084627763390107,3228
4,1,m1_range60_low_distance_atr,0.0071993334018691,3228
4,1,m1_range60_signed_efficiency,0.0012549992453678,3228
4,1,m1_realized_vol60,0.084879007798167,3228
4,1,m1_realized_vol60_atr,0.034087532983253,3228
4,1,m1_bb20_width_atr,-0.015307496727307,3228
4,1,m1_bb20_price_z,0.0075361111152158,3228
4,1,m1_bb20_position,0.0075361111152158,3228
4,1,m1_consecutive_signed_bars,0.023519649941603,3228
4,1,m1_ema5_20_gap_atr,0.012758306008071,3228
4,1,m1_ema10_20_gap_atr,0.014539651274777,3228
4,1,m1_ema20_50_gap_atr,0.0031404186405065,3228
4,1,m1_ema_alignment,0.0042027000132329,3228
4,1,m1_ema_alignment_x_rsi14,0.013539942537132,3228
4,1,m1_ema20_gap_x_rsi14,-0.0080400653318705,3228
4,1,m1_rsi14_x_adx14,0.016794047519856,3228
4,1,m1_macd_hist_x_atr_expansion,0.0051928507124399,3228
4,1,m1_ema20_slope_x_adx,0.01177424188423,3228
4,1,m1_body_x_tick_activity,0.018061191481198,3228
4,1,m1_shock_x_ema20_price_gap_atr,-0.017131499529653,3228
4,1,m1_shock_x_ema20_50_gap_atr,-0.027788957227056,3228
4,1,m1_shock_x_rsi14_centered,-0.0089043294158459,3228
4,1,m1_shock_x_macd_hist_atr,0.008176886930037,3228
4,1,m1_shock_x_di_balance,-0.021555366534615,3228
4,1,m1_shock_x_roc5_atr,0.020930594080244,3228
4,1,m1_shock_x_range20_signed_efficiency,-0.017245695357595,3228
4,1,m5_atr7,0.11350480431053,3228
4,1,m5_atr14,0.1234127720536,3228
4,1,m5_atr28,0.12434724475871,3228
4,1,m5_atr14_price,0.099239357599945,3228
4,1,m5_atr7_atr28,-0.0019513949545421,3228
4,1,m5_atr14_pct64,0.00372883206251,3228
4,1,m5_atr14_z64,0.007213324060351,3228
4,1,m5_atr14_change3,-0.037284032576261,3228
4,1,m5_spread_atr,-0.15848092692504,3228
4,1,m5_tick_volume,0.095490883585348,3228
4,1,m5_tick_volume_rel20,-0.029387907912283,3228
4,1,m5_tick_volume_pct64,-0.019678174109047,3228
4,1,m5_body_atr,0.00088772048802069,3228
4,1,m5_upper_wick_atr,0.00029343977652972,3228
4,1,m5_lower_wick_atr,0.0054980428939364,3228
4,1,m5_bar_range_atr,-0.034318579115413,3228
4,1,m5_bar_close_location,0.0033848292345957,3228
4,1,m5_ema5_value,0.03655444843728,3228
4,1,m5_ema5_price_gap_atr,0.0064774209207074,3228
4,1,m5_ema5_close_gap_atr,0.010251730012818,3228
4,1,m5_ema5_slope1_atr,0.010251730012818,3228
4,1,m5_ema5_slope3_atr,0.0092098221664743,3228
4,1,m5_ema5_accel_atr,-0.01097674222353,3228
4,1,m5_ema5_gap_pct64,0.018085559930187,3228
4,1,m5_ema5_gap_z64,0.01203516966149,3228
4,1,m5_ema5_sma_gap_atr,0.019026018661917,3228
4,1,m5_sma5_value,0.036576590419897,3228
4,1,m5_sma5_price_gap_atr,0.0076537381066939,3228
4,1,m5_sma5_slope1_atr,0.0028220193434012,3228
4,1,m5_sma5_slope3_atr,0.0055501568241595,3228
4,1,m5_sma5_gap_pct64,0.020325375735152,3228
4,1,m5_ema10_value,0.036519327537198,3228
4,1,m5_ema10_price_gap_atr,0.0069553442224814,3228
4,1,m5_ema10_close_gap_atr,0.0082354354394536,3228
4,1,m5_ema10_slope1_atr,0.0082354354394536,3228
4,1,m5_ema10_slope3_atr,0.0040294435601869,3228
4,1,m5_ema10_accel_atr,-0.0071936653039414,3228
4,1,m5_ema10_gap_pct64,0.0084850477812397,3228
4,1,m5_ema10_gap_z64,0.0097642445489359,3228
4,1,m5_ema10_sma_gap_atr,0.0081429185554539,3228
4,1,m5_sma10_value,0.036634543944206,3228
4,1,m5_sma10_price_gap_atr,0.0065685540986004,3228
4,1,m5_sma10_slope1_atr,0.0034128461005236,3228
4,1,m5_sma10_slope3_atr,-0.0018175598269059,3228
4,1,m5_sma10_gap_pct64,0.01251954670901,3228
4,1,m5_ema20_value,0.03669533714292,3228
4,1,m5_ema20_price_gap_atr,0.0010813038472024,3228
4,1,m5_ema20_close_gap_atr,0.0011320897111853,3228
4,1,m5_ema20_slope1_atr,0.0011320897111853,3228
4,1,m5_ema20_slope3_atr,-0.0037678061797023,3228
4,1,m5_ema20_accel_atr,-0.0037692002343032,3228
4,1,m5_ema20_gap_pct64,0.0021145150999187,3228
4,1,m5_ema20_gap_z64,0.0017325852860368,3228
4,1,m5_ema20_sma_gap_atr,0.014337858348261,3228
4,1,m5_sma20_value,0.036784262630575,3228
4,1,m5_sma20_price_gap_atr,0.004098665372609,3228
4,1,m5_sma20_slope1_atr,-0.0020023071164866,3228
4,1,m5_sma20_slope3_atr,-0.011147212892667,3228
4,1,m5_sma20_gap_pct64,0.0028738135195069,3228
4,1,m5_ema50_value,0.037421410725977,3228
4,1,m5_ema50_price_gap_atr,-0.0098741943399136,3228
4,1,m5_ema50_close_gap_atr,-0.011372568998766,3228
4,1,m5_ema50_slope1_atr,-0.011372568998766,3228
4,1,m5_ema50_slope3_atr,-0.015039749231372,3228
4,1,m5_ema50_accel_atr,-0.0011140533382171,3228
4,1,m5_ema50_gap_pct64,-0.011792695778212,3228
4,1,m5_ema50_gap_z64,-0.012899033991613,3228
4,1,m5_ema50_sma_gap_atr,-0.028626054816933,3228
4,1,m5_sma50_value,0.038088904054432,3228
4,1,m5_sma50_price_gap_atr,-0.01588439308943,3228
4,1,m5_sma50_slope1_atr,-0.040013555576461,3228
4,1,m5_sma50_slope3_atr,-0.036606417151687,3228
4,1,m5_sma50_gap_pct64,-0.014194762733354,3228
4,1,m5_rsi7_value,0.0065832283270477,3228
4,1,m5_rsi7_centered,0.0065832283270477,3228
4,1,m5_rsi7_slope1,-0.0029433487007589,3228
4,1,m5_rsi7_slope3,0.024597654969282,3228
4,1,m5_rsi7_pct64,0.0078417238681446,3228
4,1,m5_rsi14_value,-0.0020777762164733,3228
4,1,m5_rsi14_centered,-0.0020777762164733,3228
4,1,m5_rsi14_slope1,-1.8359605240681e-05,3228
4,1,m5_rsi14_slope3,0.025917364807732,3228
4,1,m5_rsi14_pct64,0.00034385342436347,3228
4,1,m5_rsi21_value,-0.00677036361229,3228
4,1,m5_rsi21_centered,-0.00677036361229,3228
4,1,m5_rsi21_slope1,0.00076334434051363,3228
4,1,m5_rsi21_slope3,0.024162604866874,3228
4,1,m5_rsi21_pct64,-0.0055965970986713,3228
4,1,m5_macd_atr,-0.020238850267441,3228
4,1,m5_macd_signal_atr,-0.028080931661649,3228
4,1,m5_macd_hist_atr,0.010422099717796,3228
4,1,m5_macd_hist_slope1_atr,0.0066855383777252,3228
4,1,m5_macd_hist_pct64,0.0098817018837663,3228
4,1,m5_stoch14_k,0.0032522704941469,3228
4,1,m5_stoch14_d,0.0015847739355037,3228
4,1,m5_stoch14_k_minus_d,0.0047311970008832,3228
4,1,m5_williams14_r,0.0032518279282888,3228
4,1,m5_cci20,8.6859501828814e-05,3228
4,1,m5_adx14,0.0086204749256457,3228
4,1,m5_plus_di14,-0.021213078948092,3228
4,1,m5_minus_di14,0.0036331405052602,3228
4,1,m5_di_balance,-0.011361084236467,3228
4,1,m5_adx14_slope3,-0.040202718582339,3228
4,1,m5_roc1_atr,-0.00078178546630458,3228
4,1,m5_roc1_pct,0.0015382057332593,3228
4,1,m5_roc3_atr,0.014559487200302,3228
4,1,m5_roc3_pct,0.011312726852873,3228
4,1,m5_roc5_atr,0.0028220193434012,3228
4,1,m5_roc5_pct,0.00464055349731,3228
4,1,m5_roc10_atr,0.0034121605006161,3228
4,1,m5_roc10_pct,0.007778159926629,3228
4,1,m5_roc20_atr,-0.0020023071164866,3228
4,1,m5_roc20_pct,0.0011136306644743,3228
4,1,m5_range5_width_atr,-0.033667108948521,3228
4,1,m5_range5_position,0.010791865440296,3228
4,1,m5_range5_high_distance_atr,-0.018604755792493,3228
4,1,m5_range5_low_distance_atr,0.0048066133934591,3228
4,1,m5_range5_signed_efficiency,0.0059568519953234,3228
4,1,m5_realized_vol5,0.051705046326058,3228
4,1,m5_realized_vol5_atr,-0.033914843956725,3228
4,1,m5_range20_width_atr,-0.028004357482179,3228
4,1,m5_range20_position,0.0078832864461379,3228
4,1,m5_range20_high_distance_atr,-0.0091961515582225,3228
4,1,m5_range20_low_distance_atr,0.005022726462758,3228
4,1,m5_range20_signed_efficiency,-0.0015239408981093,3228
4,1,m5_realized_vol20,0.092573757503077,3228
4,1,m5_realized_vol20_atr,0.0097045383409448,3228
4,1,m5_range60_width_atr,0.00020394207172769,3228
4,1,m5_range60_position,-0.0091679285226679,3228
4,1,m5_range60_high_distance_atr,0.015219653807384,3228
4,1,m5_range60_low_distance_atr,-0.0060746183426282,3228
4,1,m5_range60_signed_efficiency,-0.02817194027764,3228
4,1,m5_realized_vol60,0.092729725544817,3228
4,1,m5_realized_vol60_atr,-0.0067823979692436,3228
4,1,m5_bb20_width_atr,-0.022769779495742,3228
4,1,m5_bb20_price_z,0.0017011806162167,3228
4,1,m5_bb20_position,0.0017011806162167,3228
4,1,m5_consecutive_signed_bars,0.007640203319332,3228
4,1,m5_ema5_20_gap_atr,-0.0075751678336875,3228
4,1,m5_ema10_20_gap_atr,-0.01451456935164,3228
4,1,m5_ema20_50_gap_atr,-0.028009358062169,3228
4,1,m5_ema_alignment,-0.01386389187356,3228
4,1,m5_ema_alignment_x_rsi14,-0.025859248653592,3228
4,1,m5_ema20_gap_x_rsi14,-0.025745095692212,3228
4,1,m5_rsi14_x_adx14,0.0005953596029938,3228
4,1,m5_macd_hist_x_atr_expansion,0.010157312291221,3228
4,1,m5_ema20_slope_x_adx,-0.0028027936002606,3228
4,1,m5_body_x_tick_activity,0.00076498011945841,3228
4,1,m5_shock_x_ema20_price_gap_atr,-0.033129195276378,3228
4,1,m5_shock_x_ema20_50_gap_atr,0.00095885697660533,3228
4,1,m5_shock_x_rsi14_centered,-0.028755238815382,3228
4,1,m5_shock_x_macd_hist_atr,-0.03623864378539,3228
4,1,m5_shock_x_di_balance,-0.036303531095861,3228
4,1,m5_shock_x_roc5_atr,-0.021346487721066,3228
4,1,m5_shock_x_range20_signed_efficiency,-0.015767702876975,3228
4,1,m15_atr7,0.12206619950544,3228
4,1,m15_atr14,0.11774249322756,3228
4,1,m15_atr28,0.1077998985239,3228
4,1,m15_atr14_price,0.092017400925601,3228
4,1,m15_atr7_atr28,0.05653631691362,3228
4,1,m15_atr14_pct64,0.059403563702122,3228
4,1,m15_atr14_z64,0.068507046646461,3228
4,1,m15_atr14_change3,0.0077416081420242,3228
4,1,m15_spread_atr,-0.15590989904955,3228
4,1,m15_tick_volume,0.11056733597773,3228
4,1,m15_tick_volume_rel20,-0.0049006557982473,3228
4,1,m15_tick_volume_pct64,0.02215806744423,3228
4,1,m15_body_atr,0.012857560695312,3228
4,1,m15_upper_wick_atr,0.016742689836236,3228
4,1,m15_lower_wick_atr,0.014904150816034,3228
4,1,m15_bar_range_atr,-0.010892418777269,3228
4,1,m15_bar_close_location,0.018681767358879,3228
4,1,m15_ema5_value,0.036553827668245,3228
4,1,m15_ema5_price_gap_atr,0.010637896515897,3228
4,1,m15_ema5_close_gap_atr,0.0047895622220468,3228
4,1,m15_ema5_slope1_atr,0.0047895622220468,3228
4,1,m15_ema5_slope3_atr,-0.010191413203561,3228
4,1,m15_ema5_accel_atr,0.014532362054923,3228
4,1,m15_ema5_gap_pct64,0.0046351646990747,3228
4,1,m15_ema5_gap_z64,0.0051741976732202,3228
4,1,m15_ema5_sma_gap_atr,0.0042464153599075,3228
4,1,m15_sma5_value,0.036689153238697,3228
4,1,m15_sma5_price_gap_atr,0.010572527039132,3228
4,1,m15_sma5_slope1_atr,-0.0028230272903682,3228
4,1,m15_sma5_slope3_atr,-0.014089451915587,3228
4,1,m15_sma5_gap_pct64,0.0035022301663083,3228
4,1,m15_ema10_value,0.036973787196493,3228
4,1,m15_ema10_price_gap_atr,0.0002465917585641,3228
4,1,m15_ema10_close_gap_atr,-0.0058131193865032,3228
4,1,m15_ema10_slope1_atr,-0.0058131193865032,3228
4,1,m15_ema10_slope3_atr,-0.021045731210996,3228
4,1,m15_ema10_accel_atr,0.015837643651232,3228
4,1,m15_ema10_gap_pct64,-0.003327078328891,3228
4,1,m15_ema10_gap_z64,-0.0026335999671941,3228
4,1,m15_ema10_sma_gap_atr,0.0048190004097274,3228
4,1,m15_sma10_value,0.037278648224805,3228
4,1,m15_sma10_price_gap_atr,0.0015628377771499,3228
4,1,m15_sma10_slope1_atr,-0.017574970561594,3228
4,1,m15_sma10_slope3_atr,-0.026874837097184,3228
4,1,m15_sma10_gap_pct64,-0.0023073569124611,3228
4,1,m15_ema20_value,0.037623684570113,3228
4,1,m15_ema20_price_gap_atr,-0.0090206750900882,3228
4,1,m15_ema20_close_gap_atr,-0.014373804621425,3228
4,1,m15_ema20_slope1_atr,-0.014373804621425,3228
4,1,m15_ema20_slope3_atr,-0.025328158845374,3228
4,1,m15_ema20_accel_atr,0.015823389688213,3228
4,1,m15_ema20_gap_pct64,-0.0076578986384895,3228
4,1,m15_ema20_gap_z64,-0.0085327129897509,3228
4,1,m15_ema20_sma_gap_atr,-0.043998351269195,3228
4,1,m15_sma20_value,0.038393966493009,3228
4,1,m15_sma20_price_gap_atr,-0.017627955819623,3228
4,1,m15_sma20_slope1_atr,-0.027419549193422,3228
4,1,m15_sma20_slope3_atr,-0.02586606538224,3228
4,1,m15_sma20_gap_pct64,-0.014783361325293,3228
4,1,m15_ema50_value,0.038788750674098,3228
4,1,m15_ema50_price_gap_atr,-0.01750540548752,3228
4,1,m15_ema50_close_gap_atr,-0.01996544396228,3228
4,1,m15_ema50_slope1_atr,-0.01996544396228,3228
4,1,m15_ema50_slope3_atr,-0.025670651214326,3228
4,1,m15_ema50_accel_atr,0.013838995507987,3228
4,1,m15_ema50_gap_pct64,-0.0073907948699337,3228
4,1,m15_ema50_gap_z64,-0.009696603556971,3228
4,1,m15_ema50_sma_gap_atr,0.014589718616439,3228
4,1,m15_sma50_value,0.039098414268252,3228
4,1,m15_sma50_price_gap_atr,-0.013509919063856,3228
4,1,m15_sma50_slope1_atr,0.0024498944308718,3228
4,1,m15_sma50_slope3_atr,0.00069791867481307,3228
4,1,m15_sma50_gap_pct64,-0.0065019449894475,3228
4,1,m15_rsi7_value,-0.012753640345798,3228
4,1,m15_rsi7_centered,-0.012753640345798,3228
4,1,m15_rsi7_slope1,0.023785937840222,3228
4,1,m15_rsi7_slope3,0.0083206322435301,3228
4,1,m15_rsi7_pct64,-0.0053301675043828,3228
4,1,m15_rsi14_value,-0.017754794809527,3228
4,1,m15_rsi14_centered,-0.017754794809527,3228
4,1,m15_rsi14_slope1,0.018811845477384,3228
4,1,m15_rsi14_slope3,0.0029726427868343,3228
4,1,m15_rsi14_pct64,-0.008023791117442,3228
4,1,m15_rsi21_value,-0.018910620373981,3228
4,1,m15_rsi21_centered,-0.018910620373981,3228
4,1,m15_rsi21_slope1,0.016083961231195,3228
4,1,m15_rsi21_slope3,0.0013315408400299,3228
4,1,m15_rsi21_pct64,-0.0094947934814064,3228
4,1,m15_macd_atr,-0.026893625436683,3228
4,1,m15_macd_signal_atr,-0.021763866977587,3228
4,1,m15_macd_hist_atr,-0.027797338500943,3228
4,1,m15_macd_hist_slope1_atr,0.018426870227225,3228
4,1,m15_macd_hist_pct64,-0.022434423683721,3228
4,1,m15_stoch14_k,-0.014547579084366,3228
4,1,m15_stoch14_d,-0.029705273649868,3228
4,1,m15_stoch14_k_minus_d,0.021388352109835,3228
4,1,m15_williams14_r,-0.014547506303249,3228
4,1,m15_cci20,-0.022572628601584,3228
4,1,m15_adx14,0.0072248855268699,3228
4,1,m15_plus_di14,-0.025802183967341,3228
4,1,m15_minus_di14,0.0096952066482597,3228
4,1,m15_di_balance,-0.019478162032153,3228
4,1,m15_adx14_slope3,0.041010849269533,3228
4,1,m15_roc1_atr,0.012160568509079,3228
4,1,m15_roc1_pct,0.0086635617276424,3228
4,1,m15_roc3_atr,0.0024602174102445,3228
4,1,m15_roc3_pct,0.0054706242044268,3228
4,1,m15_roc5_atr,-0.0028230272903682,3228
4,1,m15_roc5_pct,-0.0033107066572009,3228
4,1,m15_roc10_atr,-0.017574970561594,3228
4,1,m15_roc10_pct,-0.016286174838697,3228
4,1,m15_roc20_atr,-0.027419549193422,3228
4,1,m15_roc20_pct,-0.026949454807945,3228
4,1,m15_range5_width_atr,-0.007756823226756,3228
4,1,m15_range5_position,0.0057832773174719,3228
4,1,m15_range5_high_distance_atr,-0.0033438138929375,3228
4,1,m15_range5_low_distance_atr,0.0084091408890864,3228
4,1,m15_range5_signed_efficiency,-0.0035996450492951,3228
4,1,m15_realized_vol5,0.07593608866011,3228
4,1,m15_realized_vol5_atr,0.011242500582824,3228
4,1,m15_range20_width_atr,0.014749678131724,3228
4,1,m15_range20_position,-0.011413007459803,3228
4,1,m15_range20_high_distance_atr,0.023136162740094,3228
4,1,m15_range20_low_distance_atr,-0.003632649419871,3228
4,1,m15_range20_signed_efficiency,-0.028547820225501,3228
4,1,m15_realized_vol20,0.081205379765591,3228
4,1,m15_realized_vol20_atr,-0.0068756918848289,3228
4,1,m15_range60_width_atr,-0.021246466511187,3228
4,1,m15_range60_position,-0.014228121663658,3228
4,1,m15_range60_high_distance_atr,0.0079548251817002,3228
4,1,m15_range60_low_distance_atr,-0.020032613312484,3228
4,1,m15_range60_signed_efficiency,-0.023937250300506,3228
4,1,m15_realized_vol60,0.069349159265262,3228
4,1,m15_realized_vol60_atr,-0.041137245337162,3228
4,1,m15_bb20_width_atr,0.013340583973937,3228
4,1,m15_bb20_price_z,-0.010878318401072,3228
4,1,m15_bb20_position,-0.010878318401072,3228
4,1,m15_consecutive_signed_bars,0.0091126902221323,3228
4,1,m15_ema5_20_gap_atr,-0.027130011609601,3228
4,1,m15_ema10_20_gap_atr,-0.028475434843138,3228
4,1,m15_ema20_50_gap_atr,-0.020465658580643,3228
4,1,m15_ema_alignment,-0.035813579084272,3228
4,1,m15_ema_alignment_x_rsi14,0.024744560855755,3228
4,1,m15_ema20_gap_x_rsi14,0.0017049439393024,3228
4,1,m15_rsi14_x_adx14,-0.015344278184559,3228
4,1,m15_macd_hist_x_atr_expansion,-0.024872999037096,3228
4,1,m15_ema20_slope_x_adx,-0.022882065197788,3228
4,1,m15_body_x_tick_activity,0.011475460252798,3228
4,1,m15_shock_x_ema20_price_gap_atr,-0.011658643808559,3228
4,1,m15_shock_x_ema20_50_gap_atr,0.016853194143806,3228
4,1,m15_shock_x_rsi14_centered,-0.0016849205702754,3228
4,1,m15_shock_x_macd_hist_atr,-0.013152313823005,3228
4,1,m15_shock_x_di_balance,-0.004156473418731,3228
4,1,m15_shock_x_roc5_atr,-0.031002872520778,3228
4,1,m15_shock_x_range20_signed_efficiency,0.012230916537842,3228
4,1,m1_m5_alignment_product,-0.015430258704487,3228
4,1,m1_m5_rsi14_difference,0.020199171352879,3228
4,1,m1_m5_ema20_slope_product,-0.0073829417072098,3228
4,1,m1_m5_macd_hist_product,0.014378244725465,3228
4,1,m1_m5_atr_ratio,-0.045971468858807,3228
4,1,m1_m5_rsi_x_trend,-0.014228287905537,3228
4,1,m1_m15_alignment_product,-0.014845859053496,3228
4,1,m1_m15_rsi14_difference,0.023711779382164,3228
4,1,m1_m15_ema20_slope_product,-0.018394651065619,3228
4,1,m1_m15_macd_hist_product,-0.0018357979491622,3228
4,1,m1_m15_atr_ratio,-0.0089217967505317,3228
4,1,m1_m15_rsi_x_trend,-0.012687340153858,3228
4,1,m5_m15_alignment_product,-0.0034265385451282,3228
4,1,m5_m15_rsi14_difference,0.018271039717935,3228
4,1,m5_m15_ema20_slope_product,-0.023720875789115,3228
4,1,m5_m15_macd_hist_product,-0.044493334659762,3228
4,1,m5_m15_atr_ratio,0.030423389702609,3228
4,1,m5_m15_rsi_x_trend,0.0021061799432698,3228
5,-1,quote_mid,0.05555925100756,3549
5,-1,quote_spread,0.043841462520585,3549
5,-1,shock_direction,-0.006090691617024,3549
5,-1,m1_atr7,0.13315032790012,3549
5,-1,m1_atr14,0.13707647125315,3549
5,-1,m1_atr28,0.13928837762855,3549
5,-1,m1_atr14_price,0.10917244164534,3549
5,-1,m1_atr7_atr28,-0.012695667507668,3549
5,-1,m1_atr14_pct64,-0.00017532570960518,3549
5,-1,m1_atr14_z64,0.0018821517394678,3549
5,-1,m1_atr14_change3,-0.021273530893208,3549
5,-1,m1_spread_atr,-0.128442817663,3549
5,-1,m1_tick_volume,0.10854274503077,3549
5,-1,m1_tick_volume_rel20,-0.00068715754806975,3549
5,-1,m1_tick_volume_pct64,0.0045015752134061,3549
5,-1,m1_body_atr,-0.0060154047997405,3549
5,-1,m1_upper_wick_atr,0.0060894354489659,3549
5,-1,m1_lower_wick_atr,0.012730155689848,3549
5,-1,m1_bar_range_atr,-0.0029885796808761,3549
5,-1,m1_bar_close_location,-0.0081086836265531,3549
5,-1,m1_ema5_value,0.055571668781799,3549
5,-1,m1_ema5_price_gap_atr,-0.028891193431788,3549
5,-1,m1_ema5_close_gap_atr,0.00023336996938692,3549
5,-1,m1_ema5_slope1_atr,0.00023336996938692,3549
5,-1,m1_ema5_slope3_atr,0.0073653753051034,3549
5,-1,m1_ema5_accel_atr,-0.010979450309117,3549
5,-1,m1_ema5_gap_pct64,-0.0044519892229805,3549
5,-1,m1_ema5_gap_z64,-0.0018529034481637,3549
5,-1,m1_ema5_sma_gap_atr,-0.024350932871802,3549
5,-1,m1_sma5_value,0.055570371907687,3549
5,-1,m1_sma5_price_gap_atr,-0.032779576351016,3549
5,-1,m1_sma5_slope1_atr,0.0060709744816975,3549
5,-1,m1_sma5_slope3_atr,0.014502064475526,3549
5,-1,m1_sma5_gap_pct64,-0.011164627072193,3549
5,-1,m1_ema10_value,0.055478476656076,3549
5,-1,m1_ema10_price_gap_atr,-0.01815545619952,3549
5,-1,m1_ema10_close_gap_atr,0.0066628127041316,3549
5,-1,m1_ema10_slope1_atr,0.0066628127041316,3549
5,-1,m1_ema10_slope3_atr,0.010274437834058,3549
5,-1,m1_ema10_accel_atr,-0.010316316560476,3549
5,-1,m1_ema10_gap_pct64,0.0076806047112653,3549
5,-1,m1_ema10_gap_z64,0.0060893676753663,3549
5,-1,m1_ema10_sma_gap_atr,0.038443113036444,3549
5,-1,m1_sma10_value,0.055361686647543,3549
5,-1,m1_sma10_price_gap_atr,-0.010194034958265,3549
5,-1,m1_sma10_slope1_atr,0.018218854049981,3549
5,-1,m1_sma10_slope3_atr,0.011374908207966,3549
5,-1,m1_sma10_gap_pct64,0.01220269045467,3549
5,-1,m1_ema20_value,0.055438002996606,3549
5,-1,m1_ema20_price_gap_atr,-0.012563897515901,3549
5,-1,m1_ema20_close_gap_atr,0.0045627138465915,3549
5,-1,m1_ema20_slope1_atr,0.0045627138465915,3549
5,-1,m1_ema20_slope3_atr,0.0051250737722814,3549
5,-1,m1_ema20_accel_atr,-0.0077138826453212,3549
5,-1,m1_ema20_gap_pct64,0.0066152578939903,3549
5,-1,m1_ema20_gap_z64,0.0064828558152002,3549
5,-1,m1_ema20_sma_gap_atr,0.0067818699808812,3549
5,-1,m1_sma20_value,0.055336069026154,3549
5,-1,m1_sma20_price_gap_atr,-0.0096351151917819,3549
5,-1,m1_sma20_slope1_atr,0.0041477675974576,3549
5,-1,m1_sma20_slope3_atr,-0.0011439929458557,3549
5,-1,m1_sma20_gap_pct64,0.007557429418872,3549
5,-1,m1_ema50_value,0.055437352542419,3549
5,-1,m1_ema50_price_gap_atr,-0.010884027632901,3549
5,-1,m1_ema50_close_gap_atr,-2.7315854462774e-05,3549
5,-1,m1_ema50_slope1_atr,-2.7315854462774e-05,3549
5,-1,m1_ema50_slope3_atr,-0.0010409379696007,3549
5,-1,m1_ema50_accel_atr,-0.0062272908080438,3549
5,-1,m1_ema50_gap_pct64,0.0043853686117803,3549
5,-1,m1_ema50_gap_z64,0.0038133892806993,3549
5,-1,m1_ema50_sma_gap_atr,-0.002738422866066,3549
5,-1,m1_sma50_value,0.055293984324084,3549
5,-1,m1_sma50_price_gap_atr,-0.0096107717492002,3549
5,-1,m1_sma50_slope1_atr,0.0073262145868102,3549
5,-1,m1_sma50_slope3_atr,0.0045642986419951,3549
5,-1,m1_sma50_gap_pct64,0.0015761940476992,3549
5,-1,m1_rsi7_value,0.0021708089725162,3549
5,-1,m1_rsi7_centered,0.0021708089725162,3549
5,-1,m1_rsi7_slope1,-0.0079804483109802,3549
5,-1,m1_rsi7_slope3,-0.0099092378743434,3549
5,-1,m1_rsi7_pct64,0.0043082147432856,3549
5,-1,m1_rsi14_value,-7.4655255188606e-05,3549
5,-1,m1_rsi14_centered,-7.4655255188606e-05,3549
5,-1,m1_rsi14_slope1,-0.0073396929303268,3549
5,-1,m1_rsi14_slope3,-0.0093529863926495,3549
5,-1,m1_rsi14_pct64,0.003445483538914,3549
5,-1,m1_rsi21_value,-0.0011489861146059,3549
5,-1,m1_rsi21_centered,-0.0011489861146059,3549
5,-1,m1_rsi21_slope1,-0.0068966683541809,3549
5,-1,m1_rsi21_slope3,-0.0088156757986396,3549
5,-1,m1_rsi21_pct64,0.0043765458612188,3549
5,-1,m1_macd_atr,-0.0051111907497814,3549
5,-1,m1_macd_signal_atr,-0.008975453171897,3549
5,-1,m1_macd_hist_atr,0.019028893088621,3549
5,-1,m1_macd_hist_slope1_atr,-0.0082824167852407,3549
5,-1,m1_macd_hist_pct64,0.017974329272264,3549
5,-1,m1_stoch14_k,0.0020346102277375,3549
5,-1,m1_stoch14_d,0.0039299852755588,3549
5,-1,m1_stoch14_k_minus_d,-0.0045277704777386,3549
5,-1,m1_williams14_r,0.0020346102277375,3549
5,-1,m1_cci20,0.0067876197757671,3549
5,-1,m1_adx14,0.0077364964649859,3549
5,-1,m1_plus_di14,-0.0074981287631999,3549
5,-1,m1_minus_di14,-0.017099147055216,3549
5,-1,m1_di_balance,0.0065021548150946,3549
5,-1,m1_adx14_slope3,-0.03199251201757,3549
5,-1,m1_roc1_atr,-0.0061143943882353,3549
5,-1,m1_roc1_pct,-0.014178337021562,3549
5,-1,m1_roc3_atr,-0.0046800436326501,3549
5,-1,m1_roc3_pct,-0.013388549762773,3549
5,-1,m1_roc5_atr,0.0060615134854849,3549
5,-1,m1_roc5_pct,0.0038500627386893,3549
5,-1,m1_roc10_atr,0.018227462887046,3549
5,-1,m1_roc10_pct,0.020292470333421,3549
5,-1,m1_roc20_atr,0.0041486560450466,3549
5,-1,m1_roc20_pct,0.0055984136153991,3549
5,-1,m1_range5_width_atr,-0.025258345455524,3549
5,-1,m1_range5_position,-0.029738632130983,3549
5,-1,m1_range5_high_distance_atr,0.02524420825285,3549
5,-1,m1_range5_low_distance_atr,-0.030254922114034,3549
5,-1,m1_range5_signed_efficiency,0.0027573042062281,3549
5,-1,m1_realized_vol5,0.064822139245659,3549
5,-1,m1_realized_vol5_atr,-0.02899739584928,3549
5,-1,m1_range20_width_atr,0.0018593771182933,3549
5,-1,m1_range20_position,-0.017685795479464,3549
5,-1,m1_range20_high_distance_atr,0.015931866249264,3549
5,-1,m1_range20_low_distance_atr,-0.012669397564753,3549
5,-1,m1_range20_signed_efficiency,0.0017158790763272,3549
5,-1,m1_realized_vol20,0.096391789600198,3549
5,-1,m1_realized_vol20_atr,-0.018727698438361,3549
5,-1,m1_range60_width_atr,0.032982090951376,3549
5,-1,m1_range60_position,-0.016338645291449,3549
5,-1,m1_range60_high_distance_atr,0.023031669724047,3549
5,-1,m1_range60_low_distance_atr,-0.0069001620503592,3549
5,-1,m1_range60_signed_efficiency,0.0032496012470062,3549
5,-1,m1_realized_vol60,0.10938995186849,3549
5,-1,m1_realized_vol60_atr,-0.0050649615237527,3549
5,-1,m1_bb20_width_atr,0.0057057076217973,3549
5,-1,m1_bb20_price_z,-0.014713166468483,3549
5,-1,m1_bb20_position,-0.014713166468483,3549
5,-1,m1_consecutive_signed_bars,-0.0096126631629041,3549
5,-1,m1_ema5_20_gap_atr,0.0029529209394016,3549
5,-1,m1_ema10_20_gap_atr,-0.0026138900160369,3549
5,-1,m1_ema20_50_gap_atr,-0.0050898316651026,3549
5,-1,m1_ema_alignment,-0.0024649559820795,3549
5,-1,m1_ema_alignment_x_rsi14,-0.0075079754612638,3549
5,-1,m1_ema20_gap_x_rsi14,1.6606178618433e-05,3549
5,-1,m1_rsi14_x_adx14,0.00039224709579459,3549
5,-1,m1_macd_hist_x_atr_expansion,0.018978012162157,3549
5,-1,m1_ema20_slope_x_adx,0.0046892412796214,3549
5,-1,m1_body_x_tick_activity,-0.0061202538023106,3549
5,-1,m1_shock_x_ema20_price_gap_atr,-0.020257380516603,3549
5,-1,m1_shock_x_ema20_50_gap_atr,0.017861892775499,3549
5,-1,m1_shock_x_rsi14_centered,0.0015717775779802,3549
5,-1,m1_shock_x_macd_hist_atr,-0.012315551395887,3549
5,-1,m1_shock_x_di_balance,0.0078749199883381,3549
5,-1,m1_shock_x_roc5_atr,-0.025732764570731,3549
5,-1,m1_shock_x_range20_signed_efficiency,0.0099566916009222,3549
5,-1,m5_atr7,0.1399999264568,3549
5,-1,m5_atr14,0.13699609358497,3549
5,-1,m5_atr28,0.13092161199527,3549
5,-1,m5_atr14_price,0.1086479472538,3549
5,-1,m5_atr7_atr28,0.042312838951592,3549
5,-1,m5_atr14_pct64,0.054193487627236,3549
5,-1,m5_atr14_z64,0.05859475125874,3549
5,-1,m5_atr14_change3,0.010092934270839,3549
5,-1,m5_spread_atr,-0.13198201943048,3549
5,-1,m5_tick_volume,0.11067195427146,3549
5,-1,m5_tick_volume_rel20,0.0091675912542082,3549
5,-1,m5_tick_volume_pct64,0.034908566781118,3549
5,-1,m5_body_atr,0.017910422292897,3549
5,-1,m5_upper_wick_atr,0.01787177358878,3549
5,-1,m5_lower_wick_atr,-0.020863453599334,3549
5,-1,m5_bar_range_atr,-0.00011860977071168,3549
5,-1,m5_bar_close_location,-0.0012656110171503,3549
5,-1,m5_ema5_value,0.055394132103237,3549
5,-1,m5_ema5_price_gap_atr,-0.008299510871612,3549
5,-1,m5_ema5_close_gap_atr,0.004828054592276,3549
5,-1,m5_ema5_slope1_atr,0.004828054592276,3549
5,-1,m5_ema5_slope3_atr,-0.0076843398644408,3549
5,-1,m5_ema5_accel_atr,0.024252322621084,3549
5,-1,m5_ema5_gap_pct64,0.00034251916810136,3549
5,-1,m5_ema5_gap_z64,0.0054964419061021,3549
5,-1,m5_ema5_sma_gap_atr,0.0012401805701548,3549
5,-1,m5_sma5_value,0.055342599249054,3549
5,-1,m5_sma5_price_gap_atr,-0.0057593593542432,3549
5,-1,m5_sma5_slope1_atr,0.0020974111600386,3549
5,-1,m5_sma5_slope3_atr,-0.00922044751482,3549
5,-1,m5_sma5_gap_pct64,-0.0007916846403587,3549
5,-1,m5_ema10_value,0.055428330208627,3549
5,-1,m5_ema10_price_gap_atr,-0.0080009067632033,3549
5,-1,m5_ema10_close_gap_atr,0.0006334332534251,3549
5,-1,m5_ema10_slope1_atr,0.0006334332534251,3549
5,-1,m5_ema10_slope3_atr,-0.0064696890171209,3549
5,-1,m5_ema10_accel_atr,0.022881264923638,3549
5,-1,m5_ema10_gap_pct64,0.0038691577070607,3549
5,-1,m5_ema10_gap_z64,0.0025629753991059,3549
5,-1,m5_ema10_sma_gap_atr,-0.0016308101208792,3549
5,-1,m5_sma10_value,0.055316030987009,3549
5,-1,m5_sma10_price_gap_atr,-0.0070755437397234,3549
5,-1,m5_sma10_slope1_atr,0.0003687126962764,3549
5,-1,m5_sma10_slope3_atr,0.00086237339682458,3549
5,-1,m5_sma10_gap_pct64,-0.00080005316215291,3549
5,-1,m5_ema20_value,0.055257544240526,3549
5,-1,m5_ema20_price_gap_atr,-0.003999545349704,3549
5,-1,m5_ema20_close_gap_atr,0.0020375298894513,3549
5,-1,m5_ema20_slope1_atr,0.0020375298894513,3549
5,-1,m5_ema20_slope3_atr,-0.0019033829077536,3549
5,-1,m5_ema20_accel_atr,0.020774757763527,3549
5,-1,m5_ema20_gap_pct64,0.0034733502848748,3549
5,-1,m5_ema20_gap_z64,0.0059080935026147,3549
5,-1,m5_ema20_sma_gap_atr,-0.018323455657319,3549
5,-1,m5_sma20_value,0.055192629437077,3549
5,-1,m5_sma20_price_gap_atr,-0.0078932011603123,3549
5,-1,m5_sma20_slope1_atr,-0.0032965019672917,3549
5,-1,m5_sma20_slope3_atr,0.00088024598742226,3549
5,-1,m5_sma20_gap_pct64,0.0026138639262974,3549
5,-1,m5_ema50_value,0.054408593475145,3549
5,-1,m5_ema50_price_gap_atr,0.004705167608785,3549
5,-1,m5_ema50_close_gap_atr,0.0096733897094017,3549
5,-1,m5_ema50_slope1_atr,0.0096733897094017,3549
5,-1,m5_ema50_slope3_atr,0.0078472767591823,3549
5,-1,m5_ema50_accel_atr,0.018932670163156,3549
5,-1,m5_ema50_gap_pct64,0.012882587638331,3549
5,-1,m5_ema50_gap_z64,0.014233460934855,3549
5,-1,m5_ema50_sma_gap_atr,0.0249713883159,3549
5,-1,m5_sma50_value,0.053807655899193,3549
5,-1,m5_sma50_price_gap_atr,0.010021142034183,3549
5,-1,m5_sma50_slope1_atr,0.032255998198542,3549
5,-1,m5_sma50_slope3_atr,0.027953693919172,3549
5,-1,m5_sma50_gap_pct64,0.013720979941223,3549
5,-1,m5_rsi7_value,-0.0003959270074735,3549
5,-1,m5_rsi7_centered,-0.0003959270074735,3549
5,-1,m5_rsi7_slope1,0.021178407350548,3549
5,-1,m5_rsi7_slope3,-0.012065966110984,3549
5,-1,m5_rsi7_pct64,0.0044618114091661,3549
5,-1,m5_rsi14_value,0.0044046148223141,3549
5,-1,m5_rsi14_centered,0.0044046148223141,3549
5,-1,m5_rsi14_slope1,0.018529084231332,3549
5,-1,m5_rsi14_slope3,-0.012565696533125,3549
5,-1,m5_rsi14_pct64,0.0069984319632295,3549
5,-1,m5_rsi21_value,0.0074476267538157,3549
5,-1,m5_rsi21_centered,0.0074476267538157,3549
5,-1,m5_rsi21_slope1,0.017758341557715,3549
5,-1,m5_rsi21_slope3,-0.010703866856246,3549
5,-1,m5_rsi21_pct64,0.011131268463255,3549
5,-1,m5_macd_atr,0.010715132223451,3549
5,-1,m5_macd_signal_atr,0.01836302531164,3549
5,-1,m5_macd_hist_atr,-0.010550791872461,3549
5,-1,m5_macd_hist_slope1_atr,0.011913588291675,3549
5,-1,m5_macd_hist_pct64,-0.0062447843420375,3549
5,-1,m5_stoch14_k,-0.0013799640320668,3549
5,-1,m5_stoch14_d,-0.0076784551068666,3549
5,-1,m5_stoch14_k_minus_d,0.012878588286924,3549
5,-1,m5_williams14_r,-0.0013795722292483,3549
5,-1,m5_cci20,-0.0017349559434363,3549
5,-1,m5_adx14,0.011878842816871,3549
5,-1,m5_plus_di14,0.018836019462723,3549
5,-1,m5_minus_di14,-0.0086755211758957,3549
5,-1,m5_di_balance,0.012982298883299,3549
5,-1,m5_adx14_slope3,0.015172280550016,3549
5,-1,m5_roc1_atr,0.018637045431128,3549
5,-1,m5_roc1_pct,0.015117739843562,3549
5,-1,m5_roc3_atr,-0.0055862552692262,3549
5,-1,m5_roc3_pct,-0.002693223722375,3549
5,-1,m5_roc5_atr,0.0020974111600386,3549
5,-1,m5_roc5_pct,-0.0011855251165381,3549
5,-1,m5_roc10_atr,0.00036971864618604,3549
5,-1,m5_roc10_pct,-0.0031149921081964,3549
5,-1,m5_roc20_atr,-0.0032965019672917,3549
5,-1,m5_roc20_pct,-0.0094979841576023,3549
5,-1,m5_range5_width_atr,0.024060504942996,3549
5,-1,m5_range5_position,-0.01389976324454,3549
5,-1,m5_range5_high_distance_atr,0.017766979958279,3549
5,-1,m5_range5_low_distance_atr,-0.0040898622435203,3549
5,-1,m5_range5_signed_efficiency,-0.0023881557231981,3549
5,-1,m5_realized_vol5,0.099631464059949,3549
5,-1,m5_realized_vol5_atr,0.016026366494161,3549
5,-1,m5_range20_width_atr,0.031677842120258,3549
5,-1,m5_range20_position,-0.015411475387651,3549
5,-1,m5_range20_high_distance_atr,0.018664884816268,3549
5,-1,m5_range20_low_distance_atr,-0.0079379897519076,3549
5,-1,m5_range20_signed_efficiency,-0.0028603666064497,3549
5,-1,m5_realized_vol20,0.10213635561822,3549
5,-1,m5_realized_vol20_atr,0.0074707164009863,3549
5,-1,m5_range60_width_atr,-0.0047317613329285,3549
5,-1,m5_range60_position,-0.0022404991915654,3549
5,-1,m5_range60_high_distance_atr,-0.0040703329135783,3549
5,-1,m5_range60_low_distance_atr,-0.0015176168644618,3549
5,-1,m5_range60_signed_efficiency,0.022677387295461,3549
5,-1,m5_realized_vol60,0.090629697962538,3549
5,-1,m5_realized_vol60_atr,-0.040025055873805,3549
5,-1,m5_bb20_width_atr,0.026668403559208,3549
5,-1,m5_bb20_price_z,-0.0051899993281054,3549
5,-1,m5_bb20_position,-0.0051899993281054,3549
5,-1,m5_consecutive_signed_bars,0.0062329725279304,3549
5,-1,m5_ema5_20_gap_atr,0.0015444939375094,3549
5,-1,m5_ema10_20_gap_atr,0.0056257130316702,3549
5,-1,m5_ema20_50_gap_atr,0.020687718376038,3549
5,-1,m5_ema_alignment,0.0021087823915381,3549
5,-1,m5_ema_alignment_x_rsi14,0.026747160342436,3549
5,-1,m5_ema20_gap_x_rsi14,0.029383257326523,3549
5,-1,m5_rsi14_x_adx14,0.0064759924899931,3549
5,-1,m5_macd_hist_x_atr_expansion,-0.0083300199380255,3549
5,-1,m5_ema20_slope_x_adx,0.0010806464125365,3549
5,-1,m5_body_x_tick_activity,0.018832802246711,3549
5,-1,m5_shock_x_ema20_price_gap_atr,0.0052330737305238,3549
5,-1,m5_shock_x_ema20_50_gap_atr,-0.010632023614103,3549
5,-1,m5_shock_x_rsi14_centered,0.01833913192537,3549
5,-1,m5_shock_x_macd_hist_atr,0.023905083841024,3549
5,-1,m5_shock_x_di_balance,0.018839465420285,3549
5,-1,m5_shock_x_roc5_atr,0.015560673816662,3549
5,-1,m5_shock_x_range20_signed_efficiency,0.011321759769985,3549
5,-1,m15_atr7,0.13360259462922,3549
5,-1,m15_atr14,0.12782980311414,3549
5,-1,m15_atr28,0.12141533357707,3549
5,-1,m15_atr14_price,0.096521672120488,3549
5,-1,m15_atr7_atr28,0.064753967324798,3549
5,-1,m15_atr14_pct64,0.053145975429202,3549
5,-1,m15_atr14_z64,0.051102831205586,3549
5,-1,m15_atr14_change3,0.04206435041889,3549
5,-1,m15_spread_atr,-0.12075235754276,3549
5,-1,m15_tick_volume,0.11274235298084,3549
5,-1,m15_tick_volume_rel20,0.033291792652485,3549
5,-1,m15_tick_volume_pct64,0.049946948007761,3549
5,-1,m15_body_atr,-0.013564840249258,3549
5,-1,m15_upper_wick_atr,9.4730152075859e-05,3549
5,-1,m15_lower_wick_atr,0.0024141342780511,3549
5,-1,m15_bar_range_atr,0.035603346025545,3549
5,-1,m15_bar_close_location,-0.01697952218761,3549
5,-1,m15_ema5_value,0.055418977547193,3549
5,-1,m15_ema5_price_gap_atr,-0.0079063852734123,3549
5,-1,m15_ema5_close_gap_atr,-0.0044011318186609,3549
5,-1,m15_ema5_slope1_atr,-0.0044011318186609,3549
5,-1,m15_ema5_slope3_atr,0.0069666483648308,3549
5,-1,m15_ema5_accel_atr,-0.017700571949353,3549
5,-1,m15_ema5_gap_pct64,-0.0025800716206611,3549
5,-1,m15_ema5_gap_z64,-0.0015835744760524,3549
5,-1,m15_ema5_sma_gap_atr,0.010530353436827,3549
5,-1,m15_sma5_value,0.055228026453954,3549
5,-1,m15_sma5_price_gap_atr,-0.0050571210407902,3549
5,-1,m15_sma5_slope1_atr,-0.0091908861961424,3549
5,-1,m15_sma5_slope3_atr,0.0011669534689219,3549
5,-1,m15_sma5_gap_pct64,0.0013817258349771,3549
5,-1,m15_ema10_value,0.054943863044316,3549
5,-1,m15_ema10_price_gap_atr,-0.00096295608284472,3549
5,-1,m15_ema10_close_gap_atr,0.0038063043500727,3549
5,-1,m15_ema10_slope1_atr,0.0038063043500727,3549
5,-1,m15_ema10_slope3_atr,0.013741142549583,3549
5,-1,m15_ema10_accel_atr,-0.017547871453225,3549
5,-1,m15_ema10_gap_pct64,0.0039327643984571,3549
5,-1,m15_ema10_gap_z64,0.004610374179212,3549
5,-1,m15_ema10_sma_gap_atr,-0.0064008462398774,3549
5,-1,m15_sma10_value,0.054664458230179,3549
5,-1,m15_sma10_price_gap_atr,-0.0024688603425132,3549
5,-1,m15_sma10_slope1_atr,0.014273749867186,3549
5,-1,m15_sma10_slope3_atr,0.019326333736318,3549
5,-1,m15_sma10_gap_pct64,0.0033746972822217,3549
5,-1,m15_ema20_value,0.054240248924957,3549
5,-1,m15_ema20_price_gap_atr,0.0052457938279149,3549
5,-1,m15_ema20_close_gap_atr,0.010301390609987,3549
5,-1,m15_ema20_slope1_atr,0.010301390609987,3549
5,-1,m15_ema20_slope3_atr,0.017228704079963,3549
5,-1,m15_ema20_accel_atr,-0.016359815135398,3549
5,-1,m15_ema20_gap_pct64,0.0076015850316429,3549
5,-1,m15_ema20_gap_z64,0.010437756464604,3549
5,-1,m15_ema20_sma_gap_atr,0.040464086947414,3549
5,-1,m15_sma20_value,0.053498351617212,3549
5,-1,m15_sma20_price_gap_atr,0.012894242875914,3549
5,-1,m15_sma20_slope1_atr,0.022231055040807,3549
5,-1,m15_sma20_slope3_atr,0.020072943600968,3549
5,-1,m15_sma20_gap_pct64,0.013938403605773,3549
5,-1,m15_ema50_value,0.05368261170471,3549
5,-1,m15_ema50_price_gap_atr,0.0085159839311033,3549
5,-1,m15_ema50_close_gap_atr,0.011085205086346,3549
5,-1,m15_ema50_slope1_atr,0.011085205086346,3549
5,-1,m15_ema50_slope3_atr,0.014642552861258,3549
5,-1,m15_ema50_accel_atr,-0.014136743793063,3549
5,-1,m15_ema50_gap_pct64,0.010132056868168,3549
5,-1,m15_ema50_gap_z64,0.01283483074481,3549
5,-1,m15_ema50_sma_gap_atr,-0.011561260908913,3549
5,-1,m15_sma50_value,0.053306799195225,3549
5,-1,m15_sma50_price_gap_atr,0.0069734314235079,3549
5,-1,m15_sma50_slope1_atr,-0.013954146162143,3549
5,-1,m15_sma50_slope3_atr,-0.011043284079064,3549
5,-1,m15_sma50_gap_pct64,0.010447776197537,3549
5,-1,m15_rsi7_value,0.0099902723093081,3549
5,-1,m15_rsi7_centered,0.0099902723093081,3549
5,-1,m15_rsi7_slope1,-0.020586860659038,3549
5,-1,m15_rsi7_slope3,0.0027520178417882,3549
5,-1,m15_rsi7_pct64,0.0050124853824242,3549
5,-1,m15_rsi14_value,0.01282550143852,3549
5,-1,m15_rsi14_centered,0.01282550143852,3549
5,-1,m15_rsi14_slope1,-0.016535157371499,3549
5,-1,m15_rsi14_slope3,0.0071894267763438,3549
5,-1,m15_rsi14_pct64,0.0086813585971524,3549
5,-1,m15_rsi21_value,0.011374499082635,3549
5,-1,m15_rsi21_centered,0.011374499082635,3549
5,-1,m15_rsi21_slope1,-0.014403250145453,3549
5,-1,m15_rsi21_slope3,0.0088945179332053,3549
5,-1,m15_rsi21_pct64,0.0099662084339381,3549
5,-1,m15_macd_atr,0.018262339406041,3549
5,-1,m15_macd_signal_atr,0.011109414438186,3549
5,-1,m15_macd_hist_atr,0.025083424955782,3549
5,-1,m15_macd_hist_slope1_atr,-0.013300710704224,3549
5,-1,m15_macd_hist_pct64,0.019501286636642,3549
5,-1,m15_stoch14_k,0.0058977461218999,3549
5,-1,m15_stoch14_d,0.016519082857567,3549
5,-1,m15_stoch14_k_minus_d,-0.020248548519249,3549
5,-1,m15_williams14_r,0.0058976398153291,3549
5,-1,m15_cci20,0.013563176753803,3549
5,-1,m15_adx14,0.034439529931301,3549
5,-1,m15_plus_di14,0.034918012272811,3549
5,-1,m15_minus_di14,-0.0030340877161604,3549
5,-1,m15_di_balance,0.021590943811934,3549
5,-1,m15_adx14_slope3,-0.044091640956779,3549
5,-1,m15_roc1_atr,-0.013114185966729,3549
5,-1,m15_roc1_pct,-0.0096418661943567,3549
5,-1,m15_roc3_atr,0.0038480022971535,3549
5,-1,m15_roc3_pct,0.00076964945159536,3549
5,-1,m15_roc5_atr,-0.0091908861961424,3549
5,-1,m15_roc5_pct,-0.010631939944062,3549
5,-1,m15_roc10_atr,0.014273749867186,3549
5,-1,m15_roc10_pct,0.01057757534844,3549
5,-1,m15_roc20_atr,0.022231055040807,3549
5,-1,m15_roc20_pct,0.014092220174086,3549
5,-1,m15_range5_width_atr,0.03801882214597,3549
5,-1,m15_range5_position,-0.011458003028129,3549
5,-1,m15_range5_high_distance_atr,0.018474381407225,3549
5,-1,m15_range5_low_distance_atr,0.0010290910058922,3549
5,-1,m15_range5_signed_efficiency,-0.0080277770152312,3549
5,-1,m15_realized_vol5,0.089525767947755,3549
5,-1,m15_realized_vol5_atr,0.014201052987841,3549
5,-1,m15_range20_width_atr,0.015745844367876,3549
5,-1,m15_range20_position,-0.00014837395656037,3549
5,-1,m15_range20_high_distance_atr,-0.0027068617450925,3549
5,-1,m15_range20_low_distance_atr,0.0079795433833256,3549
5,-1,m15_range20_signed_efficiency,0.023891788647375,3549
5,-1,m15_realized_vol20,0.093342612447539,3549
5,-1,m15_realized_vol20_atr,0.01739998936494,3549
5,-1,m15_range60_width_atr,0.0099030343990711,3549
5,-1,m15_range60_position,0.0016151764719648,3549
5,-1,m15_range60_high_distance_atr,0.0031728960627042,3549
5,-1,m15_range60_low_distance_atr,0.0073121649043471,3549
5,-1,m15_range60_signed_efficiency,0.0080940282936565,3549
5,-1,m15_realized_vol60,0.077050346031655,3549
5,-1,m15_realized_vol60_atr,-0.044828775345447,3549
5,-1,m15_bb20_width_atr,0.019312110452231,3549
5,-1,m15_bb20_price_z,0.0022025577407194,3549
5,-1,m15_bb20_position,0.0022025577407194,3549
5,-1,m15_consecutive_signed_bars,-0.0086292213563535,3549
5,-1,m15_ema5_20_gap_atr,0.01997725005877,3549
5,-1,m15_ema10_20_gap_atr,0.021368674113043,3549
5,-1,m15_ema20_50_gap_atr,0.0059535518746613,3549
5,-1,m15_ema_alignment,0.016548793211096,3549
5,-1,m15_ema_alignment_x_rsi14,-0.0094937374050369,3549
5,-1,m15_ema20_gap_x_rsi14,0.0050392363693667,3549
5,-1,m15_rsi14_x_adx14,0.015752482597815,3549
5,-1,m15_macd_hist_x_atr_expansion,0.024282913698952,3549
5,-1,m15_ema20_slope_x_adx,0.0187858710019,3549
5,-1,m15_body_x_tick_activity,-0.013351474455854,3549
5,-1,m15_shock_x_ema20_price_gap_atr,-0.006430563915889,3549
5,-1,m15_shock_x_ema20_50_gap_atr,-0.02256174306224,3549
5,-1,m15_shock_x_rsi14_centered,-0.0086280739925218,3549
5,-1,m15_shock_x_macd_hist_atr,0.0093662592284523,3549
5,-1,m15_shock_x_di_balance,-0.0035193175467312,3549
5,-1,m15_shock_x_roc5_atr,0.019850069512691,3549
5,-1,m15_shock_x_range20_signed_efficiency,-0.01775191672593,3549
5,-1,m1_m5_alignment_product,0.017156090829748,3549
5,-1,m1_m5_rsi14_difference,-0.010838437317712,3549
5,-1,m1_m5_ema20_slope_product,0.019441815929791,3549
5,-1,m1_m5_macd_hist_product,0.004401686570447,3549
5,-1,m1_m5_atr_ratio,0.016155403262938,3549
5,-1,m1_m5_rsi_x_trend,0.017251014916511,3549
5,-1,m1_m15_alignment_product,0.0030685714705491,3549
5,-1,m1_m15_rsi14_difference,-0.010841543014985,3549
5,-1,m1_m15_ema20_slope_product,0.013260374222671,3549
5,-1,m1_m15_macd_hist_product,0.0092959233326825,3549
5,-1,m1_m15_atr_ratio,0.031981476711958,3549
5,-1,m1_m15_rsi_x_trend,0.0031481552031748,3549
5,-1,m5_m15_alignment_product,-0.0019864481482512,3549
5,-1,m5_m15_rsi14_difference,-0.0096869813294997,3549
5,-1,m5_m15_ema20_slope_product,0.022042407741506,3549
5,-1,m5_m15_macd_hist_product,0.038765808378723,3549
5,-1,m5_m15_atr_ratio,0.047143492139218,3549
5,-1,m5_m15_rsi_x_trend,-0.00082446736160728,3549
5,1,quote_mid,0.024292909712889,3549
5,1,quote_spread,-0.031112629555663,3549
5,1,shock_direction,-0.0031407878936672,3549
5,1,m1_atr7,0.089564183886323,3549
5,1,m1_atr14,0.094733445960021,3549
5,1,m1_atr28,0.10021119606395,3549
5,1,m1_atr14_price,0.083499287609821,3549
5,1,m1_atr7_atr28,-0.035082279106232,3549
5,1,m1_atr14_pct64,-0.051081641015561,3549
5,1,m1_atr14_z64,-0.048060938931106,3549
5,1,m1_atr14_change3,-0.014218022956832,3549
5,1,m1_spread_atr,-0.12470442294337,3549
5,1,m1_tick_volume,0.072773327283209,3549
5,1,m1_tick_volume_rel20,-0.031441372775188,3549
5,1,m1_tick_volume_pct64,-0.053000197411628,3549
5,1,m1_body_atr,-0.0056406309766878,3549
5,1,m1_upper_wick_atr,-0.0048922641192322,3549
5,1,m1_lower_wick_atr,-0.0071180100590076,3549
5,1,m1_bar_range_atr,-0.028360712957115,3549
5,1,m1_bar_close_location,0.001388898808308,3549
5,1,m1_ema5_value,0.024278072715861,3549
5,1,m1_ema5_price_gap_atr,-0.022639908956747,3549
5,1,m1_ema5_close_gap_atr,-0.0081546427513146,3549
5,1,m1_ema5_slope1_atr,-0.0081546427513146,3549
5,1,m1_ema5_slope3_atr,-0.014015358963217,3549
5,1,m1_ema5_accel_atr,0.0016931342514935,3549
5,1,m1_ema5_gap_pct64,-0.0068269482936299,3549
5,1,m1_ema5_gap_z64,-0.0091583872445732,3549
5,1,m1_ema5_sma_gap_atr,0.011808032760859,3549
5,1,m1_sma5_value,0.024261941382239,3549
5,1,m1_sma5_price_gap_atr,-0.017268382344091,3549
5,1,m1_sma5_slope1_atr,-0.017080219644681,3549
5,1,m1_sma5_slope3_atr,-0.021138019186694,3549
5,1,m1_sma5_gap_pct64,3.0923133206482e-05,3549
5,1,m1_ema10_value,0.024334631358032,3549
5,1,m1_ema10_price_gap_atr,-0.023057979859528,3549
5,1,m1_ema10_close_gap_atr,-0.011290930275842,3549
5,1,m1_ema10_slope1_atr,-0.011290930275842,3549
5,1,m1_ema10_slope3_atr,-0.013885257254412,3549
5,1,m1_ema10_accel_atr,-0.00084441140568803,3549
5,1,m1_ema10_gap_pct64,-0.017389794885631,3549
5,1,m1_ema10_gap_z64,-0.015964928803312,3549
5,1,m1_ema10_sma_gap_atr,-0.0451217406347,3549
5,1,m1_sma10_value,0.024452026961747,3549
5,1,m1_sma10_price_gap_atr,-0.028442859582921,3549
5,1,m1_sma10_slope1_atr,-0.020286973837832,3549
5,1,m1_sma10_slope3_atr,-0.011419581960008,3549
5,1,m1_sma10_gap_pct64,-0.023330361782344,3549
5,1,m1_ema20_value,0.024347153607741,3549
5,1,m1_ema20_price_gap_atr,-0.017235548500316,3549
5,1,m1_ema20_close_gap_atr,-0.0060040570659559,3549
5,1,m1_ema20_slope1_atr,-0.0060040570659559,3549
5,1,m1_ema20_slope3_atr,-0.0059909367098013,3549
5,1,m1_ema20_accel_atr,-0.0042448755410285,3549
5,1,m1_ema20_gap_pct64,-0.015527690063905,3549
5,1,m1_ema20_gap_z64,-0.015027847541854,3549
5,1,m1_ema20_sma_gap_atr,-0.011289677956913,3549
5,1,m1_sma20_value,0.024457169635744,3549
5,1,m1_sma20_price_gap_atr,-0.018711549575362,3549
5,1,m1_sma20_slope1_atr,-0.0055228245025277,3549
5,1,m1_sma20_slope3_atr,0.0020816066702279,3549
5,1,m1_sma20_gap_pct64,-0.016732154314342,3549
5,1,m1_ema50_value,0.024289682906929,3549
5,1,m1_ema50_price_gap_atr,-0.0063637578264312,3549
5,1,m1_ema50_close_gap_atr,0.0012774062454855,3549
5,1,m1_ema50_slope1_atr,0.0012774062454855,3549
5,1,m1_ema50_slope3_atr,0.0023087236338363,3549
5,1,m1_ema50_accel_atr,-0.0059800834133142,3549
5,1,m1_ema50_gap_pct64,-0.0080744668882303,3549
5,1,m1_ema50_gap_z64,-0.0075560390014586,3549
5,1,m1_ema50_sma_gap_atr,0.0034648672871717,3549
5,1,m1_sma50_value,0.024393716189353,3549
5,1,m1_sma50_price_gap_atr,-0.0058465776251591,3549
5,1,m1_sma50_slope1_atr,-0.003159649388258,3549
5,1,m1_sma50_slope3_atr,0.000513064461292,3549
5,1,m1_sma50_gap_pct64,-0.0067767573715242,3549
5,1,m1_rsi7_value,-0.0071272296987609,3549
5,1,m1_rsi7_centered,-0.0071272296987609,3549
5,1,m1_rsi7_slope1,-0.00049264898225275,3549
5,1,m1_rsi7_slope3,-0.0037517793253199,3549
5,1,m1_rsi7_pct64,-0.014489769593878,3549
5,1,m1_rsi14_value,-0.0010058096785781,3549
5,1,m1_rsi14_centered,-0.0010058096785781,3549
5,1,m1_rsi14_slope1,-0.0035761271953887,3549
5,1,m1_rsi14_slope3,-0.0052687658593621,3549
5,1,m1_rsi14_pct64,-0.012197177503255,3549
5,1,m1_rsi21_value,0.0018385906252288,3549
5,1,m1_rsi21_centered,0.0018385906252288,3549
5,1,m1_rsi21_slope1,-0.0047649633832291,3549
5,1,m1_rsi21_slope3,-0.0055369996882084,3549
5,1,m1_rsi21_pct64,-0.009748257984498,3549
5,1,m1_macd_atr,0.0072265102683077,3549
5,1,m1_macd_signal_atr,0.011878938306919,3549
5,1,m1_macd_hist_atr,-0.024987067238335,3549
5,1,m1_macd_hist_slope1_atr,-0.0060531450149962,3549
5,1,m1_macd_hist_pct64,-0.029383647389159,3549
5,1,m1_stoch14_k,-0.0080078382595922,3549
5,1,m1_stoch14_d,-0.0086409464484302,3549
5,1,m1_stoch14_k_minus_d,0.0012419704575812,3549
5,1,m1_williams14_r,-0.0080078382595922,3549
5,1,m1_cci20,-0.013554444927916,3549
5,1,m1_adx14,-0.017618262802255,3549
5,1,m1_plus_di14,-0.0012123863299378,3549
5,1,m1_minus_di14,0.0020982672098482,3549
5,1,m1_di_balance,-0.0025753376357986,3549
5,1,m1_adx14_slope3,0.025029487427988,3549
5,1,m1_roc1_atr,-0.0059918711522249,3549
5,1,m1_roc1_pct,0.0016354684199209,3549
5,1,m1_roc3_atr,-0.0057159825213795,3549
5,1,m1_roc3_pct,0.00087376083444216,3549
5,1,m1_roc5_atr,-0.017072685115963,3549
5,1,m1_roc5_pct,-0.01480276704807,3549
5,1,m1_roc10_atr,-0.020291279220422,3549
5,1,m1_roc10_pct,-0.019521174587586,3549
5,1,m1_roc20_atr,-0.0055235092007637,3549
5,1,m1_roc20_pct,-0.0063336458686525,3549
5,1,m1_range5_width_atr,-0.0087321053979762,3549
5,1,m1_range5_position,-0.018029309442219,3549
5,1,m1_range5_high_distance_atr,0.012147470244346,3549
5,1,m1_range5_low_distance_atr,-0.027464900073139,3549
5,1,m1_range5_signed_efficiency,-0.014557448410792,3549
5,1,m1_realized_vol5,0.060753153015361,3549
5,1,m1_realized_vol5_atr,-0.015739640654859,3549
5,1,m1_range20_width_atr,-0.015200428096622,3549
5,1,m1_range20_position,-0.013250849865626,3549
5,1,m1_range20_high_distance_atr,0.0090357806299402,3549
5,1,m1_range20_low_distance_atr,-0.017159491911324,3549
5,1,m1_range20_signed_efficiency,-0.0032360386611674,3549
5,1,m1_realized_vol20,0.072096751691198,3549
5,1,m1_realized_vol20_atr,-0.027623217239687,3549
5,1,m1_range60_width_atr,-0.022817531940794,3549
5,1,m1_range60_position,-0.0026840485682792,3549
5,1,m1_range60_high_distance_atr,-0.0016639832798473,3549
5,1,m1_range60_low_distance_atr,-0.0039974687343229,3549
5,1,m1_range60_signed_efficiency,0.0018441480725754,3549
5,1,m1_realized_vol60,0.081397184255921,3549
5,1,m1_realized_vol60_atr,0.0073216878491086,3549
5,1,m1_bb20_width_atr,-0.013929754038507,3549
5,1,m1_bb20_price_z,-0.020005215162046,3549
5,1,m1_bb20_position,-0.020005215162046,3549
5,1,m1_consecutive_signed_bars,0.0024650383946571,3549
5,1,m1_ema5_20_gap_atr,-0.0025124626351999,3549
5,1,m1_ema10_20_gap_atr,0.0042451415749102,3549
5,1,m1_ema20_50_gap_atr,0.0072730302253077,3549
5,1,m1_ema_alignment,-0.00010044065625771,3549
5,1,m1_ema_alignment_x_rsi14,0.0057994854103379,3549
5,1,m1_ema20_gap_x_rsi14,-0.0043106045670691,3549
5,1,m1_rsi14_x_adx14,0.00061428981622655,3549
5,1,m1_macd_hist_x_atr_expansion,-0.024946233185099,3549
5,1,m1_ema20_slope_x_adx,-0.0041020756135859,3549
5,1,m1_body_x_tick_activity,-0.0060620269485285,3549
5,1,m1_shock_x_ema20_price_gap_atr,-0.012709746415027,3549
5,1,m1_shock_x_ema20_50_gap_atr,-0.014224319852639,3549
5,1,m1_shock_x_rsi14_centered,0.00011295352988456,3549
5,1,m1_shock_x_macd_hist_atr,0.0082955276911741,3549
5,1,m1_shock_x_di_balance,-0.0082909051175865,3549
5,1,m1_shock_x_roc5_atr,0.020445657407572,3549
5,1,m1_shock_x_range20_signed_efficiency,-0.0082257614157905,3549
5,1,m5_atr7,0.10160693087806,3549
5,1,m5_atr14,0.1082445465594,3549
5,1,m5_atr28,0.10898864359485,3549
5,1,m5_atr14_price,0.096181995210893,3549
5,1,m5_atr7_atr28,0.00409764149185,3549
5,1,m5_atr14_pct64,0.0064327160209579,3549
5,1,m5_atr14_z64,0.010851084728029,3549
5,1,m5_atr14_change3,-0.025747486566499,3549
5,1,m5_spread_atr,-0.14097185602795,3549
5,1,m5_tick_volume,0.098305286078006,3549
5,1,m5_tick_volume_rel20,-0.02153318850098,3549
5,1,m5_tick_volume_pct64,-0.0074090010639104,3549
5,1,m5_body_atr,-0.019627791505439,3549
5,1,m5_upper_wick_atr,-0.0048405906070368,3549
5,1,m5_lower_wick_atr,0.016755004379148,3549
5,1,m5_bar_range_atr,-0.013562228230992,3549
5,1,m5_bar_close_location,-0.0072694310215221,3549
5,1,m5_ema5_value,0.024370853173003,3549
5,1,m5_ema5_price_gap_atr,-0.016161966623272,3549
5,1,m5_ema5_close_gap_atr,0.0001940037988394,3549
5,1,m5_ema5_slope1_atr,0.0001940037988394,3549
5,1,m5_ema5_slope3_atr,0.011431298181134,3549
5,1,m5_ema5_accel_atr,-0.03148470574325,3549
5,1,m5_ema5_gap_pct64,0.0052294860897092,3549
5,1,m5_ema5_gap_z64,-0.0003523344943675,3549
5,1,m5_ema5_sma_gap_atr,0.0005095942088957,3549
5,1,m5_sma5_value,0.024425443429101,3549
5,1,m5_sma5_price_gap_atr,-0.016624821283124,3549
5,1,m5_sma5_slope1_atr,0.0023996155051728,3549
5,1,m5_sma5_slope3_atr,0.0099734460897783,3549
5,1,m5_sma5_gap_pct64,0.0060800743405044,3549
5,1,m5_ema10_value,0.024296653343613,3549
5,1,m5_ema10_price_gap_atr,-0.007964913749177,3549
5,1,m5_ema10_close_gap_atr,0.0044870634179905,3549
5,1,m5_ema10_slope1_atr,0.0044870634179905,3549
5,1,m5_ema10_slope3_atr,0.0096176360849516,3549
5,1,m5_ema10_accel_atr,-0.028812645597297,3549
5,1,m5_ema10_gap_pct64,0.0010133903590883,3549
5,1,m5_ema10_gap_z64,0.0027276106244078,3549
5,1,m5_ema10_sma_gap_atr,0.0042162225376389,3549
5,1,m5_sma10_value,0.02439034388858,3549
5,1,m5_sma10_price_gap_atr,-0.006967728429179,3549
5,1,m5_sma10_slope1_atr,0.0049368343929347,3549
5,1,m5_sma10_slope3_atr,0.0060922546841884,3549
5,1,m5_sma10_gap_pct64,0.0058843034826858,3549
5,1,m5_ema20_value,0.02440903306177,3549
5,1,m5_ema20_price_gap_atr,-0.0084214256082835,3549
5,1,m5_ema20_close_gap_atr,0.00082419484405625,3549
5,1,m5_ema20_slope1_atr,0.00082419484405625,3549
5,1,m5_ema20_slope3_atr,0.0029195708481471,3549
5,1,m5_ema20_accel_atr,-0.025436627854927,3549
5,1,m5_ema20_gap_pct64,-0.00041624607565814,3549
5,1,m5_ema20_gap_z64,-0.0014174638226576,3549
5,1,m5_ema20_sma_gap_atr,0.02576151535722,3549
5,1,m5_sma20_value,0.024416981162042,3549
5,1,m5_sma20_price_gap_atr,-0.0017963962019677,3549
5,1,m5_sma20_slope1_atr,0.0042731755488187,3549
5,1,m5_sma20_slope3_atr,0.00017334738199561,3549
5,1,m5_sma20_gap_pct64,0.0010398500842377,3549
5,1,m5_ema50_value,0.025189931227148,3549
5,1,m5_ema50_price_gap_atr,-0.016401586508194,3549
5,1,m5_ema50_close_gap_atr,-0.010556995278299,3549
5,1,m5_ema50_slope1_atr,-0.010556995278299,3549
5,1,m5_ema50_slope3_atr,-0.010507412307586,3549
5,1,m5_ema50_accel_atr,-0.022104545970521,3549
5,1,m5_ema50_gap_pct64,-0.010459407170944,3549
5,1,m5_ema50_gap_z64,-0.011786408582013,3549
5,1,m5_ema50_sma_gap_atr,-0.028696632275099,3549
5,1,m5_sma50_value,0.025776119443063,3549
5,1,m5_sma50_price_gap_atr,-0.021731041783041,3549
5,1,m5_sma50_slope1_atr,-0.040470958959564,3549
5,1,m5_sma50_slope3_atr,-0.037885463352552,3549
5,1,m5_sma50_gap_pct64,-0.011663814481224,3549
5,1,m5_rsi7_value,0.0045872322883591,3549
5,1,m5_rsi7_centered,0.0045872322883591,3549
5,1,m5_rsi7_slope1,-0.024657983785612,3549
5,1,m5_rsi7_slope3,0.014627622385139,3549
5,1,m5_rsi7_pct64,0.0011808818242644,3549
5,1,m5_rsi14_value,-0.0024694662177698,3549
5,1,m5_rsi14_centered,-0.0024694662177698,3549
5,1,m5_rsi14_slope1,-0.021070906538167,3549
5,1,m5_rsi14_slope3,0.017232084288181,3549
5,1,m5_rsi14_pct64,-0.0019470053811111,3549
5,1,m5_rsi21_value,-0.0071008558352858,3549
5,1,m5_rsi21_centered,-0.0071008558352858,3549
5,1,m5_rsi21_slope1,-0.019856651027729,3549
5,1,m5_rsi21_slope3,0.016113991936096,3549
5,1,m5_rsi21_pct64,-0.0072462294787519,3549
5,1,m5_macd_atr,-0.013379679056485,3549
5,1,m5_macd_signal_atr,-0.023936437561945,3549
5,1,m5_macd_hist_atr,0.01907799393233,3549
5,1,m5_macd_hist_slope1_atr,-0.013336543447766,3549
5,1,m5_macd_hist_pct64,0.015977460689219,3549
5,1,m5_stoch14_k,0.0025768570490317,3549
5,1,m5_stoch14_d,0.0092056418154273,3549
5,1,m5_stoch14_k_minus_d,-0.016426414639171,3549
5,1,m5_williams14_r,0.002576461756286,3549
5,1,m5_cci20,0.0060985773471006,3549
5,1,m5_adx14,0.020371492408931,3549
5,1,m5_plus_di14,-0.013795835105908,3549
5,1,m5_minus_di14,0.0023365516905878,3549
5,1,m5_di_balance,-0.0071831766777643,3549
5,1,m5_adx14_slope3,-0.023438878097683,3549
5,1,m5_roc1_atr,-0.020732625698315,3549
5,1,m5_roc1_pct,-0.017016417888991,3549
5,1,m5_roc3_atr,0.008888682441344,3549
5,1,m5_roc3_pct,0.0065148145650296,3549
5,1,m5_roc5_atr,0.0023996155051728,3549
5,1,m5_roc5_pct,0.006360011610959,3549
5,1,m5_roc10_atr,0.0049362583113057,3549
5,1,m5_roc10_pct,0.0093551793739633,3549
5,1,m5_roc20_atr,0.0042731755488187,3549
5,1,m5_roc20_pct,0.010157454842671,3549
5,1,m5_range5_width_atr,-0.029950434926173,3549
5,1,m5_range5_position,-0.0099882612408079,3549
5,1,m5_range5_high_distance_atr,0.0033678784051048,3549
5,1,m5_range5_low_distance_atr,-0.015392348862353,3549
5,1,m5_range5_signed_efficiency,0.0056077676457179,3549
5,1,m5_realized_vol5,0.056776668749063,3549
5,1,m5_realized_vol5_atr,-0.021960630633614,3549
5,1,m5_range20_width_atr,-0.019816278624105,3549
5,1,m5_range20_position,-0.0018323065688105,3549
5,1,m5_range20_high_distance_atr,0.0019498878300312,3549
5,1,m5_range20_low_distance_atr,-0.00060383087285033,3549
5,1,m5_range20_signed_efficiency,0.0041551569227601,3549
5,1,m5_realized_vol20,0.092913055300542,3549
5,1,m5_realized_vol20_atr,0.01809630541963,3549
5,1,m5_range60_width_atr,0.004268721679953,3549
5,1,m5_range60_position,-0.015361445457516,3549
5,1,m5_range60_high_distance_atr,0.022439984903377,3549
5,1,m5_range60_low_distance_atr,-0.013070023134829,3549
5,1,m5_range60_signed_efficiency,-0.028187672180883,3549
5,1,m5_realized_vol60,0.091206434929863,3549
5,1,m5_realized_vol60_atr,-0.0044200622077267,3549
5,1,m5_bb20_width_atr,-0.015800576910056,3549
5,1,m5_bb20_price_z,-0.0073615620596157,3549
5,1,m5_bb20_position,-0.0073615620596157,3549
5,1,m5_consecutive_signed_bars,-0.009051905484993,3549
5,1,m5_ema5_20_gap_atr,-0.00082888560392629,3549
5,1,m5_ema10_20_gap_atr,-0.0064166815223111,3549
5,1,m5_ema20_50_gap_atr,-0.028160195757598,3549
5,1,m5_ema_alignment,-0.0043324659485659,3549
5,1,m5_ema_alignment_x_rsi14,-0.022085359783124,3549
5,1,m5_ema20_gap_x_rsi14,-0.029987236190319,3549
5,1,m5_rsi14_x_adx14,-0.0036549242008999,3549
5,1,m5_macd_hist_x_atr_expansion,0.017912622581065,3549
5,1,m5_ema20_slope_x_adx,0.00019525504396798,3549
5,1,m5_body_x_tick_activity,-0.019471026999287,3549
5,1,m5_shock_x_ema20_price_gap_atr,-0.02015045986301,3549
5,1,m5_shock_x_ema20_50_gap_atr,0.0097062570446367,3549
5,1,m5_shock_x_rsi14_centered,-0.014317283124184,3549
5,1,m5_shock_x_macd_hist_atr,-0.022626364315476,3549
5,1,m5_shock_x_di_balance,-0.018578900276712,3549
5,1,m5_shock_x_roc5_atr,-0.008211801805578,3549
5,1,m5_shock_x_range20_signed_efficiency,-0.0045129974632047,3549
5,1,m15_atr7,0.10756432101068,3549
5,1,m15_atr14,0.10431209318234,3549
5,1,m15_atr28,0.096833342124051,3549
5,1,m15_atr14_price,0.090984267511858,3549
5,1,m15_atr7_atr28,0.049982946614106,3549
5,1,m15_atr14_pct64,0.054346540014731,3549
5,1,m15_atr14_z64,0.060580630445779,3549
5,1,m15_atr14_change3,0.0086536267451358,3549
5,1,m15_spread_atr,-0.13843221136075,3549
5,1,m15_tick_volume,0.10621452261162,3549
5,1,m15_tick_volume_rel20,-0.0021912385353319,3549
5,1,m15_tick_volume_pct64,0.026939298989384,3549
5,1,m15_body_atr,0.01854399039274,3549
5,1,m15_upper_wick_atr,0.025701647354026,3549
5,1,m15_lower_wick_atr,0.014723798012358,3549
5,1,m15_bar_range_atr,-0.0093319724732077,3549
5,1,m15_bar_close_location,0.018162447350857,3549
5,1,m15_ema5_value,0.024274084757911,3549
5,1,m15_ema5_price_gap_atr,-0.0030811695189108,3549
5,1,m15_ema5_close_gap_atr,0.011543306901486,3549
5,1,m15_ema5_slope1_atr,0.011543306901486,3549
5,1,m15_ema5_slope3_atr,-0.0011213932124371,3549
5,1,m15_ema5_accel_atr,0.017914007916934,3549
5,1,m15_ema5_gap_pct64,0.01145991184308,3549
5,1,m15_ema5_gap_z64,0.011045859380845,3549
5,1,m15_ema5_sma_gap_atr,0.0062398958335988,3549
5,1,m15_sma5_value,0.024381885895496,3549
5,1,m15_sma5_price_gap_atr,-0.0012141085704704,3549
5,1,m15_sma5_slope1_atr,0.01179490941252,3549
5,1,m15_sma5_slope3_atr,0.00038128708798252,3549
5,1,m15_sma5_gap_pct64,0.0097211819269647,3549
5,1,m15_ema10_value,0.024666996533155,3549
5,1,m15_ema10_price_gap_atr,-0.0090493765730508,3549
5,1,m15_ema10_close_gap_atr,-0.00020160616666151,3549
5,1,m15_ema10_slope1_atr,-0.00020160616666151,3549
5,1,m15_ema10_slope3_atr,-0.013428334398461,3549
5,1,m15_ema10_accel_atr,0.020128596361051,3549
5,1,m15_ema10_gap_pct64,0.001930192403154,3549
5,1,m15_ema10_gap_z64,0.0033094483338206,3549
5,1,m15_ema10_sma_gap_atr,0.017839909964293,3549
5,1,m15_sma10_value,0.024884677083713,3549
5,1,m15_sma10_price_gap_atr,-0.0043952915272398,3549
5,1,m15_sma10_slope1_atr,-0.014526454982261,3549
5,1,m15_sma10_slope3_atr,-0.023811270702709,3549
5,1,m15_sma10_gap_pct64,0.0049907040857019,3549
5,1,m15_ema20_value,0.025402356060256,3549
5,1,m15_ema20_price_gap_atr,-0.016053203596811,3549
5,1,m15_ema20_close_gap_atr,-0.011178488679976,3549
5,1,m15_ema20_slope1_atr,-0.011178488679976,3549
5,1,m15_ema20_slope3_atr,-0.021917480394374,3549
5,1,m15_ema20_accel_atr,0.020665561188016,3549
5,1,m15_ema20_gap_pct64,-0.0047752158018577,3549
5,1,m15_ema20_gap_z64,-0.0046491549628275,3549
5,1,m15_ema20_sma_gap_atr,-0.045856636280321,3549
5,1,m15_sma20_value,0.026162185697371,3549
5,1,m15_sma20_price_gap_atr,-0.024469527582605,3549
5,1,m15_sma20_slope1_atr,-0.027854930353259,3549
5,1,m15_sma20_slope3_atr,-0.027829818051541,3549
5,1,m15_sma20_gap_pct64,-0.01215216734551,3549
5,1,m15_ema50_value,0.026329563330575,3549
5,1,m15_ema50_price_gap_atr,-0.019767003699687,3549
5,1,m15_ema50_close_gap_atr,-0.015849244869179,3549
5,1,m15_ema50_slope1_atr,-0.015849244869179,3549
5,1,m15_ema50_slope3_atr,-0.022126751075017,3549
5,1,m15_ema50_accel_atr,0.019240860626343,3549
5,1,m15_ema50_gap_pct64,-0.0019609798103645,3549
5,1,m15_ema50_gap_z64,-0.0047320247854149,3549
5,1,m15_ema50_sma_gap_atr,0.0096121562165092,3549
5,1,m15_sma50_value,0.026677060699909,3549
5,1,m15_sma50_price_gap_atr,-0.017358998825179,3549
5,1,m15_sma50_slope1_atr,0.0093930657716141,3549
5,1,m15_sma50_slope3_atr,0.0074923175782273,3549
5,1,m15_sma50_gap_pct64,-0.0030330637952429,3549
5,1,m15_rsi7_value,-0.0074716663991658,3549
5,1,m15_rsi7_centered,-0.0074716663991658,3549
5,1,m15_rsi7_slope1,0.026497950071698,3549
5,1,m15_rsi7_slope3,0.01307613037076,3549
5,1,m15_rsi7_pct64,0.00060239845437192,3549
5,1,m15_rsi14_value,-0.014677033682121,3549
5,1,m15_rsi14_centered,-0.014677033682121,3549
5,1,m15_rsi14_slope1,0.022647299983685,3549
5,1,m15_rsi14_slope3,0.007571749094098,3549
5,1,m15_rsi14_pct64,-0.0050012032984887,3549
5,1,m15_rsi21_value,-0.015742385152729,3549
5,1,m15_rsi21_centered,-0.015742385152729,3549
5,1,m15_rsi21_slope1,0.020316110965768,3549
5,1,m15_rsi21_slope3,0.0051482298269504,3549
5,1,m15_rsi21_pct64,-0.0052065218644997,3549
5,1,m15_macd_atr,-0.028329542430272,3549
5,1,m15_macd_signal_atr,-0.021967827373591,3549
5,1,m15_macd_hist_atr,-0.024751454908209,3549
5,1,m15_macd_hist_slope1_atr,0.026212977941574,3549
5,1,m15_macd_hist_pct64,-0.017826828469693,3549
5,1,m15_stoch14_k,-0.0094796000117926,3549
5,1,m15_stoch14_d,-0.023148071523714,3549
5,1,m15_stoch14_k_minus_d,0.023216843367289,3549
5,1,m15_williams14_r,-0.0094795282007988,3549
5,1,m15_cci20,-0.014388654430875,3549
5,1,m15_adx14,0.011712216000772,3549
5,1,m15_plus_di14,-0.020578430930798,3549
5,1,m15_minus_di14,0.0056364618641336,3549
5,1,m15_di_balance,-0.015245540570633,3549
5,1,m15_adx14_slope3,0.050178788355399,3549
5,1,m15_roc1_atr,0.017895319529391,3549
5,1,m15_roc1_pct,0.013930554724831,3549
5,1,m15_roc3_atr,0.0074635254256237,3549
5,1,m15_roc3_pct,0.0089003578523908,3549
5,1,m15_roc5_atr,0.01179490941252,3549
5,1,m15_roc5_pct,0.011053712167991,3549
5,1,m15_roc10_atr,-0.014526454982261,3549
5,1,m15_roc10_pct,-0.011692673343045,3549
5,1,m15_roc20_atr,-0.027854930353259,3549
5,1,m15_roc20_pct,-0.028566050666019,3549
5,1,m15_range5_width_atr,0.005013763390717,3549
5,1,m15_range5_position,-0.0042708063020539,3549
5,1,m15_range5_high_distance_atr,0.0095412106938204,3549
5,1,m15_range5_low_distance_atr,0.0039434081486779,3549
5,1,m15_range5_signed_efficiency,0.011148207313731,3549
5,1,m15_realized_vol5,0.077504798770532,3549
5,1,m15_realized_vol5_atr,0.017145478179453,3549
5,1,m15_range20_width_atr,0.019893516098689,3549
5,1,m15_range20_position,-0.017270802723556,3549
5,1,m15_range20_high_distance_atr,0.031192164184196,3549
5,1,m15_range20_low_distance_atr,-0.0098236559711543,3549
5,1,m15_range20_signed_efficiency,-0.028109810927743,3549
5,1,m15_realized_vol20,0.082162046022306,3549
5,1,m15_realized_vol20_atr,-0.00022875625311221,3549
5,1,m15_range60_width_atr,-0.02121963902696,3549
5,1,m15_range60_position,-0.0093781619840774,3549
5,1,m15_range60_high_distance_atr,0.0031712879596365,3549
5,1,m15_range60_low_distance_atr,-0.015230166443083,3549
5,1,m15_range60_signed_efficiency,-0.013002811471164,3549
5,1,m15_realized_vol60,0.069624339374333,3549
5,1,m15_realized_vol60_atr,-0.037839282716264,3549
5,1,m15_bb20_width_atr,0.010694674657532,3549
5,1,m15_bb20_price_z,-0.014342452989718,3549
5,1,m15_bb20_position,-0.014342452989718,3549
5,1,m15_consecutive_signed_bars,0.015018353343845,3549
5,1,m15_ema5_20_gap_atr,-0.026756072956939,3549
5,1,m15_ema10_20_gap_atr,-0.030857966293021,3549
5,1,m15_ema20_50_gap_atr,-0.015692349978107,3549
5,1,m15_ema_alignment,-0.020683199524168,3549
5,1,m15_ema_alignment_x_rsi14,0.023514035657407,3549
5,1,m15_ema20_gap_x_rsi14,0.0073539494906962,3549
5,1,m15_rsi14_x_adx14,-0.014858748514242,3549
5,1,m15_macd_hist_x_atr_expansion,-0.023209888561581,3549
5,1,m15_ema20_slope_x_adx,-0.021417502464683,3549
5,1,m15_body_x_tick_activity,0.019465953674642,3549
5,1,m15_shock_x_ema20_price_gap_atr,-0.0022713192969197,3549
5,1,m15_shock_x_ema20_50_gap_atr,0.019316946987623,3549
5,1,m15_shock_x_rsi14_centered,0.0089647748457332,3549
5,1,m15_shock_x_macd_hist_atr,-0.0049483473772961,3549
5,1,m15_shock_x_di_balance,0.0037194202364072,3549
5,1,m15_shock_x_roc5_atr,-0.018485395824753,3549
5,1,m15_shock_x_range20_signed_efficiency,0.014153533593956,3549
5,1,m1_m5_alignment_product,-0.023425743530728,3549
5,1,m1_m5_rsi14_difference,0.0013046163304958,3549
5,1,m1_m5_ema20_slope_product,-0.032509905426122,3549
5,1,m1_m5_macd_hist_product,0.0020267497321696,3549
5,1,m1_m5_atr_ratio,-0.034038936234771,3549
5,1,m1_m5_rsi_x_trend,-0.02747686779548,3549
5,1,m1_m15_alignment_product,-0.013182788836336,3549
5,1,m1_m15_rsi14_difference,0.0079189802210514,3549
5,1,m1_m15_ema20_slope_product,-0.030424386500824,3549
5,1,m1_m15_macd_hist_product,-0.0098380613971288,3549
5,1,m1_m15_atr_ratio,-0.0017803866534302,3549
5,1,m1_m15_rsi_x_trend,-0.02257239982792,3549
5,1,m5_m15_alignment_product,0.009569125611275,3549
5,1,m5_m15_rsi14_difference,0.014132327832945,3549
5,1,m5_m15_ema20_slope_product,-0.0078117668218173,3549
5,1,m5_m15_macd_hist_product,-0.029982817370229,3549
5,1,m5_m15_atr_ratio,0.027844224014415,3549
5,1,m5_m15_rsi_x_trend,0.0045262159509216,3549
